/*******************************************************************************
 * Size: 16 px
 * Bpp: 4
 * Opts: --bpp 4 --size 16 --font /Users/ethanwu/Documents/SquareLine/xn_camera/assets/font/AlimamaShuHeiTi-Bold.ttf -o /Users/ethanwu/Documents/SquareLine/xn_camera/assets/font/ui_font_alimamaShuHei16.c --format lvgl -r 0x20-0x7f --symbols 声音乐录像连拍照旋转图片设置解析度质量格式化循环音电量语言退出中英文是否开启关闭下一项张播回放换视频游戏放大相框设备盘摄像头特效打印属性日期时间固件版本恢复出厂光源频率屏幕保护自动关机 --no-compress --no-prefilter
 ******************************************************************************/

#ifdef LV_LVGL_H_INCLUDE_SIMPLE
#include "lvgl.h"
#else
#include "lvgl/lvgl.h"
#endif

#ifndef UI_FONT_ALIMAMASHUHEI16
#define UI_FONT_ALIMAMASHUHEI16 1
#endif

#if UI_FONT_ALIMAMASHUHEI16

/*-----------------
 *    BITMAPS
 *----------------*/

/*Store the image of the glyphs*/
static LV_ATTRIBUTE_LARGE_CONST const uint8_t glyph_bitmap[] = {
    /* U+0020 " " */

    /* U+0021 "!" */
    0x4f, 0xf3, 0x4f, 0xf2, 0x3f, 0xf2, 0x2f, 0xf1,
    0x2f, 0xf0, 0x1f, 0xf0, 0xf, 0xf0, 0x9, 0x80,
    0x3a, 0xa3, 0x5f, 0xf4, 0x5f, 0xf4,

    /* U+0022 "\"" */
    0x3d, 0xc3, 0xdc, 0x2f, 0xd3, 0xfd, 0x1f, 0xc1,
    0xfb, 0xf, 0xa0, 0xfa, 0xe, 0x90, 0xe9,

    /* U+0023 "#" */
    0x0, 0x6f, 0x70, 0x4f, 0x90, 0x0, 0xaf, 0x40,
    0x8f, 0x60, 0xcf, 0xff, 0xff, 0xff, 0xf5, 0x8b,
    0xff, 0xbb, 0xff, 0xb3, 0x2, 0xfc, 0x0, 0xfe,
    0x0, 0x4, 0xfa, 0x2, 0xfc, 0x0, 0x8c, 0xfd,
    0xab, 0xfe, 0xa3, 0xcf, 0xff, 0xff, 0xff, 0xf5,
    0xb, 0xf2, 0x9, 0xf4, 0x0, 0xe, 0xf0, 0xc,
    0xf2, 0x0, 0xf, 0xd0, 0xe, 0xf0, 0x0,

    /* U+0024 "$" */
    0x0, 0x0, 0xe4, 0x0, 0x0, 0x0, 0xe, 0x40,
    0x0, 0x2, 0xbe, 0xff, 0xeb, 0x0, 0xdf, 0xff,
    0xff, 0xe0, 0x1f, 0xf2, 0xe4, 0x2, 0x1, 0xff,
    0x1e, 0x40, 0x0, 0xe, 0xfe, 0xf9, 0x20, 0x0,
    0x3c, 0xff, 0xff, 0xa0, 0x0, 0x1, 0xec, 0xff,
    0x60, 0x0, 0xe, 0x49, 0xf9, 0x14, 0x10, 0xe5,
    0xbf, 0x83, 0xff, 0xff, 0xff, 0xf3, 0x2d, 0xff,
    0xff, 0xd6, 0x0, 0x0, 0xe, 0x40, 0x0, 0x0,
    0x0, 0xe4, 0x0, 0x0, 0x0, 0x3, 0x10, 0x0,

    /* U+0025 "%" */
    0x4, 0xdf, 0xb1, 0x0, 0x7f, 0x60, 0x0, 0xdd,
    0x9f, 0x80, 0x1e, 0xd0, 0x0, 0xf, 0x70, 0xda,
    0x9, 0xf4, 0x0, 0x0, 0xe9, 0xe, 0xa2, 0xfb,
    0x0, 0x0, 0xa, 0xff, 0xf5, 0xbf, 0x20, 0x0,
    0x0, 0x5, 0x73, 0x4f, 0x98, 0xee, 0x70, 0x0,
    0x0, 0xd, 0xe4, 0xfb, 0xbf, 0x10, 0x0, 0x6,
    0xf7, 0x5f, 0x23, 0xf4, 0x0, 0x0, 0xed, 0x6,
    0xf1, 0x2f, 0x40, 0x0, 0x8f, 0x50, 0x3f, 0x9a,
    0xf2, 0x0, 0x1f, 0xb0, 0x0, 0x8e, 0xe7, 0x0,

    /* U+0026 "&" */
    0x0, 0x2b, 0xff, 0xb2, 0x0, 0x0, 0xe, 0xfe,
    0xef, 0xb0, 0x0, 0x1, 0xff, 0x24, 0xfd, 0x0,
    0x0, 0xe, 0xf8, 0xcf, 0x80, 0x0, 0x0, 0x8f,
    0xff, 0x80, 0x43, 0x0, 0x7f, 0xff, 0xf2, 0x3f,
    0xe0, 0x4f, 0xf6, 0xcf, 0xd7, 0xfb, 0x9, 0xfd,
    0x1, 0xef, 0xff, 0x70, 0x8f, 0xe0, 0x5, 0xff,
    0xe0, 0x2, 0xff, 0xeb, 0xff, 0xff, 0x20, 0x3,
    0xcf, 0xfd, 0x89, 0xfd, 0x10,

    /* U+0027 "'" */
    0x3d, 0xc2, 0xfd, 0x1f, 0xc0, 0xfa, 0xe, 0x90,

    /* U+0028 "(" */
    0x0, 0x6a, 0x70, 0x1f, 0xf5, 0x7, 0xfd, 0x0,
    0xef, 0x70, 0x4f, 0xf2, 0x8, 0xfe, 0x0, 0xbf,
    0xb0, 0xc, 0xfa, 0x0, 0xdf, 0xa0, 0xc, 0xfb,
    0x0, 0xaf, 0xd0, 0x6, 0xff, 0x10, 0x1f, 0xf5,
    0x0, 0xbf, 0xb0, 0x4, 0xff, 0x20, 0xb, 0xfa,

    /* U+0029 ")" */
    0x3a, 0x90, 0x0, 0xe, 0xf6, 0x0, 0x7, 0xfe,
    0x0, 0x1, 0xff, 0x40, 0x0, 0xcf, 0xa0, 0x0,
    0x8f, 0xe0, 0x0, 0x5f, 0xf1, 0x0, 0x4f, 0xf3,
    0x0, 0x3f, 0xf3, 0x0, 0x4f, 0xf2, 0x0, 0x7f,
    0xf0, 0x0, 0xaf, 0xd0, 0x0, 0xef, 0x80, 0x5,
    0xff, 0x20, 0xb, 0xfa, 0x0, 0x3f, 0xf2, 0x0,

    /* U+002A "*" */
    0x0, 0x3f, 0x90, 0x0, 0x92, 0xf7, 0x65, 0x5f,
    0xff, 0xff, 0xb1, 0x4c, 0xff, 0x62, 0x5, 0xfb,
    0xfb, 0x0, 0x5e, 0x1a, 0xa0, 0x0, 0x0, 0x0,
    0x0,

    /* U+002B "+" */
    0x0, 0x2, 0x74, 0x0, 0x0, 0x0, 0x6f, 0xa0,
    0x0, 0x0, 0x6, 0xfa, 0x0, 0x0, 0x11, 0x7f,
    0xa1, 0x10, 0x8f, 0xff, 0xff, 0xff, 0xc8, 0xff,
    0xff, 0xff, 0xfc, 0x0, 0x6, 0xfa, 0x0, 0x0,
    0x0, 0x6f, 0xa0, 0x0, 0x0, 0x6, 0xfa, 0x0,
    0x0,

    /* U+002C "," */
    0x3, 0xdc, 0x0, 0x8f, 0xa0, 0xd, 0xf4, 0x1,
    0xfe, 0x0, 0x6f, 0x80, 0x0,

    /* U+002D "-" */
    0xde, 0xee, 0xdf, 0xff, 0xff,

    /* U+002E "." */
    0x7a, 0xab, 0xff, 0xbf, 0xf0,

    /* U+002F "/" */
    0x0, 0x0, 0x7, 0x70, 0x0, 0x0, 0x3f, 0xa0,
    0x0, 0x0, 0x9f, 0x50, 0x0, 0x0, 0xef, 0x0,
    0x0, 0x3, 0xfb, 0x0, 0x0, 0x8, 0xf5, 0x0,
    0x0, 0xe, 0xf1, 0x0, 0x0, 0x3f, 0xb0, 0x0,
    0x0, 0x8f, 0x60, 0x0, 0x0, 0xdf, 0x10, 0x0,
    0x3, 0xfb, 0x0, 0x0, 0x8, 0xf6, 0x0, 0x0,
    0xd, 0xf1, 0x0, 0x0,

    /* U+0030 "0" */
    0x0, 0x5d, 0xfe, 0x91, 0x0, 0x5f, 0xff, 0xff,
    0xc0, 0xd, 0xfb, 0x5, 0xff, 0x41, 0xff, 0x40,
    0xd, 0xf8, 0x3f, 0xf2, 0x0, 0xaf, 0xa4, 0xff,
    0x10, 0xa, 0xfb, 0x3f, 0xf2, 0x0, 0xaf, 0xa1,
    0xff, 0x40, 0xd, 0xf8, 0xd, 0xfb, 0x5, 0xff,
    0x40, 0x5f, 0xff, 0xff, 0xc0, 0x0, 0x5d, 0xfe,
    0x91, 0x0,

    /* U+0031 "1" */
    0x1, 0x9f, 0xf3, 0x2f, 0xff, 0xf3, 0x4f, 0xbf,
    0xf3, 0x12, 0x3f, 0xf3, 0x0, 0x3f, 0xf3, 0x0,
    0x3f, 0xf3, 0x0, 0x3f, 0xf3, 0x0, 0x3f, 0xf3,
    0x0, 0x3f, 0xf3, 0x0, 0x3f, 0xf3, 0x0, 0x3f,
    0xf3,

    /* U+0032 "2" */
    0x1, 0x9e, 0xfd, 0x91, 0x0, 0xef, 0xff, 0xff,
    0xd0, 0xc, 0x62, 0x29, 0xff, 0x50, 0x0, 0x0,
    0xf, 0xf5, 0x0, 0x0, 0x4, 0xff, 0x20, 0x0,
    0x1, 0xdf, 0x90, 0x0, 0x1, 0xdf, 0xc0, 0x0,
    0x1, 0xdf, 0xc0, 0x0, 0x3, 0xef, 0xa0, 0x0,
    0x1, 0xff, 0xff, 0xff, 0xf7, 0x2f, 0xff, 0xff,
    0xff, 0x70,

    /* U+0033 "3" */
    0x3b, 0xef, 0xd9, 0x10, 0x9f, 0xff, 0xff, 0xb0,
    0x43, 0x0, 0x8f, 0xf0, 0x0, 0x1, 0x9f, 0xd0,
    0xb, 0xff, 0xfd, 0x30, 0x9, 0xde, 0xfe, 0x50,
    0x0, 0x0, 0x5f, 0xf2, 0x0, 0x0, 0xf, 0xf6,
    0x94, 0x10, 0x7f, 0xf5, 0xef, 0xff, 0xff, 0xc0,
    0x6b, 0xef, 0xd8, 0x0,

    /* U+0034 "4" */
    0x0, 0x0, 0x7f, 0xfb, 0x0, 0x0, 0x1f, 0xff,
    0xb0, 0x0, 0x9, 0xff, 0xfb, 0x0, 0x3, 0xfd,
    0xaf, 0xb0, 0x0, 0xcf, 0x49, 0xfb, 0x0, 0x5f,
    0xb0, 0x9f, 0xb0, 0xe, 0xf2, 0x9, 0xfb, 0x6,
    0xff, 0xff, 0xff, 0xfd, 0x6f, 0xff, 0xff, 0xff,
    0xc0, 0x0, 0x0, 0xaf, 0xb0, 0x0, 0x0, 0xa,
    0xfb, 0x0,

    /* U+0035 "5" */
    0x6f, 0xff, 0xff, 0xf0, 0x7f, 0xff, 0xff, 0xe0,
    0x7f, 0xe0, 0x0, 0x0, 0x8f, 0xe3, 0x20, 0x0,
    0x8f, 0xff, 0xfe, 0x50, 0x68, 0x55, 0xcf, 0xf2,
    0x0, 0x0, 0xe, 0xf8, 0x0, 0x0, 0xd, 0xf9,
    0x83, 0x0, 0x7f, 0xf6, 0xff, 0xff, 0xff, 0xc0,
    0x8c, 0xef, 0xe8, 0x0,

    /* U+0036 "6" */
    0x0, 0x18, 0xdf, 0xeb, 0x0, 0x1d, 0xff, 0xff,
    0xf0, 0x9, 0xfc, 0x30, 0x2, 0x0, 0xff, 0xbe,
    0xfd, 0x50, 0x2f, 0xff, 0xde, 0xff, 0x23, 0xff,
    0x90, 0xe, 0xf8, 0x3f, 0xf4, 0x0, 0xaf, 0xa1,
    0xff, 0x40, 0xb, 0xfa, 0xc, 0xfb, 0x2, 0xff,
    0x60, 0x5f, 0xff, 0xff, 0xd0, 0x0, 0x6d, 0xfe,
    0xa1, 0x0,

    /* U+0037 "7" */
    0x2f, 0xff, 0xff, 0xff, 0x92, 0xff, 0xff, 0xff,
    0xf9, 0x0, 0x0, 0x6, 0xfe, 0x10, 0x0, 0x1,
    0xff, 0x50, 0x0, 0x0, 0xaf, 0xc0, 0x0, 0x0,
    0x2f, 0xf4, 0x0, 0x0, 0x8, 0xfd, 0x0, 0x0,
    0x0, 0xdf, 0x80, 0x0, 0x0, 0x2f, 0xf3, 0x0,
    0x0, 0x5, 0xff, 0x0, 0x0, 0x0, 0x8f, 0xd0,
    0x0, 0x0,

    /* U+0038 "8" */
    0x0, 0x8d, 0xfe, 0xb3, 0x0, 0xaf, 0xff, 0xff,
    0xf2, 0xe, 0xf7, 0x1, 0xff, 0x60, 0xbf, 0xb5,
    0x7f, 0xf2, 0x1, 0xbf, 0xff, 0xe4, 0x0, 0x6f,
    0xff, 0xff, 0xb0, 0x1f, 0xf8, 0x3, 0xef, 0x84,
    0xff, 0x10, 0xa, 0xfb, 0x3f, 0xf7, 0x2, 0xef,
    0xa0, 0xcf, 0xff, 0xff, 0xf3, 0x1, 0x8d, 0xfe,
    0xb3, 0x0,

    /* U+0039 "9" */
    0x0, 0x7d, 0xfe, 0x91, 0x0, 0xaf, 0xff, 0xff,
    0xc0, 0x1f, 0xf7, 0x4, 0xff, 0x33, 0xff, 0x10,
    0xd, 0xf8, 0x2f, 0xf4, 0x1, 0xff, 0x90, 0xdf,
    0xfd, 0xff, 0xfa, 0x2, 0xbe, 0xfb, 0xef, 0x90,
    0x0, 0x0, 0x1f, 0xf5, 0x3, 0x10, 0x2c, 0xff,
    0x10, 0x8f, 0xff, 0xff, 0x50, 0x6, 0xef, 0xeb,
    0x30, 0x0,

    /* U+003A ":" */
    0x1f, 0xf8, 0x1f, 0xf8, 0xa, 0xa5, 0x0, 0x0,
    0x0, 0x0, 0x0, 0x0, 0xa, 0xa5, 0x1f, 0xf8,
    0x1f, 0xf8,

    /* U+003B ";" */
    0x1, 0xff, 0x90, 0x1f, 0xf9, 0x0, 0xaa, 0x60,
    0x0, 0x0, 0x0, 0x0, 0x0, 0x0, 0x0, 0x0,
    0xcd, 0x40, 0x3f, 0xf0, 0x7, 0xfa, 0x0, 0xcf,
    0x30, 0x1f, 0xd0, 0x0,

    /* U+003C "<" */
    0x0, 0x0, 0x0, 0x0, 0x0, 0x0, 0x0, 0x2,
    0x8b, 0x0, 0x0, 0x4b, 0xff, 0xc0, 0x17, 0xdf,
    0xfe, 0x82, 0x6f, 0xff, 0xb5, 0x0, 0x8, 0xfc,
    0x20, 0x0, 0x0, 0x8f, 0xfd, 0x71, 0x0, 0x0,
    0x4b, 0xff, 0xfa, 0x40, 0x0, 0x2, 0x8e, 0xff,
    0xb0, 0x0, 0x0, 0x6, 0xcc, 0x0, 0x0, 0x0,
    0x0, 0x20,

    /* U+003D "=" */
    0x8f, 0xff, 0xff, 0xff, 0xc8, 0xff, 0xff, 0xff,
    0xfc, 0x13, 0x33, 0x33, 0x33, 0x20, 0x0, 0x0,
    0x0, 0x0, 0x8f, 0xff, 0xff, 0xff, 0xc8, 0xff,
    0xff, 0xff, 0xfc, 0x12, 0x22, 0x22, 0x22, 0x20,

    /* U+003E ">" */
    0x0, 0x0, 0x0, 0x0, 0x8, 0xa3, 0x0, 0x0,
    0x0, 0x8f, 0xfd, 0x60, 0x0, 0x1, 0x6d, 0xff,
    0xf9, 0x20, 0x0, 0x3, 0x9f, 0xff, 0xa0, 0x0,
    0x0, 0x9, 0xfc, 0x0, 0x0, 0x5c, 0xff, 0xc0,
    0x29, 0xef, 0xfd, 0x60, 0x7f, 0xff, 0xa3, 0x0,
    0x8, 0xe7, 0x10, 0x0, 0x0, 0x10, 0x0, 0x0,
    0x0, 0x0,

    /* U+003F "?" */
    0x4e, 0xff, 0xe9, 0x6, 0xff, 0xff, 0xf8, 0x12,
    0x12, 0xef, 0xb0, 0x0, 0xd, 0xfa, 0x0, 0x7,
    0xff, 0x40, 0x7, 0xff, 0x50, 0x0, 0xcf, 0x50,
    0x0, 0x4, 0x50, 0x0, 0x1, 0xaa, 0x40, 0x0,
    0x2f, 0xf7, 0x0, 0x2, 0xff, 0x70, 0x0,

    /* U+0040 "@" */
    0x0, 0x0, 0x5b, 0xef, 0xeb, 0x50, 0x0, 0x0,
    0x1b, 0xff, 0xfe, 0xff, 0xfa, 0x0, 0x0, 0xdf,
    0xc3, 0x0, 0x4, 0xdf, 0x70, 0x8, 0xfb, 0x3,
    0xaa, 0x6c, 0x3f, 0xe0, 0xe, 0xf1, 0x4f, 0xff,
    0xff, 0xb, 0xf1, 0x4f, 0xb0, 0xdf, 0x53, 0xfd,
    0x9, 0xf2, 0x5f, 0x91, 0xfd, 0x2, 0xfa, 0xa,
    0xf1, 0x6f, 0x82, 0xfb, 0x6, 0xf9, 0xe, 0xd0,
    0x4f, 0xb0, 0xff, 0x9f, 0xfe, 0xbf, 0x60, 0xf,
    0xf2, 0x5e, 0xe9, 0x5e, 0xe8, 0x0, 0x8, 0xfe,
    0x50, 0x0, 0x0, 0x0, 0x0, 0x0, 0xaf, 0xff,
    0xd3, 0x0, 0x0, 0x0, 0x0, 0x4, 0xad, 0xf3,
    0x0, 0x0, 0x0,

    /* U+0041 "A" */
    0x0, 0x8, 0xff, 0xff, 0x20, 0x0, 0x0, 0xd,
    0xfe, 0xff, 0x70, 0x0, 0x0, 0x2f, 0xf7, 0xef,
    0xb0, 0x0, 0x0, 0x7f, 0xf3, 0x9f, 0xf0, 0x0,
    0x0, 0xbf, 0xe0, 0x5f, 0xf5, 0x0, 0x0, 0xff,
    0xa0, 0x1f, 0xf9, 0x0, 0x5, 0xff, 0xff, 0xff,
    0xfe, 0x0, 0x9, 0xff, 0xff, 0xff, 0xff, 0x30,
    0xe, 0xfd, 0x0, 0x4, 0xff, 0x80, 0x3f, 0xf9,
    0x0, 0x0, 0xff, 0xc0, 0x7f, 0xf4, 0x0, 0x0,
    0xbf, 0xf1,

    /* U+0042 "B" */
    0xf, 0xff, 0xff, 0xfc, 0x40, 0x0, 0xff, 0xdb,
    0xbf, 0xff, 0x20, 0xf, 0xf9, 0x0, 0x6f, 0xf6,
    0x0, 0xff, 0x90, 0x5, 0xff, 0x40, 0xf, 0xfd,
    0x99, 0xef, 0x80, 0x0, 0xff, 0xff, 0xff, 0xfc,
    0x10, 0xf, 0xf9, 0x0, 0x3e, 0xfc, 0x0, 0xff,
    0x90, 0x0, 0x9f, 0xf1, 0xf, 0xf9, 0x0, 0x2e,
    0xff, 0x0, 0xff, 0xff, 0xff, 0xff, 0x90, 0xf,
    0xff, 0xff, 0xfd, 0x70, 0x0,

    /* U+0043 "C" */
    0x0, 0x3, 0x9d, 0xfe, 0xd9, 0x0, 0x9, 0xff,
    0xff, 0xff, 0xf2, 0x7, 0xff, 0xe5, 0x21, 0x26,
    0x10, 0xef, 0xe1, 0x0, 0x0, 0x0, 0x3f, 0xf8,
    0x0, 0x0, 0x0, 0x5, 0xff, 0x60, 0x0, 0x0,
    0x0, 0x4f, 0xf8, 0x0, 0x0, 0x0, 0x0, 0xff,
    0xe2, 0x0, 0x0, 0x0, 0x8, 0xff, 0xe6, 0x21,
    0x38, 0x10, 0x9, 0xff, 0xff, 0xff, 0xf2, 0x0,
    0x3, 0x9d, 0xff, 0xe9, 0x0,

    /* U+0044 "D" */
    0xf, 0xff, 0xff, 0xe9, 0x20, 0x0, 0xff, 0xff,
    0xff, 0xff, 0x40, 0xf, 0xf9, 0x1, 0x7f, 0xfe,
    0x0, 0xff, 0x90, 0x0, 0x9f, 0xf5, 0xf, 0xf9,
    0x0, 0x3, 0xff, 0x80, 0xff, 0x90, 0x0, 0x2f,
    0xf9, 0xf, 0xf9, 0x0, 0x3, 0xff, 0x80, 0xff,
    0x90, 0x0, 0x9f, 0xf5, 0xf, 0xf9, 0x0, 0x7f,
    0xfe, 0x0, 0xff, 0xff, 0xff, 0xff, 0x40, 0xf,
    0xff, 0xff, 0xea, 0x20, 0x0,

    /* U+0045 "E" */
    0xf, 0xff, 0xff, 0xff, 0xd0, 0xff, 0xff, 0xff,
    0xfd, 0xf, 0xfa, 0x33, 0x33, 0x20, 0xff, 0x90,
    0x0, 0x0, 0xf, 0xff, 0xff, 0xff, 0x20, 0xff,
    0xff, 0xff, 0xf2, 0xf, 0xf9, 0x11, 0x11, 0x0,
    0xff, 0x90, 0x0, 0x0, 0xf, 0xfa, 0x33, 0x33,
    0x20, 0xff, 0xff, 0xff, 0xfd, 0xf, 0xff, 0xff,
    0xff, 0xd0,

    /* U+0046 "F" */
    0xf, 0xff, 0xff, 0xff, 0x60, 0xff, 0xff, 0xff,
    0xf6, 0xf, 0xfa, 0x33, 0x33, 0x10, 0xff, 0x90,
    0x0, 0x0, 0xf, 0xff, 0xff, 0xfb, 0x0, 0xff,
    0xff, 0xff, 0xb0, 0xf, 0xf9, 0x0, 0x0, 0x0,
    0xff, 0x90, 0x0, 0x0, 0xf, 0xf9, 0x0, 0x0,
    0x0, 0xff, 0x90, 0x0, 0x0, 0xf, 0xf9, 0x0,
    0x0, 0x0,

    /* U+0047 "G" */
    0x0, 0x2, 0x9d, 0xfe, 0xd9, 0x0, 0x7, 0xff,
    0xff, 0xff, 0xf2, 0x5, 0xff, 0xd5, 0x10, 0x14,
    0x0, 0xef, 0xd0, 0x0, 0x0, 0x0, 0x3f, 0xf6,
    0x0, 0xf, 0xff, 0x75, 0xff, 0x40, 0x0, 0xff,
    0xf7, 0x4f, 0xf6, 0x0, 0x0, 0xcf, 0x70, 0xff,
    0xd0, 0x0, 0xc, 0xf7, 0x7, 0xff, 0xd6, 0x32,
    0xcf, 0x70, 0x9, 0xff, 0xff, 0xff, 0xf7, 0x0,
    0x3, 0x9d, 0xff, 0xe9, 0x20,

    /* U+0048 "H" */
    0xf, 0xf9, 0x0, 0x1, 0xff, 0x80, 0xff, 0x90,
    0x0, 0x1f, 0xf8, 0xf, 0xf9, 0x0, 0x1, 0xff,
    0x80, 0xff, 0x90, 0x0, 0x1f, 0xf8, 0xf, 0xff,
    0xff, 0xff, 0xff, 0x80, 0xff, 0xff, 0xff, 0xff,
    0xf8, 0xf, 0xfa, 0x33, 0x34, 0xff, 0x80, 0xff,
    0x90, 0x0, 0x1f, 0xf8, 0xf, 0xf9, 0x0, 0x1,
    0xff, 0x80, 0xff, 0x90, 0x0, 0x1f, 0xf8, 0xf,
    0xf9, 0x0, 0x1, 0xff, 0x80,

    /* U+0049 "I" */
    0xff, 0xaf, 0xfa, 0xff, 0xaf, 0xfa, 0xff, 0xaf,
    0xfa, 0xff, 0xaf, 0xfa, 0xff, 0xaf, 0xfa, 0xff,
    0xa0,

    /* U+004A "J" */
    0x0, 0x5f, 0xf5, 0x0, 0x5f, 0xf5, 0x0, 0x5f,
    0xf5, 0x0, 0x5f, 0xf5, 0x0, 0x5f, 0xf5, 0x0,
    0x5f, 0xf5, 0x0, 0x5f, 0xf5, 0x0, 0x5f, 0xf5,
    0x0, 0x5f, 0xf5, 0x0, 0x5f, 0xf4, 0x0, 0x7f,
    0xf3, 0x17, 0xef, 0xf0, 0x5f, 0xff, 0x70, 0x4f,
    0xc5, 0x0,

    /* U+004B "K" */
    0xf, 0xf9, 0x0, 0x2e, 0xfc, 0x0, 0xff, 0x90,
    0xd, 0xfe, 0x10, 0xf, 0xf9, 0xa, 0xff, 0x40,
    0x0, 0xff, 0x96, 0xff, 0x70, 0x0, 0xf, 0xff,
    0xff, 0xb0, 0x0, 0x0, 0xff, 0xff, 0xfc, 0x0,
    0x0, 0xf, 0xfa, 0x4f, 0xfb, 0x0, 0x0, 0xff,
    0x90, 0x4f, 0xf8, 0x0, 0xf, 0xf9, 0x0, 0x8f,
    0xf3, 0x0, 0xff, 0x90, 0x0, 0xdf, 0xd0, 0xf,
    0xf9, 0x0, 0x4, 0xff, 0x70,

    /* U+004C "L" */
    0xf, 0xf9, 0x0, 0x0, 0x0, 0xff, 0x90, 0x0,
    0x0, 0xf, 0xf9, 0x0, 0x0, 0x0, 0xff, 0x90,
    0x0, 0x0, 0xf, 0xf9, 0x0, 0x0, 0x0, 0xff,
    0x90, 0x0, 0x0, 0xf, 0xf9, 0x0, 0x0, 0x0,
    0xff, 0x90, 0x0, 0x0, 0xf, 0xfa, 0x33, 0x33,
    0x0, 0xff, 0xff, 0xff, 0xf2, 0xf, 0xff, 0xff,
    0xff, 0x20,

    /* U+004D "M" */
    0xf, 0xff, 0xfa, 0x0, 0x7f, 0xff, 0xf4, 0xf,
    0xff, 0xfd, 0x0, 0xaf, 0xff, 0xf4, 0xf, 0xfc,
    0xff, 0x0, 0xdf, 0xcf, 0xf4, 0xf, 0xf8, 0xff,
    0x30, 0xff, 0x8f, 0xf4, 0xf, 0xf8, 0xdf, 0x63,
    0xff, 0x5f, 0xf4, 0xf, 0xf8, 0x9f, 0x96, 0xfd,
    0x4f, 0xf4, 0xf, 0xf8, 0x6f, 0xc9, 0xf9, 0x4f,
    0xf4, 0xf, 0xf8, 0x3f, 0xfc, 0xf6, 0x4f, 0xf4,
    0xf, 0xf8, 0xf, 0xff, 0xf3, 0x4f, 0xf4, 0xf,
    0xf8, 0xc, 0xff, 0xf0, 0x4f, 0xf4, 0xf, 0xf8,
    0x8, 0xff, 0xc0, 0x4f, 0xf4,

    /* U+004E "N" */
    0xf, 0xff, 0xf5, 0x0, 0xff, 0xa0, 0xff, 0xff,
    0xa0, 0xf, 0xfa, 0xf, 0xfe, 0xfe, 0x0, 0xff,
    0xa0, 0xff, 0x9f, 0xf4, 0xf, 0xfa, 0xf, 0xf8,
    0xbf, 0x90, 0xff, 0xa0, 0xff, 0x86, 0xfd, 0xf,
    0xfa, 0xf, 0xf8, 0x1f, 0xf3, 0xff, 0xa0, 0xff,
    0x80, 0xcf, 0x7f, 0xfa, 0xf, 0xf8, 0x7, 0xfd,
    0xff, 0xa0, 0xff, 0x80, 0x2f, 0xff, 0xfa, 0xf,
    0xf8, 0x0, 0xdf, 0xff, 0xa0,

    /* U+004F "O" */
    0x0, 0x6, 0xbe, 0xfe, 0xa3, 0x0, 0x0, 0xb,
    0xff, 0xff, 0xff, 0xf7, 0x0, 0x8, 0xff, 0xb2,
    0x4, 0xef, 0xf3, 0x0, 0xff, 0xe0, 0x0, 0x4,
    0xff, 0xa0, 0x3f, 0xf9, 0x0, 0x0, 0xe, 0xfe,
    0x5, 0xff, 0x70, 0x0, 0x0, 0xcf, 0xf0, 0x4f,
    0xf8, 0x0, 0x0, 0xd, 0xff, 0x1, 0xff, 0xd0,
    0x0, 0x3, 0xff, 0xb0, 0xa, 0xff, 0xb2, 0x4,
    0xdf, 0xf5, 0x0, 0xc, 0xff, 0xff, 0xff, 0xf8,
    0x0, 0x0, 0x6, 0xce, 0xfe, 0xa4, 0x0, 0x0,

    /* U+0050 "P" */
    0xf, 0xff, 0xff, 0xfd, 0x60, 0x0, 0xff, 0xff,
    0xff, 0xff, 0x80, 0xf, 0xfa, 0x22, 0x3b, 0xff,
    0x0, 0xff, 0x90, 0x0, 0x4f, 0xf1, 0xf, 0xfa,
    0x22, 0x3b, 0xff, 0x0, 0xff, 0xff, 0xff, 0xff,
    0x80, 0xf, 0xff, 0xff, 0xfd, 0x60, 0x0, 0xff,
    0x90, 0x0, 0x0, 0x0, 0xf, 0xf9, 0x0, 0x0,
    0x0, 0x0, 0xff, 0x90, 0x0, 0x0, 0x0, 0xf,
    0xf9, 0x0, 0x0, 0x0, 0x0,

    /* U+0051 "Q" */
    0x0, 0x5, 0xbe, 0xfe, 0xa3, 0x0, 0x0, 0xa,
    0xff, 0xff, 0xff, 0xf7, 0x0, 0x7, 0xff, 0xa2,
    0x3, 0xcf, 0xf4, 0x0, 0xff, 0xc0, 0x0, 0x1,
    0xef, 0xc0, 0x3f, 0xf5, 0x0, 0x0, 0x8, 0xff,
    0x5, 0xff, 0x30, 0x0, 0x0, 0x6f, 0xf2, 0x4f,
    0xf4, 0x0, 0x0, 0x8, 0xff, 0x1, 0xff, 0xb0,
    0x0, 0x0, 0xdf, 0xd0, 0x9, 0xff, 0xa2, 0x3,
    0xcf, 0xf5, 0x0, 0xb, 0xff, 0xff, 0xff, 0xf8,
    0x0, 0x0, 0x5, 0xbe, 0xff, 0xf6, 0x0, 0x0,
    0x0, 0x0, 0x0, 0xbf, 0xb0, 0x0,

    /* U+0052 "R" */
    0xf, 0xff, 0xff, 0xfc, 0x50, 0x0, 0xff, 0xfd,
    0xde, 0xff, 0x50, 0xf, 0xf9, 0x0, 0x9, 0xfb,
    0x0, 0xff, 0x90, 0x0, 0x9f, 0xb0, 0xf, 0xff,
    0xee, 0xff, 0xf5, 0x0, 0xff, 0xff, 0xff, 0xd6,
    0x0, 0xf, 0xf9, 0x3f, 0xfa, 0x0, 0x0, 0xff,
    0x90, 0x6f, 0xf5, 0x0, 0xf, 0xf9, 0x0, 0xcf,
    0xe1, 0x0, 0xff, 0x90, 0x3, 0xff, 0x80, 0xf,
    0xf9, 0x0, 0xc, 0xff, 0x0,

    /* U+0053 "S" */
    0x1, 0xae, 0xfe, 0xc7, 0x0, 0xdf, 0xff, 0xff,
    0xd0, 0x3f, 0xf8, 0x1, 0x36, 0x3, 0xff, 0x60,
    0x0, 0x0, 0xc, 0xff, 0xb6, 0x0, 0x0, 0x7,
    0xdf, 0xff, 0x60, 0x0, 0x0, 0x3c, 0xff, 0x30,
    0x0, 0x0, 0xf, 0xf8, 0x6d, 0x73, 0x16, 0xff,
    0x76, 0xff, 0xff, 0xff, 0xf2, 0x6, 0xce, 0xff,
    0xb3, 0x0,

    /* U+0054 "T" */
    0xbf, 0xff, 0xff, 0xff, 0xbb, 0xff, 0xff, 0xff,
    0xfb, 0x23, 0x3d, 0xfd, 0x33, 0x20, 0x0, 0xdf,
    0xd0, 0x0, 0x0, 0xd, 0xfd, 0x0, 0x0, 0x0,
    0xdf, 0xd0, 0x0, 0x0, 0xd, 0xfd, 0x0, 0x0,
    0x0, 0xdf, 0xd0, 0x0, 0x0, 0xd, 0xfd, 0x0,
    0x0, 0x0, 0xdf, 0xd0, 0x0, 0x0, 0xd, 0xfd,
    0x0, 0x0,

    /* U+0055 "U" */
    0xf, 0xf9, 0x0, 0x0, 0xdf, 0xc0, 0xff, 0x90,
    0x0, 0xd, 0xfc, 0xf, 0xf9, 0x0, 0x0, 0xdf,
    0xc0, 0xff, 0x90, 0x0, 0xd, 0xfc, 0xf, 0xf9,
    0x0, 0x0, 0xdf, 0xc0, 0xff, 0x90, 0x0, 0xd,
    0xfc, 0xf, 0xf9, 0x0, 0x0, 0xdf, 0xc0, 0xff,
    0xd0, 0x0, 0x2f, 0xfb, 0xa, 0xff, 0xc5, 0x6e,
    0xff, 0x60, 0x1e, 0xff, 0xff, 0xff, 0xb0, 0x0,
    0x18, 0xdf, 0xfc, 0x60, 0x0,

    /* U+0056 "V" */
    0xbf, 0xf2, 0x0, 0x0, 0xaf, 0xf2, 0x6f, 0xf7,
    0x0, 0x0, 0xff, 0xd0, 0x1f, 0xfc, 0x0, 0x4,
    0xff, 0x80, 0xb, 0xff, 0x10, 0x8, 0xff, 0x30,
    0x6, 0xff, 0x50, 0xd, 0xfe, 0x0, 0x1, 0xff,
    0xa0, 0x2f, 0xf9, 0x0, 0x0, 0xcf, 0xe0, 0x6f,
    0xf4, 0x0, 0x0, 0x7f, 0xf3, 0xbf, 0xf0, 0x0,
    0x0, 0x2f, 0xf8, 0xff, 0xa0, 0x0, 0x0, 0xd,
    0xff, 0xff, 0x50, 0x0, 0x0, 0x8, 0xff, 0xff,
    0x0, 0x0,

    /* U+0057 "W" */
    0xaf, 0xf1, 0x0, 0xdf, 0xc0, 0x2, 0xff, 0x96,
    0xff, 0x40, 0xf, 0xff, 0x0, 0x5f, 0xf5, 0x2f,
    0xf7, 0x3, 0xff, 0xf2, 0x8, 0xff, 0x10, 0xef,
    0xa0, 0x6f, 0xff, 0x50, 0xbf, 0xd0, 0xa, 0xfd,
    0x9, 0xfa, 0xf8, 0xe, 0xf9, 0x0, 0x6f, 0xf0,
    0xcf, 0x4f, 0xb1, 0xff, 0x50, 0x2, 0xff, 0x4f,
    0xf0, 0xfe, 0x5f, 0xf1, 0x0, 0xe, 0xfa, 0xfc,
    0xd, 0xf9, 0xfd, 0x0, 0x0, 0xaf, 0xff, 0x90,
    0xaf, 0xff, 0x90, 0x0, 0x6, 0xff, 0xf6, 0x8,
    0xff, 0xf5, 0x0, 0x0, 0x2f, 0xff, 0x40, 0x5f,
    0xff, 0x10, 0x0,

    /* U+0058 "X" */
    0x6f, 0xf9, 0x0, 0x0, 0xdf, 0xf2, 0xb, 0xff,
    0x50, 0xa, 0xff, 0x50, 0x1, 0xef, 0xe1, 0x5f,
    0xfa, 0x0, 0x0, 0x4f, 0xfc, 0xff, 0xd0, 0x0,
    0x0, 0x8, 0xff, 0xff, 0x30, 0x0, 0x0, 0x0,
    0xef, 0xfa, 0x0, 0x0, 0x0, 0x7, 0xff, 0xff,
    0x20, 0x0, 0x0, 0x3f, 0xfc, 0xef, 0xd0, 0x0,
    0x0, 0xdf, 0xf1, 0x6f, 0xf9, 0x0, 0x9, 0xff,
    0x60, 0xb, 0xff, 0x40, 0x5f, 0xfb, 0x0, 0x1,
    0xef, 0xe1,

    /* U+0059 "Y" */
    0x8f, 0xf5, 0x0, 0xe, 0xfe, 0x1, 0xef, 0xd0,
    0x7, 0xff, 0x50, 0x6, 0xff, 0x50, 0xef, 0xc0,
    0x0, 0xd, 0xfd, 0x7f, 0xf3, 0x0, 0x0, 0x4f,
    0xff, 0xfa, 0x0, 0x0, 0x0, 0xbf, 0xff, 0x20,
    0x0, 0x0, 0x3, 0xff, 0x90, 0x0, 0x0, 0x0,
    0x2f, 0xf8, 0x0, 0x0, 0x0, 0x2, 0xff, 0x80,
    0x0, 0x0, 0x0, 0x2f, 0xf8, 0x0, 0x0, 0x0,
    0x2, 0xff, 0x80, 0x0, 0x0,

    /* U+005A "Z" */
    0x3f, 0xff, 0xff, 0xff, 0xfd, 0x3f, 0xff, 0xff,
    0xff, 0xfd, 0x2, 0x22, 0x23, 0xdf, 0xf8, 0x0,
    0x0, 0x9, 0xff, 0xa0, 0x0, 0x0, 0x8f, 0xfb,
    0x0, 0x0, 0x7, 0xff, 0xc0, 0x0, 0x0, 0x5f,
    0xfd, 0x10, 0x0, 0x4, 0xff, 0xe2, 0x0, 0x0,
    0x3f, 0xff, 0x63, 0x33, 0x33, 0x7f, 0xff, 0xff,
    0xff, 0xff, 0x7f, 0xff, 0xff, 0xff, 0xff,

    /* U+005B "[" */
    0x56, 0x65, 0xef, 0xff, 0xef, 0xff, 0xef, 0x70,
    0xef, 0x70, 0xef, 0x70, 0xef, 0x70, 0xef, 0x70,
    0xef, 0x70, 0xef, 0x70, 0xef, 0x70, 0xef, 0x70,
    0xef, 0x70, 0xef, 0xa5, 0xef, 0xff, 0xef, 0xff,

    /* U+005C "\\" */
    0x9f, 0x70, 0x0, 0x0, 0x2f, 0xd0, 0x0, 0x0,
    0xc, 0xf4, 0x0, 0x0, 0x6, 0xfa, 0x0, 0x0,
    0x0, 0xff, 0x10, 0x0, 0x0, 0x9f, 0x70, 0x0,
    0x0, 0x2f, 0xd0, 0x0, 0x0, 0xc, 0xf4, 0x0,
    0x0, 0x6, 0xfa, 0x0, 0x0, 0x0, 0xff, 0x10,
    0x0, 0x0, 0x9f, 0x70, 0x0, 0x0, 0x3f, 0xd0,
    0x0, 0x0, 0xc, 0xf4, 0x0, 0x0, 0x6, 0xfa,

    /* U+005D "]" */
    0x46, 0x66, 0x1a, 0xff, 0xf2, 0xaf, 0xff, 0x20,
    0x2f, 0xf2, 0x2, 0xff, 0x20, 0x2f, 0xf2, 0x2,
    0xff, 0x20, 0x2f, 0xf2, 0x2, 0xff, 0x20, 0x2f,
    0xf2, 0x2, 0xff, 0x20, 0x2f, 0xf2, 0x2, 0xff,
    0x23, 0x7f, 0xf2, 0xaf, 0xff, 0x2a, 0xff, 0xf2,

    /* U+005E "^" */
    0x0, 0xd, 0xff, 0x10, 0x0, 0x3, 0xff, 0xf7,
    0x0, 0x0, 0xaf, 0x6f, 0xe0, 0x0, 0x1f, 0xe0,
    0xaf, 0x50, 0x7, 0xf9, 0x4, 0xfb, 0x0, 0xdf,
    0x30, 0xe, 0xf2,

    /* U+005F "_" */
    0xaa, 0xaa, 0xaa, 0xaa, 0xff, 0xff, 0xff, 0xff,

    /* U+0060 "`" */
    0x4, 0x42, 0x0, 0x3f, 0xe1, 0x0, 0x3f, 0xa0,

    /* U+0061 "a" */
    0x0, 0x7d, 0xfc, 0xaf, 0xf1, 0x9, 0xff, 0xff,
    0xff, 0xf1, 0x2f, 0xfb, 0x0, 0x8f, 0xf1, 0x6f,
    0xf2, 0x0, 0x4f, 0xf1, 0x7f, 0xf0, 0x0, 0x4f,
    0xf1, 0x6f, 0xf1, 0x0, 0x4f, 0xf1, 0x2f, 0xf9,
    0x0, 0x6f, 0xf1, 0x9, 0xff, 0xcb, 0xff, 0xf2,
    0x0, 0x7d, 0xfe, 0x9f, 0xf4,

    /* U+0062 "b" */
    0x3f, 0xf5, 0x0, 0x0, 0x0, 0x3f, 0xf5, 0x0,
    0x0, 0x0, 0x3f, 0xf5, 0x0, 0x0, 0x0, 0x3f,
    0xf5, 0x0, 0x0, 0x0, 0x3f, 0xf9, 0xcf, 0xd6,
    0x0, 0x3f, 0xff, 0xff, 0xff, 0x70, 0x3f, 0xf7,
    0x1, 0xcf, 0xf1, 0x3f, 0xf1, 0x0, 0x3f, 0xf5,
    0x3f, 0xf1, 0x0, 0xf, 0xf6, 0x3f, 0xf1, 0x0,
    0x2f, 0xf5, 0x3f, 0xf4, 0x0, 0xbf, 0xf1, 0x3f,
    0xff, 0xbd, 0xff, 0x80, 0x6f, 0xf9, 0xef, 0xd6,
    0x0,

    /* U+0063 "c" */
    0x0, 0x3a, 0xef, 0xe9, 0x5, 0xff, 0xff, 0xfe,
    0x1f, 0xfd, 0x41, 0x14, 0x6f, 0xf3, 0x0, 0x0,
    0x7f, 0xf0, 0x0, 0x0, 0x6f, 0xf3, 0x0, 0x0,
    0x1f, 0xff, 0x61, 0x27, 0x5, 0xff, 0xff, 0xff,
    0x0, 0x2a, 0xef, 0xea,

    /* U+0064 "d" */
    0x0, 0x0, 0x0, 0x7f, 0xf1, 0x0, 0x0, 0x0,
    0x7f, 0xf1, 0x0, 0x0, 0x0, 0x7f, 0xf1, 0x0,
    0x0, 0x0, 0x7f, 0xf1, 0x0, 0x7d, 0xfc, 0xaf,
    0xf1, 0x9, 0xff, 0xff, 0xff, 0xf1, 0x2f, 0xfb,
    0x0, 0x8f, 0xf1, 0x6f, 0xf2, 0x0, 0x2f, 0xf1,
    0x7f, 0xf0, 0x0, 0x2f, 0xf1, 0x6f, 0xf1, 0x0,
    0x2f, 0xf1, 0x2f, 0xf9, 0x0, 0x5f, 0xf1, 0x9,
    0xff, 0xcb, 0xff, 0xf2, 0x0, 0x7d, 0xfd, 0x9f,
    0xf4,

    /* U+0065 "e" */
    0x0, 0x7d, 0xff, 0xb4, 0x0, 0x9, 0xff, 0xef,
    0xff, 0x50, 0x2f, 0xf7, 0x0, 0x9f, 0xe0, 0x6f,
    0xfd, 0xdd, 0xdf, 0xf2, 0x7f, 0xff, 0xff, 0xff,
    0xf3, 0x6f, 0xf2, 0x0, 0x0, 0x0, 0x1f, 0xfc,
    0x10, 0x4, 0x70, 0x7, 0xff, 0xff, 0xff, 0xa0,
    0x0, 0x4b, 0xef, 0xeb, 0x40,

    /* U+0066 "f" */
    0x0, 0x8e, 0xff, 0x0, 0x3f, 0xff, 0xf1, 0x5,
    0xff, 0x50, 0x0, 0x6f, 0xf3, 0x0, 0xef, 0xff,
    0xff, 0x4e, 0xff, 0xff, 0xf4, 0x6, 0xff, 0x30,
    0x0, 0x6f, 0xf3, 0x0, 0x6, 0xff, 0x30, 0x0,
    0x6f, 0xf3, 0x0, 0x6, 0xff, 0x30, 0x0, 0x6f,
    0xf3, 0x0, 0x6, 0xff, 0x30, 0x0,

    /* U+0067 "g" */
    0x0, 0x7d, 0xfc, 0xaf, 0xf0, 0x9, 0xff, 0xff,
    0xff, 0xf0, 0x2f, 0xfb, 0x0, 0x8f, 0xf0, 0x6f,
    0xf1, 0x0, 0x2f, 0xf0, 0x7f, 0xf0, 0x0, 0x2f,
    0xf0, 0x6f, 0xf1, 0x0, 0x2f, 0xf0, 0x2f, 0xfb,
    0x0, 0x8f, 0xf0, 0x9, 0xff, 0xff, 0xff, 0xf0,
    0x0, 0x7d, 0xfd, 0xcf, 0xf0, 0x0, 0x0, 0x0,
    0xbf, 0xf0, 0x1a, 0x65, 0x49, 0xff, 0xd0, 0x2f,
    0xff, 0xff, 0xff, 0x50, 0x1a, 0xde, 0xff, 0xb4,
    0x0,

    /* U+0068 "h" */
    0x3f, 0xf5, 0x0, 0x0, 0x3, 0xff, 0x50, 0x0,
    0x0, 0x3f, 0xf5, 0x0, 0x0, 0x3, 0xff, 0x50,
    0x0, 0x0, 0x3f, 0xf7, 0xae, 0xe9, 0x3, 0xff,
    0xff, 0xff, 0xf7, 0x3f, 0xfa, 0x13, 0xff, 0xb3,
    0xff, 0x50, 0xd, 0xfc, 0x3f, 0xf5, 0x0, 0xdf,
    0xc3, 0xff, 0x50, 0xd, 0xfc, 0x3f, 0xf5, 0x0,
    0xdf, 0xc3, 0xff, 0x50, 0xd, 0xfc, 0x3f, 0xf5,
    0x0, 0xdf, 0xc0,

    /* U+0069 "i" */
    0xff, 0x9f, 0xf9, 0x99, 0x50, 0x0, 0xff, 0x9f,
    0xf9, 0xff, 0x9f, 0xf9, 0xff, 0x9f, 0xf9, 0xff,
    0x9f, 0xf9, 0xff, 0x90,

    /* U+006A "j" */
    0x0, 0x4f, 0xf4, 0x0, 0x4f, 0xf4, 0x0, 0x29,
    0x92, 0x0, 0x0, 0x0, 0x0, 0x4f, 0xf4, 0x0,
    0x4f, 0xf4, 0x0, 0x4f, 0xf4, 0x0, 0x4f, 0xf4,
    0x0, 0x4f, 0xf4, 0x0, 0x4f, 0xf4, 0x0, 0x4f,
    0xf4, 0x0, 0x4f, 0xf4, 0x0, 0x4f, 0xf4, 0x0,
    0x6f, 0xf3, 0x4, 0xdf, 0xf0, 0x5f, 0xff, 0x80,
    0x4f, 0xc6, 0x0,

    /* U+006B "k" */
    0x3f, 0xf5, 0x0, 0x0, 0x3, 0xff, 0x50, 0x0,
    0x0, 0x3f, 0xf5, 0x0, 0x0, 0x3, 0xff, 0x50,
    0x0, 0x0, 0x3f, 0xf5, 0x9, 0xfe, 0x13, 0xff,
    0x54, 0xff, 0x50, 0x3f, 0xf6, 0xdf, 0xa0, 0x3,
    0xff, 0xff, 0xe1, 0x0, 0x3f, 0xff, 0xfe, 0x20,
    0x3, 0xff, 0x6b, 0xfd, 0x0, 0x3f, 0xf5, 0x1f,
    0xf7, 0x3, 0xff, 0x50, 0x7f, 0xe0, 0x3f, 0xf5,
    0x1, 0xff, 0x60,

    /* U+006C "l" */
    0x3f, 0xf5, 0x3, 0xff, 0x50, 0x3f, 0xf5, 0x3,
    0xff, 0x50, 0x3f, 0xf5, 0x3, 0xff, 0x50, 0x3f,
    0xf5, 0x3, 0xff, 0x50, 0x3f, 0xf5, 0x3, 0xff,
    0x60, 0x1f, 0xfb, 0x20, 0xcf, 0xfe, 0x2, 0xbf,
    0xe0,

    /* U+006D "m" */
    0x3f, 0xf7, 0xae, 0xf8, 0x3b, 0xfe, 0x60, 0x3f,
    0xff, 0xff, 0xff, 0xff, 0xff, 0xf2, 0x3f, 0xfa,
    0x13, 0xff, 0xb0, 0x6f, 0xf5, 0x3f, 0xf5, 0x0,
    0xff, 0x90, 0x2f, 0xf6, 0x3f, 0xf5, 0x0, 0xff,
    0x90, 0x2f, 0xf6, 0x3f, 0xf5, 0x0, 0xff, 0x90,
    0x2f, 0xf6, 0x3f, 0xf5, 0x0, 0xff, 0x90, 0x2f,
    0xf6, 0x3f, 0xf5, 0x0, 0xff, 0x90, 0x2f, 0xf6,
    0x3f, 0xf5, 0x0, 0xff, 0x90, 0x2f, 0xf6,

    /* U+006E "n" */
    0x3f, 0xf6, 0x9e, 0xfa, 0x13, 0xff, 0xff, 0xff,
    0xf9, 0x3f, 0xfb, 0x21, 0xdf, 0xd3, 0xff, 0x50,
    0xa, 0xfe, 0x3f, 0xf5, 0x0, 0xaf, 0xe3, 0xff,
    0x50, 0xa, 0xfe, 0x3f, 0xf5, 0x0, 0xaf, 0xe3,
    0xff, 0x50, 0xa, 0xfe, 0x3f, 0xf5, 0x0, 0xaf,
    0xe0,

    /* U+006F "o" */
    0x0, 0x6c, 0xff, 0xc6, 0x0, 0x9, 0xff, 0xff,
    0xff, 0x90, 0x2f, 0xfa, 0x0, 0xaf, 0xf3, 0x6f,
    0xf2, 0x0, 0x1f, 0xf7, 0x7f, 0xf0, 0x0, 0xf,
    0xf8, 0x6f, 0xf3, 0x0, 0x2f, 0xf6, 0x1f, 0xfb,
    0x0, 0xbf, 0xf1, 0x7, 0xff, 0xff, 0xff, 0x70,
    0x0, 0x5c, 0xff, 0xc5, 0x0,

    /* U+0070 "p" */
    0x3f, 0xf9, 0xbf, 0xe9, 0x0, 0x3f, 0xff, 0xdc,
    0xff, 0xc0, 0x3f, 0xf9, 0x0, 0x6f, 0xf5, 0x3f,
    0xf5, 0x0, 0xd, 0xf9, 0x3f, 0xf5, 0x0, 0xb,
    0xfb, 0x3f, 0xf5, 0x0, 0xe, 0xfa, 0x3f, 0xfb,
    0x0, 0x9f, 0xf5, 0x3f, 0xff, 0xff, 0xff, 0xc0,
    0x3f, 0xf9, 0xbf, 0xe9, 0x0, 0x3f, 0xf5, 0x0,
    0x0, 0x0, 0x3f, 0xf4, 0x0, 0x0, 0x0, 0x4f,
    0xf3, 0x0, 0x0, 0x0, 0x6f, 0xf2, 0x0, 0x0,
    0x0,

    /* U+0071 "q" */
    0x0, 0x7d, 0xfc, 0x5f, 0xf6, 0x9, 0xff, 0xff,
    0xff, 0xf6, 0x2f, 0xfb, 0x0, 0x8f, 0xf6, 0x6f,
    0xf1, 0x0, 0x2f, 0xf6, 0x7f, 0xf0, 0x0, 0x2f,
    0xf6, 0x6f, 0xf1, 0x0, 0x2f, 0xf6, 0x2f, 0xfb,
    0x0, 0x8f, 0xf6, 0x9, 0xff, 0xff, 0xff, 0xf6,
    0x0, 0x7d, 0xfd, 0x7f, 0xf6, 0x0, 0x0, 0x0,
    0x2f, 0xf6, 0x0, 0x0, 0x0, 0x1f, 0xf7, 0x0,
    0x0, 0x0, 0xf, 0xf7, 0x0, 0x0, 0x0, 0xe,
    0xf9,

    /* U+0072 "r" */
    0x3f, 0xf8, 0xbf, 0x33, 0xff, 0xff, 0xf4, 0x3f,
    0xfb, 0x20, 0x3, 0xff, 0x50, 0x0, 0x3f, 0xf5,
    0x0, 0x3, 0xff, 0x50, 0x0, 0x3f, 0xf5, 0x0,
    0x3, 0xff, 0x50, 0x0, 0x3f, 0xf5, 0x0, 0x0,

    /* U+0073 "s" */
    0x4, 0xcf, 0xfd, 0x60, 0x2f, 0xff, 0xff, 0xa0,
    0x6f, 0xf3, 0x2, 0x40, 0x3f, 0xfd, 0x60, 0x0,
    0x5, 0xef, 0xff, 0x60, 0x0, 0x3, 0xbf, 0xf2,
    0x69, 0x31, 0x6f, 0xf3, 0x7f, 0xff, 0xff, 0xe0,
    0x29, 0xde, 0xfc, 0x30,

    /* U+0074 "t" */
    0x8, 0xfe, 0x0, 0x8, 0xfe, 0x0, 0xcf, 0xff,
    0xf8, 0xcf, 0xff, 0xf8, 0x8, 0xfe, 0x0, 0x8,
    0xfe, 0x0, 0x8, 0xfe, 0x0, 0x8, 0xfe, 0x0,
    0x8, 0xff, 0x10, 0x6, 0xff, 0xf7, 0x0, 0xbf,
    0xf7,

    /* U+0075 "u" */
    0x3f, 0xf5, 0x0, 0xaf, 0xe0, 0x3f, 0xf5, 0x0,
    0xaf, 0xe0, 0x3f, 0xf5, 0x0, 0xaf, 0xe0, 0x3f,
    0xf5, 0x0, 0xaf, 0xe0, 0x3f, 0xf5, 0x0, 0xaf,
    0xe0, 0x3f, 0xf5, 0x0, 0xaf, 0xe0, 0x2f, 0xf9,
    0x5, 0xef, 0xe0, 0xe, 0xff, 0xff, 0xff, 0xe0,
    0x3, 0xcf, 0xd6, 0x4f, 0xf1,

    /* U+0076 "v" */
    0xcf, 0xc0, 0x0, 0x4f, 0xf5, 0x7f, 0xf1, 0x0,
    0x8f, 0xf0, 0x2f, 0xf5, 0x0, 0xdf, 0xb0, 0xd,
    0xfa, 0x1, 0xff, 0x60, 0x8, 0xfe, 0x6, 0xff,
    0x10, 0x4, 0xff, 0x3a, 0xfc, 0x0, 0x0, 0xef,
    0x8e, 0xf7, 0x0, 0x0, 0xaf, 0xef, 0xf3, 0x0,
    0x0, 0x5f, 0xff, 0xe0, 0x0,

    /* U+0077 "w" */
    0xaf, 0xe0, 0x3, 0xff, 0x40, 0xc, 0xfb, 0x5f,
    0xf1, 0x6, 0xff, 0x80, 0xf, 0xf6, 0x1f, 0xf5,
    0xa, 0xff, 0xb0, 0x4f, 0xf2, 0xc, 0xf9, 0xd,
    0xee, 0xf0, 0x7f, 0xd0, 0x7, 0xfd, 0x1f, 0xba,
    0xf2, 0xbf, 0x80, 0x3, 0xff, 0x5f, 0x87, 0xf6,
    0xff, 0x40, 0x0, 0xef, 0xdf, 0x54, 0xfd, 0xff,
    0x0, 0x0, 0xaf, 0xff, 0x20, 0xff, 0xfb, 0x0,
    0x0, 0x5f, 0xfe, 0x0, 0xdf, 0xf6, 0x0,

    /* U+0078 "x" */
    0x5f, 0xf3, 0x0, 0x8f, 0xe1, 0xa, 0xfd, 0x3,
    0xff, 0x50, 0x1, 0xef, 0x8d, 0xfa, 0x0, 0x0,
    0x4f, 0xff, 0xe1, 0x0, 0x0, 0xc, 0xff, 0x70,
    0x0, 0x0, 0x4f, 0xff, 0xe0, 0x0, 0x0, 0xdf,
    0xae, 0xf9, 0x0, 0x9, 0xfe, 0x14, 0xff, 0x40,
    0x4f, 0xf5, 0x0, 0xaf, 0xe1,

    /* U+0079 "y" */
    0xcf, 0xc0, 0x0, 0x7f, 0xf2, 0x6f, 0xf2, 0x0,
    0xcf, 0xd0, 0x1f, 0xf8, 0x0, 0xff, 0x90, 0xa,
    0xfd, 0x4, 0xff, 0x40, 0x4, 0xff, 0x38, 0xff,
    0x0, 0x0, 0xdf, 0x9c, 0xfb, 0x0, 0x0, 0x7f,
    0xff, 0xf6, 0x0, 0x0, 0x1f, 0xff, 0xf1, 0x0,
    0x0, 0x1, 0xaf, 0xd0, 0x0, 0x0, 0x0, 0xef,
    0x80, 0x0, 0x1, 0x4c, 0xff, 0x10, 0x0, 0x2f,
    0xff, 0xf5, 0x0, 0x0, 0x2f, 0xda, 0x30, 0x0,
    0x0,

    /* U+007A "z" */
    0x3f, 0xff, 0xff, 0xfc, 0x2f, 0xff, 0xff, 0xfb,
    0x0, 0x0, 0x8f, 0xf4, 0x0, 0x6, 0xff, 0x60,
    0x0, 0x4f, 0xf8, 0x0, 0x3, 0xff, 0x90, 0x0,
    0x2e, 0xfb, 0x0, 0x0, 0x8f, 0xff, 0xff, 0xfd,
    0x8f, 0xff, 0xff, 0xfd,

    /* U+007B "{" */
    0x0, 0x2b, 0xe3, 0x0, 0xef, 0xf4, 0x3, 0xff,
    0x40, 0x5, 0xff, 0x0, 0x5, 0xff, 0x0, 0x5,
    0xff, 0x0, 0x6, 0xff, 0x0, 0x5f, 0xf8, 0x0,
    0x7f, 0xe4, 0x0, 0x8, 0xfe, 0x0, 0x5, 0xff,
    0x0, 0x5, 0xff, 0x0, 0x5, 0xff, 0x0, 0x4,
    0xff, 0x40, 0x0, 0xef, 0xf4, 0x0, 0x3b, 0xe3,

    /* U+007C "|" */
    0x2a, 0x73, 0xfc, 0x3f, 0xc3, 0xfc, 0x3f, 0xc3,
    0xfc, 0x3f, 0xc3, 0xfc, 0x3f, 0xc3, 0xfc, 0x3f,
    0xc3, 0xfc, 0x3f, 0xc3, 0xfc, 0x3f, 0xc3, 0xfc,

    /* U+007D "}" */
    0x9d, 0x80, 0x0, 0xaf, 0xf8, 0x0, 0x1a, 0xfd,
    0x0, 0x6, 0xfe, 0x0, 0x6, 0xff, 0x0, 0x6,
    0xff, 0x0, 0x5, 0xff, 0x0, 0x1, 0xdf, 0xd0,
    0x0, 0x9f, 0xf1, 0x5, 0xff, 0x20, 0x6, 0xff,
    0x0, 0x6, 0xff, 0x0, 0x6, 0xfe, 0x0, 0x1a,
    0xfd, 0x0, 0xaf, 0xf8, 0x0, 0x9d, 0x80, 0x0,

    /* U+007E "~" */
    0x0, 0x10, 0x0, 0x0, 0x5, 0xef, 0xfc, 0x52,
    0x47, 0x8f, 0xff, 0xff, 0xff, 0xc4, 0x30, 0x28,
    0xdf, 0xd7,

    /* U+4E00 "一" */
    0x4, 0x44, 0x44, 0x44, 0x44, 0x44, 0x44, 0x40,
    0x3f, 0xff, 0xff, 0xff, 0xff, 0xff, 0xff, 0xf3,
    0x3f, 0xff, 0xff, 0xff, 0xff, 0xff, 0xff, 0xf3,

    /* U+4E0B "下" */
    0x2f, 0xff, 0xff, 0xff, 0xff, 0xff, 0xff, 0xf9,
    0x2f, 0xff, 0xff, 0xff, 0xff, 0xff, 0xff, 0xf9,
    0x3, 0x33, 0x33, 0xdf, 0x83, 0x33, 0x33, 0x31,
    0x0, 0x0, 0x0, 0xcf, 0x60, 0x0, 0x0, 0x0,
    0x0, 0x0, 0x0, 0xcf, 0x63, 0xcb, 0x0, 0x0,
    0x0, 0x0, 0x0, 0xcf, 0x60, 0xef, 0x50, 0x0,
    0x0, 0x0, 0x0, 0xcf, 0x60, 0x8f, 0xb0, 0x0,
    0x0, 0x0, 0x0, 0xcf, 0x60, 0x1f, 0xf2, 0x0,
    0x0, 0x0, 0x0, 0xcf, 0x60, 0xa, 0xf9, 0x0,
    0x0, 0x0, 0x0, 0xcf, 0x60, 0x4, 0xff, 0x10,
    0x0, 0x0, 0x0, 0xcf, 0x60, 0x0, 0xdf, 0x70,
    0x0, 0x0, 0x0, 0xcf, 0x60, 0x0, 0x1, 0x0,
    0x0, 0x0, 0x0, 0xcf, 0x60, 0x0, 0x0, 0x0,
    0x0, 0x0, 0x0, 0xcf, 0x60, 0x0, 0x0, 0x0,
    0x0, 0x0, 0x0, 0xcf, 0x60, 0x0, 0x0, 0x0,

    /* U+4E2D "中" */
    0x0, 0x0, 0x2, 0xff, 0x0, 0x0, 0x0, 0x11,
    0x11, 0x13, 0xff, 0x11, 0x11, 0x11, 0xef, 0xff,
    0xff, 0xff, 0xff, 0xff, 0xfb, 0xef, 0xff, 0xff,
    0xff, 0xff, 0xff, 0xfb, 0xef, 0x20, 0x2, 0xff,
    0x0, 0x5, 0xfb, 0xef, 0x20, 0x2, 0xff, 0x0,
    0x5, 0xfb, 0xef, 0x20, 0x2, 0xff, 0x0, 0x5,
    0xfb, 0xef, 0x20, 0x2, 0xff, 0x0, 0x5, 0xfb,
    0xef, 0x31, 0x13, 0xff, 0x11, 0x16, 0xfb, 0xef,
    0xff, 0xff, 0xff, 0xff, 0xff, 0xfb, 0xef, 0xff,
    0xff, 0xff, 0xff, 0xff, 0xfa, 0x0, 0x0, 0x2,
    0xff, 0x0, 0x0, 0x0, 0x0, 0x0, 0x2, 0xff,
    0x0, 0x0, 0x0, 0x0, 0x0, 0x2, 0xff, 0x0,
    0x0, 0x0, 0x0, 0x0, 0x2, 0xff, 0x0, 0x0,
    0x0,

    /* U+4E50 "乐" */
    0x0, 0x0, 0x0, 0x0, 0x0, 0x1, 0x12, 0x10,
    0x0, 0xcd, 0xdd, 0xde, 0xef, 0xff, 0xff, 0x50,
    0x2, 0xff, 0xff, 0xff, 0xff, 0xfe, 0xdc, 0x30,
    0x4, 0xfd, 0x22, 0x11, 0x10, 0x0, 0x0, 0x0,
    0x6, 0xfa, 0x0, 0x1, 0x20, 0x0, 0x0, 0x0,
    0x8, 0xf8, 0x0, 0xd, 0xf4, 0x0, 0x0, 0x0,
    0xa, 0xf7, 0x11, 0x1d, 0xf5, 0x11, 0x11, 0x10,
    0xc, 0xff, 0xff, 0xff, 0xff, 0xff, 0xff, 0xf0,
    0xb, 0xdd, 0xdd, 0xdf, 0xfd, 0xdd, 0xdd, 0xc0,
    0x0, 0x35, 0x20, 0xd, 0xf4, 0x4, 0x50, 0x0,
    0x0, 0xdf, 0x60, 0xd, 0xf4, 0xd, 0xf6, 0x0,
    0x3, 0xff, 0x10, 0xd, 0xf4, 0x8, 0xfc, 0x0,
    0x8, 0xfb, 0x0, 0xd, 0xf4, 0x3, 0xff, 0x20,
    0xf, 0xf5, 0x0, 0xd, 0xf4, 0x0, 0xcf, 0x80,
    0x7f, 0xe0, 0x5, 0xff, 0xf4, 0x0, 0x6f, 0xf0,
    0x1, 0x0, 0x5, 0xff, 0xf4, 0x0, 0x1, 0x10,

    /* U+4EF6 "件" */
    0x0, 0xf, 0xf1, 0xfe, 0xe, 0xf2, 0x0, 0x0,
    0x0, 0x3f, 0xd3, 0xfc, 0xe, 0xf2, 0x0, 0x0,
    0x0, 0x9f, 0xa5, 0xfc, 0x5f, 0xf6, 0x55, 0x30,
    0x0, 0xef, 0x58, 0xff, 0xff, 0xff, 0xff, 0xc0,
    0x8, 0xff, 0xc, 0xfc, 0xcf, 0xfc, 0xcc, 0x90,
    0x2f, 0xff, 0x1f, 0xf0, 0xe, 0xf2, 0x0, 0x0,
    0x5f, 0xff, 0x3b, 0x80, 0xe, 0xf2, 0x0, 0x0,
    0x5e, 0xff, 0x0, 0x0, 0xe, 0xf2, 0x0, 0x0,
    0x43, 0xff, 0x12, 0x22, 0x2e, 0xf4, 0x22, 0x20,
    0x0, 0xff, 0x5f, 0xff, 0xff, 0xff, 0xff, 0xf2,
    0x0, 0xff, 0x5f, 0xff, 0xff, 0xff, 0xff, 0xf2,
    0x0, 0xff, 0x0, 0x0, 0xe, 0xf2, 0x0, 0x0,
    0x0, 0xff, 0x0, 0x0, 0xe, 0xf2, 0x0, 0x0,
    0x0, 0xff, 0x0, 0x0, 0xe, 0xf2, 0x0, 0x0,
    0x0, 0xff, 0x0, 0x0, 0xe, 0xf2, 0x0, 0x0,

    /* U+4FDD "保" */
    0x0, 0x2, 0x20, 0x0, 0x0, 0x0, 0x0, 0x0,
    0x0, 0xf, 0xf5, 0xff, 0xff, 0xff, 0xff, 0x30,
    0x0, 0x4f, 0xf2, 0xff, 0xee, 0xee, 0xff, 0x30,
    0x0, 0xaf, 0xa2, 0xfe, 0x0, 0x0, 0xef, 0x30,
    0x2, 0xff, 0x42, 0xfe, 0x0, 0x0, 0xef, 0x30,
    0xb, 0xff, 0x12, 0xff, 0xdd, 0xdd, 0xff, 0x30,
    0x5f, 0xff, 0x12, 0xff, 0xff, 0xff, 0xff, 0x30,
    0x6f, 0xff, 0x10, 0x0, 0xe, 0xf2, 0x0, 0x0,
    0x6e, 0xff, 0x12, 0x22, 0x2e, 0xf3, 0x22, 0x20,
    0x52, 0xff, 0x1f, 0xff, 0xff, 0xff, 0xff, 0xf0,
    0x0, 0xff, 0x1d, 0xef, 0xff, 0xfe, 0xfe, 0xe0,
    0x0, 0xff, 0x10, 0x7f, 0x6e, 0xf5, 0xf9, 0x0,
    0x0, 0xff, 0x10, 0xbf, 0x2e, 0xf1, 0xfd, 0x0,
    0x0, 0xff, 0x11, 0xfe, 0xe, 0xf1, 0xcf, 0x20,
    0x0, 0xff, 0x18, 0xf8, 0xe, 0xf1, 0x6f, 0x90,
    0x0, 0xff, 0x2e, 0xf3, 0xe, 0xf1, 0x1f, 0xf1,
    0x0, 0x0, 0x0, 0x0, 0x0, 0x0, 0x0, 0x0,

    /* U+50CF "像" */
    0x0, 0xf, 0xf0, 0x2f, 0xff, 0xff, 0xfa, 0x0,
    0x0, 0x5f, 0xc4, 0xef, 0x99, 0xaf, 0xf4, 0x0,
    0x0, 0xaf, 0x8f, 0xfd, 0x44, 0x9f, 0xe4, 0x40,
    0x1, 0xff, 0x4e, 0xff, 0xff, 0xff, 0xff, 0xf0,
    0x9, 0xff, 0x13, 0xfc, 0x1d, 0xf2, 0x1f, 0xf0,
    0x2f, 0xff, 0x13, 0xfe, 0x8e, 0xf9, 0x8f, 0xf0,
    0x5f, 0xff, 0x12, 0xee, 0xff, 0xfe, 0xee, 0xe0,
    0x5d, 0xff, 0x10, 0x6, 0xdf, 0xc0, 0xb, 0xb0,
    0x32, 0xef, 0x18, 0xff, 0xcf, 0xf1, 0x6f, 0x90,
    0x0, 0xef, 0x19, 0x94, 0x6f, 0xf5, 0xcf, 0x20,
    0x0, 0xef, 0x11, 0x6d, 0xff, 0xf9, 0x66, 0x0,
    0x0, 0xef, 0x1f, 0xfe, 0x89, 0xfa, 0xcf, 0x60,
    0x0, 0xef, 0x17, 0x45, 0xbf, 0xfc, 0x5f, 0xb0,
    0x0, 0xef, 0x4a, 0xef, 0xfb, 0xfd, 0x1f, 0xf0,
    0x0, 0xef, 0x7f, 0xc8, 0x13, 0xfd, 0xd, 0xf2,
    0x0, 0x0, 0x0, 0x0, 0x0, 0x0, 0x0, 0x0,

    /* U+5149 "光" */
    0x0, 0xef, 0x40, 0xd, 0xf4, 0x0, 0xdf, 0x50,
    0x0, 0x9f, 0x90, 0xd, 0xf4, 0x2, 0xff, 0x0,
    0x0, 0x5f, 0xd0, 0xd, 0xf4, 0x6, 0xfc, 0x0,
    0x0, 0x1f, 0xf1, 0xd, 0xf4, 0xb, 0xf7, 0x0,
    0x0, 0x0, 0x10, 0xd, 0xf4, 0x0, 0x10, 0x0,
    0x1c, 0xcc, 0xcc, 0xcf, 0xfd, 0xcc, 0xcc, 0xc7,
    0x2f, 0xff, 0xff, 0xff, 0xff, 0xff, 0xff, 0xf9,
    0x4, 0x44, 0x4f, 0xf6, 0x49, 0xfc, 0x44, 0x42,
    0x0, 0x0, 0x1f, 0xf0, 0x6, 0xfa, 0x0, 0x0,
    0x0, 0x0, 0x8f, 0xc0, 0x6, 0xfa, 0x0, 0x0,
    0x0, 0x4, 0xff, 0x50, 0x6, 0xfa, 0x0, 0x0,
    0x1, 0x8f, 0xfb, 0x0, 0x6, 0xfa, 0x11, 0x10,
    0xf, 0xff, 0xa0, 0x0, 0x6, 0xff, 0xff, 0xf9,
    0xf, 0xd5, 0x0, 0x0, 0x6, 0xff, 0xff, 0xf9,
    0x3, 0x0, 0x0, 0x0, 0x0, 0x0, 0x0, 0x0,

    /* U+5173 "关" */
    0x0, 0xb, 0xf8, 0x0, 0x0, 0x3f, 0xf0, 0x0,
    0x1, 0x16, 0xfe, 0x11, 0x11, 0xaf, 0xa1, 0x10,
    0xa, 0xff, 0xff, 0xff, 0xff, 0xff, 0xff, 0xf0,
    0xa, 0xff, 0xff, 0xff, 0xff, 0xff, 0xff, 0xe0,
    0x0, 0x0, 0x0, 0xe, 0xf3, 0x0, 0x0, 0x0,
    0x0, 0x0, 0x0, 0xe, 0xf3, 0x0, 0x0, 0x0,
    0x4, 0x44, 0x44, 0x4e, 0xf6, 0x44, 0x44, 0x42,
    0x2f, 0xff, 0xff, 0xff, 0xff, 0xff, 0xff, 0xf7,
    0x2c, 0xcc, 0xcc, 0xef, 0xff, 0xcc, 0xcc, 0xc5,
    0x0, 0x0, 0x2, 0xff, 0xff, 0x50, 0x0, 0x0,
    0x0, 0x0, 0x1d, 0xfc, 0x8f, 0xf3, 0x0, 0x0,
    0x0, 0x5, 0xef, 0xe2, 0xc, 0xff, 0x80, 0x0,
    0x7, 0xdf, 0xfd, 0x20, 0x0, 0xbf, 0xfe, 0x91,
    0x1f, 0xff, 0x91, 0x0, 0x0, 0x6, 0xef, 0xf5,
    0x1c, 0x71, 0x0, 0x0, 0x0, 0x0, 0x5, 0xb5,

    /* U+51FA "出" */
    0x6f, 0xa0, 0x1, 0xff, 0x0, 0xe, 0xf2, 0x6f,
    0xa0, 0x1, 0xff, 0x0, 0xe, 0xf2, 0x6f, 0xa0,
    0x1, 0xff, 0x0, 0xe, 0xf2, 0x6f, 0xa0, 0x1,
    0xff, 0x0, 0xe, 0xf2, 0x6f, 0xb1, 0x13, 0xff,
    0x11, 0x1e, 0xf2, 0x6f, 0xff, 0xff, 0xff, 0xff,
    0xff, 0xf2, 0x6f, 0xff, 0xff, 0xff, 0xff, 0xff,
    0xf2, 0x56, 0x0, 0x1, 0xff, 0x0, 0x2, 0x63,
    0xef, 0x20, 0x1, 0xff, 0x0, 0x6, 0xfa, 0xef,
    0x20, 0x1, 0xff, 0x0, 0x6, 0xfa, 0xef, 0x20,
    0x1, 0xff, 0x0, 0x6, 0xfa, 0xef, 0x31, 0x12,
    0xff, 0x11, 0x17, 0xfa, 0xef, 0xff, 0xff, 0xff,
    0xff, 0xff, 0xfa, 0xef, 0xff, 0xff, 0xff, 0xff,
    0xff, 0xfa,

    /* U+52A8 "动" */
    0x0, 0x0, 0x0, 0x0, 0xe, 0xf2, 0x0, 0x0,
    0xdf, 0xff, 0xfd, 0x0, 0xef, 0x20, 0x0, 0xe,
    0xff, 0xff, 0xd2, 0x5f, 0xf7, 0x55, 0x50, 0x0,
    0x0, 0x0, 0x6f, 0xff, 0xff, 0xfe, 0x1, 0x11,
    0x11, 0x15, 0xdf, 0xfd, 0xdf, 0xe2, 0xff, 0xff,
    0xff, 0x20, 0xef, 0x22, 0xfe, 0x2f, 0xff, 0xff,
    0xf2, 0xf, 0xf1, 0x2f, 0xe0, 0xd, 0xf3, 0x0,
    0x0, 0xff, 0x2, 0xfe, 0x1, 0xff, 0x0, 0x0,
    0x2f, 0xf0, 0x2f, 0xe0, 0x4f, 0xc2, 0xda, 0x5,
    0xfd, 0x2, 0xfe, 0x8, 0xf8, 0x1f, 0xd0, 0x9f,
    0xa0, 0x2f, 0xe0, 0xcf, 0x62, 0xfe, 0xe, 0xf5,
    0x2, 0xfe, 0x2f, 0xff, 0xff, 0xf5, 0xff, 0x10,
    0x2f, 0xe2, 0xee, 0xee, 0xee, 0xdf, 0xa0, 0x8f,
    0xfe, 0x0, 0x0, 0x0, 0x5f, 0xf3, 0x8, 0xff,
    0xe0,

    /* U+5316 "化" */
    0x0, 0xe, 0xf6, 0x5, 0xfc, 0x0, 0x0, 0x0,
    0x0, 0x3f, 0xf2, 0x5, 0xfc, 0x0, 0x0, 0x0,
    0x0, 0xaf, 0xc0, 0x5, 0xfc, 0x0, 0x6, 0xc0,
    0x2, 0xff, 0x50, 0x5, 0xfc, 0x4, 0xdf, 0xd0,
    0xc, 0xff, 0x20, 0x5, 0xfd, 0xbf, 0xff, 0x70,
    0x5f, 0xff, 0x20, 0x6, 0xff, 0xff, 0xa1, 0x0,
    0x5f, 0xff, 0x25, 0xcf, 0xff, 0xb3, 0x0, 0x0,
    0x59, 0xff, 0x5f, 0xff, 0xfc, 0x0, 0x0, 0x0,
    0x10, 0xff, 0x5f, 0x97, 0xfc, 0x0, 0x0, 0x0,
    0x0, 0xff, 0x20, 0x5, 0xfc, 0x0, 0x0, 0x0,
    0x0, 0xff, 0x20, 0x5, 0xfc, 0x0, 0x0, 0x0,
    0x0, 0xff, 0x20, 0x5, 0xfd, 0x22, 0x22, 0x21,
    0x0, 0xff, 0x20, 0x5, 0xff, 0xff, 0xff, 0xf8,
    0x0, 0xff, 0x20, 0x5, 0xff, 0xff, 0xff, 0xf8,
    0x0, 0xff, 0x20, 0x0, 0x0, 0x0, 0x0, 0x0,

    /* U+5370 "印" */
    0x0, 0x1, 0x35, 0x30, 0x0, 0x0, 0x0, 0xdf,
    0xff, 0xff, 0x7e, 0xff, 0xff, 0xfe, 0xef, 0xff,
    0xeb, 0x4e, 0xff, 0xff, 0xfe, 0xef, 0x30, 0x0,
    0xe, 0xf2, 0x12, 0xfe, 0xef, 0x20, 0x0, 0xe,
    0xf1, 0x1, 0xfe, 0xef, 0x20, 0x0, 0xe, 0xf1,
    0x1, 0xfe, 0xef, 0x20, 0x0, 0xe, 0xf1, 0x1,
    0xfe, 0xef, 0xff, 0xfa, 0xe, 0xf1, 0x1, 0xfe,
    0xef, 0xff, 0xfb, 0xe, 0xf1, 0x1, 0xfe, 0xef,
    0x31, 0x11, 0xe, 0xf1, 0x1, 0xfe, 0xef, 0x20,
    0x0, 0xe, 0xf1, 0x1, 0xfe, 0xef, 0x20, 0x0,
    0xe, 0xf1, 0x1, 0xfe, 0xef, 0x32, 0x22, 0xe,
    0xf1, 0x8a, 0xfe, 0xef, 0xff, 0xff, 0x4e, 0xf1,
    0xdf, 0xfe, 0xef, 0xff, 0xff, 0x4e, 0xf1, 0x56,
    0x66, 0x0, 0x0, 0x0, 0xe, 0xf1, 0x0, 0x0,

    /* U+5382 "厂" */
    0x0, 0x22, 0x22, 0x22, 0x22, 0x22, 0x22, 0x20,
    0x0, 0xef, 0xff, 0xff, 0xff, 0xff, 0xff, 0xf1,
    0x0, 0xef, 0xff, 0xff, 0xff, 0xff, 0xff, 0xf1,
    0x0, 0xef, 0x40, 0x0, 0x0, 0x0, 0x0, 0x0,
    0x0, 0xef, 0x40, 0x0, 0x0, 0x0, 0x0, 0x0,
    0x0, 0xef, 0x40, 0x0, 0x0, 0x0, 0x0, 0x0,
    0x0, 0xef, 0x40, 0x0, 0x0, 0x0, 0x0, 0x0,
    0x0, 0xff, 0x40, 0x0, 0x0, 0x0, 0x0, 0x0,
    0x0, 0xff, 0x30, 0x0, 0x0, 0x0, 0x0, 0x0,
    0x1, 0xff, 0x20, 0x0, 0x0, 0x0, 0x0, 0x0,
    0x3, 0xff, 0x0, 0x0, 0x0, 0x0, 0x0, 0x0,
    0x6, 0xfe, 0x0, 0x0, 0x0, 0x0, 0x0, 0x0,
    0xa, 0xfa, 0x0, 0x0, 0x0, 0x0, 0x0, 0x0,
    0xf, 0xf6, 0x0, 0x0, 0x0, 0x0, 0x0, 0x0,
    0x6f, 0xf1, 0x0, 0x0, 0x0, 0x0, 0x0, 0x0,

    /* U+5426 "否" */
    0xe, 0xff, 0xff, 0xff, 0xff, 0xff, 0xff, 0xd0,
    0xe, 0xff, 0xff, 0xff, 0xff, 0xff, 0xff, 0xd0,
    0x0, 0x0, 0x8, 0xff, 0x70, 0x0, 0x0, 0x0,
    0x0, 0x0, 0x7f, 0xff, 0xf2, 0x60, 0x0, 0x0,
    0x0, 0x1a, 0xff, 0x9f, 0xf3, 0xff, 0x93, 0x0,
    0x18, 0xff, 0xf7, 0xf, 0xf1, 0xcf, 0xff, 0xd3,
    0x5f, 0xfd, 0x40, 0xf, 0xf0, 0x2, 0x8e, 0xf5,
    0x5d, 0x60, 0x0, 0xb, 0xa0, 0x0, 0x0, 0x43,
    0x0, 0xdf, 0xff, 0xff, 0xff, 0xff, 0xfc, 0x0,
    0x0, 0xef, 0xff, 0xff, 0xff, 0xff, 0xfd, 0x0,
    0x0, 0xef, 0x30, 0x0, 0x0, 0x5, 0xfd, 0x0,
    0x0, 0xef, 0x30, 0x0, 0x0, 0x4, 0xfd, 0x0,
    0x0, 0xef, 0xff, 0xff, 0xff, 0xff, 0xfd, 0x0,
    0x0, 0xef, 0xff, 0xff, 0xff, 0xff, 0xfd, 0x0,

    /* U+542F "启" */
    0x0, 0x11, 0x11, 0x1e, 0xf4, 0x11, 0x11, 0x10,
    0x3, 0xff, 0xff, 0xff, 0xff, 0xff, 0xff, 0xd0,
    0x3, 0xff, 0xff, 0xff, 0xff, 0xff, 0xff, 0xd0,
    0x3, 0xfe, 0x0, 0x0, 0x0, 0x0, 0x4f, 0xd0,
    0x3, 0xfe, 0x22, 0x22, 0x22, 0x22, 0x6f, 0xd0,
    0x3, 0xff, 0xff, 0xff, 0xff, 0xff, 0xff, 0xd0,
    0x3, 0xff, 0xdd, 0xdd, 0xdd, 0xdd, 0xdd, 0xa0,
    0x3, 0xfe, 0x0, 0x0, 0x0, 0x0, 0x0, 0x0,
    0x3, 0xfe, 0x6f, 0xff, 0xff, 0xff, 0xff, 0xf2,
    0x4, 0xfd, 0x6f, 0xff, 0xff, 0xff, 0xff, 0xf2,
    0x5, 0xfc, 0x6f, 0x90, 0x0, 0x0, 0xe, 0xf2,
    0x7, 0xfa, 0x6f, 0x90, 0x0, 0x0, 0xe, 0xf2,
    0xa, 0xf7, 0x6f, 0xa2, 0x22, 0x22, 0x2e, 0xf2,
    0xe, 0xf4, 0x6f, 0xff, 0xff, 0xff, 0xff, 0xf2,
    0x3f, 0xf1, 0x5e, 0xee, 0xee, 0xee, 0xee, 0xe2,

    /* U+56DE "回" */
    0xdf, 0xff, 0xff, 0xff, 0xff, 0xff, 0xf3, 0xdf,
    0xff, 0xff, 0xff, 0xff, 0xff, 0xf3, 0xdf, 0x41,
    0x11, 0x11, 0x11, 0x1e, 0xf3, 0xdf, 0x30, 0x11,
    0x11, 0x11, 0xe, 0xf3, 0xdf, 0x34, 0xff, 0xff,
    0xff, 0x1e, 0xf3, 0xdf, 0x34, 0xff, 0xff, 0xff,
    0x1e, 0xf3, 0xdf, 0x34, 0xfc, 0x0, 0xff, 0x1e,
    0xf3, 0xdf, 0x34, 0xfc, 0x0, 0xff, 0x1e, 0xf3,
    0xdf, 0x34, 0xfc, 0x11, 0xff, 0x1e, 0xf3, 0xdf,
    0x34, 0xff, 0xff, 0xff, 0x1e, 0xf3, 0xdf, 0x34,
    0xff, 0xff, 0xff, 0xe, 0xf3, 0xdf, 0x40, 0x0,
    0x0, 0x0, 0xe, 0xf3, 0xdf, 0xff, 0xff, 0xff,
    0xff, 0xff, 0xf3, 0xdf, 0xff, 0xff, 0xff, 0xff,
    0xff, 0xf3,

    /* U+56FA "固" */
    0xef, 0xff, 0xff, 0xff, 0xff, 0xff, 0xfc, 0xef,
    0xff, 0xff, 0xff, 0xff, 0xff, 0xfc, 0xef, 0x20,
    0x0, 0x54, 0x0, 0x4, 0xfc, 0xef, 0x20, 0x0,
    0xfd, 0x0, 0x4, 0xfc, 0xef, 0x5f, 0xff, 0xff,
    0xff, 0xf5, 0xfc, 0xef, 0x4d, 0xdd, 0xff, 0xdd,
    0xd4, 0xfc, 0xef, 0x20, 0x0, 0xfd, 0x0, 0x4,
    0xfc, 0xef, 0x22, 0xff, 0xff, 0xff, 0x4, 0xfc,
    0xef, 0x22, 0xfe, 0xaa, 0xff, 0x4, 0xfc, 0xef,
    0x22, 0xfc, 0x0, 0xef, 0x4, 0xfc, 0xef, 0x22,
    0xff, 0xff, 0xff, 0x4, 0xfc, 0xef, 0x22, 0xaa,
    0xaa, 0xaa, 0x4, 0xfc, 0xef, 0xff, 0xff, 0xff,
    0xff, 0xff, 0xfc, 0xef, 0xff, 0xff, 0xff, 0xff,
    0xff, 0xfc,

    /* U+56FE "图" */
    0xef, 0xff, 0xff, 0xff, 0xff, 0xff, 0xfd, 0xef,
    0xff, 0xff, 0xff, 0xff, 0xff, 0xfd, 0xef, 0x10,
    0x0, 0x0, 0x0, 0x3, 0xfd, 0xef, 0x14, 0xff,
    0xff, 0xff, 0x83, 0xfd, 0xef, 0x6f, 0xff, 0xab,
    0xff, 0x13, 0xfd, 0xef, 0x8b, 0xbf, 0xbd, 0xf6,
    0x3, 0xfd, 0xef, 0x10, 0x6f, 0xff, 0xd4, 0x3,
    0xfd, 0xef, 0x9f, 0xff, 0x9b, 0xff, 0xf6, 0xfd,
    0xef, 0x9a, 0x8f, 0xdb, 0xb8, 0xb6, 0xfd, 0xef,
    0x14, 0x59, 0x9a, 0xc2, 0x3, 0xfd, 0xef, 0x1b,
    0xff, 0xfe, 0xca, 0x33, 0xfd, 0xef, 0x10, 0x24,
    0x79, 0xbd, 0x63, 0xfd, 0xef, 0xff, 0xff, 0xff,
    0xff, 0xff, 0xfd, 0xef, 0xff, 0xff, 0xff, 0xff,
    0xff, 0xfd,

    /* U+58F0 "声" */
    0x2f, 0xff, 0xff, 0xff, 0xff, 0xff, 0xff, 0xf9,
    0x2e, 0xee, 0xee, 0xef, 0xfe, 0xee, 0xee, 0xe8,
    0x0, 0x22, 0x22, 0x2e, 0xf6, 0x22, 0x22, 0x20,
    0x5, 0xff, 0xff, 0xff, 0xff, 0xff, 0xff, 0xc0,
    0x5, 0xff, 0xff, 0xff, 0xff, 0xff, 0xff, 0xc0,
    0x0, 0x11, 0x11, 0x11, 0x11, 0x11, 0x11, 0x10,
    0x0, 0xef, 0xff, 0xff, 0xff, 0xff, 0xff, 0xe0,
    0x0, 0xef, 0xee, 0xef, 0xff, 0xee, 0xef, 0xe0,
    0x0, 0xef, 0x20, 0x7, 0xfa, 0x0, 0x3f, 0xe0,
    0x0, 0xff, 0xff, 0xff, 0xff, 0xff, 0xff, 0xe0,
    0x1, 0xff, 0xee, 0xee, 0xee, 0xee, 0xee, 0xc0,
    0x3, 0xfd, 0x0, 0x0, 0x0, 0x0, 0x0, 0x0,
    0x7, 0xfa, 0x0, 0x0, 0x0, 0x0, 0x0, 0x0,
    0xb, 0xf7, 0x0, 0x0, 0x0, 0x0, 0x0, 0x0,
    0x1f, 0xf2, 0x0, 0x0, 0x0, 0x0, 0x0, 0x0,

    /* U+5907 "备" */
    0x0, 0x6, 0xff, 0xff, 0xff, 0xff, 0xf8, 0x0,
    0x1, 0x8f, 0xff, 0xee, 0xee, 0xff, 0xe0, 0x0,
    0x8, 0xff, 0xff, 0xa0, 0x1b, 0xff, 0x40, 0x0,
    0x8, 0xd6, 0x6f, 0xfd, 0xdf, 0xf6, 0x0, 0x0,
    0x0, 0x0, 0x9, 0xff, 0xff, 0xa0, 0x0, 0x0,
    0x4, 0x7b, 0xff, 0xff, 0xff, 0xff, 0xb7, 0x40,
    0x3f, 0xff, 0xfe, 0x92, 0x28, 0xef, 0xff, 0xf3,
    0x2e, 0xff, 0xea, 0xaa, 0xaa, 0xae, 0xff, 0xe2,
    0x1, 0xff, 0xff, 0xff, 0xff, 0xff, 0xff, 0x10,
    0x1, 0xff, 0x22, 0x2f, 0xf2, 0x22, 0xff, 0x10,
    0x1, 0xff, 0x99, 0x9f, 0xf9, 0x99, 0xff, 0x10,
    0x1, 0xff, 0xff, 0xff, 0xff, 0xff, 0xff, 0x10,
    0x1, 0xff, 0xcc, 0xcf, 0xfc, 0xcc, 0xff, 0x10,
    0x1, 0xff, 0xff, 0xff, 0xff, 0xff, 0xff, 0x10,

    /* U+590D "复" */
    0x0, 0x2f, 0xff, 0xff, 0xff, 0xff, 0xff, 0xb0,
    0x1, 0xdf, 0xfe, 0xee, 0xee, 0xee, 0xee, 0xa0,
    0xe, 0xff, 0x77, 0x77, 0x77, 0x77, 0x75, 0x0,
    0xf, 0xff, 0xff, 0xff, 0xff, 0xff, 0xfd, 0x0,
    0x9, 0x8f, 0xb4, 0x44, 0x44, 0x47, 0xfd, 0x0,
    0x0, 0x7f, 0xff, 0xff, 0xff, 0xff, 0xfd, 0x0,
    0x0, 0x7f, 0xc6, 0x66, 0x66, 0x68, 0xfd, 0x0,
    0x0, 0x7f, 0xfe, 0xee, 0xee, 0xee, 0xfd, 0x0,
    0x0, 0x4a, 0xaa, 0xaa, 0xaa, 0xaa, 0xa8, 0x0,
    0x0, 0x8, 0xff, 0xff, 0xff, 0xff, 0xfd, 0x10,
    0x6, 0xef, 0xff, 0xd9, 0x9b, 0xff, 0xe3, 0x0,
    0xa, 0xf9, 0x8f, 0xfc, 0xaf, 0xfc, 0x20, 0x0,
    0x2, 0x35, 0x8d, 0xff, 0xff, 0xf9, 0x64, 0x20,
    0x1f, 0xff, 0xff, 0xc7, 0x6a, 0xef, 0xff, 0xf7,
    0xa, 0x85, 0x30, 0x0, 0x0, 0x2, 0x47, 0x94,

    /* U+5927 "大" */
    0x0, 0x0, 0x0, 0xf, 0xf1, 0x0, 0x0, 0x0,
    0x0, 0x0, 0x0, 0xf, 0xf1, 0x0, 0x0, 0x0,
    0x0, 0x0, 0x0, 0xf, 0xf1, 0x0, 0x0, 0x0,
    0x2, 0x22, 0x22, 0x2f, 0xf2, 0x22, 0x22, 0x20,
    0x3f, 0xff, 0xff, 0xff, 0xff, 0xff, 0xff, 0xf3,
    0x3f, 0xff, 0xff, 0xff, 0xff, 0xff, 0xff, 0xf3,
    0x0, 0x0, 0x0, 0x4f, 0xf4, 0x0, 0x0, 0x0,
    0x0, 0x0, 0x0, 0x9f, 0xfa, 0x0, 0x0, 0x0,
    0x0, 0x0, 0x2, 0xff, 0xff, 0x20, 0x0, 0x0,
    0x0, 0x0, 0xb, 0xfc, 0xcf, 0xb0, 0x0, 0x0,
    0x0, 0x0, 0x9f, 0xf3, 0x2f, 0xfa, 0x0, 0x0,
    0x0, 0x2c, 0xff, 0x60, 0x6, 0xff, 0xc2, 0x0,
    0x1a, 0xff, 0xf7, 0x0, 0x0, 0x7f, 0xff, 0xa1,
    0x3f, 0xfd, 0x30, 0x0, 0x0, 0x3, 0xcf, 0xf3,
    0x3b, 0x40, 0x0, 0x0, 0x0, 0x0, 0x4, 0xb3,

    /* U+5934 "头" */
    0x0, 0x1, 0x94, 0x0, 0xd, 0xf3, 0x0, 0x0,
    0x0, 0x1, 0xff, 0xe9, 0x2d, 0xf3, 0x0, 0x0,
    0x0, 0x0, 0x9e, 0xff, 0x7d, 0xf3, 0x0, 0x0,
    0x4, 0xa5, 0x0, 0x49, 0x5d, 0xf3, 0x0, 0x0,
    0x4, 0xff, 0xfa, 0x10, 0xd, 0xf3, 0x0, 0x0,
    0x1, 0x7d, 0xff, 0x40, 0xd, 0xf3, 0x0, 0x0,
    0x0, 0x0, 0x27, 0x20, 0xd, 0xf3, 0x0, 0x0,
    0x3, 0x33, 0x33, 0x33, 0x3e, 0xf5, 0x33, 0x30,
    0x3f, 0xff, 0xff, 0xff, 0xff, 0xff, 0xff, 0xf3,
    0x2d, 0xdd, 0xdd, 0xdd, 0xff, 0xff, 0xdd, 0xd2,
    0x0, 0x0, 0x0, 0x2a, 0xff, 0xff, 0x70, 0x0,
    0x0, 0x0, 0x5b, 0xff, 0xfc, 0x9f, 0xf7, 0x0,
    0x4, 0x9e, 0xff, 0xfc, 0x50, 0x6, 0xff, 0x20,
    0xd, 0xff, 0xfa, 0x40, 0x0, 0x0, 0x9f, 0xb0,
    0xd, 0xc7, 0x10, 0x0, 0x0, 0x0, 0x1f, 0xf1,
    0x0, 0x0, 0x0, 0x0, 0x0, 0x0, 0x0, 0x0,

    /* U+5C4F "屏" */
    0xc, 0xff, 0xff, 0xff, 0xff, 0xff, 0xff, 0x40,
    0xc, 0xfd, 0xcc, 0xcc, 0xcc, 0xcc, 0xff, 0x40,
    0xc, 0xf4, 0x0, 0x0, 0x0, 0x0, 0xdf, 0x40,
    0xc, 0xfd, 0xbb, 0xbb, 0xbb, 0xbb, 0xff, 0x40,
    0xc, 0xff, 0xff, 0xff, 0xff, 0xff, 0xff, 0x40,
    0xc, 0xf4, 0x8, 0xb3, 0x0, 0x8, 0xb3, 0x0,
    0xc, 0xf4, 0x5, 0xb7, 0x0, 0x1b, 0xb1, 0x0,
    0xc, 0xf5, 0xff, 0xff, 0xff, 0xff, 0xff, 0xa0,
    0xc, 0xf4, 0xdd, 0xff, 0xdd, 0xdf, 0xfd, 0x80,
    0xd, 0xf3, 0x2, 0xfd, 0x0, 0x1f, 0xe0, 0x0,
    0xe, 0xfb, 0xff, 0xff, 0xff, 0xff, 0xff, 0xf3,
    0xf, 0xfa, 0xef, 0xff, 0xee, 0xef, 0xfe, 0xe2,
    0x2f, 0xe0, 0xc, 0xf6, 0x0, 0x1f, 0xe0, 0x0,
    0x5f, 0xc0, 0x3f, 0xf1, 0x0, 0x1f, 0xe0, 0x0,
    0x9f, 0x80, 0xdf, 0x90, 0x0, 0x1f, 0xe0, 0x0,

    /* U+5C5E "属" */
    0xc, 0xff, 0xff, 0xff, 0xff, 0xff, 0xff, 0x10,
    0xcf, 0xba, 0xaa, 0xaa, 0xaa, 0xaf, 0xf1, 0xc,
    0xf8, 0x55, 0x55, 0x55, 0x56, 0xff, 0x10, 0xcf,
    0xff, 0xff, 0xff, 0xff, 0xff, 0xf1, 0xc, 0xfa,
    0x88, 0x88, 0x88, 0x89, 0x9a, 0x10, 0xcf, 0x6e,
    0xff, 0xff, 0xff, 0xff, 0xf7, 0xc, 0xf5, 0x89,
    0x99, 0xff, 0x97, 0x76, 0x20, 0xcf, 0x3e, 0xff,
    0xff, 0xff, 0xff, 0xf1, 0xc, 0xf3, 0xef, 0x65,
    0xff, 0x65, 0xef, 0x10, 0xcf, 0x2d, 0xff, 0xff,
    0xff, 0xff, 0xf1, 0xe, 0xf6, 0xaa, 0xaa, 0xff,
    0xaa, 0xaa, 0x90, 0xff, 0x8f, 0xee, 0xef, 0xfe,
    0xee, 0xfe, 0x2f, 0xe8, 0xf5, 0x55, 0xff, 0x69,
    0x3f, 0xe5, 0xfb, 0x8f, 0x5f, 0xff, 0xff, 0xf3,
    0xfe, 0x9f, 0x88, 0xf5, 0x11, 0x11, 0x11, 0x3f,
    0xe0,

    /* U+5E55 "幕" */
    0x2f, 0xff, 0xff, 0xff, 0xff, 0xff, 0xff, 0xc0,
    0x1b, 0xbc, 0xff, 0xbb, 0xbd, 0xfe, 0xbb, 0x90,
    0x1, 0x78, 0xff, 0x77, 0x7a, 0xfd, 0x76, 0x0,
    0x3, 0xff, 0xff, 0xff, 0xff, 0xff, 0xfd, 0x0,
    0x3, 0xfe, 0x66, 0x66, 0x66, 0x68, 0xfd, 0x0,
    0x3, 0xff, 0xff, 0xff, 0xff, 0xff, 0xfd, 0x0,
    0x3, 0xff, 0x99, 0x99, 0x99, 0x9b, 0xfd, 0x0,
    0x2, 0xaa, 0xaa, 0xbf, 0xfa, 0xaa, 0xa8, 0x0,
    0x5d, 0xdd, 0xdd, 0xdf, 0xfd, 0xdd, 0xdd, 0xd1,
    0x6f, 0xff, 0xff, 0xff, 0xff, 0xff, 0xff, 0xf1,
    0x3, 0xff, 0x20, 0x18, 0x60, 0x8, 0xfc, 0x0,
    0x7f, 0xff, 0xdd, 0xdf, 0xfd, 0xdd, 0xff, 0xe2,
    0x9b, 0x7f, 0xe9, 0xaf, 0xe9, 0x9f, 0xe6, 0xd4,
    0x0, 0x3f, 0xc0, 0x3f, 0xd0, 0x2f, 0xe0, 0x0,
    0x0, 0x0, 0x0, 0x3f, 0xd0, 0x0, 0x0, 0x0,

    /* U+5EA6 "度" */
    0xc, 0xff, 0xff, 0xff, 0xff, 0xff, 0xff, 0xf0,
    0xc, 0xff, 0xef, 0xfe, 0xee, 0xef, 0xfe, 0xe0,
    0xc, 0xf4, 0xe, 0xf1, 0x0, 0x1f, 0xe0, 0x0,
    0xc, 0xfc, 0xbf, 0xfb, 0xbb, 0xbf, 0xfb, 0xa0,
    0xc, 0xff, 0xff, 0xff, 0xff, 0xff, 0xff, 0xf0,
    0xc, 0xf5, 0xe, 0xf4, 0x33, 0x4f, 0xe0, 0x0,
    0xc, 0xf4, 0xe, 0xff, 0xff, 0xff, 0xe0, 0x0,
    0xc, 0xf4, 0xb, 0xcc, 0xcc, 0xcc, 0xb0, 0x0,
    0xc, 0xf4, 0x9b, 0xbb, 0xbb, 0xbb, 0xba, 0x0,
    0xd, 0xf3, 0x8f, 0xff, 0xff, 0xff, 0xf9, 0x0,
    0xe, 0xf2, 0xe, 0xfc, 0x12, 0xcf, 0xe1, 0x0,
    0xf, 0xf1, 0x2, 0xef, 0xff, 0xfe, 0x30, 0x0,
    0x2f, 0xe0, 0x15, 0xcf, 0xff, 0xfc, 0x62, 0x0,
    0x5f, 0xca, 0xff, 0xff, 0xbb, 0xff, 0xff, 0xd0,
    0x9f, 0x9b, 0xeb, 0x71, 0x0, 0x17, 0xbe, 0xe0,
    0x0, 0x1, 0x0, 0x0, 0x0, 0x0, 0x0, 0x10,

    /* U+5F00 "开" */
    0x1, 0xff, 0xff, 0xff, 0xff, 0xff, 0xff, 0x60,
    0x1, 0xff, 0xff, 0xff, 0xff, 0xff, 0xff, 0x60,
    0x0, 0x11, 0xcf, 0x51, 0x11, 0xcf, 0x51, 0x0,
    0x0, 0x0, 0xcf, 0x50, 0x0, 0xcf, 0x50, 0x0,
    0x0, 0x0, 0xcf, 0x50, 0x0, 0xcf, 0x50, 0x0,
    0x0, 0x0, 0xcf, 0x50, 0x0, 0xcf, 0x50, 0x0,
    0xc, 0xcc, 0xff, 0xdc, 0xcc, 0xff, 0xdc, 0xc5,
    0x1f, 0xff, 0xff, 0xff, 0xff, 0xff, 0xff, 0xf6,
    0x4, 0x44, 0xef, 0x64, 0x44, 0xdf, 0x74, 0x41,
    0x0, 0x0, 0xff, 0x20, 0x0, 0xcf, 0x50, 0x0,
    0x0, 0x3, 0xff, 0x0, 0x0, 0xcf, 0x50, 0x0,
    0x0, 0x7, 0xfc, 0x0, 0x0, 0xcf, 0x50, 0x0,
    0x0, 0xd, 0xf7, 0x0, 0x0, 0xcf, 0x50, 0x0,
    0x0, 0x5f, 0xf1, 0x0, 0x0, 0xcf, 0x50, 0x0,
    0x0, 0xef, 0x90, 0x0, 0x0, 0xcf, 0x50, 0x0,

    /* U+5F0F "式" */
    0x0, 0x0, 0x0, 0x0, 0x0, 0x7f, 0xa8, 0xc0,
    0x0, 0x0, 0x0, 0x0, 0x0, 0x5f, 0xc6, 0xd0,
    0x1f, 0xff, 0xff, 0xff, 0xff, 0xff, 0xff, 0xf7,
    0x1f, 0xff, 0xff, 0xff, 0xff, 0xff, 0xff, 0xf7,
    0x1, 0x11, 0x11, 0x11, 0x11, 0x1f, 0xf4, 0x10,
    0x0, 0x11, 0x11, 0x11, 0x10, 0xd, 0xf4, 0x0,
    0x1, 0xff, 0xff, 0xff, 0xfe, 0xb, 0xf6, 0x0,
    0x1, 0xff, 0xff, 0xff, 0xfd, 0x9, 0xf8, 0x0,
    0x0, 0x0, 0xf, 0xf0, 0x0, 0x7, 0xfb, 0x0,
    0x0, 0x0, 0xf, 0xf0, 0x0, 0x4, 0xfe, 0x0,
    0x0, 0x0, 0xf, 0xf0, 0x0, 0x1, 0xff, 0x10,
    0x0, 0x1, 0x1f, 0xf4, 0x45, 0x60, 0xdf, 0x50,
    0xf, 0xff, 0xff, 0xff, 0xff, 0xf0, 0x9f, 0xa0,
    0xf, 0xff, 0xfe, 0xdc, 0xcb, 0xa0, 0x4f, 0xf0,
    0x1, 0x0, 0x0, 0x0, 0x0, 0x0, 0xe, 0xf6,

    /* U+5F20 "张" */
    0x2f, 0xff, 0xfa, 0xc, 0xf5, 0x0, 0x29, 0x50,
    0x1e, 0xee, 0xfa, 0xc, 0xf5, 0x3b, 0xff, 0x50,
    0x0, 0x5, 0xfa, 0xc, 0xf8, 0xff, 0xfb, 0x10,
    0x0, 0x5, 0xfa, 0xc, 0xf9, 0xfc, 0x30, 0x0,
    0xa, 0xdd, 0xfa, 0xc, 0xf7, 0x50, 0x0, 0x0,
    0xe, 0xff, 0xfa, 0x5d, 0xf8, 0x55, 0x55, 0x50,
    0xf, 0xf0, 0x0, 0xef, 0xff, 0xff, 0xff, 0xf2,
    0xf, 0xe0, 0x0, 0xaf, 0xfc, 0xef, 0xcb, 0xb1,
    0x1f, 0xff, 0xfc, 0xc, 0xf5, 0xaf, 0x70, 0x0,
    0x1c, 0xcd, 0xfb, 0xc, 0xf5, 0x7f, 0xb0, 0x0,
    0x0, 0x5, 0xfa, 0xc, 0xf5, 0x2f, 0xf1, 0x0,
    0x0, 0x6, 0xf9, 0xc, 0xf5, 0xd, 0xf6, 0x0,
    0x0, 0x7, 0xf8, 0xc, 0xf5, 0x7, 0xfe, 0x0,
    0x9, 0xef, 0xf7, 0xc, 0xff, 0xc0, 0xef, 0x70,
    0xa, 0xff, 0xf6, 0xc, 0xff, 0xd0, 0x6f, 0xf2,

    /* U+5F55 "录" */
    0x3, 0xff, 0xff, 0xff, 0xff, 0xff, 0xfd, 0x0,
    0x2, 0xbb, 0xbb, 0xbb, 0xbb, 0xbc, 0xfd, 0x0,
    0x0, 0x0, 0x0, 0x0, 0x0, 0x3, 0xfd, 0x0,
    0x0, 0x6f, 0xff, 0xff, 0xff, 0xff, 0xfd, 0x0,
    0x0, 0x38, 0x88, 0x88, 0x88, 0x89, 0xfd, 0x0,
    0x2b, 0xbb, 0xbb, 0xbb, 0xbb, 0xbc, 0xff, 0xe2,
    0x2e, 0xee, 0xee, 0xef, 0xfe, 0xee, 0xee, 0xe2,
    0x0, 0x7a, 0x40, 0xf, 0xf0, 0x0, 0xaa, 0x0,
    0x0, 0x5f, 0xb0, 0xf, 0xf0, 0x6, 0xfb, 0x0,
    0x0, 0xe, 0xf1, 0x1f, 0xf1, 0xd, 0xf5, 0x0,
    0x0, 0x0, 0x3a, 0x7f, 0xf6, 0xb3, 0x0, 0x0,
    0x0, 0x3b, 0xff, 0x8f, 0xf6, 0xff, 0xb3, 0x0,
    0xb, 0xff, 0xfa, 0x3f, 0xf2, 0xaf, 0xff, 0xb0,
    0xf, 0xfa, 0x20, 0xf, 0xf0, 0x2, 0xaf, 0xf0,
    0xa, 0x20, 0x0, 0xf, 0xf0, 0x0, 0x2, 0xa0,

    /* U+5FAA "循" */
    0x0, 0x2, 0x31, 0x0, 0x1, 0x12, 0x45, 0x40,
    0x0, 0xf, 0xf4, 0xff, 0xff, 0xff, 0xff, 0xb0,
    0x0, 0x6f, 0xd1, 0xff, 0xed, 0xdf, 0xe9, 0x60,
    0x1, 0xef, 0x51, 0xfe, 0x0, 0x3f, 0xb0, 0x0,
    0xb, 0xfc, 0x1, 0xfe, 0xac, 0xdf, 0xfc, 0xc4,
    0x8f, 0xd3, 0x44, 0xfe, 0xdf, 0xff, 0xff, 0xf5,
    0x9c, 0x1d, 0xf9, 0xfe, 0x0, 0x3f, 0xb0, 0x0,
    0x20, 0x8f, 0xe2, 0xfe, 0x5f, 0xff, 0xff, 0xd0,
    0x8, 0xff, 0x41, 0xfe, 0x5f, 0xda, 0xaf, 0xd0,
    0x8f, 0xff, 0x31, 0xfe, 0x5f, 0xda, 0xaf, 0xd0,
    0x9e, 0xef, 0x32, 0xfd, 0x5f, 0xed, 0xdf, 0xd0,
    0x41, 0xdf, 0x33, 0xfc, 0x5f, 0xc8, 0x8f, 0xd0,
    0x0, 0xdf, 0x35, 0xfb, 0x5f, 0xff, 0xff, 0xd0,
    0x0, 0xdf, 0x39, 0xf8, 0x5f, 0x90, 0x1f, 0xd0,
    0x0, 0xdf, 0x4e, 0xf4, 0x5f, 0xda, 0xaf, 0xd0,
    0x0, 0xdf, 0xaf, 0xf0, 0x5f, 0xff, 0xff, 0xd0,

    /* U+6027 "性" */
    0x0, 0x0, 0x0, 0x0, 0x0, 0x0, 0x0, 0x0,
    0x0, 0x3f, 0xd0, 0x6c, 0x53, 0xfe, 0x0, 0x0,
    0x0, 0x3f, 0xd0, 0x9f, 0x53, 0xfe, 0x0, 0x0,
    0x6, 0x5f, 0xd0, 0xaf, 0xff, 0xff, 0xff, 0xf1,
    0x2f, 0x8f, 0xd0, 0xcf, 0xff, 0xff, 0xff, 0xf2,
    0x2f, 0x8f, 0xf5, 0xff, 0x34, 0xfe, 0x11, 0x10,
    0x3f, 0x8f, 0xff, 0xff, 0x2, 0xfe, 0x0, 0x0,
    0x4f, 0x7f, 0xfe, 0x10, 0x3, 0xfe, 0x0, 0x0,
    0x5f, 0x6f, 0xd1, 0x7f, 0xff, 0xff, 0xff, 0xb0,
    0x5c, 0x4f, 0xd0, 0x6f, 0xff, 0xff, 0xff, 0xb0,
    0x0, 0x3f, 0xd0, 0x0, 0x2, 0xfe, 0x0, 0x0,
    0x0, 0x3f, 0xd0, 0x0, 0x2, 0xfe, 0x0, 0x0,
    0x0, 0x3f, 0xd0, 0x11, 0x13, 0xfe, 0x11, 0x10,
    0x0, 0x3f, 0xd2, 0xff, 0xff, 0xff, 0xff, 0xf5,
    0x0, 0x3f, 0xd2, 0xff, 0xff, 0xff, 0xff, 0xf5,
    0x0, 0x3f, 0xd0, 0x0, 0x0, 0x0, 0x0, 0x0,

    /* U+6062 "恢" */
    0x0, 0x2f, 0xd0, 0x8, 0xf8, 0x0, 0x0, 0x0,
    0x0, 0x2f, 0xe1, 0xdf, 0xfe, 0xdd, 0xdd, 0xd4,
    0x18, 0x5f, 0xe1, 0xff, 0xff, 0xff, 0xff, 0xf5,
    0x2f, 0x8f, 0xe0, 0xc, 0xf4, 0x5, 0x61, 0x0,
    0x2f, 0x8f, 0xf5, 0xe, 0xf5, 0xd, 0xf1, 0x21,
    0x3f, 0x7f, 0xff, 0x5f, 0xff, 0x3d, 0xf3, 0xf5,
    0x4f, 0x6f, 0xff, 0x8f, 0xff, 0x5e, 0xf5, 0xf3,
    0x5f, 0x5f, 0xe1, 0x7f, 0xef, 0x6f, 0xf6, 0xf1,
    0x6f, 0x4f, 0xe0, 0x6f, 0xbf, 0x9f, 0xe7, 0xf0,
    0x0, 0x2f, 0xe0, 0x8f, 0x89, 0xaf, 0xb6, 0x90,
    0x0, 0x2f, 0xe0, 0xcf, 0x60, 0x8f, 0xc8, 0x10,
    0x0, 0x2f, 0xe0, 0xff, 0x30, 0xef, 0xcf, 0x70,
    0x0, 0x2f, 0xe3, 0xff, 0x5, 0xfe, 0x2f, 0xd0,
    0x0, 0x2f, 0xe7, 0xfc, 0xe, 0xf7, 0xd, 0xf2,
    0x0, 0x2f, 0xeb, 0xf8, 0x9f, 0xe0, 0x9, 0xf6,
    0x0, 0x2, 0x20, 0x0, 0x0, 0x0, 0x0, 0x0,

    /* U+620F "戏" */
    0x3, 0x44, 0x44, 0x20, 0x4f, 0xc9, 0xf5, 0x0,
    0xf, 0xff, 0xff, 0xa0, 0x4f, 0xc3, 0xfa, 0x0,
    0xd, 0xfa, 0xcf, 0x90, 0x4f, 0xc0, 0xbb, 0x0,
    0xa, 0xf2, 0x6f, 0x70, 0x4f, 0xc0, 0x0, 0x0,
    0xa, 0xf2, 0x8f, 0x7f, 0xff, 0xff, 0xff, 0xf0,
    0x8, 0xf3, 0xaf, 0x4e, 0xef, 0xfe, 0xee, 0xd0,
    0x6, 0xf6, 0xdf, 0x10, 0x2f, 0xd0, 0x45, 0x0,
    0x2, 0xfa, 0xfd, 0x0, 0x1f, 0xe0, 0xfe, 0x0,
    0x0, 0xef, 0xf8, 0x0, 0xf, 0xf7, 0xfa, 0x0,
    0x0, 0x9f, 0xf2, 0x0, 0xb, 0xff, 0xf3, 0x0,
    0x0, 0xaf, 0xf1, 0x0, 0x8, 0xff, 0xb0, 0x0,
    0x9, 0xff, 0xfd, 0x20, 0x8f, 0xff, 0xd2, 0x0,
    0x3f, 0xf3, 0xbf, 0x9c, 0xff, 0xbf, 0xff, 0xa2,
    0x3e, 0x40, 0xa, 0x9c, 0xe6, 0x3, 0xdf, 0xf5,
    0x22, 0x0, 0x0, 0x24, 0x0, 0x0, 0x6, 0xc5,
    0x0, 0x0, 0x0, 0x0, 0x0, 0x0, 0x0, 0x0,

    /* U+6253 "打" */
    0x0, 0x1f, 0xf0, 0xd, 0xff, 0xff, 0xff, 0xfe,
    0x0, 0x1f, 0xf0, 0xd, 0xff, 0xff, 0xff, 0xfe,
    0xd, 0xdf, 0xfd, 0xa0, 0x0, 0x2f, 0xe0, 0x0,
    0xf, 0xff, 0xff, 0xc0, 0x0, 0x2f, 0xe0, 0x0,
    0x1, 0x2f, 0xf1, 0x0, 0x0, 0x2f, 0xe0, 0x0,
    0x0, 0x1f, 0xf0, 0x0, 0x0, 0x2f, 0xe0, 0x0,
    0x0, 0x1f, 0xf8, 0xa0, 0x0, 0x2f, 0xe0, 0x0,
    0x1a, 0xef, 0xff, 0xf0, 0x0, 0x2f, 0xe0, 0x0,
    0x3f, 0xff, 0xf7, 0x40, 0x0, 0x2f, 0xe0, 0x0,
    0x15, 0x3f, 0xf0, 0x0, 0x0, 0x2f, 0xe0, 0x0,
    0x0, 0x1f, 0xf0, 0x0, 0x0, 0x2f, 0xe0, 0x0,
    0x0, 0x1f, 0xf0, 0x0, 0x0, 0x3f, 0xe0, 0x0,
    0x9, 0xdf, 0xf0, 0x0, 0x5f, 0xff, 0xe0, 0x0,
    0xc, 0xff, 0xf0, 0x0, 0x5f, 0xff, 0xe0, 0x0,

    /* U+62A4 "护" */
    0x0, 0x0, 0x0, 0x0, 0x0, 0x0, 0x0, 0x0,
    0x0, 0x9f, 0x80, 0x0, 0x1, 0xff, 0x0, 0x0,
    0x0, 0x9f, 0x80, 0x7c, 0xcc, 0xff, 0xcc, 0xc1,
    0x1e, 0xff, 0xfb, 0x9f, 0xff, 0xff, 0xff, 0xf2,
    0x1f, 0xff, 0xfc, 0x9f, 0x94, 0x44, 0x4f, 0xf2,
    0x2, 0xaf, 0x91, 0x9f, 0x70, 0x0, 0xe, 0xf2,
    0x0, 0x9f, 0x80, 0x9f, 0x70, 0x0, 0xe, 0xf2,
    0x0, 0x9f, 0xb9, 0x9f, 0xff, 0xff, 0xff, 0xf2,
    0x1a, 0xef, 0xff, 0x9f, 0xff, 0xff, 0xff, 0xf2,
    0x3f, 0xff, 0xfa, 0x9f, 0x72, 0x22, 0x22, 0x20,
    0x3c, 0xdf, 0x80, 0xaf, 0x50, 0x0, 0x0, 0x0,
    0x0, 0x9f, 0x80, 0xbf, 0x30, 0x0, 0x0, 0x0,
    0x0, 0x9f, 0x80, 0xef, 0x20, 0x0, 0x0, 0x0,
    0x0, 0x9f, 0x81, 0xff, 0x0, 0x0, 0x0, 0x0,
    0xc, 0xff, 0x85, 0xfc, 0x0, 0x0, 0x0, 0x0,
    0xd, 0xff, 0x8b, 0xf8, 0x0, 0x0, 0x0, 0x0,

    /* U+62CD "拍" */
    0x0, 0x8f, 0x90, 0x0, 0x5, 0xfc, 0x0, 0x0,
    0x8, 0xf9, 0x3, 0x88, 0xbf, 0xd8, 0x87, 0x1e,
    0xff, 0xfc, 0x7f, 0xff, 0xff, 0xff, 0xf1, 0xff,
    0xff, 0xe7, 0xfb, 0x77, 0x77, 0xff, 0x2, 0x9f,
    0x92, 0x7f, 0x80, 0x0, 0xf, 0xf0, 0x8, 0xf9,
    0x7, 0xf8, 0x0, 0x0, 0xff, 0x0, 0x8f, 0xa7,
    0x8f, 0x80, 0x0, 0xf, 0xf1, 0x7d, 0xff, 0xf9,
    0xff, 0xff, 0xff, 0xff, 0x4f, 0xff, 0xfc, 0x8f,
    0xfe, 0xee, 0xef, 0xf3, 0xac, 0xf9, 0x7, 0xf8,
    0x0, 0x0, 0xff, 0x0, 0x8f, 0x90, 0x7f, 0x80,
    0x0, 0xf, 0xf0, 0x8, 0xf9, 0x7, 0xf8, 0x0,
    0x0, 0xff, 0x0, 0x8f, 0x90, 0x7f, 0xff, 0xff,
    0xff, 0xf0, 0xcf, 0xf9, 0x7, 0xff, 0xff, 0xff,
    0xff, 0xd, 0xff, 0x90, 0x0, 0x0, 0x0, 0x0,
    0x0,

    /* U+6362 "换" */
    0x0, 0x9f, 0x80, 0x0, 0x9c, 0xcc, 0xcc, 0x20,
    0x0, 0x9f, 0x80, 0x4, 0xff, 0xff, 0xfe, 0x0,
    0xc, 0xef, 0xe9, 0x2e, 0xf8, 0x3b, 0xf8, 0x0,
    0x1f, 0xff, 0xfc, 0xdf, 0xd2, 0x3f, 0xf3, 0x10,
    0x6, 0xcf, 0xb5, 0xef, 0xff, 0xff, 0xff, 0xf0,
    0x0, 0x9f, 0x80, 0x8f, 0xfd, 0xff, 0xdf, 0xf0,
    0x0, 0x9f, 0xa7, 0x6f, 0x91, 0xfd, 0xf, 0xf0,
    0x2a, 0xef, 0xff, 0x6f, 0x91, 0xfd, 0xf, 0xf0,
    0x3f, 0xff, 0xc6, 0xdf, 0xec, 0xff, 0xbf, 0xf6,
    0x16, 0xaf, 0x81, 0xff, 0xff, 0xff, 0xff, 0xf8,
    0x0, 0x9f, 0x80, 0x44, 0x5d, 0xff, 0xa4, 0x42,
    0x0, 0x9f, 0x80, 0x38, 0xff, 0xdf, 0xfb, 0x50,
    0xc, 0xff, 0x83, 0xff, 0xfb, 0x13, 0xef, 0xf7,
    0xd, 0xff, 0x83, 0xfb, 0x40, 0x0, 0x18, 0xf7,
    0x0, 0x0, 0x1, 0x10, 0x0, 0x0, 0x0, 0x1,

    /* U+6444 "摄" */
    0x0, 0x8f, 0x90, 0x7c, 0xcc, 0xcc, 0xcc, 0xc4,
    0x0, 0x8f, 0x90, 0x7f, 0xfc, 0xcc, 0xdf, 0xe4,
    0xb, 0xef, 0xe9, 0xe, 0xfb, 0xaa, 0xcf, 0xa0,
    0xe, 0xff, 0xfc, 0xe, 0xf8, 0x77, 0xaf, 0xa0,
    0x2, 0x9f, 0xa2, 0xe, 0xff, 0xff, 0xff, 0xa0,
    0x0, 0x8f, 0x90, 0xe, 0xf7, 0x67, 0xaf, 0xc3,
    0x0, 0x8f, 0xb8, 0xbf, 0xff, 0xff, 0xff, 0xf8,
    0x8, 0xdf, 0xff, 0x56, 0x65, 0x44, 0x5a, 0x70,
    0x1f, 0xff, 0xfb, 0xdf, 0xff, 0xbf, 0xff, 0xf5,
    0x1d, 0xcf, 0x90, 0x89, 0xaf, 0x8a, 0x9c, 0xf3,
    0x0, 0x8f, 0x90, 0xaf, 0x9f, 0x4e, 0xcc, 0xf0,
    0x0, 0x8f, 0x90, 0x2f, 0xfe, 0x6, 0xff, 0xa0,
    0x0, 0x8f, 0x90, 0x2e, 0xf8, 0x5, 0xff, 0x40,
    0x9, 0xff, 0x90, 0xcf, 0xfe, 0x1f, 0xff, 0xb0,
    0xa, 0xff, 0x90, 0xb7, 0x7f, 0x8d, 0x4a, 0xf3,
    0x0, 0x0, 0x0, 0x0, 0x0, 0x0, 0x0, 0x0,

    /* U+64AD "播" */
    0x0, 0x0, 0x0, 0x0, 0x0, 0x0, 0x0, 0x0,
    0x0, 0x9f, 0x80, 0x7f, 0xff, 0xff, 0xff, 0xc0,
    0x1, 0x9f, 0x91, 0x5b, 0xab, 0xff, 0x88, 0x50,
    0x1f, 0xff, 0xfc, 0x4f, 0x91, 0xfe, 0x2f, 0x90,
    0x1f, 0xff, 0xfc, 0x1f, 0xe2, 0xfe, 0x6f, 0x60,
    0x8, 0xcf, 0xc7, 0xff, 0xff, 0xff, 0xff, 0xf4,
    0x0, 0x9f, 0x80, 0xaf, 0xea, 0xff, 0xbf, 0xd2,
    0x0, 0x9f, 0x84, 0x6f, 0xa1, 0xfe, 0x1f, 0xc0,
    0x4, 0xcf, 0xff, 0xce, 0x41, 0xba, 0xb, 0xe3,
    0x3f, 0xff, 0xfb, 0x7f, 0xff, 0xff, 0xff, 0xe0,
    0x3c, 0xdf, 0x80, 0x7f, 0xc8, 0xfe, 0x8f, 0xe0,
    0x0, 0x9f, 0x80, 0x7f, 0xc7, 0xfe, 0x7f, 0xe0,
    0x0, 0x9f, 0x80, 0x7f, 0xff, 0xff, 0xff, 0xe0,
    0x0, 0x9f, 0x80, 0x7f, 0x90, 0xfc, 0x1f, 0xe0,
    0xb, 0xff, 0x80, 0x7f, 0xc8, 0xfe, 0x8f, 0xe0,
    0xd, 0xff, 0x80, 0x7f, 0xff, 0xff, 0xff, 0xe0,
    0x0, 0x0, 0x0, 0x0, 0x0, 0x0, 0x0, 0x0,

    /* U+653E "放" */
    0x0, 0x4, 0xfc, 0x0, 0x6, 0xfc, 0x0, 0x0,
    0x6, 0x69, 0xfe, 0x66, 0x38, 0xfb, 0x22, 0x20,
    0xf, 0xff, 0xff, 0xff, 0x7a, 0xff, 0xff, 0xf5,
    0xa, 0xef, 0xdb, 0xbb, 0x5c, 0xff, 0xff, 0xf5,
    0x0, 0xaf, 0x60, 0x0, 0xf, 0xf5, 0x2f, 0xb0,
    0x0, 0xaf, 0xdc, 0xcc, 0x5f, 0xf9, 0x4f, 0x90,
    0x0, 0xaf, 0xff, 0xff, 0xaf, 0xfe, 0x7f, 0x70,
    0x0, 0xaf, 0x73, 0xef, 0x43, 0xcf, 0xdf, 0x40,
    0x0, 0xaf, 0x40, 0xdf, 0x20, 0x7f, 0xff, 0x0,
    0x0, 0xaf, 0x40, 0xdf, 0x20, 0x2f, 0xfc, 0x0,
    0x0, 0xcf, 0x20, 0xdf, 0x20, 0xf, 0xfd, 0x0,
    0x0, 0xef, 0x10, 0xdf, 0x20, 0x7f, 0xff, 0x30,
    0x3, 0xfe, 0x0, 0xdf, 0x21, 0xef, 0xef, 0x90,
    0x9, 0xfa, 0xf, 0xff, 0x29, 0xfd, 0x3f, 0xf0,
    0x1f, 0xf4, 0xf, 0xff, 0x6f, 0xf5, 0xc, 0xf6,

    /* U+6548 "效" */
    0x0, 0x0, 0x33, 0x0, 0x0, 0x0, 0x0, 0x0,
    0x0, 0x1, 0xff, 0x0, 0x7, 0xf9, 0x0, 0x0,
    0x1c, 0xcd, 0xff, 0xcc, 0x9a, 0xf8, 0x22, 0x21,
    0x2f, 0xff, 0xff, 0xff, 0xbc, 0xff, 0xff, 0xf8,
    0x4, 0x47, 0x57, 0x54, 0x3f, 0xff, 0xff, 0xf8,
    0x8, 0xdf, 0x18, 0xfa, 0x6f, 0xf2, 0x2f, 0xb0,
    0x2f, 0xfb, 0x5, 0xef, 0xef, 0xf6, 0x5f, 0x90,
    0x18, 0x62, 0x0, 0x48, 0xde, 0xfb, 0x9f, 0x60,
    0x3, 0xfc, 0x2, 0xfd, 0x0, 0xef, 0xdf, 0x20,
    0x0, 0xff, 0x27, 0xf9, 0x0, 0x9f, 0xfe, 0x0,
    0x0, 0x9f, 0xbe, 0xf4, 0x0, 0x4f, 0xf9, 0x0,
    0x0, 0x1f, 0xff, 0xd0, 0x0, 0x2f, 0xfa, 0x0,
    0x0, 0x3e, 0xff, 0xc1, 0x0, 0xaf, 0xff, 0x10,
    0x19, 0xff, 0xdf, 0xfe, 0x72, 0xff, 0xdf, 0x70,
    0x5f, 0xfa, 0x2, 0xdf, 0xfa, 0xfd, 0x3f, 0xd0,
    0x5c, 0x40, 0x0, 0x6, 0xef, 0xf5, 0xd, 0xf3,
    0x0, 0x0, 0x0, 0x0, 0x0, 0x0, 0x0, 0x0,

    /* U+6587 "文" */
    0x0, 0x0, 0x0, 0xf, 0xf0, 0x0, 0x0, 0x0,
    0x3, 0x33, 0x33, 0x4f, 0xf4, 0x33, 0x33, 0x30,
    0x3f, 0xff, 0xff, 0xff, 0xff, 0xff, 0xff, 0xf3,
    0x2d, 0xef, 0xfd, 0xdd, 0xdd, 0xdf, 0xfe, 0xd2,
    0x0, 0x4f, 0xe0, 0x0, 0x0, 0xe, 0xf4, 0x0,
    0x0, 0xf, 0xf3, 0x0, 0x0, 0x3f, 0xf0, 0x0,
    0x0, 0xb, 0xfa, 0x0, 0x0, 0xaf, 0xa0, 0x0,
    0x0, 0x4, 0xff, 0x30, 0x3, 0xff, 0x40, 0x0,
    0x0, 0x0, 0xaf, 0xe1, 0x1e, 0xfa, 0x0, 0x0,
    0x0, 0x0, 0x1e, 0xfd, 0xdf, 0xe1, 0x0, 0x0,
    0x0, 0x0, 0x3, 0xff, 0xff, 0x30, 0x0, 0x0,
    0x0, 0x1, 0x7e, 0xff, 0xff, 0xe7, 0x10, 0x0,
    0x7, 0xbf, 0xff, 0xf7, 0x7f, 0xff, 0xfb, 0x70,
    0x3f, 0xff, 0xe8, 0x10, 0x1, 0x8e, 0xff, 0xf3,
    0x3c, 0x83, 0x0, 0x0, 0x0, 0x0, 0x38, 0xc3,

    /* U+65CB "旋" */
    0x0, 0x2f, 0xe0, 0x7, 0xfe, 0x0, 0x0, 0x0,
    0x2, 0x3f, 0xe2, 0x1a, 0xff, 0xee, 0xee, 0xe7,
    0x1f, 0xff, 0xff, 0xdd, 0xff, 0xff, 0xff, 0xf8,
    0x1f, 0xff, 0xff, 0xc3, 0x44, 0x44, 0x44, 0x42,
    0x2, 0xfe, 0x0, 0x7, 0xbb, 0xbb, 0xbb, 0xb5,
    0x2, 0xff, 0xff, 0xc9, 0xee, 0xef, 0xfe, 0xf7,
    0x2, 0xff, 0xff, 0xc0, 0x0, 0x1f, 0xe2, 0xe6,
    0x2, 0xfe, 0x4f, 0xc0, 0x21, 0x1f, 0xe0, 0x0,
    0x2, 0xfd, 0x3f, 0xc2, 0xff, 0x1f, 0xe1, 0x10,
    0x3, 0xfc, 0x3f, 0xc3, 0xff, 0x1f, 0xff, 0xf5,
    0x4, 0xfb, 0x3f, 0xc4, 0xfd, 0x1f, 0xfe, 0xe5,
    0x6, 0xf9, 0x3f, 0xc6, 0xfc, 0x1f, 0xe0, 0x0,
    0x9, 0xf7, 0x3f, 0xc8, 0xff, 0xcf, 0xf3, 0x31,
    0xd, 0xf4, 0xff, 0xcc, 0xff, 0xff, 0xff, 0xf9,
    0x3f, 0xf0, 0xff, 0xdf, 0xf4, 0x9c, 0xdd, 0xd8,

    /* U+65E5 "日" */
    0xef, 0xff, 0xff, 0xff, 0xff, 0xfe, 0xef, 0xff,
    0xff, 0xff, 0xff, 0xfe, 0xef, 0x41, 0x11, 0x11,
    0x14, 0xfe, 0xef, 0x30, 0x0, 0x0, 0x3, 0xfe,
    0xef, 0x30, 0x0, 0x0, 0x3, 0xfe, 0xef, 0x30,
    0x0, 0x0, 0x3, 0xfe, 0xef, 0xff, 0xff, 0xff,
    0xff, 0xfe, 0xef, 0xff, 0xff, 0xff, 0xff, 0xfe,
    0xef, 0x52, 0x22, 0x22, 0x25, 0xfe, 0xef, 0x30,
    0x0, 0x0, 0x3, 0xfe, 0xef, 0x30, 0x0, 0x0,
    0x3, 0xfe, 0xef, 0x41, 0x11, 0x11, 0x14, 0xfe,
    0xef, 0xff, 0xff, 0xff, 0xff, 0xfe, 0xef, 0xff,
    0xff, 0xff, 0xff, 0xfe,

    /* U+65F6 "时" */
    0xdf, 0xff, 0xfd, 0x0, 0x0, 0xe, 0xf2, 0xd,
    0xff, 0xff, 0xd0, 0x0, 0x0, 0xef, 0x20, 0xdf,
    0x11, 0xfd, 0xcf, 0xff, 0xff, 0xff, 0x5d, 0xf1,
    0x1f, 0xdc, 0xff, 0xff, 0xff, 0xf5, 0xdf, 0x11,
    0xfd, 0x11, 0x11, 0x1e, 0xf3, 0xd, 0xf3, 0x3f,
    0xd6, 0xb6, 0x0, 0xef, 0x20, 0xdf, 0xff, 0xfd,
    0x4f, 0xd0, 0xe, 0xf2, 0xd, 0xfc, 0xcf, 0xd0,
    0xff, 0x20, 0xef, 0x20, 0xdf, 0x11, 0xfd, 0xb,
    0xf6, 0xe, 0xf2, 0xd, 0xf1, 0x1f, 0xd0, 0x6f,
    0xb0, 0xef, 0x20, 0xdf, 0x11, 0xfd, 0x0, 0x0,
    0xe, 0xf2, 0xd, 0xf2, 0x2f, 0xd0, 0x0, 0x0,
    0xef, 0x20, 0xdf, 0xff, 0xfd, 0x0, 0x0, 0x1e,
    0xf2, 0xc, 0xee, 0xee, 0xc0, 0x0, 0x7f, 0xff,
    0x20, 0x0, 0x0, 0x0, 0x0, 0x7, 0xff, 0xf2,
    0x0,

    /* U+662F "是" */
    0x0, 0xcf, 0xff, 0xff, 0xff, 0xff, 0xfc, 0x0,
    0x0, 0xcf, 0xca, 0xaa, 0xaa, 0xac, 0xfc, 0x0,
    0x0, 0xcf, 0x84, 0x44, 0x44, 0x47, 0xfc, 0x0,
    0x0, 0xcf, 0xff, 0xff, 0xff, 0xff, 0xfc, 0x0,
    0x0, 0xcf, 0x85, 0x55, 0x55, 0x58, 0xfc, 0x0,
    0x0, 0xcf, 0xff, 0xff, 0xff, 0xff, 0xfc, 0x0,
    0x0, 0x57, 0x77, 0x77, 0x77, 0x77, 0x75, 0x0,
    0xc, 0xff, 0xff, 0xff, 0xff, 0xff, 0xff, 0xf0,
    0xb, 0xdd, 0xdd, 0xdf, 0xfd, 0xdd, 0xdd, 0xd0,
    0x0, 0x49, 0x50, 0xf, 0xf2, 0x11, 0x11, 0x0,
    0x0, 0x8f, 0x80, 0xf, 0xff, 0xff, 0xfe, 0x0,
    0x0, 0xcf, 0x80, 0xf, 0xfb, 0xbb, 0xba, 0x0,
    0x3, 0xff, 0xff, 0xff, 0xfe, 0xee, 0xee, 0xe2,
    0xc, 0xf7, 0x4b, 0xef, 0xff, 0xff, 0xff, 0xf3,
    0x1, 0x10, 0x0, 0x0, 0x0, 0x0, 0x0, 0x0,

    /* U+671F "期" */
    0x4, 0xfb, 0x2, 0xfd, 0xf, 0xff, 0xff, 0xf1,
    0x1f, 0xff, 0xff, 0xff, 0xaf, 0xff, 0xff, 0xf1,
    0xd, 0xff, 0xcc, 0xff, 0x8f, 0xf0, 0xe, 0xf1,
    0x4, 0xfb, 0x2, 0xfd, 0xf, 0xf0, 0xe, 0xf1,
    0x4, 0xff, 0xff, 0xfd, 0xf, 0xf4, 0x4f, 0xf1,
    0x4, 0xfe, 0xcc, 0xfd, 0xf, 0xff, 0xff, 0xf1,
    0x4, 0xfb, 0x13, 0xfd, 0xf, 0xfb, 0xbf, 0xf1,
    0x4, 0xff, 0xff, 0xfd, 0xf, 0xf0, 0xe, 0xf1,
    0x4, 0xfc, 0x56, 0xfd, 0xf, 0xf7, 0x7f, 0xf1,
    0x2b, 0xfe, 0xab, 0xff, 0x8f, 0xff, 0xff, 0xf1,
    0x3f, 0xff, 0xff, 0xff, 0xdf, 0xe5, 0x5f, 0xf1,
    0x3, 0x33, 0x33, 0x33, 0x4f, 0xc0, 0xe, 0xf1,
    0x4, 0xb9, 0x4, 0xb9, 0x4f, 0xb0, 0xe, 0xf1,
    0x9, 0xf9, 0x1, 0xff, 0x8f, 0x90, 0xe, 0xf1,
    0xd, 0xf4, 0x0, 0xdf, 0xef, 0x60, 0xe, 0xf1,

    /* U+672C "本" */
    0x0, 0x0, 0x0, 0xf, 0xf0, 0x0, 0x0, 0x0,
    0x1, 0x22, 0x22, 0x2f, 0xf2, 0x22, 0x22, 0x10,
    0xe, 0xff, 0xff, 0xff, 0xff, 0xff, 0xff, 0xb0,
    0xe, 0xff, 0xff, 0xff, 0xff, 0xff, 0xff, 0xb0,
    0x0, 0x5, 0xfb, 0xf, 0xf0, 0xcf, 0x50, 0x0,
    0x0, 0xa, 0xf7, 0xf, 0xf0, 0x7f, 0x90, 0x0,
    0x0, 0xe, 0xf3, 0xf, 0xf0, 0x3f, 0xd0, 0x0,
    0x0, 0x3f, 0xf0, 0xf, 0xf0, 0xf, 0xf2, 0x0,
    0x0, 0x7f, 0xa0, 0xf, 0xf0, 0xa, 0xf6, 0x0,
    0x0, 0xdf, 0x61, 0x1f, 0xf1, 0x16, 0xfb, 0x0,
    0x3, 0xff, 0xff, 0xff, 0xff, 0xff, 0xff, 0x10,
    0x9, 0xfa, 0xef, 0xff, 0xff, 0xfe, 0xbf, 0x70,
    0xf, 0xf4, 0x0, 0xf, 0xf0, 0x0, 0x5f, 0xd0,
    0x5f, 0xd0, 0x0, 0xf, 0xf0, 0x0, 0xe, 0xf2,
    0x0, 0x0, 0x0, 0xf, 0xf0, 0x0, 0x0, 0x0,

    /* U+673A "机" */
    0x0, 0x2, 0xfe, 0x2, 0xff, 0xff, 0xff, 0x20,
    0xa, 0xcc, 0xff, 0xc7, 0xff, 0xff, 0xff, 0x20,
    0xd, 0xff, 0xff, 0xf9, 0xfe, 0x22, 0xef, 0x20,
    0x9, 0xbc, 0xff, 0xb7, 0xfe, 0x0, 0xef, 0x20,
    0x2, 0x53, 0xfe, 0x2, 0xfe, 0x0, 0xef, 0x20,
    0x6, 0xf6, 0xfe, 0x2, 0xfe, 0x0, 0xef, 0x20,
    0x7, 0xf6, 0xff, 0x92, 0xfe, 0x0, 0xef, 0x20,
    0x8, 0xf5, 0xff, 0xf4, 0xfe, 0x0, 0xef, 0x20,
    0x9, 0xf5, 0xff, 0xd5, 0xfd, 0x0, 0xef, 0x20,
    0x9, 0xf4, 0xfe, 0x4, 0xfd, 0x0, 0xef, 0x20,
    0xc, 0xf2, 0xfe, 0x6, 0xfb, 0x0, 0xef, 0x20,
    0xe, 0xe2, 0xfe, 0x9, 0xf8, 0x0, 0xef, 0x20,
    0xf, 0xc2, 0xfe, 0xe, 0xf4, 0x0, 0xef, 0x30,
    0x2f, 0x92, 0xfe, 0x4f, 0xf0, 0x0, 0xef, 0xf9,
    0x0, 0x2, 0xfe, 0xaf, 0xa0, 0x0, 0xef, 0xf9,
    0x0, 0x0, 0x0, 0x22, 0x10, 0x0, 0x0, 0x0,

    /* U+6790 "析" */
    0x0, 0x0, 0x0, 0x0, 0x0, 0x0, 0x0, 0x0,
    0x0, 0xef, 0x30, 0xce, 0xff, 0xff, 0xf7, 0x39,
    0x9f, 0xfa, 0x5e, 0xff, 0xff, 0xed, 0x56, 0xff,
    0xff, 0xfa, 0xef, 0x20, 0x0, 0x0, 0x5d, 0xdf,
    0xfe, 0x8e, 0xf1, 0x0, 0x0, 0x0, 0x44, 0xcf,
    0x40, 0xef, 0x76, 0x66, 0x65, 0xd, 0xdc, 0xf4,
    0xe, 0xff, 0xff, 0xff, 0xe0, 0xed, 0xcf, 0xd2,
    0xef, 0xaa, 0xaf, 0xf9, 0xf, 0xcc, 0xff, 0x7e,
    0xf1, 0x1, 0xff, 0x0, 0xfc, 0xcf, 0xc6, 0xef,
    0x10, 0x1f, 0xf0, 0xf, 0xbc, 0xf4, 0xe, 0xf0,
    0x1, 0xff, 0x3, 0xf9, 0xcf, 0x40, 0xff, 0x0,
    0x1f, 0xf0, 0x5f, 0x7c, 0xf4, 0xf, 0xe0, 0x1,
    0xff, 0x7, 0xf5, 0xcf, 0x42, 0xfb, 0x0, 0x1f,
    0xf0, 0x9f, 0x3c, 0xf4, 0x5f, 0x80, 0x1, 0xff,
    0x0, 0x0, 0xcf, 0x4a, 0xf5, 0x0, 0x1f, 0xf0,

    /* U+683C "格" */
    0x0, 0xc, 0xf3, 0x0, 0xef, 0xff, 0xff, 0x20,
    0x37, 0x7e, 0xf9, 0x3c, 0xff, 0xff, 0xff, 0x0,
    0x6f, 0xff, 0xff, 0xbf, 0xfd, 0x7, 0xfb, 0x0,
    0x5e, 0xef, 0xfe, 0xbd, 0xdf, 0x7e, 0xf4, 0x0,
    0x4, 0x3c, 0xf3, 0x20, 0x4f, 0xff, 0xb0, 0x0,
    0xd, 0xbc, 0xf3, 0x1, 0x7f, 0xff, 0xb3, 0x0,
    0xe, 0xac, 0xfd, 0x9f, 0xff, 0xad, 0xff, 0xe0,
    0xf, 0xac, 0xff, 0xce, 0x92, 0x0, 0x6c, 0xf1,
    0xf, 0x9c, 0xf8, 0x2d, 0xdd, 0xdd, 0xdd, 0x60,
    0xf, 0x8c, 0xf3, 0xf, 0xff, 0xff, 0xff, 0x60,
    0x3f, 0x6c, 0xf3, 0xf, 0xf0, 0x0, 0xaf, 0x60,
    0x5f, 0x4c, 0xf3, 0xf, 0xf1, 0x0, 0xaf, 0x60,
    0x7f, 0x2c, 0xf3, 0xf, 0xff, 0xff, 0xff, 0x60,
    0x9f, 0xc, 0xf3, 0xf, 0xff, 0xff, 0xff, 0x60,
    0x0, 0xc, 0xf3, 0x0, 0x0, 0x0, 0x0, 0x0,

    /* U+6846 "框" */
    0x0, 0xc, 0xf3, 0x2f, 0xff, 0xff, 0xff, 0xf4,
    0x38, 0x8e, 0xfa, 0x5f, 0xff, 0xff, 0xff, 0xf4,
    0x6f, 0xff, 0xff, 0x8f, 0xe0, 0x0, 0x0, 0x0,
    0x5d, 0xdf, 0xfe, 0x7f, 0xea, 0xff, 0xff, 0xf3,
    0x5, 0x3c, 0xf3, 0x2f, 0xeb, 0xff, 0xff, 0xf3,
    0x2f, 0x9c, 0xf3, 0x2f, 0xe2, 0x3c, 0xf6, 0x30,
    0x2f, 0x9c, 0xfe, 0x4f, 0xe3, 0x8d, 0xfa, 0x70,
    0x2f, 0x8c, 0xff, 0x6f, 0xe6, 0xff, 0xff, 0xe0,
    0x3f, 0x8c, 0xf7, 0x5f, 0xe0, 0x2c, 0xf5, 0x20,
    0x4f, 0x7c, 0xf3, 0x2f, 0xe5, 0x8d, 0xf9, 0x81,
    0x6f, 0x6c, 0xf3, 0x2f, 0xeb, 0xff, 0xff, 0xf3,
    0x8f, 0x4c, 0xf3, 0x2f, 0xe3, 0x44, 0x44, 0x40,
    0xaf, 0x2c, 0xf3, 0x2f, 0xff, 0xff, 0xff, 0xf4,
    0xbf, 0xc, 0xf3, 0x2f, 0xff, 0xff, 0xff, 0xf4,
    0x0, 0xc, 0xf3, 0x0, 0x0, 0x0, 0x0, 0x0,

    /* U+6E38 "游" */
    0xc, 0x93, 0x3, 0xfe, 0x0, 0x9f, 0x80, 0x0,
    0xe, 0xfd, 0x14, 0xfe, 0x10, 0xcf, 0x50, 0x0,
    0x8, 0xdd, 0xef, 0xff, 0xf9, 0xff, 0xff, 0xfb,
    0x0, 0x1, 0xdf, 0xff, 0xfa, 0xff, 0xff, 0xfb,
    0x1d, 0xa7, 0x1f, 0xf0, 0x0, 0x44, 0x44, 0x42,
    0x1f, 0xfe, 0x1f, 0xfd, 0xd6, 0xff, 0xff, 0xf5,
    0x0, 0x36, 0x1f, 0xff, 0xf7, 0x88, 0x9f, 0xf0,
    0x0, 0x0, 0x1f, 0xc7, 0xf7, 0x0, 0x5f, 0xa0,
    0x2, 0xda, 0x1f, 0xb5, 0xf8, 0x22, 0xaf, 0x71,
    0x4, 0xfb, 0x2f, 0xa5, 0xfc, 0xff, 0xff, 0xfd,
    0x6, 0xfa, 0x4f, 0x95, 0xfb, 0xdd, 0xff, 0xda,
    0x8, 0xf7, 0x6f, 0x75, 0xf7, 0x0, 0xff, 0x0,
    0xc, 0xf5, 0xaf, 0x45, 0xf7, 0x0, 0xff, 0x0,
    0xf, 0xf2, 0xef, 0x6f, 0xf7, 0x7f, 0xff, 0x0,
    0x2f, 0xe5, 0xfb, 0x6f, 0xf7, 0x7f, 0xff, 0x0,

    /* U+6E90 "源" */
    0x1, 0x0, 0x0, 0x0, 0x0, 0x0, 0x0, 0x0,
    0xf, 0xd9, 0x2e, 0xff, 0xff, 0xff, 0xff, 0xf1,
    0xf, 0xff, 0x7e, 0xfe, 0xee, 0xff, 0xee, 0xe1,
    0x1, 0x6b, 0x6e, 0xf2, 0x33, 0xef, 0x63, 0x20,
    0x10, 0x0, 0xe, 0xf6, 0xff, 0xff, 0xff, 0xc0,
    0x5f, 0xb7, 0x1e, 0xf6, 0xfc, 0x88, 0x8f, 0xc0,
    0x5f, 0xff, 0x7e, 0xf6, 0xfc, 0x77, 0x7f, 0xc0,
    0x5, 0x9d, 0x7e, 0xf6, 0xff, 0xff, 0xff, 0xc0,
    0x0, 0x1, 0xe, 0xf6, 0xf9, 0x0, 0x1f, 0xc0,
    0x0, 0xcf, 0x6e, 0xf5, 0xff, 0xff, 0xff, 0xc0,
    0x0, 0xff, 0x4e, 0xf3, 0x88, 0xdf, 0xa8, 0x60,
    0x2, 0xff, 0x1f, 0xf0, 0x95, 0xaf, 0x49, 0x50,
    0x5, 0xfe, 0x1f, 0xe1, 0xf9, 0xaf, 0x4f, 0xb0,
    0xa, 0xfa, 0x3f, 0xc3, 0xf8, 0xaf, 0x4e, 0xd0,
    0xf, 0xf5, 0x6f, 0x96, 0xf5, 0xaf, 0x4b, 0xf0,
    0x4f, 0xf1, 0xaf, 0x78, 0xd2, 0xaf, 0x47, 0xd3,

    /* U+7167 "照" */
    0x0, 0x0, 0x0, 0x0, 0x11, 0x11, 0x11, 0x10,
    0xe, 0xff, 0xff, 0xf5, 0xff, 0xff, 0xff, 0xf0,
    0xe, 0xff, 0xff, 0xf4, 0xdf, 0xfd, 0xdf, 0xf0,
    0xe, 0xf1, 0xf, 0xf0, 0x6f, 0xc0, 0x1f, 0xe0,
    0xe, 0xf1, 0xf, 0xf0, 0xdf, 0x64, 0xbf, 0xe0,
    0xe, 0xfa, 0x9f, 0xf7, 0xfd, 0x7, 0xff, 0xd0,
    0xe, 0xff, 0xff, 0xf5, 0x62, 0x2, 0x66, 0x50,
    0xe, 0xf8, 0x8f, 0xf5, 0xff, 0xff, 0xff, 0xa0,
    0xe, 0xf1, 0xf, 0xf5, 0xff, 0xcc, 0xdf, 0xb0,
    0xe, 0xf2, 0x1f, 0xf5, 0xfc, 0x0, 0x5f, 0xb0,
    0xe, 0xff, 0xff, 0xf5, 0xff, 0xdd, 0xef, 0xb0,
    0xc, 0xee, 0xee, 0xd4, 0xee, 0xee, 0xee, 0x90,
    0x0, 0x44, 0x2, 0x41, 0x24, 0x20, 0x34, 0x10,
    0x7, 0xfc, 0xc, 0xf5, 0x6f, 0xc0, 0xcf, 0x80,
    0xd, 0xf6, 0xf, 0xf2, 0x3f, 0xf0, 0x5f, 0xe0,
    0x4f, 0xf0, 0x1f, 0xf0, 0xf, 0xf2, 0xe, 0xf5,

    /* U+7247 "片" */
    0x0, 0xcf, 0x50, 0x0, 0xdf, 0x40, 0x0, 0x0,
    0xc, 0xf5, 0x0, 0xd, 0xf4, 0x0, 0x0, 0x0,
    0xcf, 0x50, 0x0, 0xdf, 0x40, 0x0, 0x0, 0xc,
    0xf7, 0x44, 0x4d, 0xf7, 0x44, 0x44, 0x0, 0xcf,
    0xff, 0xff, 0xff, 0xff, 0xff, 0xf0, 0xc, 0xfd,
    0xdd, 0xdd, 0xdd, 0xdd, 0xdd, 0x0, 0xcf, 0x50,
    0x0, 0x0, 0x0, 0x0, 0x0, 0xd, 0xf6, 0x22,
    0x22, 0x22, 0x21, 0x0, 0x0, 0xdf, 0xff, 0xff,
    0xff, 0xff, 0xa0, 0x0, 0xe, 0xfe, 0xee, 0xee,
    0xef, 0xfa, 0x0, 0x1, 0xff, 0x10, 0x0, 0x0,
    0x8f, 0xa0, 0x0, 0x3f, 0xe0, 0x0, 0x0, 0x8,
    0xfa, 0x0, 0x8, 0xfb, 0x0, 0x0, 0x0, 0x8f,
    0xa0, 0x0, 0xdf, 0x60, 0x0, 0x0, 0x8, 0xfa,
    0x0, 0x4f, 0xf1, 0x0, 0x0, 0x0, 0x8f, 0xa0,
    0x0,

    /* U+7248 "版" */
    0x0, 0x0, 0x33, 0x0, 0x0, 0x11, 0x24, 0x40,
    0xc, 0xf2, 0xfe, 0xd, 0xff, 0xff, 0xff, 0xf0,
    0xc, 0xf2, 0xfe, 0xd, 0xff, 0xed, 0xcb, 0x90,
    0xc, 0xf2, 0xfe, 0xd, 0xf1, 0x0, 0x0, 0x0,
    0xc, 0xf3, 0xfe, 0xd, 0xf1, 0x0, 0x0, 0x0,
    0xc, 0xff, 0xff, 0xcd, 0xf9, 0x99, 0x99, 0x90,
    0xc, 0xff, 0xff, 0xbd, 0xff, 0xff, 0xff, 0xd0,
    0xc, 0xf2, 0x0, 0xd, 0xfe, 0xf7, 0x7f, 0x90,
    0xc, 0xfc, 0xcc, 0x3d, 0xf7, 0xfa, 0x9f, 0x50,
    0xc, 0xff, 0xff, 0x4d, 0xf1, 0xef, 0xee, 0x0,
    0xc, 0xf5, 0xbf, 0x4e, 0xf0, 0x8f, 0xf9, 0x0,
    0xd, 0xf0, 0x9f, 0x4f, 0xe0, 0x2f, 0xf6, 0x0,
    0xf, 0xf0, 0x9f, 0x6f, 0xc0, 0x5f, 0xfc, 0x0,
    0x1f, 0xd0, 0x9f, 0x9f, 0x90, 0xdf, 0xff, 0x30,
    0x3f, 0xb0, 0x9f, 0xdf, 0x67, 0xfd, 0x7f, 0xa0,
    0x7f, 0x80, 0x9f, 0xff, 0x3f, 0xf5, 0x1f, 0xf1,

    /* U+7279 "特" */
    0x0, 0x0, 0x0, 0x0, 0x0, 0x22, 0x0, 0x0,
    0x9, 0xf7, 0xf8, 0x0, 0x0, 0xff, 0x10, 0x0,
    0x9, 0xf6, 0xf8, 0x7, 0xff, 0xff, 0xff, 0xf1,
    0xb, 0xfb, 0xfc, 0x47, 0xff, 0xff, 0xff, 0xf1,
    0xc, 0xff, 0xff, 0x80, 0x0, 0xff, 0x20, 0x0,
    0xd, 0xfe, 0xfe, 0x74, 0x44, 0xff, 0x54, 0x42,
    0xf, 0xd7, 0xf8, 0x2f, 0xff, 0xff, 0xff, 0xf9,
    0x1f, 0xc7, 0xf8, 0x1b, 0xbb, 0xbb, 0xbb, 0xb6,
    0x1, 0x7, 0xf9, 0x23, 0x33, 0x34, 0xcc, 0x40,
    0x5, 0x8d, 0xff, 0xaf, 0xff, 0xff, 0xff, 0xf3,
    0x3f, 0xff, 0xff, 0x8c, 0xcc, 0xcc, 0xff, 0xc2,
    0x3e, 0xab, 0xf8, 0x7, 0xa5, 0x0, 0xff, 0x0,
    0x0, 0x8, 0xf8, 0x7, 0xfd, 0x0, 0xff, 0x0,
    0x0, 0x8, 0xf8, 0x1, 0xff, 0x30, 0xff, 0x0,
    0x0, 0x8, 0xf8, 0x0, 0xaf, 0x9c, 0xff, 0x0,
    0x0, 0x8, 0xf8, 0x0, 0x0, 0xc, 0xff, 0x0,

    /* U+7387 "率" */
    0x1, 0x33, 0x33, 0x3e, 0xf7, 0x33, 0x33, 0x30,
    0x8, 0xff, 0xff, 0xff, 0xff, 0xff, 0xff, 0xf0,
    0x6, 0xbb, 0xbb, 0xef, 0xfb, 0xbb, 0xbb, 0xb0,
    0x6, 0xc8, 0x3, 0xef, 0x47, 0xc9, 0xb, 0xc3,
    0x2, 0xff, 0x5f, 0xfa, 0x6f, 0xd1, 0x5f, 0xd0,
    0x0, 0xaf, 0x9b, 0xff, 0xff, 0x72, 0xcf, 0x60,
    0x0, 0x7c, 0x60, 0x5f, 0xf7, 0xfa, 0x9c, 0x30,
    0x0, 0xef, 0x7c, 0xef, 0xfc, 0xfe, 0x7f, 0xa0,
    0x5, 0xfc, 0x6f, 0xff, 0xff, 0xff, 0x4f, 0xf1,
    0x4, 0x73, 0x0, 0x0, 0x0, 0x0, 0x6, 0x72,
    0x1a, 0xaa, 0xaa, 0xae, 0xfb, 0xaa, 0xaa, 0xa5,
    0x2f, 0xff, 0xff, 0xff, 0xff, 0xff, 0xff, 0xf9,
    0x18, 0x88, 0x88, 0x8e, 0xfa, 0x88, 0x88, 0x84,
    0x0, 0x0, 0x0, 0xd, 0xf4, 0x0, 0x0, 0x0,
    0x0, 0x0, 0x0, 0xd, 0xf4, 0x0, 0x0, 0x0,

    /* U+73AF "环" */
    0x3f, 0xff, 0xff, 0x6f, 0xff, 0xff, 0xff, 0xf5,
    0x3f, 0xff, 0xff, 0x6f, 0xff, 0xff, 0xff, 0xf5,
    0x1, 0x8f, 0xa1, 0x0, 0xb, 0xf5, 0x0, 0x0,
    0x0, 0x7f, 0x90, 0x0, 0xe, 0xf2, 0x0, 0x0,
    0x0, 0x7f, 0x90, 0x0, 0x4f, 0xe0, 0x9a, 0x0,
    0x1, 0x8f, 0xa1, 0x0, 0xbf, 0xb1, 0xbf, 0x40,
    0xf, 0xff, 0xff, 0x24, 0xff, 0xfe, 0x7f, 0x80,
    0xe, 0xff, 0xff, 0x3e, 0xfc, 0xfe, 0x3f, 0xc0,
    0x0, 0x7f, 0x90, 0x9f, 0xd3, 0xfe, 0xe, 0xf1,
    0x0, 0x7f, 0x90, 0xae, 0x22, 0xfe, 0xa, 0xf4,
    0x0, 0x7f, 0x90, 0x61, 0x2, 0xfe, 0x5, 0xb6,
    0x0, 0x8f, 0xc9, 0x50, 0x2, 0xfe, 0x0, 0x0,
    0x4f, 0xff, 0xff, 0x70, 0x2, 0xfe, 0x0, 0x0,
    0x4f, 0xfd, 0xa8, 0x30, 0x2, 0xfe, 0x0, 0x0,
    0x12, 0x0, 0x0, 0x0, 0x2, 0xfe, 0x0, 0x0,

    /* U+7535 "电" */
    0x0, 0x0, 0x2, 0xfe, 0x0, 0x0, 0x0, 0xd,
    0xff, 0xff, 0xff, 0xff, 0xff, 0xff, 0x20, 0xef,
    0xff, 0xff, 0xff, 0xff, 0xff, 0xf2, 0xe, 0xf3,
    0x11, 0x3f, 0xe1, 0x11, 0xef, 0x20, 0xef, 0x20,
    0x2, 0xfe, 0x0, 0xe, 0xf2, 0xe, 0xff, 0xff,
    0xff, 0xff, 0xff, 0xff, 0x20, 0xef, 0xff, 0xff,
    0xff, 0xff, 0xff, 0xf2, 0xe, 0xf3, 0x11, 0x2f,
    0xe1, 0x11, 0xef, 0x20, 0xef, 0x20, 0x2, 0xfe,
    0x0, 0xe, 0xf2, 0xe, 0xff, 0xff, 0xff, 0xff,
    0xff, 0xff, 0x20, 0xef, 0xff, 0xff, 0xff, 0xff,
    0xff, 0xf2, 0x1, 0x11, 0x11, 0x3f, 0xe1, 0x11,
    0x11, 0x0, 0x0, 0x0, 0x2, 0xfe, 0x0, 0x0,
    0x0, 0x0, 0x0, 0x0, 0x2f, 0xff, 0xff, 0xff,
    0xf8, 0x0, 0x0, 0x2, 0xff, 0xff, 0xff, 0xff,
    0x80,

    /* U+76D8 "盘" */
    0x1, 0xff, 0xff, 0xff, 0xff, 0xff, 0xf8, 0x0,
    0x1, 0xff, 0xff, 0xff, 0xff, 0xff, 0xf8, 0x0,
    0x1, 0xff, 0x0, 0x24, 0x10, 0x8, 0xf8, 0x0,
    0x1, 0xff, 0x0, 0x7f, 0xa0, 0x8, 0xf8, 0x0,
    0x6e, 0xff, 0xee, 0xef, 0xfe, 0xef, 0xff, 0xe0,
    0x6f, 0xff, 0xff, 0xff, 0xff, 0xff, 0xff, 0xf0,
    0x8, 0xfa, 0x0, 0x6a, 0x60, 0x8, 0xf8, 0x0,
    0xc, 0xf6, 0x0, 0x6f, 0xc0, 0x8, 0xf8, 0x0,
    0x1a, 0xa2, 0x0, 0x2a, 0x90, 0x5, 0xa5, 0x0,
    0x8, 0xff, 0xff, 0xff, 0xff, 0xff, 0xff, 0x10,
    0x8, 0xff, 0xef, 0xfe, 0xff, 0xfe, 0xff, 0x10,
    0x8, 0xf8, 0xe, 0xf0, 0x7f, 0x70, 0xff, 0x10,
    0xbf, 0xff, 0xff, 0xff, 0xff, 0xff, 0xff, 0xf4,
    0xbf, 0xff, 0xff, 0xff, 0xff, 0xff, 0xff, 0xf4,

    /* U+76F8 "相" */
    0x0, 0x9, 0xf7, 0x2, 0xff, 0xff, 0xff, 0xf2,
    0xbb, 0xef, 0xd9, 0x2f, 0xff, 0xff, 0xff, 0x3f,
    0xff, 0xff, 0xd2, 0xfe, 0x0, 0x2f, 0xf2, 0xcc,
    0xef, 0xda, 0x2f, 0xe0, 0x1, 0xff, 0x4, 0x49,
    0xf7, 0x2, 0xff, 0x77, 0x8f, 0xf0, 0xec, 0x9f,
    0x70, 0x2f, 0xff, 0xff, 0xff, 0xf, 0xb9, 0xff,
    0x62, 0xff, 0x77, 0x8f, 0xf0, 0xfb, 0x9f, 0xfd,
    0x2f, 0xe0, 0x1, 0xff, 0xf, 0xb9, 0xfa, 0xa2,
    0xff, 0xcc, 0xcf, 0xf0, 0xfa, 0x9f, 0x70, 0x2f,
    0xff, 0xff, 0xff, 0x2f, 0x99, 0xf7, 0x2, 0xfe,
    0x22, 0x3f, 0xf3, 0xf7, 0x9f, 0x70, 0x2f, 0xe1,
    0x12, 0xff, 0x5f, 0x69, 0xf7, 0x2, 0xff, 0xff,
    0xff, 0xf6, 0xf4, 0x9f, 0x70, 0x2f, 0xff, 0xff,
    0xff, 0x0, 0x9, 0xf7, 0x0, 0x0, 0x0, 0x0,
    0x0,

    /* U+7F6E "置" */
    0x8, 0xff, 0xff, 0xff, 0xff, 0xff, 0xff, 0x40,
    0x8, 0xfa, 0x4d, 0xf5, 0x8f, 0xb4, 0xcf, 0x40,
    0x8, 0xfe, 0xdf, 0xfe, 0xef, 0xfd, 0xff, 0x40,
    0x3, 0x77, 0x77, 0x9f, 0xf7, 0x77, 0x77, 0x20,
    0xe, 0xff, 0xff, 0xff, 0xff, 0xff, 0xff, 0xa0,
    0x8, 0x99, 0x99, 0xaf, 0xf9, 0x99, 0x99, 0x60,
    0x0, 0xce, 0xee, 0xef, 0xfe, 0xee, 0xe8, 0x0,
    0x0, 0xdf, 0xa9, 0x99, 0x99, 0x9c, 0xf9, 0x0,
    0x0, 0xdf, 0xff, 0xff, 0xff, 0xff, 0xf9, 0x0,
    0x0, 0xdf, 0xa9, 0x99, 0x99, 0x9c, 0xf9, 0x0,
    0x0, 0xdf, 0xba, 0xaa, 0xaa, 0xac, 0xf9, 0x0,
    0x0, 0xdf, 0xff, 0xff, 0xff, 0xff, 0xf9, 0x0,
    0x2b, 0xff, 0xdd, 0xdd, 0xdd, 0xde, 0xfe, 0xb2,
    0x3f, 0xff, 0xff, 0xff, 0xff, 0xff, 0xff, 0xf3,

    /* U+81EA "自" */
    0x1, 0x11, 0x15, 0xfd, 0x11, 0x11, 0x10, 0x1f,
    0xff, 0xff, 0xff, 0xff, 0xff, 0xf1, 0x1f, 0xff,
    0xff, 0xff, 0xff, 0xff, 0xf1, 0x1f, 0xf0, 0x0,
    0x0, 0x0, 0xf, 0xf1, 0x1f, 0xf1, 0x0, 0x0,
    0x0, 0x1f, 0xf1, 0x1f, 0xff, 0xff, 0xff, 0xff,
    0xff, 0xf1, 0x1f, 0xff, 0xff, 0xff, 0xff, 0xff,
    0xf1, 0x1f, 0xf0, 0x0, 0x0, 0x0, 0xf, 0xf1,
    0x1f, 0xf3, 0x33, 0x33, 0x33, 0x3f, 0xf1, 0x1f,
    0xff, 0xff, 0xff, 0xff, 0xff, 0xf1, 0x1f, 0xfc,
    0xcc, 0xcc, 0xcc, 0xcf, 0xf1, 0x1f, 0xf0, 0x0,
    0x0, 0x0, 0xf, 0xf1, 0x1f, 0xff, 0xff, 0xff,
    0xff, 0xff, 0xf1, 0x1f, 0xff, 0xff, 0xff, 0xff,
    0xff, 0xf1,

    /* U+82F1 "英" */
    0x0, 0x2, 0xff, 0x0, 0x6, 0xfa, 0x0, 0x0,
    0x4f, 0xff, 0xff, 0xff, 0xff, 0xff, 0xff, 0xd0,
    0x4f, 0xff, 0xff, 0xff, 0xff, 0xff, 0xff, 0xc0,
    0x0, 0x1, 0xdd, 0x2a, 0x75, 0xd9, 0x0, 0x0,
    0x4, 0xbb, 0xbb, 0xcf, 0xfb, 0xbb, 0xbb, 0x0,
    0x6, 0xff, 0xff, 0xff, 0xff, 0xff, 0xff, 0x0,
    0x6, 0xfb, 0x33, 0x6f, 0xd3, 0x34, 0xff, 0x0,
    0x6, 0xfa, 0x0, 0x3f, 0xc0, 0x1, 0xff, 0x0,
    0x28, 0xfb, 0x33, 0x6f, 0xd3, 0x34, 0xff, 0x30,
    0xbf, 0xff, 0xff, 0xff, 0xff, 0xff, 0xff, 0xf4,
    0x8b, 0xbb, 0xbe, 0xff, 0xff, 0xcb, 0xbb, 0xb3,
    0x0, 0x0, 0x7f, 0xf9, 0xef, 0xc3, 0x0, 0x0,
    0x4, 0x9e, 0xff, 0x80, 0x2d, 0xff, 0xc6, 0x20,
    0x7f, 0xff, 0xc3, 0x0, 0x0, 0x8e, 0xff, 0xf0,
    0x6c, 0x82, 0x0, 0x0, 0x0, 0x0, 0x5a, 0xd0,

    /* U+89C6 "视" */
    0x0, 0x3f, 0xd0, 0x1f, 0xff, 0xff, 0xff, 0xc0,
    0x0, 0x3f, 0xd0, 0x1f, 0xff, 0xff, 0xff, 0xc0,
    0xf, 0xff, 0xff, 0x6f, 0xd1, 0x11, 0x3f, 0xc0,
    0xe, 0xff, 0xff, 0x3f, 0xd0, 0x53, 0x2f, 0xc0,
    0x0, 0x6, 0xfd, 0x1f, 0xd1, 0xfa, 0x2f, 0xc0,
    0x0, 0xc, 0xf7, 0x1f, 0xd1, 0xfa, 0x2f, 0xc0,
    0x0, 0x4f, 0xf1, 0x1f, 0xd1, 0xfa, 0x2f, 0xc0,
    0x0, 0xdf, 0xfd, 0x4f, 0xd2, 0xf9, 0x2f, 0xc0,
    0x7, 0xff, 0xff, 0x9f, 0xd4, 0xf8, 0x2f, 0xc0,
    0xa, 0xcf, 0xe5, 0x7e, 0xc6, 0xf6, 0x2e, 0xa0,
    0x0, 0x2f, 0xe0, 0x0, 0xb, 0xf5, 0x30, 0x0,
    0x0, 0x2f, 0xe0, 0x0, 0x1f, 0xec, 0xf1, 0x0,
    0x0, 0x2f, 0xe0, 0x0, 0x9f, 0x8c, 0xf1, 0x0,
    0x0, 0x2f, 0xe0, 0x4, 0xff, 0x1c, 0xff, 0xf5,
    0x0, 0x2f, 0xe0, 0x2e, 0xf6, 0xc, 0xff, 0xf5,

    /* U+89E3 "解" */
    0x0, 0x8f, 0xff, 0xfc, 0x9e, 0xee, 0xee, 0xc0,
    0x1, 0xff, 0xef, 0xf9, 0xaf, 0xff, 0xff, 0xe0,
    0xc, 0xf9, 0xa, 0xf4, 0xa, 0xf5, 0x1f, 0xd0,
    0x3f, 0xf8, 0x6f, 0xf6, 0xe, 0xf1, 0x1f, 0xd0,
    0x2e, 0xff, 0xff, 0xfe, 0x6f, 0xb4, 0xff, 0xd0,
    0xb, 0xf3, 0xf5, 0xee, 0xbd, 0x33, 0xdd, 0xa0,
    0xb, 0xf7, 0xf8, 0xee, 0x4b, 0x38, 0x90, 0x0,
    0xb, 0xff, 0xff, 0xfe, 0x7f, 0xdf, 0xfd, 0xd1,
    0xb, 0xf9, 0xfa, 0xfe, 0x9f, 0xff, 0xff, 0xf2,
    0xb, 0xf3, 0xf5, 0xee, 0xcf, 0x1e, 0xf2, 0x0,
    0xc, 0xfb, 0xfc, 0xfe, 0x87, 0xe, 0xf2, 0x0,
    0xd, 0xff, 0xff, 0xfe, 0xdf, 0xff, 0xff, 0xf5,
    0xf, 0xe6, 0xf7, 0xee, 0xad, 0xdf, 0xfd, 0xd4,
    0x3f, 0xb4, 0xf5, 0xee, 0x0, 0xe, 0xf1, 0x0,
    0x6f, 0x84, 0xf5, 0xee, 0x0, 0xe, 0xf1, 0x0,
    0x0, 0x0, 0x0, 0x0, 0x0, 0x0, 0x0, 0x0,

    /* U+8A00 "言" */
    0x0, 0x0, 0x0, 0xd, 0xf5, 0x0, 0x0, 0x0,
    0x1f, 0xff, 0xff, 0xff, 0xff, 0xff, 0xff, 0xf8,
    0x1e, 0xee, 0xee, 0xee, 0xee, 0xee, 0xee, 0xe7,
    0x0, 0x11, 0x11, 0x11, 0x11, 0x11, 0x11, 0x0,
    0x0, 0xbf, 0xff, 0xff, 0xff, 0xff, 0xff, 0x20,
    0x0, 0x8b, 0xbb, 0xbb, 0xbb, 0xbb, 0xbb, 0x10,
    0x0, 0x57, 0x77, 0x77, 0x77, 0x77, 0x77, 0x10,
    0x0, 0xbf, 0xff, 0xff, 0xff, 0xff, 0xff, 0x20,
    0x0, 0x23, 0x33, 0x33, 0x33, 0x33, 0x33, 0x0,
    0x1, 0xff, 0xff, 0xff, 0xff, 0xff, 0xff, 0x80,
    0x1, 0xff, 0xdd, 0xdd, 0xdd, 0xdd, 0xef, 0x80,
    0x1, 0xff, 0x0, 0x0, 0x0, 0x0, 0x8f, 0x80,
    0x1, 0xff, 0xee, 0xee, 0xee, 0xee, 0xff, 0x80,
    0x1, 0xff, 0xff, 0xff, 0xff, 0xff, 0xff, 0x80,

    /* U+8BBE "设" */
    0x0, 0xef, 0x30, 0x9, 0xff, 0xff, 0xff, 0x0,
    0x0, 0xaf, 0x80, 0x9, 0xff, 0xff, 0xff, 0x0,
    0x0, 0x5f, 0xd0, 0xa, 0xf5, 0x11, 0xff, 0x0,
    0x0, 0x7, 0x70, 0xc, 0xf2, 0x0, 0xff, 0x31,
    0x6, 0x66, 0x50, 0xf, 0xf0, 0x0, 0xff, 0xf5,
    0x2f, 0xff, 0xe0, 0x7f, 0x90, 0x0, 0xbc, 0xc3,
    0x1c, 0xdf, 0xe0, 0x2a, 0xaa, 0xaa, 0xaa, 0x90,
    0x0, 0x3f, 0xe0, 0xe, 0xff, 0xff, 0xff, 0xa0,
    0x0, 0x3f, 0xe0, 0x8, 0xf8, 0x1, 0xdf, 0x40,
    0x0, 0x3f, 0xe0, 0x1, 0xef, 0x4a, 0xfb, 0x0,
    0x0, 0x3f, 0xe0, 0x0, 0x5f, 0xff, 0xe1, 0x0,
    0x0, 0x3f, 0xfe, 0x10, 0x6f, 0xff, 0xb1, 0x0,
    0x0, 0x3f, 0xff, 0x8e, 0xff, 0xbe, 0xff, 0xa1,
    0x0, 0x3f, 0xc6, 0xcf, 0xd4, 0x0, 0x7e, 0xf3,
    0x0, 0x13, 0x0, 0x63, 0x0, 0x0, 0x0, 0x62,

    /* U+8BED "语" */
    0x7, 0xfa, 0x0, 0xbd, 0xdd, 0xdd, 0xdd, 0xd4,
    0x2, 0xff, 0x0, 0xdf, 0xff, 0xff, 0xff, 0xf5,
    0x0, 0xdf, 0x50, 0x0, 0x6f, 0xb0, 0x0, 0x0,
    0x0, 0x47, 0x40, 0x6b, 0xdf, 0xdb, 0xbb, 0x50,
    0x2, 0x22, 0x0, 0x8f, 0xff, 0xff, 0xff, 0x80,
    0x7f, 0xff, 0x10, 0x2, 0xfe, 0x0, 0x7f, 0x80,
    0x5d, 0xff, 0x12, 0xff, 0xff, 0xff, 0xff, 0xfa,
    0x0, 0xff, 0x12, 0xdd, 0xdd, 0xdd, 0xdd, 0xd8,
    0x0, 0xff, 0x10, 0x0, 0x0, 0x0, 0x0, 0x0,
    0x0, 0xff, 0x10, 0x9f, 0xff, 0xff, 0xff, 0xf1,
    0x0, 0xff, 0x10, 0x9f, 0xec, 0xcc, 0xcf, 0xf1,
    0x0, 0xff, 0xe5, 0x9f, 0x70, 0x0, 0xf, 0xf1,
    0x0, 0xff, 0xf4, 0x9f, 0xec, 0xcc, 0xcf, 0xf1,
    0x0, 0xe7, 0x10, 0x9f, 0xff, 0xff, 0xff, 0xf1,
    0x0, 0x0, 0x0, 0x0, 0x0, 0x0, 0x0, 0x0,

    /* U+8D28 "质" */
    0x0, 0x0, 0x11, 0x12, 0x24, 0x56, 0x78, 0x60,
    0x2, 0xff, 0xff, 0xff, 0xff, 0xff, 0xff, 0xa0,
    0x2, 0xff, 0xee, 0xdd, 0xef, 0xea, 0x87, 0x40,
    0x2, 0xfe, 0x0, 0x0, 0x7f, 0xa0, 0x0, 0x0,
    0x2, 0xff, 0xff, 0xff, 0xff, 0xff, 0xff, 0xf9,
    0x2, 0xff, 0xff, 0xff, 0xff, 0xff, 0xff, 0xf9,
    0x2, 0xfe, 0x11, 0x11, 0xaf, 0x81, 0x11, 0x10,
    0x2, 0xfe, 0xa, 0xdd, 0xff, 0xed, 0xdd, 0xa0,
    0x2, 0xfe, 0xd, 0xff, 0xff, 0xff, 0xff, 0xc0,
    0x3, 0xfe, 0xd, 0xf3, 0x38, 0x71, 0x5f, 0xc0,
    0x4, 0xfd, 0xd, 0xf1, 0x5f, 0xb0, 0x3f, 0xc0,
    0x5, 0xfc, 0xd, 0xf1, 0xbf, 0x80, 0x3f, 0xc0,
    0x7, 0xfa, 0x6, 0x77, 0xff, 0xf9, 0x57, 0x50,
    0xa, 0xf8, 0x27, 0xcf, 0xf9, 0xef, 0xfd, 0x71,
    0xe, 0xf4, 0x8f, 0xff, 0x90, 0x29, 0xef, 0xf8,
    0x2f, 0xf1, 0x8f, 0xa3, 0x0, 0x0, 0x5, 0xc8,
    0x0, 0x0, 0x0, 0x0, 0x0, 0x0, 0x0, 0x0,

    /* U+8F6C "转" */
    0x0, 0x9f, 0x70, 0x0, 0x0, 0xaf, 0x80, 0x0,
    0x3f, 0xff, 0xff, 0xf9, 0xdd, 0xff, 0xed, 0xd1,
    0x3f, 0xff, 0xff, 0xfa, 0xff, 0xff, 0xff, 0xf2,
    0x4, 0xfd, 0x0, 0x0, 0x17, 0xfc, 0x11, 0x10,
    0x7, 0xfc, 0xc9, 0x2, 0x2a, 0xfa, 0x22, 0x21,
    0xa, 0xf9, 0xfc, 0xd, 0xff, 0xff, 0xff, 0xf7,
    0xd, 0xf8, 0xfc, 0x2a, 0xdf, 0xfc, 0xcc, 0xc5,
    0x1f, 0xff, 0xff, 0xf0, 0x6f, 0xc0, 0x0, 0x0,
    0x3c, 0xcd, 0xff, 0xc0, 0xbf, 0xff, 0xff, 0xf3,
    0x0, 0x4, 0xfc, 0x1, 0xab, 0xbb, 0xcf, 0xe0,
    0x3, 0x5a, 0xff, 0xf8, 0x0, 0x0, 0xbf, 0x80,
    0x5f, 0xff, 0xff, 0xf7, 0x86, 0x4a, 0xfd, 0x0,
    0x5d, 0xbb, 0xfc, 0x0, 0xff, 0xff, 0xfb, 0x40,
    0x0, 0x4, 0xfc, 0x0, 0x57, 0xad, 0xff, 0xf3,
    0x0, 0x4, 0xfc, 0x0, 0x0, 0x0, 0x27, 0xe3,
    0x0, 0x0, 0x0, 0x0, 0x0, 0x0, 0x0, 0x0,

    /* U+8FDE "连" */
    0x0, 0x0, 0x0, 0x0, 0x11, 0x0, 0x0, 0x0,
    0xdf, 0x50, 0x22, 0x5f, 0xf2, 0x22, 0x21, 0x8,
    0xf9, 0xe, 0xff, 0xff, 0xff, 0xff, 0x70, 0x2f,
    0xd0, 0xdf, 0xff, 0xff, 0xff, 0xf6, 0x0, 0x9a,
    0x10, 0x6f, 0xc6, 0x60, 0x0, 0x2, 0x33, 0x30,
    0xc, 0xf6, 0xff, 0x0, 0x0, 0xbf, 0xff, 0x38,
    0xff, 0xaf, 0xfa, 0xaa, 0x19, 0xdf, 0xf3, 0xcf,
    0xff, 0xff, 0xff, 0xf1, 0x0, 0xaf, 0x23, 0x44,
    0x4f, 0xf5, 0x44, 0x0, 0xc, 0xf2, 0x77, 0x77,
    0xff, 0x77, 0x75, 0x0, 0xef, 0x2f, 0xff, 0xff,
    0xff, 0xff, 0xc0, 0xf, 0xd1, 0x88, 0x88, 0xff,
    0x88, 0x86, 0x4, 0xfb, 0x0, 0x0, 0xf, 0xf0,
    0x0, 0x0, 0x8f, 0xfb, 0x52, 0x11, 0x22, 0x11,
    0x11, 0xd, 0xff, 0xff, 0xff, 0xff, 0xff, 0xff,
    0xf2, 0xff, 0x59, 0xcd, 0xee, 0xee, 0xee, 0xed,
    0x0, 0x0, 0x0, 0x0, 0x0, 0x0, 0x0, 0x0,

    /* U+9000 "退" */
    0xe, 0xf3, 0xd, 0xee, 0xee, 0xee, 0xee, 0x10,
    0xa, 0xf8, 0xe, 0xfc, 0xcc, 0xcc, 0xff, 0x20,
    0x5, 0xfd, 0xe, 0xf8, 0x77, 0x77, 0xff, 0x20,
    0x0, 0x77, 0xe, 0xff, 0xff, 0xff, 0xff, 0x20,
    0x12, 0x22, 0xe, 0xf5, 0x33, 0x33, 0xff, 0x20,
    0xbf, 0xff, 0x3e, 0xfd, 0xdd, 0xdd, 0xff, 0x20,
    0xbf, 0xff, 0x3e, 0xfd, 0xdf, 0xfd, 0xdd, 0x10,
    0x0, 0xff, 0x2e, 0xf2, 0x9, 0xf4, 0x2d, 0x80,
    0x0, 0xff, 0x1e, 0xf2, 0x2, 0xfd, 0xbf, 0x10,
    0x2, 0xfe, 0xe, 0xf2, 0x0, 0x7f, 0xf6, 0x0,
    0x5, 0xfc, 0xe, 0xff, 0xf1, 0x6, 0xff, 0xc0,
    0x9, 0xfb, 0x1e, 0xff, 0xf1, 0x0, 0x18, 0xa0,
    0xd, 0xff, 0xff, 0xff, 0xff, 0xff, 0xff, 0xf1,
    0x2f, 0xf6, 0xbe, 0xff, 0xff, 0xff, 0xff, 0xf1,
    0x2, 0x20, 0x0, 0x0, 0x0, 0x0, 0x0, 0x0,

    /* U+91CF "量" */
    0x0, 0xbf, 0xff, 0xff, 0xff, 0xff, 0xfb, 0x0,
    0x0, 0xbf, 0x84, 0x44, 0x44, 0x48, 0xfb, 0x0,
    0x0, 0xbf, 0xff, 0xff, 0xff, 0xff, 0xfb, 0x0,
    0x0, 0xbf, 0xb9, 0x99, 0x99, 0x9b, 0xfb, 0x0,
    0x1, 0x79, 0x99, 0x99, 0x99, 0x99, 0x97, 0x10,
    0xd, 0xff, 0xff, 0xff, 0xff, 0xff, 0xff, 0xd0,
    0x2, 0xaa, 0xaa, 0xaa, 0xaa, 0xaa, 0xaa, 0x20,
    0x0, 0xff, 0xaa, 0xaf, 0xfa, 0xaa, 0xff, 0x0,
    0x0, 0xff, 0xff, 0xff, 0xff, 0xff, 0xff, 0x0,
    0x0, 0xff, 0x66, 0x7f, 0xf7, 0x66, 0xff, 0x0,
    0x0, 0xff, 0xff, 0xff, 0xff, 0xff, 0xff, 0x0,
    0x3, 0x88, 0x88, 0x8f, 0xf8, 0x88, 0x88, 0x30,
    0x7, 0xdd, 0xdd, 0xdf, 0xfd, 0xdd, 0xdd, 0x70,
    0x18, 0x88, 0x88, 0x8f, 0xf8, 0x88, 0x88, 0x81,
    0x3f, 0xff, 0xff, 0xff, 0xff, 0xff, 0xff, 0xf3,

    /* U+95ED "闭" */
    0xd, 0xf5, 0xa, 0xff, 0xff, 0xff, 0xfd, 0x5,
    0xfe, 0xa, 0xff, 0xff, 0xff, 0xfd, 0x0, 0x9a,
    0x40, 0x0, 0x0, 0x4, 0xfd, 0x0, 0x0, 0x0,
    0x1, 0x31, 0x3, 0xfd, 0xef, 0x20, 0x11, 0x1a,
    0xf7, 0x3, 0xfd, 0xef, 0x2e, 0xff, 0xff, 0xff,
    0x63, 0xfd, 0xef, 0x2e, 0xff, 0xff, 0xff, 0x53,
    0xfd, 0xef, 0x20, 0x0, 0x2c, 0xf6, 0x3, 0xfd,
    0xef, 0x20, 0x4b, 0xff, 0xf6, 0x3, 0xfd, 0xef,
    0x2d, 0xff, 0xfe, 0xf6, 0x3, 0xfd, 0xef, 0x2e,
    0xd6, 0x9, 0xf6, 0x3, 0xfd, 0xef, 0x23, 0x0,
    0xce, 0xf6, 0x3, 0xfd, 0xef, 0x20, 0x0, 0xff,
    0xf6, 0x4, 0xfd, 0xef, 0x20, 0x0, 0x44, 0x41,
    0x9f, 0xfd, 0xef, 0x20, 0x0, 0x0, 0x0, 0x9f,
    0xfd,

    /* U+95F4 "间" */
    0xd, 0xf4, 0xa, 0xff, 0xff, 0xff, 0xfc, 0x6,
    0xfd, 0xa, 0xff, 0xff, 0xff, 0xfc, 0x0, 0xaa,
    0x30, 0x0, 0x0, 0x4, 0xfc, 0x0, 0x0, 0x0,
    0x0, 0x0, 0x4, 0xfc, 0xef, 0x2d, 0xff, 0xff,
    0xff, 0x14, 0xfc, 0xef, 0x2d, 0xfd, 0xdd, 0xff,
    0x14, 0xfc, 0xef, 0x2d, 0xf2, 0x0, 0xef, 0x14,
    0xfc, 0xef, 0x2d, 0xfb, 0xaa, 0xff, 0x14, 0xfc,
    0xef, 0x2d, 0xff, 0xff, 0xff, 0x14, 0xfc, 0xef,
    0x2d, 0xf4, 0x22, 0xef, 0x14, 0xfc, 0xef, 0x2d,
    0xf2, 0x0, 0xef, 0x14, 0xfc, 0xef, 0x2d, 0xfd,
    0xdd, 0xff, 0x14, 0xfc, 0xef, 0x2d, 0xff, 0xff,
    0xff, 0x14, 0xfc, 0xef, 0x20, 0x0, 0x0, 0x0,
    0x1f, 0xfc, 0xef, 0x20, 0x0, 0x0, 0x0, 0x1f,
    0xfc,

    /* U+97F3 "音" */
    0x6, 0xff, 0xff, 0xff, 0xff, 0xff, 0xff, 0x60,
    0x6, 0xff, 0xff, 0xff, 0xff, 0xff, 0xff, 0x60,
    0x0, 0x4, 0xfe, 0x0, 0x0, 0xef, 0x40, 0x0,
    0x0, 0x0, 0xef, 0x50, 0x5, 0xfe, 0x0, 0x0,
    0x3f, 0xff, 0xff, 0xff, 0xff, 0xff, 0xff, 0xf3,
    0x3f, 0xff, 0xff, 0xff, 0xff, 0xff, 0xff, 0xf3,
    0x0, 0x0, 0x0, 0x0, 0x0, 0x0, 0x0, 0x0,
    0x0, 0xbe, 0xee, 0xee, 0xee, 0xee, 0xeb, 0x0,
    0x0, 0xcf, 0xff, 0xff, 0xff, 0xff, 0xfc, 0x0,
    0x0, 0xcf, 0x51, 0x11, 0x11, 0x15, 0xfc, 0x0,
    0x0, 0xcf, 0xff, 0xff, 0xff, 0xff, 0xfc, 0x0,
    0x0, 0xcf, 0xcb, 0xbb, 0xbb, 0xbc, 0xfc, 0x0,
    0x0, 0xcf, 0xee, 0xee, 0xee, 0xee, 0xfc, 0x0,
    0x0, 0xcf, 0xff, 0xff, 0xff, 0xff, 0xfc, 0x0,

    /* U+9879 "项" */
    0x26, 0x66, 0x65, 0xff, 0xff, 0xff, 0xff, 0xf1,
    0x6f, 0xff, 0xfb, 0xff, 0xff, 0xff, 0xff, 0xf1,
    0x4d, 0xff, 0xd8, 0x0, 0x8, 0xf6, 0x0, 0x0,
    0x0, 0xcf, 0x40, 0x6d, 0xdf, 0xfe, 0xdd, 0x60,
    0x0, 0xcf, 0x40, 0x7f, 0xff, 0xff, 0xff, 0x70,
    0x0, 0xcf, 0x40, 0x7f, 0x81, 0x31, 0x8f, 0x70,
    0x0, 0xcf, 0x40, 0x7f, 0x88, 0xf6, 0x8f, 0x70,
    0x0, 0xcf, 0x40, 0x7f, 0x88, 0xf6, 0x8f, 0x70,
    0x0, 0xcf, 0x40, 0x7f, 0x88, 0xf6, 0x8f, 0x70,
    0x0, 0xcf, 0x65, 0x8f, 0x8a, 0xf6, 0x8f, 0x70,
    0x5a, 0xff, 0xff, 0x8b, 0x6e, 0xff, 0xdb, 0x50,
    0x9f, 0xff, 0xff, 0x20, 0xaf, 0xce, 0xf6, 0x0,
    0x8c, 0x96, 0x30, 0x7d, 0xff, 0x22, 0xff, 0x10,
    0x0, 0x0, 0x0, 0xff, 0xf4, 0x0, 0x8f, 0x70,
    0x0, 0x0, 0x0, 0xfa, 0x20, 0x0, 0x2f, 0xc0,
    0x0, 0x0, 0x0, 0x0, 0x0, 0x0, 0x0, 0x0,

    /* U+9891 "频" */
    0x5, 0x83, 0xfd, 0x54, 0xff, 0xff, 0xff, 0xfa,
    0xa, 0xf4, 0xff, 0xfa, 0xff, 0xff, 0xff, 0xfa,
    0xa, 0xf4, 0xff, 0xc7, 0x0, 0x4f, 0xb0, 0x0,
    0xa, 0xf5, 0xfd, 0x10, 0x9c, 0xdf, 0xec, 0xc3,
    0x2f, 0xff, 0xff, 0xfd, 0xdf, 0xff, 0xff, 0xf5,
    0x2f, 0xff, 0xff, 0xfd, 0xdf, 0x20, 0x9, 0xf5,
    0x1, 0x15, 0x83, 0x10, 0xdf, 0x3e, 0x99, 0xf5,
    0x8, 0xc9, 0xf5, 0xcb, 0xdf, 0x3f, 0xa9, 0xf5,
    0xd, 0xe8, 0xf8, 0xfc, 0xdf, 0x3f, 0xa9, 0xf5,
    0xf, 0xb8, 0xfc, 0xf9, 0xdf, 0x3f, 0xa9, 0xf5,
    0x1e, 0x88, 0xff, 0xf4, 0xac, 0x4f, 0xb7, 0xc3,
    0x0, 0x0, 0xbf, 0xd0, 0x0, 0x9f, 0xfc, 0x0,
    0x2, 0x7e, 0xff, 0x30, 0x18, 0xfe, 0xbf, 0xb0,
    0x2f, 0xff, 0xe3, 0x0, 0xff, 0xf4, 0xd, 0xf4,
    0x2f, 0xc7, 0x0, 0x0, 0xfb, 0x20, 0x6, 0xfa,
    0x0, 0x0, 0x0, 0x0, 0x0, 0x0, 0x0, 0x0
};


/*---------------------
 *  GLYPH DESCRIPTION
 *--------------------*/

static const lv_font_fmt_txt_glyph_dsc_t glyph_dsc[] = {
    {.bitmap_index = 0, .adv_w = 0, .box_w = 0, .box_h = 0, .ofs_x = 0, .ofs_y = 0} /* id = 0 reserved */,
    {.bitmap_index = 0, .adv_w = 67, .box_w = 0, .box_h = 0, .ofs_x = 0, .ofs_y = 0},
    {.bitmap_index = 0, .adv_w = 95, .box_w = 4, .box_h = 11, .ofs_x = 1, .ofs_y = 0},
    {.bitmap_index = 22, .adv_w = 106, .box_w = 6, .box_h = 5, .ofs_x = 0, .ofs_y = 8},
    {.bitmap_index = 37, .adv_w = 154, .box_w = 10, .box_h = 11, .ofs_x = 0, .ofs_y = 0},
    {.bitmap_index = 92, .adv_w = 151, .box_w = 9, .box_h = 16, .ofs_x = 0, .ofs_y = -3},
    {.bitmap_index = 164, .adv_w = 213, .box_w = 13, .box_h = 11, .ofs_x = 0, .ofs_y = 0},
    {.bitmap_index = 236, .adv_w = 169, .box_w = 11, .box_h = 11, .ofs_x = 0, .ofs_y = 0},
    {.bitmap_index = 297, .adv_w = 59, .box_w = 3, .box_h = 5, .ofs_x = 0, .ofs_y = 8},
    {.bitmap_index = 305, .adv_w = 101, .box_w = 5, .box_h = 16, .ofs_x = 1, .ofs_y = -2},
    {.bitmap_index = 345, .adv_w = 101, .box_w = 6, .box_h = 16, .ofs_x = 0, .ofs_y = -2},
    {.bitmap_index = 393, .adv_w = 118, .box_w = 7, .box_h = 7, .ofs_x = 0, .ofs_y = 6},
    {.bitmap_index = 418, .adv_w = 148, .box_w = 9, .box_h = 9, .ofs_x = 0, .ofs_y = 1},
    {.bitmap_index = 459, .adv_w = 84, .box_w = 5, .box_h = 5, .ofs_x = 0, .ofs_y = -2},
    {.bitmap_index = 472, .adv_w = 113, .box_w = 5, .box_h = 2, .ofs_x = 1, .ofs_y = 4},
    {.bitmap_index = 477, .adv_w = 84, .box_w = 3, .box_h = 3, .ofs_x = 1, .ofs_y = 0},
    {.bitmap_index = 482, .adv_w = 128, .box_w = 8, .box_h = 13, .ofs_x = 0, .ofs_y = 0},
    {.bitmap_index = 534, .adv_w = 151, .box_w = 9, .box_h = 11, .ofs_x = 0, .ofs_y = 0},
    {.bitmap_index = 584, .adv_w = 108, .box_w = 6, .box_h = 11, .ofs_x = 0, .ofs_y = 0},
    {.bitmap_index = 617, .adv_w = 151, .box_w = 9, .box_h = 11, .ofs_x = 0, .ofs_y = 0},
    {.bitmap_index = 667, .adv_w = 151, .box_w = 8, .box_h = 11, .ofs_x = 1, .ofs_y = 0},
    {.bitmap_index = 711, .adv_w = 151, .box_w = 9, .box_h = 11, .ofs_x = 0, .ofs_y = 0},
    {.bitmap_index = 761, .adv_w = 151, .box_w = 8, .box_h = 11, .ofs_x = 1, .ofs_y = 0},
    {.bitmap_index = 805, .adv_w = 151, .box_w = 9, .box_h = 11, .ofs_x = 0, .ofs_y = 0},
    {.bitmap_index = 855, .adv_w = 141, .box_w = 9, .box_h = 11, .ofs_x = 0, .ofs_y = 0},
    {.bitmap_index = 905, .adv_w = 151, .box_w = 9, .box_h = 11, .ofs_x = 0, .ofs_y = 0},
    {.bitmap_index = 955, .adv_w = 151, .box_w = 9, .box_h = 11, .ofs_x = 0, .ofs_y = 0},
    {.bitmap_index = 1005, .adv_w = 103, .box_w = 4, .box_h = 9, .ofs_x = 1, .ofs_y = 0},
    {.bitmap_index = 1023, .adv_w = 103, .box_w = 5, .box_h = 11, .ofs_x = 0, .ofs_y = -2},
    {.bitmap_index = 1051, .adv_w = 148, .box_w = 9, .box_h = 11, .ofs_x = 0, .ofs_y = 0},
    {.bitmap_index = 1101, .adv_w = 148, .box_w = 9, .box_h = 7, .ofs_x = 0, .ofs_y = 2},
    {.bitmap_index = 1133, .adv_w = 148, .box_w = 9, .box_h = 11, .ofs_x = 0, .ofs_y = 0},
    {.bitmap_index = 1183, .adv_w = 115, .box_w = 7, .box_h = 11, .ofs_x = 0, .ofs_y = 0},
    {.bitmap_index = 1222, .adv_w = 219, .box_w = 14, .box_h = 13, .ofs_x = 0, .ofs_y = -2},
    {.bitmap_index = 1313, .adv_w = 186, .box_w = 12, .box_h = 11, .ofs_x = 0, .ofs_y = 0},
    {.bitmap_index = 1379, .adv_w = 173, .box_w = 11, .box_h = 11, .ofs_x = 0, .ofs_y = 0},
    {.bitmap_index = 1440, .adv_w = 175, .box_w = 11, .box_h = 11, .ofs_x = 0, .ofs_y = 0},
    {.bitmap_index = 1501, .adv_w = 180, .box_w = 11, .box_h = 11, .ofs_x = 0, .ofs_y = 0},
    {.bitmap_index = 1562, .adv_w = 149, .box_w = 9, .box_h = 11, .ofs_x = 0, .ofs_y = 0},
    {.bitmap_index = 1612, .adv_w = 142, .box_w = 9, .box_h = 11, .ofs_x = 0, .ofs_y = 0},
    {.bitmap_index = 1662, .adv_w = 180, .box_w = 11, .box_h = 11, .ofs_x = 0, .ofs_y = 0},
    {.bitmap_index = 1723, .adv_w = 184, .box_w = 11, .box_h = 11, .ofs_x = 0, .ofs_y = 0},
    {.bitmap_index = 1784, .adv_w = 74, .box_w = 3, .box_h = 11, .ofs_x = 1, .ofs_y = 0},
    {.bitmap_index = 1801, .adv_w = 84, .box_w = 6, .box_h = 14, .ofs_x = -1, .ofs_y = -3},
    {.bitmap_index = 1843, .adv_w = 172, .box_w = 11, .box_h = 11, .ofs_x = 0, .ofs_y = 0},
    {.bitmap_index = 1904, .adv_w = 134, .box_w = 9, .box_h = 11, .ofs_x = 0, .ofs_y = 0},
    {.bitmap_index = 1954, .adv_w = 227, .box_w = 14, .box_h = 11, .ofs_x = 0, .ofs_y = 0},
    {.bitmap_index = 2031, .adv_w = 186, .box_w = 11, .box_h = 11, .ofs_x = 0, .ofs_y = 0},
    {.bitmap_index = 2092, .adv_w = 203, .box_w = 13, .box_h = 11, .ofs_x = 0, .ofs_y = 0},
    {.bitmap_index = 2164, .adv_w = 169, .box_w = 11, .box_h = 11, .ofs_x = 0, .ofs_y = 0},
    {.bitmap_index = 2225, .adv_w = 205, .box_w = 13, .box_h = 12, .ofs_x = 0, .ofs_y = -1},
    {.bitmap_index = 2303, .adv_w = 169, .box_w = 11, .box_h = 11, .ofs_x = 0, .ofs_y = 0},
    {.bitmap_index = 2364, .adv_w = 145, .box_w = 9, .box_h = 11, .ofs_x = 0, .ofs_y = 0},
    {.bitmap_index = 2414, .adv_w = 143, .box_w = 9, .box_h = 11, .ofs_x = 0, .ofs_y = 0},
    {.bitmap_index = 2464, .adv_w = 188, .box_w = 11, .box_h = 11, .ofs_x = 0, .ofs_y = 0},
    {.bitmap_index = 2525, .adv_w = 184, .box_w = 12, .box_h = 11, .ofs_x = 0, .ofs_y = 0},
    {.bitmap_index = 2591, .adv_w = 239, .box_w = 15, .box_h = 11, .ofs_x = 0, .ofs_y = 0},
    {.bitmap_index = 2674, .adv_w = 187, .box_w = 12, .box_h = 11, .ofs_x = 0, .ofs_y = 0},
    {.bitmap_index = 2740, .adv_w = 166, .box_w = 11, .box_h = 11, .ofs_x = 0, .ofs_y = 0},
    {.bitmap_index = 2801, .adv_w = 167, .box_w = 10, .box_h = 11, .ofs_x = 0, .ofs_y = 0},
    {.bitmap_index = 2856, .adv_w = 85, .box_w = 4, .box_h = 16, .ofs_x = 1, .ofs_y = -2},
    {.bitmap_index = 2888, .adv_w = 129, .box_w = 8, .box_h = 14, .ofs_x = 0, .ofs_y = -1},
    {.bitmap_index = 2944, .adv_w = 85, .box_w = 5, .box_h = 16, .ofs_x = 0, .ofs_y = -2},
    {.bitmap_index = 2984, .adv_w = 148, .box_w = 9, .box_h = 6, .ofs_x = 0, .ofs_y = 6},
    {.bitmap_index = 3011, .adv_w = 128, .box_w = 8, .box_h = 2, .ofs_x = 0, .ofs_y = -3},
    {.bitmap_index = 3019, .adv_w = 111, .box_w = 5, .box_h = 3, .ofs_x = 0, .ofs_y = 11},
    {.bitmap_index = 3027, .adv_w = 158, .box_w = 10, .box_h = 9, .ofs_x = 0, .ofs_y = 0},
    {.bitmap_index = 3072, .adv_w = 158, .box_w = 10, .box_h = 13, .ofs_x = 0, .ofs_y = 0},
    {.bitmap_index = 3137, .adv_w = 136, .box_w = 8, .box_h = 9, .ofs_x = 0, .ofs_y = 0},
    {.bitmap_index = 3173, .adv_w = 158, .box_w = 10, .box_h = 13, .ofs_x = 0, .ofs_y = 0},
    {.bitmap_index = 3238, .adv_w = 155, .box_w = 10, .box_h = 9, .ofs_x = 0, .ofs_y = 0},
    {.bitmap_index = 3283, .adv_w = 102, .box_w = 7, .box_h = 13, .ofs_x = 0, .ofs_y = 0},
    {.bitmap_index = 3329, .adv_w = 157, .box_w = 10, .box_h = 13, .ofs_x = 0, .ofs_y = -4},
    {.bitmap_index = 3394, .adv_w = 153, .box_w = 9, .box_h = 13, .ofs_x = 0, .ofs_y = 0},
    {.bitmap_index = 3453, .adv_w = 73, .box_w = 3, .box_h = 13, .ofs_x = 1, .ofs_y = 0},
    {.bitmap_index = 3473, .adv_w = 81, .box_w = 6, .box_h = 17, .ofs_x = -1, .ofs_y = -4},
    {.bitmap_index = 3524, .adv_w = 141, .box_w = 9, .box_h = 13, .ofs_x = 0, .ofs_y = 0},
    {.bitmap_index = 3583, .adv_w = 81, .box_w = 5, .box_h = 13, .ofs_x = 0, .ofs_y = 0},
    {.bitmap_index = 3616, .adv_w = 227, .box_w = 14, .box_h = 9, .ofs_x = 0, .ofs_y = 0},
    {.bitmap_index = 3679, .adv_w = 155, .box_w = 9, .box_h = 9, .ofs_x = 0, .ofs_y = 0},
    {.bitmap_index = 3720, .adv_w = 161, .box_w = 10, .box_h = 9, .ofs_x = 0, .ofs_y = 0},
    {.bitmap_index = 3765, .adv_w = 162, .box_w = 10, .box_h = 13, .ofs_x = 0, .ofs_y = -4},
    {.bitmap_index = 3830, .adv_w = 163, .box_w = 10, .box_h = 13, .ofs_x = 0, .ofs_y = -4},
    {.bitmap_index = 3895, .adv_w = 104, .box_w = 7, .box_h = 9, .ofs_x = 0, .ofs_y = 0},
    {.bitmap_index = 3927, .adv_w = 123, .box_w = 8, .box_h = 9, .ofs_x = 0, .ofs_y = 0},
    {.bitmap_index = 3963, .adv_w = 94, .box_w = 6, .box_h = 11, .ofs_x = 0, .ofs_y = 0},
    {.bitmap_index = 3996, .adv_w = 155, .box_w = 10, .box_h = 9, .ofs_x = 0, .ofs_y = 0},
    {.bitmap_index = 4041, .adv_w = 153, .box_w = 10, .box_h = 9, .ofs_x = 0, .ofs_y = 0},
    {.bitmap_index = 4086, .adv_w = 225, .box_w = 14, .box_h = 9, .ofs_x = 0, .ofs_y = 0},
    {.bitmap_index = 4149, .adv_w = 155, .box_w = 10, .box_h = 9, .ofs_x = 0, .ofs_y = 0},
    {.bitmap_index = 4194, .adv_w = 149, .box_w = 10, .box_h = 13, .ofs_x = 0, .ofs_y = -4},
    {.bitmap_index = 4259, .adv_w = 132, .box_w = 8, .box_h = 9, .ofs_x = 0, .ofs_y = 0},
    {.bitmap_index = 4295, .adv_w = 89, .box_w = 6, .box_h = 16, .ofs_x = 0, .ofs_y = -2},
    {.bitmap_index = 4343, .adv_w = 57, .box_w = 3, .box_h = 16, .ofs_x = 0, .ofs_y = -2},
    {.bitmap_index = 4367, .adv_w = 89, .box_w = 6, .box_h = 16, .ofs_x = 0, .ofs_y = -2},
    {.bitmap_index = 4415, .adv_w = 148, .box_w = 9, .box_h = 4, .ofs_x = 0, .ofs_y = 4},
    {.bitmap_index = 4433, .adv_w = 256, .box_w = 16, .box_h = 3, .ofs_x = 0, .ofs_y = 5},
    {.bitmap_index = 4457, .adv_w = 256, .box_w = 16, .box_h = 15, .ofs_x = 0, .ofs_y = -2},
    {.bitmap_index = 4577, .adv_w = 256, .box_w = 14, .box_h = 15, .ofs_x = 1, .ofs_y = -2},
    {.bitmap_index = 4682, .adv_w = 256, .box_w = 16, .box_h = 16, .ofs_x = 0, .ofs_y = -2},
    {.bitmap_index = 4810, .adv_w = 256, .box_w = 16, .box_h = 15, .ofs_x = 0, .ofs_y = -2},
    {.bitmap_index = 4930, .adv_w = 256, .box_w = 16, .box_h = 17, .ofs_x = 0, .ofs_y = -3},
    {.bitmap_index = 5066, .adv_w = 256, .box_w = 16, .box_h = 16, .ofs_x = 0, .ofs_y = -3},
    {.bitmap_index = 5194, .adv_w = 256, .box_w = 16, .box_h = 15, .ofs_x = 0, .ofs_y = -2},
    {.bitmap_index = 5314, .adv_w = 256, .box_w = 16, .box_h = 15, .ofs_x = 0, .ofs_y = -2},
    {.bitmap_index = 5434, .adv_w = 256, .box_w = 14, .box_h = 14, .ofs_x = 1, .ofs_y = -1},
    {.bitmap_index = 5532, .adv_w = 256, .box_w = 15, .box_h = 15, .ofs_x = 0, .ofs_y = -2},
    {.bitmap_index = 5645, .adv_w = 256, .box_w = 16, .box_h = 15, .ofs_x = 0, .ofs_y = -2},
    {.bitmap_index = 5765, .adv_w = 256, .box_w = 14, .box_h = 16, .ofs_x = 1, .ofs_y = -2},
    {.bitmap_index = 5877, .adv_w = 256, .box_w = 16, .box_h = 15, .ofs_x = 0, .ofs_y = -2},
    {.bitmap_index = 5997, .adv_w = 256, .box_w = 16, .box_h = 14, .ofs_x = 0, .ofs_y = -1},
    {.bitmap_index = 6109, .adv_w = 256, .box_w = 16, .box_h = 15, .ofs_x = 0, .ofs_y = -2},
    {.bitmap_index = 6229, .adv_w = 256, .box_w = 14, .box_h = 14, .ofs_x = 1, .ofs_y = -1},
    {.bitmap_index = 6327, .adv_w = 256, .box_w = 14, .box_h = 14, .ofs_x = 1, .ofs_y = -1},
    {.bitmap_index = 6425, .adv_w = 256, .box_w = 14, .box_h = 14, .ofs_x = 1, .ofs_y = -1},
    {.bitmap_index = 6523, .adv_w = 256, .box_w = 16, .box_h = 15, .ofs_x = 0, .ofs_y = -2},
    {.bitmap_index = 6643, .adv_w = 256, .box_w = 16, .box_h = 14, .ofs_x = 0, .ofs_y = -1},
    {.bitmap_index = 6755, .adv_w = 256, .box_w = 16, .box_h = 15, .ofs_x = 0, .ofs_y = -2},
    {.bitmap_index = 6875, .adv_w = 256, .box_w = 16, .box_h = 15, .ofs_x = 0, .ofs_y = -2},
    {.bitmap_index = 6995, .adv_w = 256, .box_w = 16, .box_h = 16, .ofs_x = 0, .ofs_y = -3},
    {.bitmap_index = 7123, .adv_w = 256, .box_w = 16, .box_h = 15, .ofs_x = 0, .ofs_y = -2},
    {.bitmap_index = 7243, .adv_w = 256, .box_w = 15, .box_h = 15, .ofs_x = 0, .ofs_y = -2},
    {.bitmap_index = 7356, .adv_w = 256, .box_w = 16, .box_h = 15, .ofs_x = 0, .ofs_y = -2},
    {.bitmap_index = 7476, .adv_w = 256, .box_w = 16, .box_h = 16, .ofs_x = 0, .ofs_y = -3},
    {.bitmap_index = 7604, .adv_w = 256, .box_w = 16, .box_h = 15, .ofs_x = 0, .ofs_y = -2},
    {.bitmap_index = 7724, .adv_w = 256, .box_w = 16, .box_h = 15, .ofs_x = 0, .ofs_y = -2},
    {.bitmap_index = 7844, .adv_w = 256, .box_w = 16, .box_h = 15, .ofs_x = 0, .ofs_y = -2},
    {.bitmap_index = 7964, .adv_w = 256, .box_w = 16, .box_h = 15, .ofs_x = 0, .ofs_y = -2},
    {.bitmap_index = 8084, .adv_w = 256, .box_w = 16, .box_h = 16, .ofs_x = 0, .ofs_y = -2},
    {.bitmap_index = 8212, .adv_w = 256, .box_w = 16, .box_h = 16, .ofs_x = 0, .ofs_y = -2},
    {.bitmap_index = 8340, .adv_w = 256, .box_w = 16, .box_h = 16, .ofs_x = 0, .ofs_y = -3},
    {.bitmap_index = 8468, .adv_w = 256, .box_w = 16, .box_h = 16, .ofs_x = 0, .ofs_y = -3},
    {.bitmap_index = 8596, .adv_w = 256, .box_w = 16, .box_h = 14, .ofs_x = 0, .ofs_y = -1},
    {.bitmap_index = 8708, .adv_w = 256, .box_w = 16, .box_h = 16, .ofs_x = 0, .ofs_y = -2},
    {.bitmap_index = 8836, .adv_w = 256, .box_w = 15, .box_h = 15, .ofs_x = 0, .ofs_y = -2},
    {.bitmap_index = 8949, .adv_w = 256, .box_w = 16, .box_h = 15, .ofs_x = 0, .ofs_y = -2},
    {.bitmap_index = 9069, .adv_w = 256, .box_w = 16, .box_h = 16, .ofs_x = 0, .ofs_y = -3},
    {.bitmap_index = 9197, .adv_w = 256, .box_w = 16, .box_h = 17, .ofs_x = 0, .ofs_y = -3},
    {.bitmap_index = 9333, .adv_w = 256, .box_w = 16, .box_h = 15, .ofs_x = 0, .ofs_y = -2},
    {.bitmap_index = 9453, .adv_w = 256, .box_w = 16, .box_h = 17, .ofs_x = 0, .ofs_y = -3},
    {.bitmap_index = 9589, .adv_w = 256, .box_w = 16, .box_h = 15, .ofs_x = 0, .ofs_y = -2},
    {.bitmap_index = 9709, .adv_w = 256, .box_w = 16, .box_h = 15, .ofs_x = 0, .ofs_y = -2},
    {.bitmap_index = 9829, .adv_w = 256, .box_w = 12, .box_h = 14, .ofs_x = 2, .ofs_y = -1},
    {.bitmap_index = 9913, .adv_w = 256, .box_w = 15, .box_h = 15, .ofs_x = 1, .ofs_y = -2},
    {.bitmap_index = 10026, .adv_w = 256, .box_w = 16, .box_h = 15, .ofs_x = 0, .ofs_y = -2},
    {.bitmap_index = 10146, .adv_w = 256, .box_w = 16, .box_h = 15, .ofs_x = 0, .ofs_y = -2},
    {.bitmap_index = 10266, .adv_w = 256, .box_w = 16, .box_h = 15, .ofs_x = 0, .ofs_y = -2},
    {.bitmap_index = 10386, .adv_w = 256, .box_w = 16, .box_h = 16, .ofs_x = 0, .ofs_y = -3},
    {.bitmap_index = 10514, .adv_w = 256, .box_w = 15, .box_h = 16, .ofs_x = 0, .ofs_y = -2},
    {.bitmap_index = 10634, .adv_w = 256, .box_w = 16, .box_h = 15, .ofs_x = 0, .ofs_y = -2},
    {.bitmap_index = 10754, .adv_w = 256, .box_w = 16, .box_h = 15, .ofs_x = 0, .ofs_y = -2},
    {.bitmap_index = 10874, .adv_w = 256, .box_w = 16, .box_h = 15, .ofs_x = 0, .ofs_y = -2},
    {.bitmap_index = 10994, .adv_w = 256, .box_w = 16, .box_h = 16, .ofs_x = 0, .ofs_y = -2},
    {.bitmap_index = 11122, .adv_w = 256, .box_w = 16, .box_h = 16, .ofs_x = 0, .ofs_y = -2},
    {.bitmap_index = 11250, .adv_w = 256, .box_w = 15, .box_h = 15, .ofs_x = 0, .ofs_y = -2},
    {.bitmap_index = 11363, .adv_w = 256, .box_w = 16, .box_h = 16, .ofs_x = 0, .ofs_y = -2},
    {.bitmap_index = 11491, .adv_w = 256, .box_w = 16, .box_h = 16, .ofs_x = 0, .ofs_y = -2},
    {.bitmap_index = 11619, .adv_w = 256, .box_w = 16, .box_h = 15, .ofs_x = 0, .ofs_y = -2},
    {.bitmap_index = 11739, .adv_w = 256, .box_w = 16, .box_h = 15, .ofs_x = 0, .ofs_y = -2},
    {.bitmap_index = 11859, .adv_w = 256, .box_w = 15, .box_h = 15, .ofs_x = 1, .ofs_y = -2},
    {.bitmap_index = 11972, .adv_w = 256, .box_w = 16, .box_h = 14, .ofs_x = 0, .ofs_y = -1},
    {.bitmap_index = 12084, .adv_w = 256, .box_w = 15, .box_h = 15, .ofs_x = 0, .ofs_y = -2},
    {.bitmap_index = 12197, .adv_w = 256, .box_w = 16, .box_h = 14, .ofs_x = 0, .ofs_y = -1},
    {.bitmap_index = 12309, .adv_w = 256, .box_w = 14, .box_h = 14, .ofs_x = 1, .ofs_y = -1},
    {.bitmap_index = 12407, .adv_w = 256, .box_w = 16, .box_h = 15, .ofs_x = 0, .ofs_y = -2},
    {.bitmap_index = 12527, .adv_w = 256, .box_w = 16, .box_h = 15, .ofs_x = 0, .ofs_y = -2},
    {.bitmap_index = 12647, .adv_w = 256, .box_w = 16, .box_h = 16, .ofs_x = 0, .ofs_y = -3},
    {.bitmap_index = 12775, .adv_w = 256, .box_w = 16, .box_h = 14, .ofs_x = 0, .ofs_y = -1},
    {.bitmap_index = 12887, .adv_w = 256, .box_w = 16, .box_h = 15, .ofs_x = 0, .ofs_y = -2},
    {.bitmap_index = 13007, .adv_w = 256, .box_w = 16, .box_h = 15, .ofs_x = 0, .ofs_y = -2},
    {.bitmap_index = 13127, .adv_w = 256, .box_w = 16, .box_h = 17, .ofs_x = 0, .ofs_y = -3},
    {.bitmap_index = 13263, .adv_w = 256, .box_w = 16, .box_h = 16, .ofs_x = 0, .ofs_y = -3},
    {.bitmap_index = 13391, .adv_w = 256, .box_w = 15, .box_h = 17, .ofs_x = 0, .ofs_y = -3},
    {.bitmap_index = 13519, .adv_w = 256, .box_w = 16, .box_h = 15, .ofs_x = 0, .ofs_y = -2},
    {.bitmap_index = 13639, .adv_w = 256, .box_w = 16, .box_h = 15, .ofs_x = 0, .ofs_y = -2},
    {.bitmap_index = 13759, .adv_w = 256, .box_w = 14, .box_h = 15, .ofs_x = 1, .ofs_y = -2},
    {.bitmap_index = 13864, .adv_w = 256, .box_w = 14, .box_h = 15, .ofs_x = 1, .ofs_y = -2},
    {.bitmap_index = 13969, .adv_w = 256, .box_w = 16, .box_h = 14, .ofs_x = 0, .ofs_y = -1},
    {.bitmap_index = 14081, .adv_w = 256, .box_w = 16, .box_h = 16, .ofs_x = 0, .ofs_y = -3},
    {.bitmap_index = 14209, .adv_w = 256, .box_w = 16, .box_h = 16, .ofs_x = 0, .ofs_y = -3}
};

/*---------------------
 *  CHARACTER MAPPING
 *--------------------*/

static const uint16_t unicode_list_1[] = {
    0x0, 0xb, 0x2d, 0x50, 0xf6, 0x1dd, 0x2cf, 0x349,
    0x373, 0x3fa, 0x4a8, 0x516, 0x570, 0x582, 0x626, 0x62f,
    0x8de, 0x8fa, 0x8fe, 0xaf0, 0xb07, 0xb0d, 0xb27, 0xb34,
    0xe4f, 0xe5e, 0x1055, 0x10a6, 0x1100, 0x110f, 0x1120, 0x1155,
    0x11aa, 0x1227, 0x1262, 0x140f, 0x1453, 0x14a4, 0x14cd, 0x1562,
    0x1644, 0x16ad, 0x173e, 0x1748, 0x1787, 0x17cb, 0x17e5, 0x17f6,
    0x182f, 0x191f, 0x192c, 0x193a, 0x1990, 0x1a3c, 0x1a46, 0x2038,
    0x2090, 0x2367, 0x2447, 0x2448, 0x2479, 0x2587, 0x25af, 0x2735,
    0x28d8, 0x28f8, 0x316e, 0x33ea, 0x34f1, 0x3bc6, 0x3be3, 0x3c00,
    0x3dbe, 0x3ded, 0x3f28, 0x416c, 0x41de, 0x4200, 0x43cf, 0x47ed,
    0x47f4, 0x49f3, 0x4a79, 0x4a91
};

/*Collect the unicode lists and glyph_id offsets*/
static const lv_font_fmt_txt_cmap_t cmaps[] =
{
    {
        .range_start = 32, .range_length = 95, .glyph_id_start = 1,
        .unicode_list = NULL, .glyph_id_ofs_list = NULL, .list_length = 0, .type = LV_FONT_FMT_TXT_CMAP_FORMAT0_TINY
    },
    {
        .range_start = 19968, .range_length = 19090, .glyph_id_start = 96,
        .unicode_list = unicode_list_1, .glyph_id_ofs_list = NULL, .list_length = 84, .type = LV_FONT_FMT_TXT_CMAP_SPARSE_TINY
    }
};

/*-----------------
 *    KERNING
 *----------------*/


/*Pair left and right glyphs for kerning*/
static const uint8_t kern_pair_glyph_ids[] =
{
    7, 43,
    9, 75,
    19, 21,
    19, 23,
    19, 26,
    21, 26,
    34, 43,
    34, 53,
    34, 55,
    34, 56,
    34, 58,
    34, 66,
    34, 68,
    34, 70,
    34, 72,
    34, 80,
    34, 82,
    36, 43,
    37, 43,
    37, 53,
    37, 55,
    37, 56,
    37, 57,
    37, 58,
    37, 59,
    38, 43,
    39, 15,
    39, 34,
    39, 66,
    39, 68,
    39, 70,
    39, 72,
    39, 80,
    39, 82,
    40, 43,
    41, 43,
    42, 43,
    44, 43,
    44, 48,
    44, 66,
    44, 68,
    44, 70,
    44, 72,
    44, 80,
    44, 82,
    45, 34,
    45, 43,
    45, 48,
    45, 53,
    45, 55,
    45, 56,
    45, 58,
    46, 43,
    47, 43,
    48, 43,
    48, 53,
    48, 55,
    48, 56,
    48, 57,
    48, 58,
    48, 59,
    49, 15,
    49, 34,
    49, 57,
    50, 43,
    50, 53,
    50, 55,
    50, 56,
    50, 57,
    50, 58,
    50, 59,
    51, 43,
    51, 58,
    51, 66,
    51, 68,
    51, 70,
    51, 72,
    51, 80,
    51, 82,
    53, 15,
    53, 34,
    53, 40,
    53, 48,
    53, 50,
    53, 66,
    53, 68,
    53, 70,
    53, 72,
    53, 75,
    53, 78,
    53, 79,
    53, 80,
    53, 81,
    53, 82,
    53, 83,
    53, 84,
    53, 86,
    55, 15,
    55, 34,
    55, 40,
    55, 48,
    55, 50,
    55, 66,
    55, 68,
    55, 70,
    55, 72,
    55, 75,
    55, 78,
    55, 79,
    55, 80,
    55, 81,
    55, 82,
    55, 83,
    55, 84,
    55, 86,
    56, 15,
    56, 34,
    56, 40,
    56, 48,
    56, 50,
    56, 66,
    56, 68,
    56, 70,
    56, 72,
    56, 75,
    56, 78,
    56, 79,
    56, 80,
    56, 81,
    56, 82,
    56, 83,
    56, 84,
    56, 86,
    57, 15,
    57, 40,
    57, 43,
    57, 48,
    57, 50,
    57, 66,
    57, 68,
    57, 70,
    57, 72,
    57, 80,
    57, 82,
    57, 84,
    58, 15,
    58, 34,
    58, 40,
    58, 48,
    58, 50,
    58, 66,
    58, 68,
    58, 69,
    58, 70,
    58, 72,
    58, 75,
    58, 78,
    58, 79,
    58, 80,
    58, 81,
    58, 82,
    58, 83,
    58, 84,
    58, 85,
    58, 86,
    59, 40,
    59, 43,
    59, 48,
    59, 50,
    60, 43,
    60, 75,
    61, 43,
    61, 75,
    66, 43,
    67, 53,
    67, 55,
    67, 56,
    67, 57,
    67, 58,
    67, 87,
    67, 88,
    67, 89,
    67, 90,
    68, 43,
    69, 43,
    70, 53,
    70, 55,
    70, 56,
    70, 57,
    70, 58,
    70, 87,
    70, 88,
    70, 89,
    70, 90,
    72, 43,
    76, 43,
    76, 66,
    76, 68,
    76, 70,
    76, 72,
    76, 80,
    76, 82,
    77, 43,
    79, 43,
    80, 43,
    80, 53,
    80, 55,
    80, 56,
    80, 57,
    80, 58,
    80, 87,
    80, 88,
    80, 89,
    80, 90,
    81, 53,
    81, 55,
    81, 56,
    81, 57,
    81, 58,
    81, 87,
    81, 88,
    81, 89,
    81, 90,
    82, 43,
    82, 75,
    83, 66,
    83, 68,
    83, 70,
    83, 72,
    83, 80,
    83, 82,
    84, 53,
    84, 55,
    84, 56,
    84, 57,
    84, 58,
    85, 43,
    86, 43,
    88, 66,
    88, 68,
    88, 70,
    88, 72,
    88, 80,
    88, 82,
    89, 43,
    89, 66,
    89, 68,
    89, 70,
    89, 72,
    89, 80,
    89, 82,
    90, 66,
    90, 68,
    90, 70,
    90, 72,
    90, 80,
    90, 82,
    91, 43,
    92, 43,
    92, 75
};

/* Kerning between the respective left and right glyphs
 * 4.4 format which needs to scaled with `kern_scale`*/
static const int8_t kern_pair_values[] =
{
    13, 10, -5, -5, -5, -3, 5, -15,
    -18, -13, -15, -5, -5, -5, -5, -5,
    -5, 5, -5, -5, -3, -3, -8, -8,
    -3, 5, -26, -10, -5, -5, -5, -5,
    -5, -5, 5, 5, 5, 8, -10, -10,
    -10, -10, -10, -10, -10, 3, 8, -5,
    -26, -18, -13, -26, 5, 5, -5, -5,
    -3, -3, -8, -8, -3, -28, -8, -5,
    -5, -5, -3, -3, -8, -8, -3, 8,
    -3, -3, -3, -3, -3, -3, -3, -31,
    -15, -5, -5, -5, -15, -15, -15, -15,
    -10, -10, -10, -15, -10, -15, -10, -13,
    -10, -20, -18, -3, -3, -3, -10, -10,
    -10, -8, -8, -5, -5, -10, -5, -10,
    -5, -5, -5, -15, -13, -3, -3, -3,
    -8, -8, -8, -8, -8, -5, -5, -8,
    -5, -8, -5, -5, -5, -5, -8, 8,
    -8, -8, -10, -10, -10, -10, -10, -10,
    -8, -26, -15, -8, -8, -8, -23, -23,
    -23, -23, -23, -10, -10, -10, -23, -10,
    -23, -10, -18, -10, -10, -3, 8, -3,
    -3, 13, 10, 13, 10, 5, -15, -8,
    -8, -10, -23, -5, -3, -5, -5, 5,
    5, -15, -8, -8, -10, -23, -5, -3,
    -5, -5, 5, 5, -5, -5, -5, -5,
    -5, -5, 8, 3, -5, -15, -10, -8,
    -10, -23, -5, -3, -5, -5, -15, -8,
    -8, -10, -23, -5, -3, -5, -5, 5,
    10, -5, -5, -5, -5, -5, -5, -13,
    -5, -5, -8, -18, 5, 3, -3, -3,
    -3, -3, -3, -3, 5, -3, -3, -3,
    -3, -3, -3, -3, -3, -3, -3, -3,
    -3, 5, 13, 10
};

/*Collect the kern pair's data in one place*/
static const lv_font_fmt_txt_kern_pair_t kern_pairs =
{
    .glyph_ids = kern_pair_glyph_ids,
    .values = kern_pair_values,
    .pair_cnt = 260,
    .glyph_ids_size = 0
};

/*--------------------
 *  ALL CUSTOM DATA
 *--------------------*/

#if LV_VERSION_CHECK(8, 0, 0)
/*Store all the custom data of the font*/
static  lv_font_fmt_txt_glyph_cache_t cache;
static const lv_font_fmt_txt_dsc_t font_dsc = {
#else
static lv_font_fmt_txt_dsc_t font_dsc = {
#endif
    .glyph_bitmap = glyph_bitmap,
    .glyph_dsc = glyph_dsc,
    .cmaps = cmaps,
    .kern_dsc = &kern_pairs,
    .kern_scale = 16,
    .cmap_num = 2,
    .bpp = 4,
    .kern_classes = 0,
    .bitmap_format = 0,
#if LV_VERSION_CHECK(8, 0, 0)
    .cache = &cache
#endif
};


/*-----------------
 *  PUBLIC FONT
 *----------------*/

/*Initialize a public general font descriptor*/
#if LV_VERSION_CHECK(8, 0, 0)
const lv_font_t ui_font_alimamaShuHei16 = {
#else
lv_font_t ui_font_alimamaShuHei16 = {
#endif
    .get_glyph_dsc = lv_font_get_glyph_dsc_fmt_txt,    /*Function pointer to get glyph's data*/
    .get_glyph_bitmap = lv_font_get_bitmap_fmt_txt,    /*Function pointer to get glyph's bitmap*/
    .line_height = 18,          /*The maximum line height required by the font*/
    .base_line = 4,             /*Baseline measured from the bottom of the line*/
#if !(LVGL_VERSION_MAJOR == 6 && LVGL_VERSION_MINOR == 0)
    .subpx = LV_FONT_SUBPX_NONE,
#endif
#if LV_VERSION_CHECK(7, 4, 0) || LVGL_VERSION_MAJOR >= 8
    .underline_position = -2,
    .underline_thickness = 1,
#endif
    .dsc = &font_dsc           /*The custom font data. Will be accessed by `get_glyph_bitmap/dsc` */
};



#endif /*#if UI_FONT_ALIMAMASHUHEI16*/

