#include "sys_config.h"
#include "typesdef.h"
#include "lib/video/dvp/cmos_sensor/csi.h"
#include "lib/video/dvp/cmos_sensor/csi_V2.h"
#include "devid.h"
#include "hal/gpio.h"
#include "osal/irq.h"
#include "osal/string.h"
#include "dev/vpp/hgvpp.h"
#include "dev/csi/hgdvp.h"
#include "lib/lcd/lcd.h"
#include "hal/jpeg.h"
#include "vpp_ipf_src.h"

#if IPF_EN
uint8_t *vpp_ifp_addr=NULL;
uint8_t rahmen_index =1;
uint8_t ifp_buf_num=0;
extern uint8_t vga_room[2][640*480+640*480/2];

//void get_ifp_addr(uint8_t ** data_addr, _ipf_img_src_ * img_src)
void get_ifp_addr(_ipf_img_src_ * img_src)
{
	uint32_t size =img_src->data_size;
	
	printf("##get_ifp_addr=%d \n",size);

#if 1
	
	hw_memset(vga_room[ifp_buf_num],0,(640*480+640*480/2));
	memcpy(vga_room[ifp_buf_num],img_src->data,size);
	vpp_ifp_addr=vga_room[ifp_buf_num];
	ifp_buf_num ^=1;

#else
	if(vpp_ifp_addr)
	{
		custom_free_psram(vpp_ifp_addr);
		//os_free_psram(vpp_ifp_addr);
		//os_free(vpp_ifp_addr);
		vpp_ifp_addr = NULL;
	}
	vpp_ifp_addr = (uint8_t *)custom_malloc_psram(size);
	//vpp_ifp_addr = (uint8_t *)os_malloc_psram(size);
	//vpp_ifp_addr = (uint8_t *)os_malloc(size);

	if(vpp_ifp_addr==NULL)
		printf("## data alloc faild \n");
		
	memcpy(vpp_ifp_addr,img_src->data,size);
#endif
}
	

const unsigned char dressphoto[12532] = {
	0xFF, 0xFF, 0xFD, 0xFF, 0x00, 0x00, 0xFF, 0xFF, 0xA3, 0x5C, 0x00, 0x00, 0x62, 0x30, 0xC3, 0x48, 
	0x46, 0x79, 0x87, 0x99, 0xC9, 0xB9, 0x6C, 0xFA, 0xC4, 0x50, 0xFF, 0xFF, 0x2D, 0x00, 0x00, 0x00, 
	0x05, 0x71, 0x4B, 0xEA, 0xC9, 0xB9, 0x87, 0x99, 0x46, 0x79, 0xA3, 0x38, 0x62, 0x30, 0xFF, 0xFF, 
	0x3C, 0x02, 0x00, 0x00, 0x20, 0x10, 0xA3, 0x38, 0x05, 0x69, 0x46, 0x79, 0xC9, 0xB9, 0x2B, 0xDA, 
	0xFF, 0xFF, 0x06, 0x00, 0x6C, 0xFA, 0x2B, 0xDA, 0x20, 0x10, 0xFF, 0xFF, 0x2B, 0x00, 0x00, 0x00, 
	0x20, 0x10, 0x4B, 0xEA, 0xFF, 0xFF, 0x06, 0x00, 0x6C, 0xFA, 0x0A, 0xCA, 0xC9, 0xB9, 0x46, 0x79, 
	0xE4, 0x58, 0xA3, 0x38, 0x20, 0x10, 0xFF, 0xFF, 0x30, 0x02, 0x00, 0x00, 0x20, 0x10, 0x46, 0x79, 
	0x87, 0x99, 0xC9, 0xB9, 0xFF, 0xFF, 0x0E, 0x00, 0x6C, 0xFA, 0x46, 0x81, 0xFF, 0xFF, 0x2B, 0x00, 
	0x00, 0x00, 0x87, 0xA1, 0xFF, 0xFF, 0x0D, 0x00, 0x6C, 0xFA, 0x4B, 0xEA, 0xC9, 0xB9, 0x87, 0x99, 
	0x46, 0x79, 0x20, 0x10, 0xFF, 0xFF, 0x2A, 0x02, 0x00, 0x00, 0x20, 0x10, 0x0A, 0xCA, 0xFF, 0xFF, 
	0x12, 0x00, 0x6C, 0xFA, 0x41, 0x20, 0xFF, 0xFF, 0x29, 0x00, 0x00, 0x00, 0xA3, 0x40, 0xFF, 0xFF, 
	0x12, 0x00, 0x6C, 0xFA, 0x0A, 0xCA, 0x20, 0x10, 0xFF, 0xFF, 0x28, 0x02, 0x00, 0x00, 0x41, 0x20, 
	0x0A, 0xCA, 0xFF, 0xFF, 0x13, 0x00, 0x6C, 0xFA, 0xC9, 0xB9, 0xFF, 0xFF, 0x28, 0x00, 0x00, 0x00, 
	0x20, 0x10, 0x0A, 0xCA, 0xFF, 0xFF, 0x13, 0x00, 0x6C, 0xFA, 0x0A, 0xCA, 0x20, 0x10, 0xFF, 0xFF, 
	0x26, 0x02, 0x00, 0x00, 0x62, 0x30, 0x4B, 0xEA, 0xFF, 0xFF, 0x15, 0x00, 0x6C, 0xFA, 0x46, 0x81, 
	0xFF, 0xFF, 0x27, 0x00, 0x00, 0x00, 0x67, 0x91, 0xFF, 0xFF, 0x15, 0x00, 0x6C, 0xFA, 0x0A, 0xCA, 
	0x20, 0x10, 0xFF, 0xFF, 0x24, 0x02, 0x00, 0x00, 0x62, 0x30, 0x4B, 0xEA, 0xFF, 0xFF, 0x17, 0x00, 
	0x6C, 0xFA, 0xA3, 0x40, 0xFF, 0xFF, 0x25, 0x00, 0x00, 0x00, 0xC4, 0x50, 0xFF, 0xFF, 0x17, 0x00, 
	0x6C, 0xFA, 0x0A, 0xCA, 0x41, 0x20, 0xFF, 0xFF, 0x22, 0x02, 0x00, 0x00, 0x62, 0x30, 0x4B, 0xEA, 
	0xFF, 0xFF, 0x18, 0x00, 0x6C, 0xFA, 0x4B, 0xEA, 0x20, 0x10, 0xFF, 0xFF, 0x23, 0x00, 0x00, 0x00, 
	0x41, 0x20, 0x4B, 0xEA, 0xFF, 0xFF, 0x18, 0x00, 0x6C, 0xFA, 0x4B, 0xEA, 0x62, 0x30, 0xFF, 0xFF, 
	0x20, 0x02, 0x00, 0x00, 0x62, 0x30, 0x4B, 0xEA, 0xFF, 0xFF, 0x1A, 0x00, 0x6C, 0xFA, 0x0A, 0xCA, 
	0x20, 0x10, 0xFF, 0xFF, 0x21, 0x00, 0x00, 0x00, 0x20, 0x10, 0x0A, 0xCA, 0xFF, 0xFF, 0x1A, 0x00, 
	0x6C, 0xFA, 0x4B, 0xEA, 0x62, 0x30, 0xFF, 0xFF, 0x1E, 0x02, 0x00, 0x00, 0x62, 0x30, 0x4B, 0xEA, 
	0xFF, 0xFF, 0x1C, 0x00, 0x6C, 0xFA, 0xC9, 0xB9, 0xFF, 0xFF, 0x20, 0x00, 0x00, 0x00, 0x20, 0x10, 
	0x0A, 0xCA, 0xFF, 0xFF, 0x1C, 0x00, 0x6C, 0xFA, 0x4B, 0xEA, 0x62, 0x30, 0xFF, 0xFF, 0x1C, 0x02, 
	0x00, 0x00, 0x62, 0x30, 0x4B, 0xEA, 0xFF, 0xFF, 0x1E, 0x00, 0x6C, 0xFA, 0x87, 0x99, 0xFF, 0xFF, 
	0x1F, 0x00, 0x00, 0x00, 0xA8, 0xA9, 0xFF, 0xFF, 0x1E, 0x00, 0x6C, 0xFA, 0x4B, 0xEA, 0x62, 0x30, 
	0xFF, 0xFF, 0x1A, 0x02, 0x00, 0x00, 0xE4, 0x60, 0x4B, 0xEA, 0xFF, 0xFF, 0x20, 0x00, 0x6C, 0xFA, 
	0xA8, 0xA9, 0x20, 0x10, 0xFF, 0xFF, 0x1B, 0x00, 0x00, 0x00, 0x20, 0x10, 0x0A, 0xCA, 0xFF, 0xFF, 
	0x20, 0x00, 0x6C, 0xFA, 0x4B, 0xEA, 0x62, 0x30, 0xFF, 0xFF, 0x18, 0x02, 0x00, 0x00, 0xE4, 0x60, 
	0xFF, 0xFF, 0x23, 0x00, 0x6C, 0xFA, 0x0A, 0xCA, 0x20, 0x10, 0xFF, 0xFF, 0x19, 0x00, 0x00, 0x00, 
	0x41, 0x20, 0x0A, 0xCA, 0xFF, 0xFF, 0x22, 0x00, 0x6C, 0xFA, 0x4B, 0xEA, 0x62, 0x30, 0xFF, 0xFF, 
	0x16, 0x02, 0x00, 0x00, 0xE4, 0x60, 0xFF, 0xFF, 0x25, 0x00, 0x6C, 0xFA, 0x4B, 0xEA, 0xA3, 0x40, 
	0xFF, 0xFF, 0x17, 0x00, 0x00, 0x00, 0xC4, 0x50, 0x4B, 0xEA, 0xFF, 0xFF, 0x25, 0x00, 0x6C, 0xFA, 
	0xE4, 0x60, 0xFF, 0xFF, 0x14, 0x02, 0x00, 0x00, 0xE4, 0x60, 0xFF, 0xFF, 0x28, 0x00, 0x6C, 0xFA, 
	0x87, 0x99, 0x20, 0x10, 0xFF, 0xFF, 0x13, 0x00, 0x00, 0x00, 0x20, 0x10, 0xA8, 0xA9, 0xFF, 0xFF, 
	0x28, 0x00, 0x6C, 0xFA, 0xE4, 0x60, 0xFF, 0xFF, 0x12, 0x02, 0x00, 0x00, 0xE4, 0x60, 0xFF, 0xFF, 
	0x2A, 0x00, 0x6C, 0xFA, 0x4B, 0xEA, 0x46, 0x79, 0x20, 0x10, 0xFF, 0xFF, 0x0F, 0x00, 0x00, 0x00, 
	0x20, 0x10, 0x46, 0x79, 0x4B, 0xEA, 0xFF, 0xFF, 0x2A, 0x00, 0x6C, 0xFA, 0xE4, 0x60, 0xFF, 0xFF, 
	0x10, 0x02, 0x00, 0x00, 0xE4, 0x60, 0xFF, 0xFF, 0x2D, 0x00, 0x6C, 0xFA, 0x4B, 0xEA, 0x87, 0x99, 
	0x62, 0x30, 0xFF, 0xFF, 0x0B, 0x00, 0x00, 0x00, 0xA3, 0x38, 0x87, 0x99, 0xFF, 0xFF, 0x2E, 0x00, 
	0x6C, 0xFA, 0xE4, 0x60, 0xFF, 0xFF, 0x0E, 0x02, 0x00, 0x00, 0x46, 0x79, 0xFF, 0xFF, 0x31, 0x00, 
	0x6C, 0xFA, 0x4B, 0xEA, 0xA8, 0xA9, 0x46, 0x79, 0xE4, 0x58, 0xFF, 0xFF, 0x03, 0x00, 0xA3, 0x38, 
	0x05, 0x69, 0x46, 0x79, 0xC9, 0xB9, 0xFF, 0xFF, 0x32, 0x00, 0x6C, 0xFA, 0xE4, 0x60, 0xFF, 0xFF, 
	0x0C, 0x02, 0x00, 0x00, 0x87, 0x99, 0xFF, 0xFF, 0x71, 0x00, 0x6C, 0xFA, 0xE4, 0x60, 0xFF, 0xFF, 
	0x0A, 0x02, 0x00, 0x00, 0xE4, 0x60, 0xFF, 0xFF, 0x73, 0x00, 0x6C, 0xFA, 0xC4, 0x50, 0xFF, 0xFF, 
	0x0A, 0x02, 0x00, 0x00, 0x87, 0xA1, 0xFF, 0xFF, 0x71, 0x00, 0x6C, 0xFA, 0x87, 0xA1, 0xFF, 0xFF, 
	0x0B, 0x02, 0x00, 0x00, 0x20, 0x10, 0x0A, 0xD2, 0xFF, 0xFF, 0x6F, 0x00, 0x6C, 0xFA, 0x87, 0xA1, 
	0xFF, 0xFF, 0x0D, 0x02, 0x00, 0x00, 0x20, 0x10, 0x0A, 0xD2, 0xFF, 0xFF, 0x6D, 0x00, 0x6C, 0xFA, 
	0x0A, 0xD2, 0x20, 0x10, 0xFF, 0xFF, 0x0E, 0x02, 0x00, 0x00, 0x20, 0x10, 0x2B, 0xE2, 0xFF, 0xFF, 
	0x6B, 0x00, 0x6C, 0xFA, 0x0A, 0xD2, 0x20, 0x10, 0xFF, 0xFF, 0x10, 0x02, 0x00, 0x00, 0x62, 0x30, 
	0x4B, 0xF2, 0xFF, 0xFF, 0x69, 0x00, 0x6C, 0xFA, 0x2B, 0xE2, 0x20, 0x10, 0xFF, 0xFF, 0x12, 0x02, 
	0x00, 0x00, 0x62, 0x30, 0x4B, 0xF2, 0xFF, 0xFF, 0x67, 0x00, 0x6C, 0xFA, 0x4B, 0xF2, 0x62, 0x30, 
	0xFF, 0xFF, 0x14, 0x02, 0x00, 0x00, 0xA3, 0x40, 0xFF, 0xFF, 0x66, 0x00, 0x6C, 0xFA, 0x4B, 0xF2, 
	0x62, 0x30, 0xFF, 0xFF, 0x16, 0x02, 0x00, 0x00, 0xE4, 0x60, 0xFF, 0xFF, 0x65, 0x00, 0x6C, 0xFA, 
	0xA3, 0x40, 0xFF, 0xFF, 0x18, 0x02, 0x00, 0x00, 0xE4, 0x60, 0xFF, 0xFF, 0x0A, 0x00, 0x6C, 0xFA, 
	0x4A, 0xFA, 0xE7, 0xF9, 0xFF, 0xFF, 0x49, 0x00, 0x6C, 0xFA, 0xE7, 0xF9, 0x6B, 0xFA, 0xFF, 0xFF, 
	0x0A, 0x00, 0x6C, 0xFA, 0xE4, 0x60, 0xFF, 0xFF, 0x1A, 0x02, 0x00, 0x00, 0x67, 0x91, 0xFF, 0xFF, 
	0x07, 0x00, 0x6C, 0xFA, 0x4A, 0xFA, 0xC6, 0xF9, 0x84, 0xF9, 0x84, 0xF9, 0xFF, 0xFF, 0x49, 0x00, 
	0x6C, 0xFA, 0x84, 0xF9, 0x84, 0xF9, 0xE7, 0xF9, 0x6B, 0xFA, 0xFF, 0xFF, 0x07, 0x00, 0x6C, 0xFA, 
	0xE4, 0x60, 0xFF, 0xFF, 0x1C, 0x02, 0x00, 0x00, 0x87, 0xA1, 0xFF, 0xFF, 0x04, 0x00, 0x6C, 0xFA, 
	0x4A, 0xFA, 0xC6, 0xF9, 0xFF, 0xFF, 0x03, 0x00, 0x84, 0xF9, 0xFF, 0xFF, 0x48, 0x00, 0x6C, 0xFA, 
	0x4A, 0xFA, 0xFF, 0xFF, 0x03, 0x00, 0x84, 0xF9, 0xE7, 0xF9, 0x4A, 0xFA, 0xFF, 0xFF, 0x04, 0x00, 
	0x6C, 0xFA, 0x87, 0xA1, 0xFF, 0xFF, 0x1E, 0x02, 0x00, 0x00, 0x87, 0xA1, 0x6C, 0xFA, 0x6C, 0xFA, 
	0x4A, 0xFA, 0xC6, 0xF9, 0xFF, 0xFF, 0x05, 0x00, 0x84, 0xF9, 0x4A, 0xFA, 0xFF, 0xFF, 0x47, 0x00, 
	0x6C, 0xFA, 0x4A, 0xFA, 0xFF, 0xFF, 0x05, 0x00, 0x84, 0xF9, 0xC6, 0xF9, 0x4A, 0xFA, 0x6C, 0xFA, 
	0x6C, 0xFA, 0x87, 0xA1, 0xFF, 0xFF, 0x1F, 0x02, 0x00, 0x00, 0x20, 0x10, 0xE9, 0xD9, 0xC6, 0xF9, 
	0xFF, 0xFF, 0x07, 0x00, 0x84, 0xF9, 0x4A, 0xFA, 0xFF, 0xFF, 0x47, 0x00, 0x6C, 0xFA, 0x4A, 0xFA, 
	0xFF, 0xFF, 0x07, 0x00, 0x84, 0xF9, 0xC6, 0xF9, 0xA8, 0xB9, 0xFF, 0xFF, 0x21, 0x02, 0x00, 0x00, 
	0x41, 0x18, 0xA5, 0xF1, 0xFF, 0xFF, 0x06, 0x00, 0x84, 0xF9, 0xA5, 0xF9, 0x2A, 0xFA, 0xFF, 0xFF, 
	0x47, 0x00, 0x6C, 0xFA, 0x08, 0xFA, 0xA5, 0xF1, 0xFF, 0xFF, 0x06, 0x00, 0x84, 0xF9, 0xA5, 0xF1, 
	0x20, 0x10, 0xFF, 0xFF, 0x22, 0x02, 0x00, 0x00, 0x41, 0x18, 0xA5, 0xF9, 0xFF, 0xFF, 0x03, 0x00, 
	0x84, 0xF9, 0x86, 0xD9, 0x41, 0x28, 0x45, 0xB1, 0x08, 0xFA, 0xFF, 0xFF, 0x47, 0x00, 0x6C, 0xFA, 
	0x08, 0xFA, 0x24, 0x99, 0x82, 0x38, 0x86, 0xD9, 0xFF, 0xFF, 0x03, 0x00, 0x84, 0xF9, 0xA5, 0xF1, 
	0x41, 0x18, 0xFF, 0xFF, 0x24, 0x02, 0x00, 0x00, 0xA2, 0x50, 0xA5, 0xF9, 0x84, 0xF9, 0xA6, 0xE1, 
	0x82, 0x38, 0x00, 0x00, 0x00, 0x00, 0xC3, 0x70, 0xE7, 0xF9, 0xFF, 0xFF, 0x47, 0x00, 0x6C, 0xFA, 
	0xC6, 0xF9, 0x82, 0x38, 0x00, 0x00, 0x00, 0x00, 0xC3, 0x60, 0xA6, 0xE9, 0x84, 0xF9, 0xA5, 0xF9, 
	0x41, 0x18, 0xFF, 0xFF, 0x26, 0x02, 0x00, 0x00, 0xA2, 0x50, 0xE3, 0x68, 0xFF, 0xFF, 0x04, 0x00, 
	0x00, 0x00, 0xC6, 0xF9, 0xFF, 0xFF, 0x47, 0x00, 0x6C, 0xFA, 0xA6, 0xF1, 0xFF, 0xFF, 0x04, 0x00, 
	0x00, 0x00, 0xE3, 0x68, 0xA2, 0x50, 0xFF, 0xFF, 0x2E, 0x02, 0x00, 0x00, 0xA5, 0xE9, 0xFF, 0xFF, 
	0x47, 0x00, 0x6C, 0xFA, 0xA5, 0xE1, 0xFF, 0xFF, 0x35, 0x02, 0x00, 0x00, 0x64, 0xD1, 0x4B, 0xFA, 
	0xFF, 0xFF, 0x45, 0x00, 0x6C, 0xFA, 0x2A, 0xFA, 0x44, 0xB9, 0xFF, 0xFF, 0x35, 0x02, 0x00, 0x00, 
	0x03, 0x91, 0x08, 0xFA, 0xFF, 0xFF, 0x45, 0x00, 0x6C, 0xFA, 0xC6, 0xF9, 0xC2, 0x60, 0xFF, 0xFF, 
	0x35, 0x02, 0x00, 0x00, 0x41, 0x28, 0xE7, 0xF9, 0xFF, 0xFF, 0x45, 0x00, 0x6C, 0xFA, 0xA5, 0xF9, 
	0xFF, 0xFF, 0x37, 0x02, 0x00, 0x00, 0x63, 0xF1, 0xFF, 0xFF, 0x44, 0x00, 0x6C, 0xFA, 0x4B, 0xFA, 
	0x84, 0xE1, 0xFF, 0xFF, 0x37, 0x02, 0x00, 0x00, 0x43, 0xD9, 0x09, 0xFA, 0xFF, 0xFF, 0x43, 0x00, 
	0x6C, 0xFA, 0xA5, 0xF9, 0x44, 0xA9, 0xFF, 0xFF, 0x37, 0x02, 0x00, 0x00, 0x03, 0xA1, 0x84, 0xF9, 
	0xFF, 0xFF, 0x42, 0x00, 0x6C, 0xFA, 0x6B, 0xFA, 0x41, 0xF9, 0xC2, 0x60, 0xFF, 0xFF, 0x37, 0x02, 
	0x00, 0x00, 0x81, 0x50, 0x41, 0xF9, 0x29, 0xFA, 0xFF, 0xFF, 0x41, 0x00, 0x6C, 0xFA, 0xE7, 0xF9, 
	0x42, 0xF9, 0x20, 0x10, 0xFF, 0xFF, 0x38, 0x02, 0x00, 0x00, 0x41, 0xF9, 0x83, 0xF9, 0xFF, 0xFF, 
	0x40, 0x00, 0x6C, 0xFA, 0x4B, 0xFA, 0x41, 0xF9, 0x63, 0xF1, 0xFF, 0xFF, 0x39, 0x02, 0x00, 0x00, 
	0x63, 0xE9, 0x41, 0xF9, 0xE7, 0xF9, 0xFF, 0xFF, 0x3F, 0x00, 0x6C, 0xFA, 0xA5, 0xF9, 0x41, 0xF9, 
	0x44, 0xC1, 0xFF, 0xFF, 0x39, 0x02, 0x00, 0x00, 0x23, 0xB9, 0x41, 0xF9, 0x42, 0xF9, 0x6B, 0xFA, 
	0xFF, 0xFF, 0x3D, 0x00, 0x6C, 0xFA, 0x09, 0xFA, 0x41, 0xF9, 0x41, 0xF9, 0x04, 0x81, 0xFF, 0xFF, 
	0x39, 0x02, 0x00, 0x00, 0xA2, 0x70, 0x41, 0xF9, 0x41, 0xF9, 0x83, 0xF9, 0xFF, 0xFF, 0x3C, 0x00, 
	0x6C, 0xFA, 0x4A, 0xFA, 0x42, 0xF9, 0x41, 0xF9, 0x41, 0xF9, 0x61, 0x28, 0xFF, 0xFF, 0x39, 0x02, 
	0x00, 0x00, 0x20, 0x20, 0x41, 0xF9, 0x41, 0xF9, 0x41, 0xF9, 0xA5, 0xF9, 0xFF, 0xFF, 0x3A, 0x00, 
	0x6C, 0xFA, 0x6B, 0xFA, 0x83, 0xF9, 0x41, 0xF9, 0x41, 0xF9, 0x63, 0xF1, 0xFF, 0xFF, 0x3B, 0x02, 
	0x00, 0x00, 0x42, 0xF1, 0x41, 0xF9, 0x41, 0xF9, 0x41, 0xF9, 0xA5, 0xF9, 0xFF, 0xFF, 0x38, 0x00, 
	0x6C, 0xFA, 0x6B, 0xFA, 0x83, 0xF9, 0x41, 0xF9, 0x41, 0xF9, 0x41, 0xF9, 0x64, 0xD9, 0xFF, 0xFF, 
	0x3B, 0x02, 0x00, 0x00, 0x43, 0xD1, 0xFF, 0xFF, 0x03, 0x00, 0x41, 0xF9, 0xA5, 0xF9, 0xFF, 0xFF, 
	0x36, 0x00, 0x6C, 0xFA, 0x4B, 0xFA, 0x83, 0xF9, 0xFF, 0xFF, 0x03, 0x00, 0x41, 0xF9, 0x24, 0xA1, 
	0xFF, 0xFF, 0x3B, 0x02, 0x00, 0x00, 0xE2, 0x90, 0xFF, 0xFF, 0x04, 0x00, 0x41, 0xF9, 0x83, 0xF9, 
	0x4A, 0xFA, 0xFF, 0xFF, 0x17, 0x00, 0x6C, 0xFA, 0x4A, 0xFA, 0xC6, 0xF9, 0xE7, 0xF9, 0x4B, 0xFA, 
	0xFF, 0xFF, 0x17, 0x00, 0x6C, 0xFA, 0x08, 0xFA, 0x42, 0xF9, 0xFF, 0xFF, 0x04, 0x00, 0x41, 0xF9, 
	0xA2, 0x50, 0xFF, 0xFF, 0x3B, 0x02, 0x00, 0x00, 0x61, 0x48, 0xFF, 0xFF, 0x06, 0x00, 0x41, 0xF9, 
	0xA5, 0xF9, 0x4B, 0xFA, 0xFF, 0xFF, 0x12, 0x00, 0x6C, 0xFA, 0x29, 0xFA, 0xC6, 0xF9, 0x63, 0xF9, 
	0xFF, 0xFF, 0x03, 0x00, 0x41, 0xF9, 0x83, 0xF9, 0xE7, 0xF9, 0x4A, 0xFA, 0xFF, 0xFF, 0x12, 0x00, 
	0x6C, 0xFA, 0x09, 0xFA, 0x84, 0xF9, 0xFF, 0xFF, 0x05, 0x00, 0x41, 0xF9, 0x42, 0xF9, 0xFF, 0xFF, 
	0x3D, 0x02, 0x00, 0x00, 0xFF, 0xFF, 0x08, 0x00, 0x41, 0xF9, 0x83, 0xF9, 0xC6, 0xF9, 0x09, 0xFA, 
	0x6B, 0xFA, 0xFF, 0xFF, 0x09, 0x00, 0x6C, 0xFA, 0x4B, 0xFA, 0x29, 0xFA, 0xE7, 0xF9, 0x84, 0xF9, 
	0xFF, 0xFF, 0x0A, 0x00, 0x41, 0xF9, 0x42, 0xF9, 0xA5, 0xF9, 0xE7, 0xF9, 0x29, 0xFA, 0xFF, 0xFF, 
	0x0A, 0x00, 0x6C, 0xFA, 0x4B, 0xFA, 0x08, 0xFA, 0xA5, 0xF9, 0x63, 0xF9, 0xFF, 0xFF, 0x07, 0x00, 
	0x41, 0xF9, 0x64, 0xE9, 0xFF, 0xFF, 0x3D, 0x02, 0x00, 0x00, 0x43, 0xE1, 0xFF, 0xFF, 0x0B, 0x00, 
	0x41, 0xF9, 0x83, 0xF9, 0x84, 0xF9, 0x84, 0xF9, 0xA5, 0xF9, 0xE7, 0xF9, 0xE7, 0xF9, 0x84, 0xF9, 
	0x84, 0xF9, 0x84, 0xF9, 0xFF, 0xFF, 0x14, 0x00, 0x41, 0xF9, 0x42, 0xF9, 0x84, 0xF9, 0x84, 0xF9, 
	0xA5, 0xF9, 0xE7, 0xF9, 0xE7, 0xF9, 0xA5, 0xF9, 0x84, 0xF9, 0x84, 0xF9, 0x63, 0xF9, 0xFF, 0xFF, 
	0x0B, 0x00, 0x41, 0xF9, 0x44, 0xB9, 0xFF, 0xFF, 0x3D, 0x02, 0x00, 0x00, 0x03, 0xA9, 0xFF, 0xFF, 
	0x3F, 0x00, 0x41, 0xF9, 0xC2, 0x68, 0xFF, 0xFF, 0x3D, 0x02, 0x00, 0x00, 0xA1, 0x60, 0xFF, 0xFF, 
	0x3F, 0x00, 0x41, 0xF9, 0x20, 0x10, 0xFF, 0xFF, 0x3D, 0x02, 0x00, 0x00, 0x00, 0x10, 0xFF, 0xFF, 
	0x3E, 0x00, 0x41, 0xF9, 0x63, 0xF1, 0xFF, 0xFF, 0x3F, 0x02, 0x00, 0x00, 0x43, 0xE9, 0xFF, 0xFF, 
	0x3D, 0x00, 0x41, 0xF9, 0x44, 0xC1, 0xFF, 0xFF, 0x3F, 0x02, 0x00, 0x00, 0x23, 0xB9, 0xFF, 0xFF, 
	0x3D, 0x00, 0x41, 0xF9, 0x03, 0x91, 0xFF, 0xFF, 0x3F, 0x02, 0x00, 0x00, 0xC2, 0x78, 0xFF, 0xFF, 
	0x3D, 0x00, 0x41, 0xF9, 0x61, 0x28, 0xFF, 0xFF, 0x3F, 0x02, 0x00, 0x00, 0x20, 0x20, 0xFF, 0xFF, 
	0x3C, 0x00, 0x41, 0xF9, 0x63, 0xF1, 0xFF, 0xFF, 0x41, 0x02, 0x00, 0x00, 0x63, 0xF1, 0xFF, 0xFF, 
	0x3B, 0x00, 0x41, 0xF9, 0x64, 0xD9, 0xFF, 0xFF, 0x41, 0x02, 0x00, 0x00, 0x43, 0xC1, 0xFF, 0xFF, 
	0x3B, 0x00, 0x41, 0xF9, 0x24, 0x99, 0xFF, 0xFF, 0x41, 0x02, 0x00, 0x00, 0x48, 0x92, 0xC4, 0xF9, 
	0xFF, 0xFF, 0x39, 0x00, 0x41, 0xF9, 0x26, 0xFA, 0x07, 0x7A, 0xFF, 0xFF, 0x40, 0x02, 0x00, 0x00, 
	0x06, 0x62, 0x51, 0xFD, 0x31, 0xFD, 0xC7, 0xFA, 0xFF, 0xFF, 0x37, 0x00, 0x41, 0xF9, 0x09, 0xFB, 
	0x51, 0xFD, 0x51, 0xFD, 0x06, 0x62, 0xFF, 0xFF, 0x3E, 0x02, 0x00, 0x00, 0x06, 0x62, 0xFF, 0xFF, 
	0x03, 0x00, 0x51, 0xFD, 0x0C, 0xFC, 0x82, 0xF9, 0xFF, 0xFF, 0x33, 0x00, 0x41, 0xF9, 0x82, 0xF9, 
	0x4D, 0xFC, 0xFF, 0xFF, 0x03, 0x00, 0x51, 0xFD, 0x03, 0x31, 0xFF, 0xFF, 0x3C, 0x02, 0x00, 0x00, 
	0x65, 0x39, 0x31, 0xFD, 0xFF, 0xFF, 0x04, 0x00, 0x51, 0xFD, 0x10, 0xFD, 0x86, 0xFA, 0xFF, 0xFF, 
	0x31, 0x00, 0x41, 0xF9, 0x08, 0xFB, 0x10, 0xFD, 0xFF, 0xFF, 0x04, 0x00, 0x51, 0xFD, 0x31, 0xF5, 
	0xA2, 0x20, 0xFF, 0xFF, 0x3A, 0x02, 0x00, 0x00, 0x28, 0x4A, 0x72, 0xFD, 0xFF, 0xFF, 0x07, 0x00, 
	0x51, 0xFD, 0x4D, 0xFC, 0xC3, 0xF9, 0xFF, 0xFF, 0x2D, 0x00, 0x41, 0xF9, 0x04, 0xFA, 0x8E, 0xFC, 
	0xFF, 0xFF, 0x07, 0x00, 0x51, 0xFD, 0x73, 0xF5, 0xA6, 0x39, 0xFF, 0xFF, 0x37, 0x02, 0x00, 0x00, 
	0x82, 0x10, 0x51, 0x8C, 0x3C, 0xFF, 0x93, 0xFD, 0xFF, 0xFF, 0x09, 0x00, 0x51, 0xFD, 0x49, 0xFB, 
	0x82, 0xF9, 0xFF, 0xFF, 0x29, 0x00, 0x41, 0xF9, 0xC3, 0xF9, 0xCB, 0xFB, 0xFF, 0xFF, 0x09, 0x00, 
	0x51, 0xFD, 0xB4, 0xFD, 0x7D, 0xFF, 0xCF, 0x7B, 0xFF, 0xFF, 0x35, 0x02, 0x00, 0x00, 0xE7, 0x41, 
	0xBA, 0xDE, 0xBE, 0xFF, 0xBE, 0xFF, 0x7D, 0xFF, 0xB4, 0xFD, 0xFF, 0xFF, 0x09, 0x00, 0x51, 0xFD, 
	0x10, 0xFD, 0x49, 0xFB, 0x82, 0xF9, 0xFF, 0xFF, 0x25, 0x00, 0x41, 0xF9, 0x82, 0xF9, 0x49, 0xFB, 
	0xFF, 0xFF, 0x0A, 0x00, 0x51, 0xFD, 0x15, 0xFE, 0x7D, 0xFF, 0xBE, 0xFF, 0xBE, 0xFF, 0x38, 0xCE, 
	0x65, 0x31, 0xFF, 0xFF, 0x31, 0x02, 0x00, 0x00, 0x82, 0x10, 0x51, 0x8C, 0xFF, 0xFF, 0x04, 0x00, 
	0xBE, 0xFF, 0x7D, 0xFF, 0x36, 0xFE, 0xFF, 0xFF, 0x0A, 0x00, 0x51, 0xFD, 0x10, 0xFD, 0x49, 0xFB, 
	0xC3, 0xF9, 0xFF, 0xFF, 0x21, 0x00, 0x41, 0xF9, 0xC3, 0xF9, 0xCB, 0xFB, 0x10, 0xFD, 0xFF, 0xFF, 
	0x0A, 0x00, 0x51, 0xFD, 0x36, 0xFE, 0xFF, 0xFF, 0x05, 0x00, 0xBE, 0xFF, 0xCF, 0x7B, 0xFF, 0xFF, 
	0x2F, 0x02, 0x00, 0x00, 0xE7, 0x41, 0xBA, 0xDE, 0xFF, 0xFF, 0x07, 0x00, 0xBE, 0xFF, 0x98, 0xFE, 
	0x72, 0xFD, 0xFF, 0xFF, 0x0B, 0x00, 0x51, 0xFD, 0xCB, 0xFB, 0x45, 0xFA, 0xFF, 0xFF, 0x1D, 0x00, 
	0x41, 0xF9, 0x86, 0xFA, 0x0C, 0xFC, 0xFF, 0xFF, 0x0B, 0x00, 0x51, 0xFD, 0x72, 0xFD, 0xFA, 0xFE, 
	0xFF, 0xFF, 0x07, 0x00, 0xBE, 0xFF, 0x38, 0xCE, 0x65, 0x31, 0xFF, 0xFF, 0x2B, 0x02, 0x00, 0x00, 
	0x82, 0x10, 0x51, 0x8C, 0xFF, 0xFF, 0x0A, 0x00, 0xBE, 0xFF, 0x3C, 0xFF, 0xB4, 0xFD, 0xFF, 0xFF, 
	0x0C, 0x00, 0x51, 0xFD, 0xCF, 0xFC, 0x8A, 0xFB, 0x04, 0xFA, 0xFF, 0xFF, 0x17, 0x00, 0x41, 0xF9, 
	0x04, 0xFA, 0x8A, 0xFB, 0x10, 0xFD, 0xFF, 0xFF, 0x0C, 0x00, 0x51, 0xFD, 0xD4, 0xFD, 0x5D, 0xFF, 
	0xFF, 0xFF, 0x0A, 0x00, 0xBE, 0xFF, 0xCF, 0x7B, 0xFF, 0xFF, 0x2A, 0x02, 0x00, 0x00, 0xEB, 0x62, 
	0xFF, 0xFF, 0x0D, 0x00, 0xBE, 0xFF, 0x78, 0xFE, 0x72, 0xFD, 0xFF, 0xFF, 0x0D, 0x00, 0x51, 0xFD, 
	0xCF, 0xFC, 0xCB, 0xFB, 0xC7, 0xFA, 0x82, 0xF9, 0xFF, 0xFF, 0x0F, 0x00, 0x41, 0xF9, 0xC3, 0xF9, 
	0xC7, 0xFA, 0xCB, 0xFB, 0xCF, 0xFC, 0xFF, 0xFF, 0x0D, 0x00, 0x51, 0xFD, 0x72, 0xFD, 0xB9, 0xFE, 
	0xFF, 0xFF, 0x0D, 0x00, 0xBE, 0xFF, 0x69, 0x52, 0xFF, 0xFF, 0x28, 0x02, 0x00, 0x00, 0x41, 0x30, 
	0x47, 0xB9, 0xD8, 0xFD, 0xFF, 0xFF, 0x0D, 0x00, 0xBE, 0xFF, 0x7D, 0xFF, 0x36, 0xFE, 0xFF, 0xFF, 
	0x10, 0x00, 0x51, 0xFD, 0xCF, 0xFC, 0x8F, 0xFC, 0xED, 0xFB, 0x4D, 0xFB, 0x2C, 0xFB, 0x0C, 0xFB, 
	0x8E, 0xFB, 0x4C, 0xFB, 0xEA, 0xFA, 0x26, 0xFA, 0x41, 0xF9, 0x45, 0xFA, 0x86, 0xFA, 0x49, 0xFB, 
	0x4D, 0xFC, 0xCF, 0xFC, 0xFF, 0xFF, 0x10, 0x00, 0x51, 0xFD, 0x57, 0xFE, 0x7D, 0xFF, 0xFF, 0xFF, 
	0x0D, 0x00, 0xBE, 0xFF, 0x76, 0xFD, 0x67, 0xC9, 0x41, 0x30, 0xFF, 0xFF, 0x25, 0x02, 0x00, 0x00, 
	0x20, 0x10, 0xE4, 0x78, 0xC9, 0xF9, 0xC9, 0xF9, 0x2A, 0xFA, 0x5D, 0xFF, 0xFF, 0xFF, 0x0E, 0x00, 
	0xBE, 0xFF, 0x1B, 0xFF, 0xD4, 0xFD, 0xFF, 0xFF, 0x0A, 0x00, 0x51, 0xFD, 0x72, 0xFD, 0x94, 0xFD, 
	0xB5, 0xFD, 0xF7, 0xFD, 0xD7, 0xFD, 0xAF, 0xFB, 0xFF, 0xFF, 0x05, 0x00, 0x2A, 0xFA, 0x6A, 0xFA, 
	0x11, 0xFC, 0xF7, 0xFD, 0xD5, 0xFD, 0x93, 0xFD, 0xFF, 0xFF, 0x11, 0x00, 0x51, 0xFD, 0x36, 0xFE, 
	0x5D, 0xFF, 0xFF, 0xFF, 0x0E, 0x00, 0xBE, 0xFF, 0xFC, 0xFE, 0x2A, 0xFA, 0xC9, 0xF9, 0xC9, 0xF9, 
	0xE4, 0x78, 0x20, 0x10, 0xFF, 0xFF, 0x22, 0x02, 0x00, 0x00, 0x62, 0x40, 0x88, 0xD9, 0xFF, 0xFF, 
	0x03, 0x00, 0xC9, 0xF9, 0xB0, 0xFB, 0xFF, 0xFF, 0x10, 0x00, 0xBE, 0xFF, 0x5D, 0xFF, 0x36, 0xFE, 
	0xFF, 0xFF, 0x05, 0x00, 0x51, 0xFD, 0x93, 0xFD, 0xB5, 0xFD, 0xF7, 0xFD, 0x18, 0xFE, 0x18, 0xFE, 
	0x18, 0xFE, 0x55, 0xFD, 0x6A, 0xFA, 0xFF, 0xFF, 0x08, 0x00, 0x2A, 0xFA, 0x2D, 0xFB, 0xD7, 0xFD, 
	0x18, 0xFE, 0xF7, 0xFD, 0xB5, 0xFD, 0x73, 0xFD, 0xFF, 0xFF, 0x0C, 0x00, 0x51, 0xFD, 0x36, 0xFE, 
	0x5D, 0xFF, 0xFF, 0xFF, 0x10, 0x00, 0xBE, 0xFF, 0x4E, 0xFB, 0xFF, 0xFF, 0x03, 0x00, 0xC9, 0xF9, 
	0x88, 0xD9, 0x62, 0x40, 0xFF, 0xFF, 0x20, 0x02, 0x00, 0x00, 0x05, 0x89, 0xFF, 0xFF, 0x06, 0x00, 
	0xC9, 0xF9, 0x76, 0xFD, 0xFF, 0xFF, 0x11, 0x00, 0xBE, 0xFF, 0x5D, 0xFF, 0x57, 0xFE, 0x93, 0xFD, 
	0x94, 0xFD, 0xD6, 0xFD, 0xF7, 0xFD, 0xFF, 0xFF, 0x04, 0x00, 0x18, 0xFE, 0xD7, 0xFD, 0x6A, 0xFA, 
	0x2A, 0xFA, 0x2A, 0xFA, 0xCB, 0xFA, 0x12, 0xFD, 0x96, 0xFE, 0xD7, 0xFE, 0x56, 0xFE, 0x90, 0xFC, 
	0x6A, 0xFA, 0x2A, 0xFA, 0x2A, 0xFA, 0xAF, 0xFB, 0xFF, 0xFF, 0x03, 0x00, 0x18, 0xFE, 0xF7, 0xFD, 
	0x94, 0xFD, 0xFF, 0xFF, 0x07, 0x00, 0x51, 0xFD, 0x93, 0xFD, 0x78, 0xFE, 0x7D, 0xFF, 0xFF, 0xFF, 
	0x11, 0x00, 0xBE, 0xFF, 0x15, 0xFD, 0xFF, 0xFF, 0x06, 0x00, 0xC9, 0xF9, 0x05, 0x89, 0x20, 0x10, 
	0xFF, 0xFF, 0x1C, 0x02, 0x00, 0x00, 0x41, 0x30, 0x67, 0xC9, 0xFF, 0xFF, 0x07, 0x00, 0xC9, 0xF9, 
	0x2A, 0xFA, 0x5D, 0xFF, 0xFF, 0xFF, 0x0F, 0x00, 0xBE, 0xFF, 0x9E, 0xFF, 0x1C, 0xFF, 0x9A, 0xFE, 
	0xFF, 0xFF, 0x08, 0x00, 0x18, 0xFE, 0x8F, 0xFB, 0x2A, 0xFA, 0x2A, 0xFA, 0xEF, 0xFB, 0xFF, 0xFF, 
	0x05, 0x00, 0xD7, 0xFE, 0x56, 0xFE, 0xCB, 0xFA, 0x2A, 0xFA, 0x2A, 0xFA, 0xD3, 0xFC, 0xFF, 0xFF, 
	0x04, 0x00, 0x18, 0xFE, 0xF7, 0xFD, 0xB5, 0xFD, 0x72, 0xFD, 0x51, 0xFD, 0x51, 0xFD, 0x72, 0xFD, 
	0x36, 0xFE, 0x1B, 0xFF, 0xFF, 0xFF, 0x13, 0x00, 0xBE, 0xFF, 0xFC, 0xFE, 0x2A, 0xFA, 0xFF, 0xFF, 
	0x07, 0x00, 0xC9, 0xF9, 0x67, 0xC9, 0x41, 0x30, 0xFF, 0xFF, 0x1A, 0x02, 0x00, 0x00, 0xE4, 0x78, 
	0xFF, 0xFF, 0x0A, 0x00, 0xC9, 0xF9, 0xF1, 0xFB, 0xFF, 0xFF, 0x0D, 0x00, 0xBE, 0xFF, 0x1C, 0xFF, 
	0x9A, 0xFE, 0xFF, 0xFF, 0x0A, 0x00, 0x18, 0xFE, 0x96, 0xFD, 0x2A, 0xFA, 0x2A, 0xFA, 0xCB, 0xFA, 
	0xFF, 0xFF, 0x07, 0x00, 0xD7, 0xFE, 0xF5, 0xFD, 0x2A, 0xFA, 0x2A, 0xFA, 0xEC, 0xFA, 0xFF, 0xFF, 
	0x07, 0x00, 0x18, 0xFE, 0x17, 0xFE, 0xDA, 0xFE, 0xFF, 0xFF, 0x16, 0x00, 0xBE, 0xFF, 0x4E, 0xFB, 
	0xFF, 0xFF, 0x0A, 0x00, 0xC9, 0xF9, 0xE4, 0x78, 0xFF, 0xFF, 0x17, 0x02, 0x00, 0x00, 0x20, 0x10, 
	0x47, 0xB9, 0xFF, 0xFF, 0x0C, 0x00, 0xC9, 0xF9, 0x39, 0xFE, 0xFF, 0xFF, 0x09, 0x00, 0xBE, 0xFF, 
	0x5D, 0xFF, 0xBA, 0xFE, 0x38, 0xFE, 0xFF, 0xFF, 0x0C, 0x00, 0x18, 0xFE, 0x52, 0xFC, 0x2A, 0xFA, 
	0x2A, 0xFA, 0x12, 0xFD, 0xFF, 0xFF, 0x08, 0x00, 0xD7, 0xFE, 0xAE, 0xFB, 0x2A, 0xFA, 0x2A, 0xFA, 
	0x96, 0xFD, 0xFF, 0xFF, 0x08, 0x00, 0x18, 0xFE, 0xBA, 0xFE, 0x5D, 0xFF, 0xFF, 0xFF, 0x13, 0x00, 
	0xBE, 0xFF, 0xD8, 0xFD, 0xFF, 0xFF, 0x0C, 0x00, 0xC9, 0xF9, 0x47, 0xB9, 0x20, 0x10, 0xFF, 0xFF, 
	0x14, 0x02, 0x00, 0x00, 0x83, 0x50, 0xA8, 0xE9, 0xFF, 0xFF, 0x0D, 0x00, 0xC9, 0xF9, 0x8C, 0xFA, 
	0xFF, 0xFF, 0x06, 0x00, 0xBE, 0xFF, 0x9E, 0xFF, 0x1C, 0xFF, 0x59, 0xFE, 0xFF, 0xFF, 0x0D, 0x00, 
	0x18, 0xFE, 0x9A, 0xFE, 0xBB, 0xFE, 0x11, 0xFC, 0x2A, 0xFA, 0x2A, 0xFA, 0x96, 0xFE, 0xFF, 0xFF, 
	0x08, 0x00, 0xD7, 0xFE, 0xD1, 0xFC, 0x2A, 0xFA, 0x2A, 0xFA, 0x14, 0xFD, 0xFF, 0xFF, 0x0A, 0x00, 
	0x18, 0xFE, 0xBA, 0xFE, 0x7D, 0xFF, 0xFF, 0xFF, 0x10, 0x00, 0xBE, 0xFF, 0x5D, 0xFF, 0x8C, 0xFA, 
	0xFF, 0xFF, 0x0D, 0x00, 0xC9, 0xF9, 0xA8, 0xE9, 0x83, 0x50, 0xFF, 0xFF, 0x12, 0x02, 0x00, 0x00, 
	0x05, 0x89, 0xFF, 0xFF, 0x10, 0x00, 0xC9, 0xF9, 0x15, 0xFD, 0xFF, 0xFF, 0x03, 0x00, 0xBE, 0xFF, 
	0x7D, 0xFF, 0xBB, 0xFE, 0x38, 0xFE, 0xFF, 0xFF, 0x0B, 0x00, 0x18, 0xFE, 0x39, 0xFE, 0xBA, 0xFE, 
	0x3C, 0xFF, 0xBE, 0xFF, 0x1C, 0xFF, 0x18, 0xFE, 0x4E, 0xFB, 0x2A, 0xFA, 0x2A, 0xFA, 0xFF, 0xFF, 
	0x09, 0x00, 0xD7, 0xFE, 0x73, 0xFD, 0x2A, 0xFA, 0x2A, 0xFA, 0x14, 0xFD, 0x18, 0xFE, 0x79, 0xFE, 
	0x38, 0xFE, 0xFF, 0xFF, 0x09, 0x00, 0x18, 0xFE, 0xBA, 0xFE, 0x7D, 0xFF, 0xFF, 0xFF, 0x0E, 0x00, 
	0xBE, 0xFF, 0xB4, 0xFC, 0xFF, 0xFF, 0x10, 0x00, 0xC9, 0xF9, 0x05, 0x89, 0xFF, 0xFF, 0x0F, 0x02, 
	0x00, 0x00, 0x20, 0x10, 0x47, 0xB9, 0xFF, 0xFF, 0x11, 0x00, 0xC9, 0xF9, 0x2A, 0xFA, 0x5D, 0xFF, 
	0xBE, 0xFF, 0x3D, 0xFF, 0x9A, 0xFE, 0xFF, 0xFF, 0x0B, 0x00, 0x18, 0xFE, 0x38, 0xFE, 0xBB, 0xFE, 
	0x5D, 0xFF, 0xBE, 0xFF, 0xBE, 0xFF, 0xBE, 0xFF, 0xBB, 0xFE, 0x18, 0xFE, 0x18, 0xFE, 0x11, 0xFC, 
	0x2A, 0xFA, 0x2A, 0xFA, 0x56, 0xFE, 0xFF, 0xFF, 0x08, 0x00, 0xD7, 0xFE, 0x90, 0xFC, 0x2A, 0xFA, 
	0x2A, 0xFA, 0x14, 0xFD, 0x18, 0xFE, 0x59, 0xFE, 0x9E, 0xFF, 0x1C, 0xFF, 0x39, 0xFE, 0xFF, 0xFF, 
	0x09, 0x00, 0x18, 0xFE, 0xDB, 0xFE, 0x9E, 0xFF, 0xFF, 0xFF, 0x0B, 0x00, 0xBE, 0xFF, 0x5D, 0xFF, 
	0x2A, 0xFA, 0xFF, 0xFF, 0x11, 0x00, 0xC9, 0xF9, 0x47, 0xB9, 0x20, 0x10, 0xFF, 0xFF, 0x0C, 0x02, 
	0x00, 0x00, 0x41, 0x30, 0x88, 0xD9, 0xFF, 0xFF, 0x13, 0x00, 0xC9, 0xF9, 0x15, 0xFD, 0x79, 0xFE, 
	0xFF, 0xFF, 0x0A, 0x00, 0x18, 0xFE, 0x38, 0xFE, 0xBA, 0xFE, 0x3C, 0xFF, 0xFF, 0xFF, 0x03, 0x00, 
	0xBE, 0xFF, 0x9E, 0xFF, 0x9A, 0xFE, 0x18, 0xFE, 0x18, 0xFE, 0x18, 0xFE, 0xD3, 0xFC, 0x2A, 0xFA, 
	0x2A, 0xFA, 0x90, 0xFC, 0xFF, 0xFF, 0x08, 0x00, 0xD7, 0xFE, 0x0C, 0xFB, 0x2A, 0xFA, 0x2A, 0xFA, 
	0x18, 0xFE, 0x18, 0xFE, 0x18, 0xFE, 0xFB, 0xFE, 0xBE, 0xFF, 0xFC, 0xFE, 0x1C, 0xFF, 0x39, 0xFE, 
	0xFF, 0xFF, 0x08, 0x00, 0x18, 0xFE, 0x38, 0xFE, 0x1C, 0xFF, 0xFF, 0xFF, 0x0A, 0x00, 0xBE, 0xFF, 
	0xB4, 0xFC, 0xFF, 0xFF, 0x13, 0x00, 0xC9, 0xF9, 0xA8, 0xE9, 0x41, 0x30, 0xFF, 0xFF, 0x0A, 0x02, 
	0x00, 0x00, 0xA3, 0x60, 0xFF, 0xFF, 0x13, 0x00, 0xC9, 0xF9, 0xCD, 0xFA, 0xF4, 0xFC, 0xFF, 0xFF, 
	0x0A, 0x00, 0x18, 0xFE, 0x79, 0xFE, 0x1C, 0xFF, 0x9E, 0xFF, 0xFF, 0xFF, 0x04, 0x00, 0xBE, 0xFF, 
	0x7D, 0xFF, 0x59, 0xFE, 0xFF, 0xFF, 0x03, 0x00, 0x18, 0xFE, 0xD7, 0xFD, 0x6A, 0xFA, 0x2A, 0xFA, 
	0x6A, 0xFA, 0xF5, 0xFD, 0xFF, 0xFF, 0x06, 0x00, 0xD7, 0xFE, 0xD1, 0xFC, 0x2A, 0xFA, 0x2A, 0xFA, 
	0x8F, 0xFB, 0x18, 0xFE, 0x18, 0xFE, 0x18, 0xFE, 0xD7, 0xFD, 0x0A, 0xFA, 0x8C, 0xFA, 0x5D, 0xFF, 
	0xBE, 0xFF, 0x1C, 0xFF, 0x39, 0xFE, 0xFF, 0xFF, 0x08, 0x00, 0x18, 0xFE, 0x59, 0xFE, 0x5D, 0xFF, 
	0xFF, 0xFF, 0x07, 0x00, 0xBE, 0xFF, 0xFC, 0xFE, 0x2A, 0xFA, 0xFF, 0xFF, 0x15, 0x00, 0xC9, 0xF9, 
	0xA3, 0x60, 0xFF, 0xFF, 0x08, 0x02, 0x00, 0x00, 0x05, 0x89, 0xFF, 0xFF, 0x12, 0x00, 0xC9, 0xF9, 
	0x8C, 0xFA, 0xF4, 0xFC, 0xFF, 0xFF, 0x09, 0x00, 0x18, 0xFE, 0x38, 0xFE, 0xBB, 0xFE, 0x7D, 0xFF, 
	0xFF, 0xFF, 0x06, 0x00, 0xBE, 0xFF, 0x5D, 0xFF, 0x38, 0xFE, 0xFF, 0xFF, 0x05, 0x00, 0x18, 0xFE, 
	0x11, 0xFC, 0x2A, 0xFA, 0x2A, 0xFA, 0xCB, 0xFA, 0xF5, 0xFD, 0xFF, 0xFF, 0x04, 0x00, 0xD7, 0xFE, 
	0xD1, 0xFC, 0x2A, 0xFA, 0x2A, 0xFA, 0x2A, 0xFA, 0x96, 0xFD, 0xFF, 0xFF, 0x03, 0x00, 0x18, 0xFE, 
	0x31, 0xFC, 0xC9, 0xF9, 0xED, 0xFA, 0x5D, 0xFF, 0xBE, 0xFF, 0xBE, 0xFF, 0x1C, 0xFF, 0x39, 0xFE, 
	0xFF, 0xFF, 0x08, 0x00, 0x18, 0xFE, 0xBB, 0xFE, 0x9E, 0xFF, 0xFF, 0xFF, 0x05, 0x00, 0xBE, 0xFF, 
	0xB4, 0xFC, 0xFF, 0xFF, 0x17, 0x00, 0xC9, 0xF9, 0x05, 0x89, 0xFF, 0xFF, 0x05, 0x02, 0x00, 0x00, 
	0x20, 0x10, 0x26, 0xA9, 0xFF, 0xFF, 0x11, 0x00, 0xC9, 0xF9, 0x0A, 0xFA, 0x72, 0xFC, 0xFF, 0xFF, 
	0x09, 0x00, 0x18, 0xFE, 0x39, 0xFE, 0x1C, 0xFF, 0x9E, 0xFF, 0xFF, 0xFF, 0x07, 0x00, 0xBE, 0xFF, 
	0x1C, 0xFF, 0xFF, 0xFF, 0x07, 0x00, 0x18, 0xFE, 0x39, 0xFE, 0x6E, 0xFB, 0x2A, 0xFA, 0x2A, 0xFA, 
	0x2A, 0xFA, 0xAE, 0xFB, 0x90, 0xFC, 0x73, 0xFD, 0x90, 0xFC, 0x0C, 0xFB, 0x2A, 0xFA, 0x2A, 0xFA, 
	0x2A, 0xFA, 0xB3, 0xFC, 0xFF, 0xFF, 0x05, 0x00, 0x18, 0xFE, 0x8C, 0xFA, 0xC9, 0xF9, 0xB0, 0xFB, 
	0xFF, 0xFF, 0x03, 0x00, 0xBE, 0xFF, 0x1C, 0xFF, 0x39, 0xFE, 0xFF, 0xFF, 0x07, 0x00, 0x18, 0xFE, 
	0x39, 0xFE, 0x3D, 0xFF, 0xFF, 0xFF, 0x04, 0x00, 0xBE, 0xFF, 0x8C, 0xFA, 0xFF, 0xFF, 0x18, 0x00, 
	0xC9, 0xF9, 0x26, 0xA9, 0x20, 0x10, 0xFF, 0xFF, 0x02, 0x02, 0x00, 0x00, 0x20, 0x10, 0x67, 0xC9, 
	0xFF, 0xFF, 0x11, 0x00, 0xC9, 0xF9, 0xF0, 0xFB, 0xD7, 0xFD, 0xFF, 0xFF, 0x08, 0x00, 0x18, 0xFE, 
	0x79, 0xFE, 0x3D, 0xFF, 0xFF, 0xFF, 0x09, 0x00, 0xBE, 0xFF, 0xDB, 0xFE, 0xFF, 0xFF, 0x07, 0x00, 
	0x18, 0xFE, 0x39, 0xFE, 0x39, 0xFE, 0xF8, 0xFD, 0xAF, 0xFB, 0xFF, 0xFF, 0x08, 0x00, 0x2A, 0xFA, 
	0xB3, 0xFC, 0x39, 0xFE, 0x39, 0xFE, 0xFF, 0xFF, 0x04, 0x00, 0x18, 0xFE, 0xF4, 0xFC, 0xC9, 0xF9, 
	0xC9, 0xF9, 0xF1, 0xFB, 0xFF, 0xFF, 0x03, 0x00, 0xBE, 0xFF, 0x9E, 0xFF, 0xDB, 0xFE, 0xFF, 0xFF, 
	0x08, 0x00, 0x18, 0xFE, 0xBB, 0xFE, 0x9E, 0xFF, 0xBE, 0xFF, 0xBE, 0xFF, 0xD8, 0xFD, 0xFF, 0xFF, 
	0x1A, 0x00, 0xC9, 0xF9, 0x67, 0xC9, 0x20, 0x10, 0xFF, 0xFF, 0x00, 0x02, 0x00, 0x00, 0x41, 0x30, 
	0x88, 0xD9, 0xFF, 0xFF, 0x10, 0x00, 0xC9, 0xF9, 0x4B, 0xFA, 0x35, 0xFD, 0xFF, 0xFF, 0x08, 0x00, 
	0x18, 0xFE, 0x97, 0xFD, 0x3D, 0xFF, 0xFF, 0xFF, 0x09, 0x00, 0xBE, 0xFF, 0x9E, 0xFF, 0xBA, 0xFE, 
	0xFF, 0xFF, 0x07, 0x00, 0x18, 0xFE, 0xFF, 0xFF, 0x04, 0x00, 0x39, 0xFE, 0xF4, 0xFC, 0x4A, 0xFA, 
	0xFF, 0xFF, 0x04, 0x00, 0x2A, 0xFA, 0xAC, 0xFA, 0xB7, 0xFD, 0x39, 0xFE, 0x39, 0xFE, 0x39, 0xFE, 
	0xFF, 0xFF, 0x05, 0x00, 0x18, 0xFE, 0x2E, 0xFB, 0xC9, 0xF9, 0xC9, 0xF9, 0x76, 0xFD, 0xFF, 0xFF, 
	0x04, 0x00, 0xBE, 0xFF, 0x7D, 0xFF, 0x79, 0xFE, 0xFF, 0xFF, 0x07, 0x00, 0x18, 0xFE, 0x39, 0xFE, 
	0x5D, 0xFF, 0xBE, 0xFF, 0xF1, 0xFB, 0xFF, 0xFF, 0x1B, 0x00, 0xC9, 0xF9, 0x88, 0xD9, 0x41, 0x30, 
	0xFF, 0xFF, 0xFE, 0x01, 0x00, 0x00, 0x41, 0x30, 0xA8, 0xE9, 0xFF, 0xFF, 0x10, 0x00, 0xC9, 0xF9, 
	0xB0, 0xFB, 0xD7, 0xFD, 0xFF, 0xFF, 0x07, 0x00, 0x18, 0xFE, 0xF4, 0xFC, 0xCD, 0xFA, 0xED, 0xFA, 
	0xFF, 0xFF, 0x09, 0x00, 0xBE, 0xFF, 0x7D, 0xFF, 0x59, 0xFE, 0xFF, 0xFF, 0x07, 0x00, 0x18, 0xFE, 
	0xFF, 0xFF, 0x05, 0x00, 0x39, 0xFE, 0x11, 0xFC, 0xC9, 0xF9, 0xC9, 0xF9, 0xE9, 0xF9, 0xE9, 0xF9, 
	0xE9, 0xF9, 0xC9, 0xF9, 0xC9, 0xF9, 0xF8, 0xFD, 0xFF, 0xFF, 0x03, 0x00, 0x39, 0xFE, 0xFF, 0xFF, 
	0x04, 0x00, 0x18, 0xFE, 0xD7, 0xFD, 0x0A, 0xFA, 0xC9, 0xF9, 0xC9, 0xF9, 0x76, 0xFD, 0xFF, 0xFF, 
	0x05, 0x00, 0xBE, 0xFF, 0x3C, 0xFF, 0x39, 0xFE, 0xFF, 0xFF, 0x07, 0x00, 0x18, 0xFE, 0xFB, 0xFE, 
	0x8C, 0xFA, 0xFF, 0xFF, 0x1C, 0x00, 0xC9, 0xF9, 0xA8, 0xE9, 0x41, 0x30, 0xFF, 0xFF, 0xFC, 0x01, 
	0x00, 0x00, 0x41, 0x30, 0xA8, 0xE9, 0xFF, 0xFF, 0x0F, 0x00, 0xC9, 0xF9, 0x0A, 0xFA, 0x72, 0xFC, 
	0xFF, 0xFF, 0x07, 0x00, 0x18, 0xFE, 0x55, 0xFD, 0xCD, 0xFA, 0xC9, 0xF9, 0xC9, 0xF9, 0xC9, 0xF9, 
	0xFF, 0xFF, 0x08, 0x00, 0xBE, 0xFF, 0x5D, 0xFF, 0x38, 0xFE, 0xFF, 0xFF, 0x06, 0x00, 0x18, 0xFE, 
	0xFF, 0xFF, 0x06, 0x00, 0x39, 0xFE, 0x76, 0xFD, 0xFF, 0xFF, 0x07, 0x00, 0xC9, 0xF9, 0x52, 0xFC, 
	0xFF, 0xFF, 0x03, 0x00, 0x39, 0xFE, 0xFF, 0xFF, 0x05, 0x00, 0x18, 0xFE, 0x72, 0xFC, 0xC9, 0xF9, 
	0xC9, 0xF9, 0x2A, 0xFA, 0x9A, 0xFE, 0xFF, 0xFF, 0x05, 0x00, 0xBE, 0xFF, 0x9E, 0xFF, 0xDB, 0xFE, 
	0xFF, 0xFF, 0x07, 0x00, 0x18, 0xFE, 0xB3, 0xFC, 0x0A, 0xFA, 0xFF, 0xFF, 0x1C, 0x00, 0xC9, 0xF9, 
	0xA8, 0xE9, 0x41, 0x30, 0xFF, 0xFF, 0xFA, 0x01, 0x00, 0x00, 0xA3, 0x60, 0xA8, 0xE9, 0xFF, 0xFF, 
	0x0F, 0x00, 0xC9, 0xF9, 0x0A, 0xFA, 0x35, 0xFD, 0xFF, 0xFF, 0x06, 0x00, 0x18, 0xFE, 0xD7, 0xFD, 
	0x6F, 0xFB, 0xFF, 0xFF, 0x04, 0x00, 0xC9, 0xF9, 0x39, 0xFE, 0xFF, 0xFF, 0x06, 0x00, 0xBE, 0xFF, 
	0x1C, 0xFF, 0xFF, 0xFF, 0x06, 0x00, 0x18, 0xFE, 0xD7, 0xFD, 0xF8, 0xFD, 0xFF, 0xFF, 0x05, 0x00, 
	0x39, 0xFE, 0xF8, 0xFD, 0x4B, 0xFA, 0xFF, 0xFF, 0x07, 0x00, 0xC9, 0xF9, 0x4B, 0xFA, 0xFF, 0xFF, 
	0x04, 0x00, 0x39, 0xFE, 0xFF, 0xFF, 0x05, 0x00, 0x18, 0xFE, 0xCD, 0xFA, 0xC9, 0xF9, 0xC9, 0xF9, 
	0x2A, 0xFA, 0x9A, 0xFE, 0xFF, 0xFF, 0x06, 0x00, 0xBE, 0xFF, 0x5D, 0xFF, 0x59, 0xFE, 0xFF, 0xFF, 
	0x06, 0x00, 0x18, 0xFE, 0x35, 0xFD, 0x4B, 0xFA, 0xFF, 0xFF, 0x1D, 0x00, 0xC9, 0xF9, 0xA3, 0x60, 
	0xFF, 0xFF, 0xF8, 0x01, 0x00, 0x00, 0xA3, 0x60, 0xFF, 0xFF, 0x10, 0x00, 0xC9, 0xF9, 0x4B, 0xFA, 
	0x35, 0xFD, 0xFF, 0xFF, 0x06, 0x00, 0x18, 0xFE, 0x31, 0xFC, 0x0A, 0xFA, 0xFF, 0xFF, 0x05, 0x00, 
	0xC9, 0xF9, 0x76, 0xFD, 0xFF, 0xFF, 0x05, 0x00, 0xBE, 0xFF, 0xBB, 0xFE, 0xFF, 0xFF, 0x06, 0x00, 
	0x18, 0xFE, 0x55, 0xFD, 0x96, 0xFD, 0xFF, 0xFF, 0x06, 0x00, 0x39, 0xFE, 0xB0, 0xFB, 0xFF, 0xFF, 
	0x09, 0x00, 0xC9, 0xF9, 0x76, 0xFD, 0xFF, 0xFF, 0x04, 0x00, 0x39, 0xFE, 0xFF, 0xFF, 0x04, 0x00, 
	0x18, 0xFE, 0x96, 0xFD, 0x0A, 0xFA, 0xC9, 0xF9, 0xC9, 0xF9, 0xED, 0xFA, 0x5D, 0xFF, 0xFF, 0xFF, 
	0x07, 0x00, 0xBE, 0xFF, 0xBB, 0xFE, 0xFF, 0xFF, 0x06, 0x00, 0x18, 0xFE, 0xD7, 0xFD, 0x8C, 0xFA, 
	0xFF, 0xFF, 0x1D, 0x00, 0xC9, 0xF9, 0xA3, 0x60, 0xFF, 0xFF, 0xF6, 0x01, 0x00, 0x00, 0xA3, 0x60, 
	0xFF, 0xFF, 0x10, 0x00, 0xC9, 0xF9, 0x0A, 0xFA, 0x35, 0xFD, 0xFF, 0xFF, 0x05, 0x00, 0x18, 0xFE, 
	0xD7, 0xFD, 0x2E, 0xFB, 0xFF, 0xFF, 0x07, 0x00, 0xC9, 0xF9, 0xB4, 0xFC, 0xFF, 0xFF, 0x03, 0x00, 
	0xBE, 0xFF, 0x9E, 0xFF, 0x79, 0xFE, 0xFF, 0xFF, 0x06, 0x00, 0x18, 0xFE, 0x76, 0xFD, 0x32, 0xFC, 
	0xFF, 0xFF, 0x06, 0x00, 0x39, 0xFE, 0x35, 0xFD, 0xFF, 0xFF, 0x0A, 0x00, 0xC9, 0xF9, 0x6F, 0xFB, 
	0xFF, 0xFF, 0x04, 0x00, 0x39, 0xFE, 0xFF, 0xFF, 0x05, 0x00, 0x18, 0xFE, 0xF1, 0xFB, 0xC9, 0xF9, 
	0xC9, 0xF9, 0xC9, 0xF9, 0xED, 0xFA, 0x5D, 0xFF, 0xFF, 0xFF, 0x07, 0x00, 0xBE, 0xFF, 0x3D, 0xFF, 
	0x39, 0xFE, 0xFF, 0xFF, 0x05, 0x00, 0x18, 0xFE, 0xD7, 0xFD, 0x8C, 0xFA, 0xFF, 0xFF, 0x1D, 0x00, 
	0xC9, 0xF9, 0xA3, 0x60, 0xFF, 0xFF, 0xF4, 0x01, 0x00, 0x00, 0x62, 0x40, 0xFF, 0xFF, 0x11, 0x00, 
	0xC9, 0xF9, 0xF4, 0xFC, 0xFF, 0xFF, 0x05, 0x00, 0x18, 0xFE, 0x55, 0xFD, 0x0A, 0xFA, 0xFF, 0xFF, 
	0x08, 0x00, 0xC9, 0xF9, 0xB0, 0xFB, 0xBE, 0xFF, 0xBE, 0xFF, 0xBE, 0xFF, 0x5D, 0xFF, 0x39, 0xFE, 
	0xFF, 0xFF, 0x06, 0x00, 0x18, 0xFE, 0x14, 0xFD, 0xED, 0xFA, 0xFF, 0xFF, 0x06, 0x00, 0x39, 0xFE, 
	0xF8, 0xFD, 0x4B, 0xFA, 0xFF, 0xFF, 0x0A, 0x00, 0xC9, 0xF9, 0x0A, 0xFA, 0xFF, 0xFF, 0x05, 0x00, 
	0x39, 0xFE, 0xFF, 0xFF, 0x05, 0x00, 0x18, 0xFE, 0x8C, 0xFA, 0xC9, 0xF9, 0xC9, 0xF9, 0xC9, 0xF9, 
	0xF1, 0xFB, 0xFF, 0xFF, 0x08, 0x00, 0xBE, 0xFF, 0x9E, 0xFF, 0x59, 0xFE, 0xFF, 0xFF, 0x05, 0x00, 
	0x18, 0xFE, 0xD7, 0xFD, 0x8C, 0xFA, 0xFF, 0xFF, 0x1D, 0x00, 0xC9, 0xF9, 0x83, 0x50, 0xFF, 0xFF, 
	0xF2, 0x01, 0x00, 0x00, 0x41, 0x30, 0xA8, 0xE9, 0xFF, 0xFF, 0x10, 0x00, 0xC9, 0xF9, 0xB0, 0xFB, 
	0xFF, 0xFF, 0x05, 0x00, 0x18, 0xFE, 0x72, 0xFC, 0xFF, 0xFF, 0x0A, 0x00, 0xC9, 0xF9, 0x4E, 0xFB, 
	0xBE, 0xFF, 0xBE, 0xFF, 0x1C, 0xFF, 0x38, 0xFE, 0xFF, 0xFF, 0x06, 0x00, 0x18, 0xFE, 0xF4, 0xFC, 
	0xC9, 0xF9, 0x76, 0xFD, 0xFF, 0xFF, 0x06, 0x00, 0x39, 0xFE, 0x11, 0xFC, 0xFF, 0xFF, 0x0C, 0x00, 
	0xC9, 0xF9, 0xD4, 0xFC, 0xFF, 0xFF, 0x05, 0x00, 0x39, 0xFE, 0xFF, 0xFF, 0x04, 0x00, 0x18, 0xFE, 
	0x96, 0xFD, 0x0A, 0xFA, 0xC9, 0xF9, 0xC9, 0xF9, 0xC9, 0xF9, 0x52, 0xFC, 0xFF, 0xFF, 0x09, 0x00, 
	0xBE, 0xFF, 0xBA, 0xFE, 0xFF, 0xFF, 0x05, 0x00, 0x18, 0xFE, 0xD7, 0xFD, 0x8C, 0xFA, 0xFF, 0xFF, 
	0x1C, 0x00, 0xC9, 0xF9, 0xA8, 0xE9, 0x41, 0x30, 0xFF, 0xFF, 0xF0, 0x01, 0x00, 0x00, 0x41, 0x20, 
	0xA8, 0xE9, 0xFF, 0xFF, 0x11, 0x00, 0xC9, 0xF9, 0x96, 0xFD, 0xFF, 0xFF, 0x04, 0x00, 0x18, 0xFE, 
	0x72, 0xFC, 0xFF, 0xFF, 0x0B, 0x00, 0xC9, 0xF9, 0xED, 0xFA, 0xBE, 0xFF, 0xBB, 0xFE, 0xFF, 0xFF, 
	0x06, 0x00, 0x18, 0xFE, 0x38, 0xFE, 0x35, 0xFD, 0xC9, 0xF9, 0xB0, 0xFB, 0xFF, 0xFF, 0x06, 0x00, 
	0x39, 0xFE, 0x76, 0xFD, 0xFF, 0xFF, 0x0D, 0x00, 0xC9, 0xF9, 0x6F, 0xFB, 0xFF, 0xFF, 0x05, 0x00, 
	0x39, 0xFE, 0xFF, 0xFF, 0x05, 0x00, 0x18, 0xFE, 0x72, 0xFC, 0xFF, 0xFF, 0x03, 0x00, 0xC9, 0xF9, 
	0x76, 0xFD, 0xFF, 0xFF, 0x09, 0x00, 0xBE, 0xFF, 0x6F, 0xFB, 0xFF, 0xFF, 0x05, 0x00, 0x18, 0xFE, 
	0xD7, 0xFD, 0x4B, 0xFA, 0xFF, 0xFF, 0x1C, 0x00, 0xC9, 0xF9, 0xA8, 0xE9, 0x41, 0x30, 0xFF, 0xFF, 
	0xEE, 0x01, 0x00, 0x00, 0x20, 0x10, 0x67, 0xC9, 0xFF, 0xFF, 0x11, 0x00, 0xC9, 0xF9, 0x6F, 0xFB, 
	0xFF, 0xFF, 0x04, 0x00, 0x18, 0xFE, 0x72, 0xFC, 0xFF, 0xFF, 0x0C, 0x00, 0xC9, 0xF9, 0x0A, 0xFA, 
	0x59, 0xFE, 0xFF, 0xFF, 0x06, 0x00, 0x18, 0xFE, 0x59, 0xFE, 0x97, 0xFD, 0xC9, 0xF9, 0x4B, 0xFA, 
	0xF8, 0xFD, 0xFF, 0xFF, 0x06, 0x00, 0x39, 0xFE, 0xAC, 0xFA, 0xFF, 0xFF, 0x0D, 0x00, 0xC9, 0xF9, 
	0x0A, 0xFA, 0xFF, 0xFF, 0x06, 0x00, 0x39, 0xFE, 0xFF, 0xFF, 0x05, 0x00, 0x18, 0xFE, 0x2E, 0xFB, 
	0xFF, 0xFF, 0x03, 0x00, 0xC9, 0xF9, 0xD8, 0xFD, 0xFF, 0xFF, 0x08, 0x00, 0xBE, 0xFF, 0xC9, 0xF9, 
	0x6F, 0xFB, 0xFF, 0xFF, 0x05, 0x00, 0x18, 0xFE, 0x35, 0xFD, 0xFF, 0xFF, 0x1D, 0x00, 0xC9, 0xF9, 
	0x67, 0xC9, 0x20, 0x10, 0xFF, 0xFF, 0xED, 0x01, 0x00, 0x00, 0x26, 0xA9, 0xFF, 0xFF, 0x12, 0x00, 
	0xC9, 0xF9, 0x31, 0xFC, 0xFF, 0xFF, 0x03, 0x00, 0x18, 0xFE, 0xD7, 0xFD, 0x0A, 0xFA, 0xFF, 0xFF, 
	0x0B, 0x00, 0xC9, 0xF9, 0xCD, 0xFA, 0xD7, 0xFD, 0xFF, 0xFF, 0x06, 0x00, 0x18, 0xFE, 0x9A, 0xFE, 
	0x39, 0xFE, 0xC9, 0xF9, 0xC9, 0xF9, 0xD4, 0xFC, 0xFF, 0xFF, 0x06, 0x00, 0x39, 0xFE, 0x93, 0xFC, 
	0xFF, 0xFF, 0x0F, 0x00, 0xC9, 0xF9, 0x76, 0xFD, 0xFF, 0xFF, 0x06, 0x00, 0x39, 0xFE, 0xFF, 0xFF, 
	0x04, 0x00, 0x18, 0xFE, 0xD7, 0xFD, 0x4B, 0xFA, 0xC9, 0xF9, 0xC9, 0xF9, 0xC9, 0xF9, 0x2A, 0xFA, 
	0x9A, 0xFE, 0xFF, 0xFF, 0x07, 0x00, 0xBE, 0xFF, 0xC9, 0xF9, 0xC9, 0xF9, 0x6F, 0xFB, 0xFF, 0xFF, 
	0x05, 0x00, 0x18, 0xFE, 0x31, 0xFC, 0xFF, 0xFF, 0x1D, 0x00, 0xC9, 0xF9, 0x26, 0xA9, 0xFF, 0xFF, 
	0xEC, 0x01, 0x00, 0x00, 0x83, 0x50, 0xFF, 0xFF, 0x13, 0x00, 0xC9, 0xF9, 0xF4, 0xFC, 0xFF, 0xFF, 
	0x03, 0x00, 0x18, 0xFE, 0xF4, 0xFC, 0xFF, 0xFF, 0x0B, 0x00, 0xC9, 0xF9, 0x31, 0xFC, 0xFF, 0xFF, 
	0x07, 0x00, 0x18, 0xFE, 0xDB, 0xFE, 0x9A, 0xFE, 0x2A, 0xFA, 0xC9, 0xF9, 0xED, 0xFA, 0xFF, 0xFF, 
	0x06, 0x00, 0x39, 0xFE, 0xF8, 0xFD, 0x4B, 0xFA, 0xFF, 0xFF, 0x0F, 0x00, 0xC9, 0xF9, 0xB0, 0xFB, 
	0xFF, 0xFF, 0x06, 0x00, 0x39, 0xFE, 0xFF, 0xFF, 0x05, 0x00, 0x18, 0xFE, 0x35, 0xFD, 0xFF, 0xFF, 
	0x03, 0x00, 0xC9, 0xF9, 0x2A, 0xFA, 0xFC, 0xFE, 0xFF, 0xFF, 0x05, 0x00, 0xBE, 0xFF, 0xFC, 0xFE, 
	0xC9, 0xF9, 0xC9, 0xF9, 0xC9, 0xF9, 0xF1, 0xFB, 0xFF, 0xFF, 0x05, 0x00, 0x18, 0xFE, 0x8C, 0xFA, 
	0xFF, 0xFF, 0x1D, 0x00, 0xC9, 0xF9, 0x83, 0x50, 0xFF, 0xFF, 0xEB, 0x01, 0x00, 0x00, 0x88, 0xD9, 
	0xFF, 0xFF, 0x13, 0x00, 0xC9, 0xF9, 0xF4, 0xFC, 0xFF, 0xFF, 0x03, 0x00, 0x18, 0xFE, 0x35, 0xFD, 
	0xFF, 0xFF, 0x09, 0x00, 0xC9, 0xF9, 0x8C, 0xFA, 0x35, 0xFD, 0xFF, 0xFF, 0x06, 0x00, 0x18, 0xFE, 
	0x38, 0xFE, 0x3C, 0xFF, 0x5D, 0xFF, 0x8C, 0xFA, 0xC9, 0xF9, 0xC9, 0xF9, 0xB7, 0xFD, 0xFF, 0xFF, 
	0x06, 0x00, 0x39, 0xFE, 0x11, 0xFC, 0xFF, 0xFF, 0x10, 0x00, 0xC9, 0xF9, 0xAC, 0xFA, 0xFF, 0xFF, 
	0x07, 0x00, 0x39, 0xFE, 0xF7, 0xFD, 0xFF, 0xFF, 0x04, 0x00, 0x18, 0xFE, 0x72, 0xFC, 0xFF, 0xFF, 
	0x03, 0x00, 0xC9, 0xF9, 0xED, 0xFA, 0x5D, 0xFF, 0xFF, 0xFF, 0x04, 0x00, 0xBE, 0xFF, 0x39, 0xFE, 
	0xFF, 0xFF, 0x03, 0x00, 0xC9, 0xF9, 0xB3, 0xFC, 0xFF, 0xFF, 0x04, 0x00, 0x18, 0xFE, 0xF4, 0xFC, 
	0xFF, 0xFF, 0x1D, 0x00, 0xC9, 0xF9, 0x88, 0xD9, 0xFF, 0xFF, 0xEB, 0x01, 0x00, 0x00, 0x62, 0x40, 
	0x62, 0x40, 0x41, 0x20, 0x04, 0x51, 0x4E, 0xFB, 0xAC, 0xFA, 0xFF, 0xFF, 0x0E, 0x00, 0xC9, 0xF9, 
	0x31, 0xFC, 0xFF, 0xFF, 0x04, 0x00, 0x18, 0xFE, 0x6F, 0xFB, 0xFF, 0xFF, 0x07, 0x00, 0xC9, 0xF9, 
	0xF0, 0xFB, 0xFF, 0xFF, 0x07, 0x00, 0x18, 0xFE, 0x59, 0xFE, 0x7D, 0xFF, 0x5D, 0xFF, 0xED, 0xFA, 
	0xC9, 0xF9, 0xC9, 0xF9, 0x11, 0xFC, 0xFF, 0xFF, 0x06, 0x00, 0x39, 0xFE, 0xB7, 0xFD, 0x0A, 0xFA, 
	0xFF, 0xFF, 0x11, 0x00, 0xC9, 0xF9, 0xB7, 0xFD, 0xFF, 0xFF, 0x06, 0x00, 0x39, 0xFE, 0x97, 0xFD, 
	0xFF, 0xFF, 0x05, 0x00, 0x18, 0xFE, 0xB0, 0xFB, 0xFF, 0xFF, 0x03, 0x00, 0xC9, 0xF9, 0xED, 0xFA, 
	0xFF, 0xFF, 0x04, 0x00, 0xBE, 0xFF, 0x39, 0xFE, 0xFF, 0xFF, 0x03, 0x00, 0xC9, 0xF9, 0x0A, 0xFA, 
	0xD7, 0xFD, 0xFF, 0xFF, 0x04, 0x00, 0x18, 0xFE, 0x4B, 0xFA, 0xFF, 0xFF, 0x17, 0x00, 0xC9, 0xF9, 
	0xAC, 0xFA, 0x4E, 0xFB, 0x04, 0x51, 0x41, 0x20, 0x62, 0x40, 0x62, 0x40, 0xFF, 0xFF, 0xED, 0x01, 
	0x00, 0x00, 0x21, 0x10, 0x4E, 0xEB, 0x8F, 0xFB, 0x8F, 0xFB, 0xCC, 0xFA, 0xFF, 0xFF, 0x0D, 0x00, 
	0xC9, 0xF9, 0xCD, 0xFA, 0xFF, 0xFF, 0x05, 0x00, 0x18, 0xFE, 0x31, 0xFC, 0xFF, 0xFF, 0x04, 0x00, 
	0xC9, 0xF9, 0x6F, 0xFB, 0x96, 0xFD, 0xFF, 0xFF, 0x07, 0x00, 0x18, 0xFE, 0xDB, 0xFE, 0xBE, 0xFF, 
	0xBE, 0xFF, 0xB0, 0xFB, 0xC9, 0xF9, 0xC9, 0xF9, 0x0A, 0xFA, 0xF8, 0xFD, 0xFF, 0xFF, 0x06, 0x00, 
	0x39, 0xFE, 0x6F, 0xFB, 0xFF, 0xFF, 0x12, 0x00, 0xC9, 0xF9, 0x93, 0xFC, 0xFF, 0xFF, 0x07, 0x00, 
	0x39, 0xFE, 0x72, 0xFC, 0xFF, 0xFF, 0x05, 0x00, 0x18, 0xFE, 0xCD, 0xFA, 0xFF, 0xFF, 0x03, 0x00, 
	0xC9, 0xF9, 0xF1, 0xFB, 0xFF, 0xFF, 0x03, 0x00, 0xBE, 0xFF, 0x39, 0xFE, 0xFF, 0xFF, 0x04, 0x00, 
	0xC9, 0xF9, 0xF1, 0xFB, 0xFF, 0xFF, 0x04, 0x00, 0x18, 0xFE, 0x31, 0xFC, 0xFF, 0xFF, 0x16, 0x00, 
	0xC9, 0xF9, 0xCC, 0xFA, 0x8F, 0xFB, 0x8F, 0xFB, 0x4E, 0xEB, 0x21, 0x10, 0xFF, 0xFF, 0xEF, 0x01, 
	0x00, 0x00, 0xAB, 0xBA, 0xFF, 0xFF, 0x03, 0x00, 0x8F, 0xFB, 0xE9, 0xF9, 0xFF, 0xFF, 0x0D, 0x00, 
	0xC9, 0xF9, 0xF4, 0xFC, 0xFF, 0xFF, 0x05, 0x00, 0x18, 0xFE, 0x96, 0xFD, 0xF0, 0xFB, 0xF0, 0xFB, 
	0x31, 0xFC, 0x96, 0xFD, 0xFF, 0xFF, 0x08, 0x00, 0x18, 0xFE, 0x3D, 0xFF, 0xBE, 0xFF, 0xBE, 0xFF, 
	0xF1, 0xFB, 0xC9, 0xF9, 0xC9, 0xF9, 0xC9, 0xF9, 0x11, 0xFC, 0xFF, 0xFF, 0x06, 0x00, 0x39, 0xFE, 
	0xB7, 0xFD, 0xFF, 0xFF, 0x13, 0x00, 0xC9, 0xF9, 0x2E, 0xFB, 0xFF, 0xFF, 0x07, 0x00, 0x39, 0xFE, 
	0xB0, 0xFB, 0x55, 0xFD, 0xFF, 0xFF, 0x04, 0x00, 0x18, 0xFE, 0xD7, 0xFD, 0x8C, 0xFA, 0xFF, 0xFF, 
	0x03, 0x00, 0xC9, 0xF9, 0x52, 0xFC, 0xBE, 0xFF, 0xBE, 0xFF, 0xBE, 0xFF, 0x39, 0xFE, 0xFF, 0xFF, 
	0x05, 0x00, 0xC9, 0xF9, 0xFF, 0xFF, 0x04, 0x00, 0x18, 0xFE, 0xF4, 0xFC, 0xFF, 0xFF, 0x16, 0x00, 
	0xC9, 0xF9, 0xFF, 0xFF, 0x03, 0x00, 0x8F, 0xFB, 0xAB, 0xBA, 0xFF, 0xFF, 0xEE, 0x01, 0x00, 0x00, 
	0x86, 0x71, 0xFF, 0xFF, 0x04, 0x00, 0x8F, 0xFB, 0x2B, 0xFA, 0xFF, 0xFF, 0x0D, 0x00, 0xC9, 0xF9, 
	0x4B, 0xFA, 0xD7, 0xFD, 0xFF, 0xFF, 0x10, 0x00, 0x18, 0xFE, 0xF1, 0xFB, 0x39, 0xFE, 0xBE, 0xFF, 
	0xBE, 0xFF, 0x15, 0xFD, 0xC9, 0xF9, 0xC9, 0xF9, 0xC9, 0xF9, 0x4B, 0xFA, 0xFF, 0xFF, 0x07, 0x00, 
	0x39, 0xFE, 0x6F, 0xFB, 0xFF, 0xFF, 0x13, 0x00, 0xC9, 0xF9, 0x0A, 0xFA, 0xFF, 0xFF, 0x07, 0x00, 
	0x39, 0xFE, 0x76, 0xFD, 0x0A, 0xFA, 0x96, 0xFD, 0xFF, 0xFF, 0x04, 0x00, 0x18, 0xFE, 0xD7, 0xFD, 
	0x8C, 0xFA, 0xFF, 0xFF, 0x03, 0x00, 0xC9, 0xF9, 0x76, 0xFD, 0xBE, 0xFF, 0xBE, 0xFF, 0x39, 0xFE, 
	0xFF, 0xFF, 0x05, 0x00, 0xC9, 0xF9, 0xF4, 0xFC, 0xFF, 0xFF, 0x04, 0x00, 0x18, 0xFE, 0xFF, 0xFF, 
	0x15, 0x00, 0xC9, 0xF9, 0x2B, 0xFA, 0xFF, 0xFF, 0x04, 0x00, 0x8F, 0xFB, 0x86, 0x71, 0xFF, 0xFF, 
	0xEC, 0x01, 0x00, 0x00, 0xA3, 0x30, 0xFF, 0xFF, 0x05, 0x00, 0x8F, 0xFB, 0x2B, 0xFA, 0xFF, 0xFF, 
	0x0E, 0x00, 0xC9, 0xF9, 0x8C, 0xFA, 0xD7, 0xFD, 0xFF, 0xFF, 0x0D, 0x00, 0x18, 0xFE, 0xF4, 0xFC, 
	0x4B, 0xFA, 0xC9, 0xF9, 0x39, 0xFE, 0xBE, 0xFF, 0x76, 0xFD, 0xFF, 0xFF, 0x03, 0x00, 0xC9, 0xF9, 
	0x93, 0xFC, 0xFF, 0xFF, 0x06, 0x00, 0x39, 0xFE, 0xB7, 0xFD, 0xFF, 0xFF, 0x15, 0x00, 0xC9, 0xF9, 
	0x35, 0xFD, 0xFF, 0xFF, 0x07, 0x00, 0x39, 0xFE, 0x4B, 0xFA, 0x8C, 0xFA, 0xD7, 0xFD, 0xFF, 0xFF, 
	0x04, 0x00, 0x18, 0xFE, 0xD7, 0xFD, 0x8C, 0xFA, 0xFF, 0xFF, 0x03, 0x00, 0xC9, 0xF9, 0x39, 0xFE, 
	0xBE, 0xFF, 0x39, 0xFE, 0xFF, 0xFF, 0x05, 0x00, 0xC9, 0xF9, 0x31, 0xFC, 0xFF, 0xFF, 0x04, 0x00, 
	0x18, 0xFE, 0xFF, 0xFF, 0x15, 0x00, 0xC9, 0xF9, 0x2B, 0xFA, 0xFF, 0xFF, 0x05, 0x00, 0x8F, 0xFB, 
	0xA3, 0x30, 0xFF, 0xFF, 0xEA, 0x01, 0x00, 0x00, 0x21, 0x10, 0xCC, 0xCA, 0xFF, 0xFF, 0x05, 0x00, 
	0x8F, 0xFB, 0x2B, 0xFA, 0xFF, 0xFF, 0x0F, 0x00, 0xC9, 0xF9, 0x0A, 0xFA, 0x55, 0xFD, 0xFF, 0xFF, 
	0x0A, 0x00, 0x18, 0xFE, 0xB3, 0xFC, 0xCD, 0xFA, 0xC9, 0xF9, 0xC9, 0xF9, 0xC9, 0xF9, 0x39, 0xFE, 
	0x9A, 0xFE, 0xFF, 0xFF, 0x03, 0x00, 0xC9, 0xF9, 0xAC, 0xFA, 0xFF, 0xFF, 0x07, 0x00, 0x39, 0xFE, 
	0x6F, 0xFB, 0xFF, 0xFF, 0x15, 0x00, 0xC9, 0xF9, 0x11, 0xFC, 0xFF, 0xFF, 0x07, 0x00, 0x39, 0xFE, 
	0xB0, 0xFB, 0xC9, 0xF9, 0xCD, 0xFA, 0xFF, 0xFF, 0x05, 0x00, 0x18, 0xFE, 0xD7, 0xFD, 0x8C, 0xFA, 
	0xC9, 0xF9, 0xC9, 0xF9, 0xC9, 0xF9, 0x2A, 0xFA, 0x9A, 0xFE, 0x39, 0xFE, 0xFF, 0xFF, 0x05, 0x00, 
	0xC9, 0xF9, 0xF4, 0xFC, 0xFF, 0xFF, 0x04, 0x00, 0x18, 0xFE, 0xFF, 0xFF, 0x15, 0x00, 0xC9, 0xF9, 
	0x2B, 0xFA, 0xFF, 0xFF, 0x05, 0x00, 0x8F, 0xFB, 0xCC, 0xCA, 0x21, 0x10, 0xFF, 0xFF, 0xE9, 0x01, 
	0x00, 0x00, 0xE8, 0x91, 0xFF, 0xFF, 0x06, 0x00, 0x8F, 0xFB, 0x2B, 0xFA, 0xFF, 0xFF, 0x11, 0x00, 
	0xC9, 0xF9, 0x6F, 0xFB, 0x55, 0xFD, 0xFF, 0xFF, 0x05, 0x00, 0x18, 0xFE, 0x55, 0xFD, 0x31, 0xFC, 
	0x4B, 0xFA, 0xFF, 0xFF, 0x04, 0x00, 0xC9, 0xF9, 0x15, 0xFD, 0x2A, 0xFA, 0xFF, 0xFF, 0x03, 0x00, 
	0xC9, 0xF9, 0x93, 0xFC, 0xFF, 0xFF, 0x06, 0x00, 0x39, 0xFE, 0xB7, 0xFD, 0xFF, 0xFF, 0x16, 0x00, 
	0xC9, 0xF9, 0xAC, 0xFA, 0xFF, 0xFF, 0x07, 0x00, 0x39, 0xFE, 0x35, 0xFD, 0xC9, 0xF9, 0xC9, 0xF9, 
	0x6F, 0xFB, 0xFF, 0xFF, 0x06, 0x00, 0x18, 0xFE, 0x6F, 0xFB, 0xC9, 0xF9, 0xC9, 0xF9, 0xC9, 0xF9, 
	0x2A, 0xFA, 0xD8, 0xFD, 0xFF, 0xFF, 0x04, 0x00, 0xC9, 0xF9, 0x8C, 0xFA, 0xFF, 0xFF, 0x04, 0x00, 
	0x18, 0xFE, 0xF4, 0xFC, 0xFF, 0xFF, 0x15, 0x00, 0xC9, 0xF9, 0x2B, 0xFA, 0xFF, 0xFF, 0x06, 0x00, 
	0x8F, 0xFB, 0xE8, 0x91, 0xFF, 0xFF, 0xE8, 0x01, 0x00, 0x00, 0xE3, 0x40, 0xFF, 0xFF, 0x07, 0x00, 
	0x8F, 0xFB, 0x2A, 0xFA, 0xFF, 0xFF, 0x07, 0x00, 0xC9, 0xF9, 0x2B, 0xFA, 0xAC, 0xFA, 0xAC, 0xFA, 
	0x8C, 0xFA, 0x0A, 0xFA, 0xFF, 0xFF, 0x06, 0x00, 0xC9, 0xF9, 0x4B, 0xFA, 0xCD, 0xFA, 0xB0, 0xFB, 
	0x6F, 0xFB, 0xCD, 0xFA, 0x4B, 0xFA, 0xFF, 0xFF, 0x0C, 0x00, 0xC9, 0xF9, 0x4B, 0xFA, 0xFF, 0xFF, 
	0x07, 0x00, 0x39, 0xFE, 0xB0, 0xFB, 0xFF, 0xFF, 0x17, 0x00, 0xC9, 0xF9, 0xF8, 0xFD, 0xFF, 0xFF, 
	0x07, 0x00, 0x39, 0xFE, 0x0A, 0xFA, 0xC9, 0xF9, 0xC9, 0xF9, 0x6F, 0xFB, 0xFF, 0xFF, 0x06, 0x00, 
	0x18, 0xFE, 0x72, 0xFC, 0x0A, 0xFA, 0xC9, 0xF9, 0xC9, 0xF9, 0x2A, 0xFA, 0xFF, 0xFF, 0x03, 0x00, 
	0xC9, 0xF9, 0x0A, 0xFA, 0x35, 0xFD, 0xFF, 0xFF, 0x04, 0x00, 0x18, 0xFE, 0xB0, 0xFB, 0xFF, 0xFF, 
	0x08, 0x00, 0xC9, 0xF9, 0x0A, 0xFA, 0x8C, 0xFA, 0xAC, 0xFA, 0xAC, 0xFA, 0x4B, 0xFA, 0xFF, 0xFF, 
	0x07, 0x00, 0xC9, 0xF9, 0x2B, 0xFA, 0xFF, 0xFF, 0x07, 0x00, 0x8F, 0xFB, 0xE3, 0x40, 0xFF, 0xFF, 
	0xE6, 0x01, 0x00, 0x00, 0x21, 0x10, 0x0D, 0xDB, 0xFF, 0xFF, 0x07, 0x00, 0x8F, 0xFB, 0xFF, 0xFF, 
	0x05, 0x00, 0xC9, 0xF9, 0xE9, 0xF9, 0xAC, 0xFA, 0x4E, 0xFB, 0xFF, 0xFF, 0x04, 0x00, 0x8F, 0xFB, 
	0x8C, 0xFA, 0xFF, 0xFF, 0x18, 0x00, 0xC9, 0xF9, 0x93, 0xFC, 0xFF, 0xFF, 0x06, 0x00, 0x39, 0xFE, 
	0xF8, 0xFD, 0x0A, 0xFA, 0xFF, 0xFF, 0x17, 0x00, 0xC9, 0xF9, 0xD4, 0xFC, 0xFF, 0xFF, 0x07, 0x00, 
	0x39, 0xFE, 0x6F, 0xFB, 0xC9, 0xF9, 0xC9, 0xF9, 0xC9, 0xF9, 0x6F, 0xFB, 0xFF, 0xFF, 0x06, 0x00, 
	0x18, 0xFE, 0xD7, 0xFD, 0xF0, 0xFB, 0x0A, 0xFA, 0xFF, 0xFF, 0x03, 0x00, 0xC9, 0xF9, 0xCD, 0xFA, 
	0x35, 0xFD, 0xFF, 0xFF, 0x04, 0x00, 0x18, 0xFE, 0xD7, 0xFD, 0x0A, 0xFA, 0xFF, 0xFF, 0x07, 0x00, 
	0xC9, 0xF9, 0x8C, 0xFA, 0xFF, 0xFF, 0x04, 0x00, 0x8F, 0xFB, 0x4E, 0xFB, 0xAC, 0xFA, 0xE9, 0xF9, 
	0xFF, 0xFF, 0x04, 0x00, 0xC9, 0xF9, 0xE9, 0xF9, 0xFF, 0xFF, 0x07, 0x00, 0x8F, 0xFB, 0x0D, 0xDB, 
	0x21, 0x10, 0xFF, 0xFF, 0xE5, 0x01, 0x00, 0x00, 0x6A, 0xAA, 0xFF, 0xFF, 0x08, 0x00, 0x8F, 0xFB, 
	0x0A, 0xFA, 0xFF, 0xFF, 0x03, 0x00, 0xC9, 0xF9, 0x6B, 0xFA, 0x4E, 0xFB, 0xFF, 0xFF, 0x07, 0x00, 
	0x8F, 0xFB, 0xCD, 0xFA, 0xFF, 0xFF, 0x16, 0x00, 0xC9, 0xF9, 0x4B, 0xFA, 0xFF, 0xFF, 0x07, 0x00, 
	0x39, 0xFE, 0x52, 0xFC, 0xFF, 0xFF, 0x18, 0x00, 0xC9, 0xF9, 0xB0, 0xFB, 0xFF, 0xFF, 0x07, 0x00, 
	0x39, 0xFE, 0x93, 0xFC, 0xFF, 0xFF, 0x03, 0x00, 0xC9, 0xF9, 0x6F, 0xFB, 0xFF, 0xFF, 0x08, 0x00, 
	0x18, 0xFE, 0x35, 0xFD, 0x72, 0xFC, 0x72, 0xFC, 0x35, 0xFD, 0xFF, 0xFF, 0x06, 0x00, 0x18, 0xFE, 
	0xB0, 0xFB, 0xFF, 0xFF, 0x07, 0x00, 0xC9, 0xF9, 0xCD, 0xFA, 0xFF, 0xFF, 0x07, 0x00, 0x8F, 0xFB, 
	0x4E, 0xFB, 0x6B, 0xFA, 0xFF, 0xFF, 0x03, 0x00, 0xC9, 0xF9, 0x0A, 0xFA, 0xFF, 0xFF, 0x08, 0x00, 
	0x8F, 0xFB, 0x6A, 0xAA, 0xFF, 0xFF, 0xE4, 0x01, 0x00, 0x00, 0x04, 0x51, 0xFF, 0xFF, 0x09, 0x00, 
	0x8F, 0xFB, 0x6B, 0xFA, 0xC9, 0xF9, 0xC9, 0xF9, 0x2B, 0xFA, 0x0E, 0xFB, 0xFF, 0xFF, 0x0A, 0x00, 
	0x8F, 0xFB, 0x4B, 0xFA, 0xFF, 0xFF, 0x15, 0x00, 0xC9, 0xF9, 0x93, 0xFC, 0xFF, 0xFF, 0x07, 0x00, 
	0x39, 0xFE, 0x4B, 0xFA, 0xFF, 0xFF, 0x18, 0x00, 0xC9, 0xF9, 0xAC, 0xFA, 0xFF, 0xFF, 0x07, 0x00, 
	0x39, 0xFE, 0xB7, 0xFD, 0xFF, 0xFF, 0x04, 0x00, 0xC9, 0xF9, 0x2E, 0xFB, 0xD7, 0xFD, 0xFF, 0xFF, 
	0x10, 0x00, 0x18, 0xFE, 0x72, 0xFC, 0xFF, 0xFF, 0x07, 0x00, 0xC9, 0xF9, 0x4B, 0xFA, 0xFF, 0xFF, 
	0x0A, 0x00, 0x8F, 0xFB, 0x0E, 0xFB, 0x2B, 0xFA, 0xC9, 0xF9, 0xC9, 0xF9, 0x6B, 0xFA, 0xFF, 0xFF, 
	0x09, 0x00, 0x8F, 0xFB, 0x04, 0x51, 0xFF, 0xFF, 0xE2, 0x01, 0x00, 0x00, 0x21, 0x10, 0x4E, 0xEB, 
	0xFF, 0xFF, 0x09, 0x00, 0x8F, 0xFB, 0x6F, 0xFB, 0xAC, 0xFA, 0x2E, 0xFB, 0xFF, 0xFF, 0x0C, 0x00, 
	0x8F, 0xFB, 0x4E, 0xFB, 0xFF, 0xFF, 0x14, 0x00, 0xC9, 0xF9, 0x4B, 0xFA, 0xFF, 0xFF, 0x07, 0x00, 
	0x39, 0xFE, 0xD4, 0xFC, 0xFF, 0xFF, 0x1A, 0x00, 0xC9, 0xF9, 0xFF, 0xFF, 0x08, 0x00, 0x39, 0xFE, 
	0x4B, 0xFA, 0xFF, 0xFF, 0x04, 0x00, 0xC9, 0xF9, 0x4B, 0xFA, 0xF4, 0xFC, 0xFF, 0xFF, 0x0E, 0x00, 
	0x18, 0xFE, 0x72, 0xFC, 0xFF, 0xFF, 0x08, 0x00, 0xC9, 0xF9, 0x4E, 0xFB, 0xFF, 0xFF, 0x0C, 0x00, 
	0x8F, 0xFB, 0x2E, 0xFB, 0xCC, 0xFA, 0x6F, 0xFB, 0xFF, 0xFF, 0x09, 0x00, 0x8F, 0xFB, 0x4E, 0xEB, 
	0x21, 0x10, 0xFF, 0xFF, 0xE1, 0x01, 0x00, 0x00, 0x6A, 0xAA, 0xFF, 0xFF, 0x1B, 0x00, 0x8F, 0xFB, 
	0x0A, 0xFA, 0xFF, 0xFF, 0x13, 0x00, 0xC9, 0xF9, 0x93, 0xFC, 0xFF, 0xFF, 0x07, 0x00, 0x39, 0xFE, 
	0x2E, 0xFB, 0xFF, 0xFF, 0x1A, 0x00, 0xC9, 0xF9, 0x35, 0xFD, 0xFF, 0xFF, 0x07, 0x00, 0x39, 0xFE, 
	0x6F, 0xFB, 0xFF, 0xFF, 0x06, 0x00, 0xC9, 0xF9, 0xF1, 0xFB, 0xFF, 0xFF, 0x0C, 0x00, 0x18, 0xFE, 
	0x31, 0xFC, 0xFF, 0xFF, 0x08, 0x00, 0xC9, 0xF9, 0x0A, 0xFA, 0xFF, 0xFF, 0x1B, 0x00, 0x8F, 0xFB, 
	0x6A, 0xAA, 0xFF, 0xFF, 0xE0, 0x01, 0x00, 0x00, 0xE3, 0x40, 0xFF, 0xFF, 0x1C, 0x00, 0x8F, 0xFB, 
	0xAC, 0xFA, 0xFF, 0xFF, 0x12, 0x00, 0xC9, 0xF9, 0x0A, 0xFA, 0xF8, 0xFD, 0xFF, 0xFF, 0x06, 0x00, 
	0x39, 0xFE, 0xB7, 0xFD, 0xFF, 0xFF, 0x1B, 0x00, 0xC9, 0xF9, 0x11, 0xFC, 0xFF, 0xFF, 0x07, 0x00, 
	0x39, 0xFE, 0x93, 0xFC, 0xFF, 0xFF, 0x07, 0x00, 0xC9, 0xF9, 0x4B, 0xFA, 0x72, 0xFC, 0xD7, 0xFD, 
	0xFF, 0xFF, 0x07, 0x00, 0x18, 0xFE, 0x96, 0xFD, 0x2E, 0xFB, 0xFF, 0xFF, 0x09, 0x00, 0xC9, 0xF9, 
	0x8C, 0xFA, 0xFF, 0xFF, 0x1C, 0x00, 0x8F, 0xFB, 0x04, 0x51, 0xFF, 0xFF, 0xDE, 0x01, 0x00, 0x00, 
	0x21, 0x10, 0x0D, 0xDB, 0xFF, 0xFF, 0x1C, 0x00, 0x8F, 0xFB, 0xCD, 0xFA, 0xFF, 0xFF, 0x12, 0x00, 
	0xC9, 0xF9, 0xB0, 0xFB, 0xFF, 0xFF, 0x07, 0x00, 0x39, 0xFE, 0x52, 0xFC, 0xFF, 0xFF, 0x1B, 0x00, 
	0xC9, 0xF9, 0x2E, 0xFB, 0xFF, 0xFF, 0x07, 0x00, 0x39, 0xFE, 0xB7, 0xFD, 0xFF, 0xFF, 0x09, 0x00, 
	0xC9, 0xF9, 0x0A, 0xFA, 0xB0, 0xFB, 0xB3, 0xFC, 0x55, 0xFD, 0x18, 0xFE, 0x18, 0xFE, 0xD7, 0xFD, 
	0x72, 0xFC, 0x6F, 0xFB, 0xFF, 0xFF, 0x0B, 0x00, 0xC9, 0xF9, 0xCC, 0xFA, 0xFF, 0xFF, 0x1C, 0x00, 
	0x8F, 0xFB, 0x0D, 0xDB, 0x21, 0x10, 0xFF, 0xFF, 0xDD, 0x01, 0x00, 0x00, 0xE8, 0x91, 0xFF, 0xFF, 
	0x1D, 0x00, 0x8F, 0xFB, 0x0E, 0xFB, 0xFF, 0xFF, 0x0D, 0x00, 0xC9, 0xF9, 0x2B, 0xFA, 0x8C, 0xFA, 
	0x8C, 0xFA, 0x0A, 0xFA, 0xC9, 0xF9, 0xB7, 0xFD, 0xFF, 0xFF, 0x07, 0x00, 0x39, 0xFE, 0x4B, 0xFA, 
	0xFF, 0xFF, 0x1B, 0x00, 0xC9, 0xF9, 0x0A, 0xFA, 0xFF, 0xFF, 0x08, 0x00, 0x39, 0xFE, 0x0A, 0xFA, 
	0xFF, 0xFF, 0x0B, 0x00, 0xC9, 0xF9, 0x0A, 0xFA, 0x8C, 0xFA, 0x8C, 0xFA, 0x2B, 0xFA, 0xFF, 0xFF, 
	0x0D, 0x00, 0xC9, 0xF9, 0x0E, 0xFB, 0xFF, 0xFF, 0x1D, 0x00, 0x8F, 0xFB, 0xE8, 0x91, 0xFF, 0xFF, 
	0xDC, 0x01, 0x00, 0x00, 0xA3, 0x30, 0xFF, 0xFF, 0x1E, 0x00, 0x8F, 0xFB, 0x4E, 0xFB, 0xFF, 0xFF, 
	0x0A, 0x00, 0xC9, 0xF9, 0x0A, 0xFA, 0xCD, 0xFA, 0x6F, 0xFB, 0xFF, 0xFF, 0x03, 0x00, 0x8F, 0xFB, 
	0x52, 0xFC, 0xFF, 0xFF, 0x07, 0x00, 0x39, 0xFE, 0x76, 0xFD, 0xFF, 0xFF, 0x1D, 0x00, 0xC9, 0xF9, 
	0xF8, 0xFD, 0xFF, 0xFF, 0x07, 0x00, 0x39, 0xFE, 0x2E, 0xFB, 0xFF, 0xFF, 0x09, 0x00, 0xC9, 0xF9, 
	0x0A, 0xFA, 0x0E, 0xFB, 0xFF, 0xFF, 0x03, 0x00, 0x8F, 0xFB, 0x6F, 0xFB, 0xCD, 0xFA, 0x0A, 0xFA, 
	0xFF, 0xFF, 0x0A, 0x00, 0xC9, 0xF9, 0x4E, 0xFB, 0xFF, 0xFF, 0x1E, 0x00, 0x8F, 0xFB, 0xE3, 0x40, 
	0xFF, 0xFF, 0xDB, 0x01, 0x00, 0x00, 0xCC, 0xCA, 0xFF, 0xFF, 0x1F, 0x00, 0x8F, 0xFB, 0xFF, 0xFF, 
	0x09, 0x00, 0xC9, 0xF9, 0xAC, 0xFA, 0x6F, 0xFB, 0xFF, 0xFF, 0x05, 0x00, 0x8F, 0xFB, 0x97, 0xFD, 
	0xFF, 0xFF, 0x07, 0x00, 0x39, 0xFE, 0xB0, 0xFB, 0xFF, 0xFF, 0x1D, 0x00, 0xC9, 0xF9, 0x35, 0xFD, 
	0xFF, 0xFF, 0x07, 0x00, 0x39, 0xFE, 0x11, 0xFC, 0xFF, 0xFF, 0x08, 0x00, 0xC9, 0xF9, 0x0A, 0xFA, 
	0x6F, 0xFB, 0xFF, 0xFF, 0x06, 0x00, 0x8F, 0xFB, 0x6F, 0xFB, 0xAC, 0xFA, 0xFF, 0xFF, 0x09, 0x00, 
	0xC9, 0xF9, 0xFF, 0xFF, 0x1F, 0x00, 0x8F, 0xFB, 0xCC, 0xCA, 0xFF, 0xFF, 0xDA, 0x01, 0x00, 0x00, 
	0x86, 0x71, 0xFF, 0xFF, 0x20, 0x00, 0x8F, 0xFB, 0x4B, 0xFA, 0xFF, 0xFF, 0x06, 0x00, 0xC9, 0xF9, 
	0x0A, 0xFA, 0x2E, 0xFB, 0xFF, 0xFF, 0x06, 0x00, 0x8F, 0xFB, 0x11, 0xFC, 0xFF, 0xFF, 0x08, 0x00, 
	0x39, 0xFE, 0x4B, 0xFA, 0xFF, 0xFF, 0x1D, 0x00, 0xC9, 0xF9, 0x52, 0xFC, 0xFF, 0xFF, 0x07, 0x00, 
	0x39, 0xFE, 0x35, 0xFD, 0xFF, 0xFF, 0x07, 0x00, 0xC9, 0xF9, 0x0A, 0xFA, 0x6F, 0xFB, 0xFF, 0xFF, 
	0x09, 0x00, 0x8F, 0xFB, 0x2E, 0xFB, 0x0A, 0xFA, 0xFF, 0xFF, 0x06, 0x00, 0xC9, 0xF9, 0x4B, 0xFA, 
	0xFF, 0xFF, 0x20, 0x00, 0x8F, 0xFB, 0x86, 0x71, 0xFF, 0xFF, 0xD8, 0x01, 0x00, 0x00, 0x21, 0x10, 
	0x4E, 0xEB, 0xFF, 0xFF, 0x20, 0x00, 0x8F, 0xFB, 0x0E, 0xFB, 0xFF, 0xFF, 0x05, 0x00, 0xC9, 0xF9, 
	0xAC, 0xFA, 0xFF, 0xFF, 0x08, 0x00, 0x8F, 0xFB, 0x35, 0xFD, 0xFF, 0xFF, 0x07, 0x00, 0x39, 0xFE, 
	0x76, 0xFD, 0xFF, 0xFF, 0x1E, 0x00, 0xC9, 0xF9, 0xB0, 0xFB, 0xFF, 0xFF, 0x07, 0x00, 0x39, 0xFE, 
	0xF8, 0xFD, 0xFF, 0xFF, 0x07, 0x00, 0xC9, 0xF9, 0xCD, 0xFA, 0xFF, 0xFF, 0x0C, 0x00, 0x8F, 0xFB, 
	0xAC, 0xFA, 0xFF, 0xFF, 0x05, 0x00, 0xC9, 0xF9, 0x0E, 0xFB, 0xFF, 0xFF, 0x20, 0x00, 0x8F, 0xFB, 
	0x4E, 0xEB, 0x21, 0x10, 0xFF, 0xFF, 0xD7, 0x01, 0x00, 0x00, 0x29, 0xA2, 0xFF, 0xFF, 0x22, 0x00, 
	0x8F, 0xFB, 0xCD, 0xFA, 0xC9, 0xF9, 0xC9, 0xF9, 0xC9, 0xF9, 0x6B, 0xFA, 0x2E, 0xFB, 0xFF, 0xFF, 
	0x08, 0x00, 0x8F, 0xFB, 0xB0, 0xFB, 0x19, 0xFE, 0xFF, 0xFF, 0x07, 0x00, 0x39, 0xFE, 0xB0, 0xFB, 
	0xFF, 0xFF, 0x1E, 0x00, 0xC9, 0xF9, 0xED, 0xFA, 0xFF, 0xFF, 0x08, 0x00, 0x39, 0xFE, 0x4B, 0xFA, 
	0xFF, 0xFF, 0x05, 0x00, 0xC9, 0xF9, 0x0A, 0xFA, 0xFF, 0xFF, 0x0E, 0x00, 0x8F, 0xFB, 0x2E, 0xFB, 
	0x6B, 0xFA, 0xC9, 0xF9, 0xC9, 0xF9, 0xC9, 0xF9, 0xCD, 0xFA, 0xFF, 0xFF, 0x22, 0x00, 0x8F, 0xFB, 
	0x29, 0xA2, 0xFF, 0xFF, 0xD6, 0x01, 0x00, 0x00, 0xA3, 0x30, 0xFF, 0xFF, 0x24, 0x00, 0x8F, 0xFB, 
	0x6F, 0xFB, 0x0E, 0xFB, 0xFF, 0xFF, 0x0B, 0x00, 0x8F, 0xFB, 0x93, 0xFC, 0xFF, 0xFF, 0x08, 0x00, 
	0x39, 0xFE, 0x4B, 0xFA, 0xFF, 0xFF, 0x1E, 0x00, 0xC9, 0xF9, 0x0A, 0xFA, 0xFF, 0xFF, 0x08, 0x00, 
	0x39, 0xFE, 0xED, 0xFA, 0xFF, 0xFF, 0x05, 0x00, 0xC9, 0xF9, 0xCC, 0xFA, 0xFF, 0xFF, 0x11, 0x00, 
	0x8F, 0xFB, 0x0E, 0xFB, 0x6F, 0xFB, 0xFF, 0xFF, 0x24, 0x00, 0x8F, 0xFB, 0xE3, 0x40, 0xFF, 0xFF, 
	0xD5, 0x01, 0x00, 0x00, 0xAB, 0xBA, 0xFF, 0xFF, 0x32, 0x00, 0x8F, 0xFB, 0x97, 0xFD, 0xFF, 0xFF, 
	0x07, 0x00, 0x39, 0xFE, 0xB7, 0xFD, 0xFF, 0xFF, 0x20, 0x00, 0xC9, 0xF9, 0xFF, 0xFF, 0x08, 0x00, 
	0x39, 0xFE, 0x11, 0xFC, 0xFF, 0xFF, 0x05, 0x00, 0xC9, 0xF9, 0x6F, 0xFB, 0xFF, 0xFF, 0x38, 0x00, 
	0x8F, 0xFB, 0xAB, 0xBA, 0xFF, 0xFF, 0xD4, 0x01, 0x00, 0x00, 0xE3, 0x40, 0xFF, 0xFF, 0x32, 0x00, 
	0x8F, 0xFB, 0xD0, 0xFB, 0xFF, 0xFF, 0x08, 0x00, 0x39, 0xFE, 0x52, 0xFC, 0xFF, 0xFF, 0x20, 0x00, 
	0xC9, 0xF9, 0xF8, 0xFD, 0xFF, 0xFF, 0x07, 0x00, 0x39, 0xFE, 0x93, 0xFC, 0xFF, 0xFF, 0x04, 0x00, 
	0xC9, 0xF9, 0x4B, 0xFA, 0xFF, 0xFF, 0x3A, 0x00, 0x8F, 0xFB, 0xE3, 0x40, 0xFF, 0xFF, 0xD3, 0x01, 
	0x00, 0x00, 0x0D, 0xDB, 0xFF, 0xFF, 0x32, 0x00, 0x8F, 0xFB, 0x15, 0xFD, 0xFF, 0xFF, 0x08, 0x00, 
	0x39, 0xFE, 0xED, 0xFA, 0xFF, 0xFF, 0x09, 0x00, 0xC9, 0xF9, 0x6B, 0xFA, 0xED, 0xFA, 0x8F, 0xFB, 
	0x8F, 0xFB, 0xCD, 0xFA, 0xFF, 0xFF, 0x0F, 0x00, 0xC9, 0xF9, 0xCD, 0xFA, 0x8F, 0xFB, 0x97, 0xFD, 
	0xFF, 0xFF, 0x07, 0x00, 0x39, 0xFE, 0x35, 0xFD, 0xFF, 0xFF, 0x04, 0x00, 0xC9, 0xF9, 0x0E, 0xFB, 
	0xFF, 0xFF, 0x3A, 0x00, 0x8F, 0xFB, 0x0D, 0xDB, 0xFF, 0xFF, 0xD2, 0x01, 0x00, 0x00, 0x45, 0x61, 
	0xFF, 0xFF, 0x33, 0x00, 0x8F, 0xFB, 0xF8, 0xFD, 0xFF, 0xFF, 0x07, 0x00, 0x39, 0xFE, 0xF8, 0xFD, 
	0xFF, 0xFF, 0x07, 0x00, 0xC9, 0xF9, 0xE9, 0xF9, 0xAC, 0xFA, 0x6F, 0xFB, 0xFF, 0xFF, 0x04, 0x00, 
	0x8F, 0xFB, 0xCD, 0xFA, 0xFF, 0xFF, 0x0D, 0x00, 0xC9, 0xF9, 0xCD, 0xFA, 0x8F, 0xFB, 0x8F, 0xFB, 
	0x97, 0xFD, 0xFF, 0xFF, 0x07, 0x00, 0x39, 0xFE, 0xF8, 0xFD, 0xFF, 0xFF, 0x03, 0x00, 0xC9, 0xF9, 
	0x2B, 0xFA, 0xFF, 0xFF, 0x3C, 0x00, 0x8F, 0xFB, 0x45, 0x61, 0xFF, 0xFF, 0xD1, 0x01, 0x00, 0x00, 
	0x0D, 0xDB, 0xFF, 0xFF, 0x32, 0x00, 0x8F, 0xFB, 0x52, 0xFC, 0xFF, 0xFF, 0x08, 0x00, 0x39, 0xFE, 
	0x56, 0xFD, 0xE9, 0xF9, 0xFF, 0xFF, 0x04, 0x00, 0xC9, 0xF9, 0xE9, 0xF9, 0xAC, 0xFA, 0x6F, 0xFB, 
	0xFF, 0xFF, 0x07, 0x00, 0x8F, 0xFB, 0x6B, 0xFA, 0xFF, 0xFF, 0x0B, 0x00, 0xC9, 0xF9, 0x6B, 0xFA, 
	0x8F, 0xFB, 0x8F, 0xFB, 0x8F, 0xFB, 0x15, 0xFD, 0xFF, 0xFF, 0x08, 0x00, 0x39, 0xFE, 0xC9, 0xF9, 
	0xC9, 0xF9, 0xC9, 0xF9, 0xE9, 0xF9, 0x2E, 0xFB, 0xFF, 0xFF, 0x3C, 0x00, 0x8F, 0xFB, 0x0D, 0xDB, 
	0xFF, 0xFF, 0xD0, 0x01, 0x00, 0x00, 0xE3, 0x40, 0xFF, 0xFF, 0x33, 0x00, 0x8F, 0xFB, 0x35, 0xFD, 
	0xFF, 0xFF, 0x08, 0x00, 0x39, 0xFE, 0xB3, 0xFC, 0x0E, 0xFB, 0x0A, 0xFA, 0xC9, 0xF9, 0xC9, 0xF9, 
	0x0A, 0xFA, 0xCC, 0xFA, 0x6F, 0xFB, 0xFF, 0xFF, 0x0A, 0x00, 0x8F, 0xFB, 0x2B, 0xFA, 0xFF, 0xFF, 
	0x09, 0x00, 0xC9, 0xF9, 0x2B, 0xFA, 0xFF, 0xFF, 0x03, 0x00, 0x8F, 0xFB, 0xF4, 0xFC, 0xFF, 0xFF, 
	0x08, 0x00, 0x39, 0xFE, 0xED, 0xFA, 0xC9, 0xF9, 0x0A, 0xFA, 0x0E, 0xFB, 0xFF, 0xFF, 0x3E, 0x00, 
	0x8F, 0xFB, 0xE3, 0x40, 0xFF, 0xFF, 0xCF, 0x01, 0x00, 0x00, 0xAB, 0xBA, 0xFF, 0xFF, 0x33, 0x00, 
	0x8F, 0xFB, 0x19, 0xFE, 0xFF, 0xFF, 0x08, 0x00, 0x39, 0xFE, 0xD0, 0xFB, 0xFF, 0xFF, 0x11, 0x00, 
	0x8F, 0xFB, 0x6F, 0xFB, 0x0A, 0xFA, 0xFF, 0xFF, 0x07, 0x00, 0xC9, 0xF9, 0x0A, 0xFA, 0x6F, 0xFB, 
	0xFF, 0xFF, 0x03, 0x00, 0x8F, 0xFB, 0xF4, 0xFC, 0xFF, 0xFF, 0x08, 0x00, 0x39, 0xFE, 0x32, 0xFC, 
	0xFF, 0xFF, 0x41, 0x00, 0x8F, 0xFB, 0xAB, 0xBA, 0xFF, 0xFF, 0xCE, 0x01, 0x00, 0x00, 0x62, 0x20, 
	0xFF, 0xFF, 0x33, 0x00, 0x8F, 0xFB, 0x52, 0xFC, 0xFF, 0xFF, 0x08, 0x00, 0x39, 0xFE, 0xF8, 0xFD, 
	0xFF, 0xFF, 0x13, 0x00, 0x8F, 0xFB, 0x6F, 0xFB, 0x4B, 0xFA, 0xFF, 0xFF, 0x05, 0x00, 0xC9, 0xF9, 
	0x2B, 0xFA, 0x6F, 0xFB, 0xFF, 0xFF, 0x04, 0x00, 0x8F, 0xFB, 0xF4, 0xFC, 0xFF, 0xFF, 0x08, 0x00, 
	0x39, 0xFE, 0xF4, 0xFC, 0xFF, 0xFF, 0x42, 0x00, 0x8F, 0xFB, 0x62, 0x20, 0xFF, 0xFF, 0xCD, 0x01, 
	0x00, 0x00, 0xE8, 0x91, 0xFF, 0xFF, 0x33, 0x00, 0x8F, 0xFB, 0x76, 0xFD, 0xFF, 0xFF, 0x08, 0x00, 
	0x39, 0xFE, 0x35, 0xFD, 0xFF, 0xFF, 0x15, 0x00, 0x8F, 0xFB, 0xCC, 0xFA, 0xE9, 0xF9, 0xC9, 0xF9, 
	0xC9, 0xF9, 0xE9, 0xF9, 0xCC, 0xFA, 0xFF, 0xFF, 0x06, 0x00, 0x8F, 0xFB, 0xF4, 0xFC, 0xFF, 0xFF, 
	0x08, 0x00, 0x39, 0xFE, 0xF4, 0xFC, 0xFF, 0xFF, 0x42, 0x00, 0x8F, 0xFB, 0xE8, 0x91, 0xFF, 0xFF, 
	0xCD, 0x01, 0x00, 0x00, 0x0D, 0xDB, 0xFF, 0xFF, 0x33, 0x00, 0x8F, 0xFB, 0xFF, 0xFF, 0x09, 0x00, 
	0x39, 0xFE, 0x93, 0xFC, 0xFF, 0xFF, 0x17, 0x00, 0x8F, 0xFB, 0x0E, 0xFB, 0x0E, 0xFB, 0xFF, 0xFF, 
	0x08, 0x00, 0x8F, 0xFB, 0xF4, 0xFC, 0xFF, 0xFF, 0x08, 0x00, 0x39, 0xFE, 0x97, 0xFD, 0xFF, 0xFF, 
	0x42, 0x00, 0x8F, 0xFB, 0x0D, 0xDB, 0xFF, 0xFF, 0xCC, 0x01, 0x00, 0x00, 0xA3, 0x30, 0xFF, 0xFF, 
	0x33, 0x00, 0x8F, 0xFB, 0x52, 0xFC, 0xFF, 0xFF, 0x09, 0x00, 0x39, 0xFE, 0xD0, 0xFB, 0xFF, 0xFF, 
	0x22, 0x00, 0x8F, 0xFB, 0x93, 0xFC, 0xFF, 0xFF, 0x08, 0x00, 0x39, 0xFE, 0x97, 0xFD, 0xFF, 0xFF, 
	0x43, 0x00, 0x8F, 0xFB, 0xA3, 0x30, 0xFF, 0xFF, 0xCB, 0x01, 0x00, 0x00, 0x45, 0x61, 0xFF, 0xFF, 
	0x33, 0x00, 0x8F, 0xFB, 0x35, 0xFD, 0xFF, 0xFF, 0x08, 0x00, 0x39, 0xFE, 0xF8, 0xFD, 0xFF, 0xFF, 
	0x23, 0x00, 0x8F, 0xFB, 0xF4, 0xFC, 0xFF, 0xFF, 0x08, 0x00, 0x39, 0xFE, 0xB7, 0xFD, 0xFF, 0xFF, 
	0x43, 0x00, 0x8F, 0xFB, 0x86, 0x71, 0xFF, 0xFF, 0xCB, 0x01, 0x00, 0x00, 0xE8, 0x91, 0xFF, 0xFF, 
	0x33, 0x00, 0x8F, 0xFB, 0x19, 0xFE, 0xFF, 0xFF, 0x08, 0x00, 0x39, 0xFE, 0x35, 0xFD, 0xFF, 0xFF, 
	0x23, 0x00, 0x8F, 0xFB, 0xF4, 0xFC, 0xFF, 0xFF, 0x09, 0x00, 0x39, 0xFE, 0xFF, 0xFF, 0x43, 0x00, 
	0x8F, 0xFB, 0xE8, 0x91, 0xFF, 0xFF, 0xCB, 0x01, 0x00, 0x00, 0xAB, 0xC2, 0xFF, 0xFF, 0x32, 0x00, 
	0x8F, 0xFB, 0x52, 0xFC, 0xFF, 0xFF, 0x09, 0x00, 0x39, 0xFE, 0x93, 0xFC, 0xFF, 0xFF, 0x23, 0x00, 
	0x8F, 0xFB, 0xF4, 0xFC, 0xFF, 0xFF, 0x09, 0x00, 0x39, 0xFE, 0xFF, 0xFF, 0x43, 0x00, 0x8F, 0xFB, 
	0xAB, 0xC2, 0xFF, 0xFF, 0xCB, 0x01, 0x00, 0x00, 0xAB, 0xC2, 0xFF, 0xFF, 0x32, 0x00, 0x8F, 0xFB, 
	0x15, 0xFD, 0xFF, 0xFF, 0x09, 0x00, 0x39, 0xFE, 0xD0, 0xFB, 0xFF, 0xFF, 0x23, 0x00, 0x8F, 0xFB, 
	0xF4, 0xFC, 0xFF, 0xFF, 0x09, 0x00, 0x39, 0xFE, 0xD0, 0xFB, 0xFF, 0xFF, 0x42, 0x00, 0x8F, 0xFB, 
	0xAB, 0xC2, 0xFF, 0xFF, 0xCB, 0x01, 0x00, 0x00, 0xAB, 0xC2, 0xFF, 0xFF, 0x32, 0x00, 0x8F, 0xFB, 
	0xF8, 0xFD, 0xFF, 0xFF, 0x08, 0x00, 0x39, 0xFE, 0x19, 0xFE, 0xFF, 0xFF, 0x24, 0x00, 0x8F, 0xFB, 
	0xF4, 0xFC, 0xFF, 0xFF, 0x09, 0x00, 0x39, 0xFE, 0x32, 0xFC, 0xFF, 0xFF, 0x42, 0x00, 0x8F, 0xFB, 
	0xAB, 0xC2, 0xFF, 0xFF, 0xCB, 0x01, 0x00, 0x00, 0xE8, 0x91, 0xFF, 0xFF, 0x05, 0x00, 0x8F, 0xFB, 
	0x4E, 0xEB, 0x11, 0xFC, 0x53, 0xFC, 0x53, 0xFC, 0xB0, 0xFB, 0xFF, 0xFF, 0x26, 0x00, 0x8F, 0xFB, 
	0xD0, 0xFB, 0xFF, 0xFF, 0x09, 0x00, 0x39, 0xFE, 0x97, 0xFD, 0xFF, 0xFF, 0x24, 0x00, 0x8F, 0xFB, 
	0x15, 0xFD, 0xFF, 0xFF, 0x09, 0x00, 0x39, 0xFE, 0x32, 0xFC, 0xFF, 0xFF, 0x37, 0x00, 0x8F, 0xFB, 
	0xB0, 0xFB, 0x53, 0xFC, 0x53, 0xFC, 0x11, 0xFC, 0x4E, 0xEB, 0xFF, 0xFF, 0x05, 0x00, 0x8F, 0xFB, 
	0xE8, 0x91, 0xFF, 0xFF, 0xCB, 0x01, 0x00, 0x00, 0x62, 0x20, 0x0D, 0xE3, 0x8F, 0xFB, 0x8F, 0xFB, 
	0x0D, 0xE3, 0xE8, 0x91, 0xA3, 0x30, 0x0E, 0xB3, 0x94, 0xFC, 0x94, 0xFC, 0x94, 0xFC, 0x73, 0xFC, 
	0xFF, 0xFF, 0x26, 0x00, 0x8F, 0xFB, 0xB3, 0xFC, 0xFF, 0xFF, 0x09, 0x00, 0x39, 0xFE, 0xF4, 0xFC, 
	0xFF, 0xFF, 0x24, 0x00, 0x8F, 0xFB, 0x97, 0xFD, 0xFF, 0xFF, 0x09, 0x00, 0x39, 0xFE, 0x32, 0xFC, 
	0xFF, 0xFF, 0x37, 0x00, 0x8F, 0xFB, 0x73, 0xFC, 0x94, 0xFC, 0x94, 0xFC, 0x94, 0xFC, 0x0E, 0xB3, 
	0xA3, 0x30, 0xE8, 0x91, 0x0D, 0xE3, 0x8F, 0xFB, 0x8F, 0xFB, 0x0D, 0xE3, 0x62, 0x20, 0xFF, 0xFF, 
	0xCD, 0x01, 0x00, 0x00, 0xA3, 0x30, 0xFF, 0xFF, 0x03, 0x00, 0x00, 0x00, 0xFF, 0xFF, 0x04, 0x00, 
	0x94, 0xFC, 0xD1, 0xFB, 0xFF, 0xFF, 0x25, 0x00, 0x8F, 0xFB, 0x76, 0xFD, 0xFF, 0xFF, 0x09, 0x00, 
	0x39, 0xFE, 0x32, 0xFC, 0xFF, 0xFF, 0x24, 0x00, 0x8F, 0xFB, 0x97, 0xFD, 0xFF, 0xFF, 0x09, 0x00, 
	0x39, 0xFE, 0x52, 0xFC, 0xFF, 0xFF, 0x36, 0x00, 0x8F, 0xFB, 0xD1, 0xFB, 0xFF, 0xFF, 0x04, 0x00, 
	0x94, 0xFC, 0xFF, 0xFF, 0x03, 0x00, 0x00, 0x00, 0xA3, 0x30, 0xFF, 0xFF, 0xD3, 0x01, 0x00, 0x00, 
	0x66, 0x51, 0xFF, 0xFF, 0x04, 0x00, 0x94, 0xFC, 0x12, 0xFC, 0xFF, 0xFF, 0x25, 0x00, 0x8F, 0xFB, 
	0xFF, 0xFF, 0x0A, 0x00, 0x39, 0xFE, 0xB0, 0xFB, 0xFF, 0xFF, 0x24, 0x00, 0x8F, 0xFB, 0xFF, 0xFF, 
	0x0A, 0x00, 0x39, 0xFE, 0xF4, 0xFC, 0xFF, 0xFF, 0x36, 0x00, 0x8F, 0xFB, 0x12, 0xFC, 0xFF, 0xFF, 
	0x04, 0x00, 0x94, 0xFC, 0x66, 0x51, 0xFF, 0xFF, 0xD7, 0x01, 0x00, 0x00, 0x8B, 0x92, 0xFF, 0xFF, 
	0x04, 0x00, 0x94, 0xFC, 0x53, 0xFC, 0xFF, 0xFF, 0x24, 0x00, 0x8F, 0xFB, 0x32, 0xFC, 0xFF, 0xFF, 
	0x09, 0x00, 0x39, 0xFE, 0x19, 0xFE, 0xFF, 0xFF, 0x25, 0x00, 0x8F, 0xFB, 0xFF, 0xFF, 0x0A, 0x00, 
	0x39, 0xFE, 0xF4, 0xFC, 0xFF, 0xFF, 0x36, 0x00, 0x8F, 0xFB, 0x53, 0xFC, 0xFF, 0xFF, 0x04, 0x00, 
	0x94, 0xFC, 0x8B, 0x92, 0xFF, 0xFF, 0xD7, 0x01, 0x00, 0x00, 0xF1, 0xDB, 0xFF, 0xFF, 0x05, 0x00, 
	0x94, 0xFC, 0xFF, 0xFF, 0x24, 0x00, 0x8F, 0xFB, 0xF4, 0xFC, 0xFF, 0xFF, 0x09, 0x00, 0x39, 0xFE, 
	0x97, 0xFD, 0xFF, 0xFF, 0x24, 0x00, 0x8F, 0xFB, 0x11, 0xFC, 0xFF, 0xFF, 0x0A, 0x00, 0x39, 0xFE, 
	0xF4, 0xFC, 0xFF, 0xFF, 0x36, 0x00, 0x8F, 0xFB, 0xFF, 0xFF, 0x05, 0x00, 0x94, 0xFC, 0xF1, 0xDB, 
	0xFF, 0xFF, 0xD6, 0x01, 0x00, 0x00, 0x82, 0x20, 0xFF, 0xFF, 0x06, 0x00, 0x94, 0xFC, 0xF1, 0xFB, 
	0xFF, 0xFF, 0x23, 0x00, 0x8F, 0xFB, 0x97, 0xFD, 0xFF, 0xFF, 0x09, 0x00, 0x39, 0xFE, 0x15, 0xFD, 
	0xFF, 0xFF, 0x24, 0x00, 0x8F, 0xFB, 0x52, 0xFC, 0xFF, 0xFF, 0x0A, 0x00, 0x39, 0xFE, 0xF4, 0xFC, 
	0xFF, 0xFF, 0x35, 0x00, 0x8F, 0xFB, 0xF1, 0xFB, 0xFF, 0xFF, 0x06, 0x00, 0x94, 0xFC, 0x82, 0x20, 
	0xFF, 0xFF, 0xD5, 0x01, 0x00, 0x00, 0xA7, 0x61, 0xFF, 0xFF, 0x06, 0x00, 0x94, 0xFC, 0x32, 0xFC, 
	0xFF, 0xFF, 0x23, 0x00, 0x8F, 0xFB, 0xFF, 0xFF, 0x0A, 0x00, 0x39, 0xFE, 0xF4, 0xFC, 0xFF, 0xFF, 
	0x24, 0x00, 0x8F, 0xFB, 0xF4, 0xFC, 0xFF, 0xFF, 0x0A, 0x00, 0x39, 0xFE, 0xF4, 0xFC, 0xFF, 0xFF, 
	0x35, 0x00, 0x8F, 0xFB, 0x32, 0xFC, 0xFF, 0xFF, 0x06, 0x00, 0x94, 0xFC, 0xA7, 0x61, 0xFF, 0xFF, 
	0xD5, 0x01, 0x00, 0x00, 0xCC, 0xA2, 0xFF, 0xFF, 0x07, 0x00, 0x94, 0xFC, 0xB0, 0xFB, 0xFF, 0xFF, 
	0x0A, 0x00, 0x8F, 0xFB, 0xB0, 0xFB, 0xF1, 0xFB, 0x53, 0xFC, 0x53, 0xFC, 0xD1, 0xFB, 0xFF, 0xFF, 
	0x11, 0x00, 0x8F, 0xFB, 0x32, 0xFC, 0xFF, 0xFF, 0x0A, 0x00, 0x39, 0xFE, 0x32, 0xFC, 0xFF, 0xFF, 
	0x24, 0x00, 0x8F, 0xFB, 0x97, 0xFD, 0xFF, 0xFF, 0x0A, 0x00, 0x39, 0xFE, 0xF4, 0xFC, 0xFF, 0xFF, 
	0x24, 0x00, 0x8F, 0xFB, 0xD1, 0xFB, 0x53, 0xFC, 0x53, 0xFC, 0xF1, 0xFB, 0xB0, 0xFB, 0xFF, 0xFF, 
	0x0A, 0x00, 0x8F, 0xFB, 0xB0, 0xFB, 0xFF, 0xFF, 0x07, 0x00, 0x94, 0xFC, 0xCC, 0xA2, 0xFF, 0xFF, 
	0xD5, 0x01, 0x00, 0x00, 0xF1, 0xDB, 0xFF, 0xFF, 0x07, 0x00, 0x94, 0xFC, 0x32, 0xFC, 0xFF, 0xFF, 
	0x08, 0x00, 0x8F, 0xFB, 0xD1, 0xFB, 0x53, 0xFC, 0xFF, 0xFF, 0x04, 0x00, 0x94, 0xFC, 0xF1, 0xFB, 
	0xFF, 0xFF, 0x10, 0x00, 0x8F, 0xFB, 0xF4, 0xFC, 0xFF, 0xFF, 0x0A, 0x00, 0x39, 0xFE, 0x11, 0xFC, 
	0xFF, 0xFF, 0x24, 0x00, 0x8F, 0xFB, 0xF8, 0xFD, 0xFF, 0xFF, 0x0A, 0x00, 0x39, 0xFE, 0xF4, 0xFC, 
	0xFF, 0xFF, 0x23, 0x00, 0x8F, 0xFB, 0xF1, 0xFB, 0xFF, 0xFF, 0x04, 0x00, 0x94, 0xFC, 0x53, 0xFC, 
	0xD1, 0xFB, 0xFF, 0xFF, 0x08, 0x00, 0x8F, 0xFB, 0x32, 0xFC, 0xFF, 0xFF, 0x07, 0x00, 0x94, 0xFC, 
	0xF1, 0xDB, 0xFF, 0xFF, 0xD4, 0x01, 0x00, 0x00, 0x82, 0x20, 0xFF, 0xFF, 0x09, 0x00, 0x94, 0xFC, 
	0x32, 0xFC, 0xFF, 0xFF, 0x04, 0x00, 0x8F, 0xFB, 0xB0, 0xFB, 0xF1, 0xFB, 0x73, 0xFC, 0xFF, 0xFF, 
	0x06, 0x00, 0x94, 0xFC, 0x73, 0xFC, 0xB0, 0xFB, 0xFF, 0xFF, 0x0F, 0x00, 0x8F, 0xFB, 0x76, 0xFD, 
	0xFF, 0xFF, 0x0A, 0x00, 0x39, 0xFE, 0xFF, 0xFF, 0x24, 0x00, 0x8F, 0xFB, 0xB0, 0xFB, 0xFF, 0xFF, 
	0x0B, 0x00, 0x39, 0xFE, 0xF4, 0xFC, 0xFF, 0xFF, 0x23, 0x00, 0x8F, 0xFB, 0x73, 0xFC, 0xFF, 0xFF, 
	0x06, 0x00, 0x94, 0xFC, 0x73, 0xFC, 0xF1, 0xFB, 0xB0, 0xFB, 0xFF, 0xFF, 0x04, 0x00, 0x8F, 0xFB, 
	0x32, 0xFC, 0xFF, 0xFF, 0x09, 0x00, 0x94, 0xFC, 0xC3, 0x30, 0xFF, 0xFF, 0xD3, 0x01, 0x00, 0x00, 
	0xA7, 0x61, 0xFF, 0xFF, 0x0A, 0x00, 0x94, 0xFC, 0x73, 0xFC, 0x32, 0xFC, 0x11, 0xFC, 0x32, 0xFC, 
	0x73, 0xFC, 0xFF, 0xFF, 0x0A, 0x00, 0x94, 0xFC, 0x32, 0xFC, 0xFF, 0xFF, 0x0F, 0x00, 0x8F, 0xFB, 
	0x19, 0xFE, 0xFF, 0xFF, 0x0A, 0x00, 0x39, 0xFE, 0xFF, 0xFF, 0x24, 0x00, 0x8F, 0xFB, 0x52, 0xFC, 
	0xFF, 0xFF, 0x0B, 0x00, 0x39, 0xFE, 0x35, 0xFD, 0xFF, 0xFF, 0x22, 0x00, 0x8F, 0xFB, 0x32, 0xFC, 
	0xFF, 0xFF, 0x0A, 0x00, 0x94, 0xFC, 0x73, 0xFC, 0x32, 0xFC, 0x11, 0xFC, 0x32, 0xFC, 0x73, 0xFC, 
	0xFF, 0xFF, 0x0A, 0x00, 0x94, 0xFC, 0xE8, 0x71, 0xFF, 0xFF, 0xD3, 0x01, 0x00, 0x00, 0xCC, 0xA2, 
	0xFF, 0xFF, 0x1B, 0x00, 0x94, 0xFC, 0xD1, 0xFB, 0xFF, 0xFF, 0x0D, 0x00, 0x8F, 0xFB, 0xD0, 0xFB, 
	0xFF, 0xFF, 0x0A, 0x00, 0x39, 0xFE, 0xB7, 0xFD, 0xFF, 0xFF, 0x24, 0x00, 0x8F, 0xFB, 0x15, 0xFD, 
	0xFF, 0xFF, 0x0B, 0x00, 0x39, 0xFE, 0x35, 0xFD, 0xFF, 0xFF, 0x21, 0x00, 0x8F, 0xFB, 0xD1, 0xFB, 
	0xFF, 0xFF, 0x1B, 0x00, 0x94, 0xFC, 0xCC, 0xA2, 0xFF, 0xFF, 0xD3, 0x01, 0x00, 0x00, 0xF1, 0xDB, 
	0xFF, 0xFF, 0x1B, 0x00, 0x94, 0xFC, 0x73, 0xFC, 0xFF, 0xFF, 0x0D, 0x00, 0x8F, 0xFB, 0x52, 0xFC, 
	0xFF, 0xFF, 0x0A, 0x00, 0x39, 0xFE, 0x97, 0xFD, 0xFF, 0xFF, 0x24, 0x00, 0x8F, 0xFB, 0xF8, 0xFD, 
	0xFF, 0xFF, 0x0B, 0x00, 0x39, 0xFE, 0xF4, 0xFC, 0xFF, 0xFF, 0x21, 0x00, 0x8F, 0xFB, 0x73, 0xFC, 
	0xFF, 0xFF, 0x1B, 0x00, 0x94, 0xFC, 0xF1, 0xDB, 0xFF, 0xFF, 0xD2, 0x01, 0x00, 0x00, 0x41, 0x10, 
	0xFF, 0xFF, 0x1D, 0x00, 0x94, 0xFC, 0x53, 0xFC, 0xFF, 0xFF, 0x0C, 0x00, 0x8F, 0xFB, 0xF4, 0xFC, 
	0xFF, 0xFF, 0x0A, 0x00, 0x39, 0xFE, 0x97, 0xFD, 0xFF, 0xFF, 0x23, 0x00, 0x8F, 0xFB, 0xD0, 0xFB, 
	0xFF, 0xFF, 0x0C, 0x00, 0x39, 0xFE, 0xF4, 0xFC, 0xFF, 0xFF, 0x0E, 0x00, 0x8F, 0xFB, 0xB0, 0xFB, 
	0xD0, 0xFB, 0xB0, 0xFB, 0xFF, 0xFF, 0x0E, 0x00, 0x8F, 0xFB, 0x53, 0xFC, 0xFF, 0xFF, 0x1D, 0x00, 
	0x94, 0xFC, 0x82, 0x20, 0xFF, 0xFF, 0xD1, 0x01, 0x00, 0x00, 0x66, 0x51, 0xFF, 0xFF, 0x1E, 0x00, 
	0x94, 0xFC, 0x32, 0xFC, 0xFF, 0xFF, 0x0A, 0x00, 0x8F, 0xFB, 0xD1, 0xFB, 0xB7, 0xFD, 0xFF, 0xFF, 
	0x0A, 0x00, 0x39, 0xFE, 0x76, 0xFD, 0xFF, 0xFF, 0x23, 0x00, 0x8F, 0xFB, 0x52, 0xFC, 0xFF, 0xFF, 
	0x0C, 0x00, 0x39, 0xFE, 0xF4, 0xFC, 0xFF, 0xFF, 0x0C, 0x00, 0x8F, 0xFB, 0xB0, 0xFB, 0x53, 0xFC, 
	0x94, 0xFC, 0x94, 0xFC, 0x94, 0xFC, 0x73, 0xFC, 0x32, 0xFC, 0xD1, 0xFB, 0xFF, 0xFF, 0x0A, 0x00, 
	0x8F, 0xFB, 0x32, 0xFC, 0xFF, 0xFF, 0x1E, 0x00, 0x94, 0xFC, 0x66, 0x51, 0xFF, 0xFF, 0xD1, 0x01, 
	0x00, 0x00, 0x4A, 0x82, 0xFF, 0xFF, 0x1F, 0x00, 0x94, 0xFC, 0x32, 0xFC, 0xB0, 0xFB, 0xFF, 0xFF, 
	0x05, 0x00, 0x8F, 0xFB, 0xD0, 0xFB, 0x32, 0xFC, 0x73, 0xFC, 0x94, 0xFC, 0x18, 0xFE, 0xFF, 0xFF, 
	0x08, 0x00, 0x39, 0xFE, 0xF8, 0xFD, 0x93, 0xFC, 0xFF, 0xFF, 0x25, 0x00, 0x8F, 0xFB, 0x11, 0xFC, 
	0x35, 0xFD, 0xFF, 0xFF, 0x0A, 0x00, 0x39, 0xFE, 0xF4, 0xFC, 0xFF, 0xFF, 0x0B, 0x00, 0x8F, 0xFB, 
	0xF1, 0xFB, 0x73, 0xFC, 0xFF, 0xFF, 0x06, 0x00, 0x94, 0xFC, 0x73, 0xFC, 0x32, 0xFC, 0xD0, 0xFB, 
	0xFF, 0xFF, 0x05, 0x00, 0x8F, 0xFB, 0xB0, 0xFB, 0x32, 0xFC, 0xFF, 0xFF, 0x1F, 0x00, 0x94, 0xFC, 
	0x4A, 0x82, 0xFF, 0xFF, 0xD1, 0x01, 0x00, 0x00, 0x6F, 0xC3, 0xFF, 0xFF, 0x21, 0x00, 0x94, 0xFC, 
	0x32, 0xFC, 0xF1, 0xFB, 0xD0, 0xFB, 0xD1, 0xFB, 0x32, 0xFC, 0x73, 0xFC, 0xFF, 0xFF, 0x03, 0x00, 
	0x94, 0xFC, 0xFF, 0xFF, 0x07, 0x00, 0x39, 0xFE, 0xF8, 0xFD, 0x93, 0xFC, 0xFF, 0xFF, 0x11, 0x00, 
	0x8F, 0xFB, 0xD1, 0xFB, 0x11, 0xFC, 0xD1, 0xFB, 0xB0, 0xFB, 0xFF, 0xFF, 0x13, 0x00, 0x8F, 0xFB, 
	0x11, 0xFC, 0x56, 0xFD, 0xFF, 0xFF, 0x08, 0x00, 0x39, 0xFE, 0xF4, 0xFC, 0xFF, 0xFF, 0x0A, 0x00, 
	0x8F, 0xFB, 0xF1, 0xFB, 0xFF, 0xFF, 0x0B, 0x00, 0x94, 0xFC, 0x73, 0xFC, 0x32, 0xFC, 0xD1, 0xFB, 
	0xD0, 0xFB, 0xF1, 0xFB, 0x32, 0xFC, 0xFF, 0xFF, 0x21, 0x00, 0x94, 0xFC, 0x6F, 0xC3, 0xFF, 0xFF, 
	0xD1, 0x01, 0x00, 0x00, 0x33, 0xEC, 0xFF, 0xFF, 0x2A, 0x00, 0x94, 0xFC, 0xF5, 0xFC, 0xFF, 0xFF, 
	0x05, 0x00, 0x39, 0xFE, 0x18, 0xFE, 0x36, 0xFD, 0x94, 0xFC, 0xF1, 0xFB, 0xFF, 0xFF, 0x0E, 0x00, 
	0x8F, 0xFB, 0xB0, 0xFB, 0x32, 0xFC, 0xFF, 0xFF, 0x04, 0x00, 0x94, 0xFC, 0x53, 0xFC, 0xF1, 0xFB, 
	0xFF, 0xFF, 0x0F, 0x00, 0x8F, 0xFB, 0xF1, 0xFB, 0x53, 0xFC, 0x94, 0xFC, 0x94, 0xFC, 0xF5, 0xFC, 
	0xF8, 0xFD, 0xFF, 0xFF, 0x06, 0x00, 0x39, 0xFE, 0xF4, 0xFC, 0xFF, 0xFF, 0x09, 0x00, 0x8F, 0xFB, 
	0xF1, 0xFB, 0xFF, 0xFF, 0x35, 0x00, 0x94, 0xFC, 0xFF, 0xFF, 0xD0, 0x01, 0x00, 0x00, 0x82, 0x20, 
	0xFF, 0xFF, 0x2B, 0x00, 0x94, 0xFC, 0xF5, 0xFC, 0xFF, 0xFF, 0x03, 0x00, 0x39, 0xFE, 0x19, 0xFE, 
	0x36, 0xFD, 0xFF, 0xFF, 0x03, 0x00, 0x94, 0xFC, 0xF1, 0xFB, 0xFF, 0xFF, 0x0C, 0x00, 0x8F, 0xFB, 
	0xD0, 0xFB, 0x73, 0xFC, 0xFF, 0xFF, 0x07, 0x00, 0x94, 0xFC, 0x53, 0xFC, 0xD0, 0xFB, 0xFF, 0xFF, 
	0x0B, 0x00, 0x8F, 0xFB, 0xD0, 0xFB, 0x53, 0xFC, 0xFF, 0xFF, 0x05, 0x00, 0x94, 0xFC, 0x56, 0xFD, 
	0xFF, 0xFF, 0x05, 0x00, 0x39, 0xFE, 0xF4, 0xFC, 0xFF, 0xFF, 0x08, 0x00, 0x8F, 0xFB, 0xF1, 0xFB, 
	0xFF, 0xFF, 0x36, 0x00, 0x94, 0xFC, 0x82, 0x20, 0xFF, 0xFF, 0xCF, 0x01, 0x00, 0x00, 0x66, 0x51, 
	0xFF, 0xFF, 0x2B, 0x00, 0x94, 0xFC, 0x56, 0xFD, 0x39, 0xFE, 0x39, 0xFE, 0x19, 0xFE, 0x56, 0xFD, 
	0xFF, 0xFF, 0x06, 0x00, 0x94, 0xFC, 0xF1, 0xFB, 0xFF, 0xFF, 0x0A, 0x00, 0x8F, 0xFB, 0xF1, 0xFB, 
	0xFF, 0xFF, 0x0B, 0x00, 0x94, 0xFC, 0x12, 0xFC, 0xFF, 0xFF, 0x09, 0x00, 0x8F, 0xFB, 0x12, 0xFC, 
	0xFF, 0xFF, 0x08, 0x00, 0x94, 0xFC, 0xD5, 0xFC, 0x18, 0xFE, 0xFF, 0xFF, 0x03, 0x00, 0x39, 0xFE, 
	0xF4, 0xFC, 0xFF, 0xFF, 0x07, 0x00, 0x8F, 0xFB, 0xF1, 0xFB, 0xFF, 0xFF, 0x37, 0x00, 0x94, 0xFC, 
	0x66, 0x51, 0xFF, 0xFF, 0xCF, 0x01, 0x00, 0x00, 0x4A, 0x82, 0xFF, 0xFF, 0x2B, 0x00, 0x94, 0xFC, 
	0x56, 0xFD, 0x39, 0xFE, 0x97, 0xFD, 0xB4, 0xFC, 0xFF, 0xFF, 0x08, 0x00, 0x94, 0xFC, 0xF1, 0xFB, 
	0xFF, 0xFF, 0x08, 0x00, 0x8F, 0xFB, 0x32, 0xFC, 0xFF, 0xFF, 0x0D, 0x00, 0x94, 0xFC, 0x73, 0xFC, 
	0xD1, 0xFB, 0xFF, 0xFF, 0x05, 0x00, 0x8F, 0xFB, 0xD0, 0xFB, 0x73, 0xFC, 0xFF, 0xFF, 0x0B, 0x00, 
	0x94, 0xFC, 0xB7, 0xFD, 0x39, 0xFE, 0x39, 0xFE, 0x39, 0xFE, 0xB3, 0xFC, 0xFF, 0xFF, 0x06, 0x00, 
	0x8F, 0xFB, 0xF1, 0xFB, 0xFF, 0xFF, 0x38, 0x00, 0x94, 0xFC, 0x4A, 0x82, 0xFF, 0xFF, 0xCF, 0x01, 
	0x00, 0x00, 0x0E, 0xB3, 0xFF, 0xFF, 0x2B, 0x00, 0x94, 0xFC, 0x36, 0xFD, 0xF5, 0xFC, 0xFF, 0xFF, 
	0x0B, 0x00, 0x94, 0xFC, 0x32, 0xFC, 0xFF, 0xFF, 0x05, 0x00, 0x8F, 0xFB, 0xD0, 0xFB, 0x73, 0xFC, 
	0xFF, 0xFF, 0x10, 0x00, 0x94, 0xFC, 0x53, 0xFC, 0xF1, 0xFB, 0xD0, 0xFB, 0xD0, 0xFB, 0xF1, 0xFB, 
	0x53, 0xFC, 0xFF, 0xFF, 0x0E, 0x00, 0x94, 0xFC, 0x56, 0xFD, 0x39, 0xFE, 0x39, 0xFE, 0x72, 0xFC, 
	0xFF, 0xFF, 0x05, 0x00, 0x8F, 0xFB, 0x32, 0xFC, 0xFF, 0xFF, 0x39, 0x00, 0x94, 0xFC, 0x6F, 0xC3, 
	0xFF, 0xFF, 0xCF, 0x01, 0x00, 0x00, 0xB0, 0xCB, 0xFF, 0xFF, 0x3A, 0x00, 0x94, 0xFC, 0x73, 0xFC, 
	0x11, 0xFC, 0xD0, 0xFB, 0xD0, 0xFB, 0xF1, 0xFB, 0x53, 0xFC, 0xFF, 0xFF, 0x28, 0x00, 0x94, 0xFC, 
	0x36, 0xFD, 0x39, 0xFE, 0xF5, 0xFC, 0x53, 0xFC, 0xF1, 0xFB, 0xD0, 0xFB, 0xD0, 0xFB, 0x11, 0xFC, 
	0x73, 0xFC, 0xFF, 0xFF, 0x3A, 0x00, 0x94, 0xFC, 0xB0, 0xCB, 0xFF, 0xFF, 0xCF, 0x01, 0x00, 0x00, 
	0xFF, 0xFF, 0x6B, 0x00, 0x94, 0xFC, 0x15, 0xFD, 0xD5, 0xFC, 0xFF, 0xFF, 0x41, 0x00, 0x94, 0xFC, 
	0xFF, 0xFF, 0xCE, 0x01, 0x00, 0x00, 0x82, 0x20, 0xFF, 0xFF, 0xAF, 0x00, 0x94, 0xFC, 0xC3, 0x30, 
	0xFF, 0xFF, 0xCD, 0x01, 0x00, 0x00, 0x25, 0x41, 0xFF, 0xFF, 0xAF, 0x00, 0x94, 0xFC, 0x25, 0x41, 
	0xFF, 0xFF, 0xCD, 0x01, 0x00, 0x00, 0x66, 0x51, 0xFF, 0xFF, 0xAF, 0x00, 0x94, 0xFC, 0xA7, 0x61, 
	0xFF, 0xFF, 0xCD, 0x01, 0x00, 0x00, 0x4A, 0x82, 0xFF, 0xFF, 0xAF, 0x00, 0x94, 0xFC, 0x4A, 0x82, 
	0xFF, 0xFF, 0xCD, 0x01, 0x00, 0x00, 0x4A, 0x82, 0xFF, 0xFF, 0xAF, 0x00, 0x94, 0xFC, 0x4A, 0x82, 
	0xFF, 0xFF, 0xCD, 0x01, 0x00, 0x00, 0x4A, 0x82, 0xFF, 0xFF, 0xAF, 0x00, 0x94, 0xFC, 0x4A, 0x82, 
	0xFF, 0xFF, 0xCD, 0x01, 0x00, 0x00, 0x25, 0x41, 0xFF, 0xFF, 0xAF, 0x00, 0x94, 0xFC, 0x66, 0x51, 
	0xFF, 0xFF, 0xCD, 0x01, 0x00, 0x00, 0x41, 0x10, 0x33, 0xF4, 0xFF, 0xFF, 0xAD, 0x00, 0x94, 0xFC, 
	0x33, 0xF4, 0x41, 0x10, 0xFF, 0xFF, 0xCE, 0x01, 0x00, 0x00, 0xA7, 0x61, 0xFF, 0xFF, 0x0F, 0x00, 
	0x94, 0xFC, 0xD5, 0xFC, 0xD5, 0xFC, 0xF5, 0xFC, 0xF5, 0xFC, 0xD5, 0xFC, 0xD5, 0xFC, 0xFF, 0xFF, 
	0x81, 0x00, 0x94, 0xFC, 0xD5, 0xFC, 0xD5, 0xFC, 0xF5, 0xFC, 0xF5, 0xFC, 0xD5, 0xFC, 0xD5, 0xFC, 
	0xFF, 0xFF, 0x0F, 0x00, 0x94, 0xFC, 0xA7, 0x61, 0xFF, 0xFF, 0xD0, 0x01, 0x00, 0x00, 0x25, 0x41, 
	0x0E, 0xB3, 0xF1, 0xE3, 0xFF, 0xFF, 0x03, 0x00, 0x94, 0xFC, 0xF1, 0xE3, 0x6F, 0xC3, 0x6F, 0xC3, 
	0x73, 0xDC, 0x36, 0xFD, 0x77, 0xFD, 0x97, 0xFD, 0xFF, 0xFF, 0x08, 0x00, 0xF8, 0xFD, 0xB7, 0xFD, 
	0x36, 0xFD, 0xFF, 0xFF, 0x7B, 0x00, 0x94, 0xFC, 0x36, 0xFD, 0xB7, 0xFD, 0xFF, 0xFF, 0x08, 0x00, 
	0xF8, 0xFD, 0xB7, 0xFD, 0x97, 0xFD, 0x36, 0xFD, 0x73, 0xDC, 0x6F, 0xC3, 0x6F, 0xC3, 0xF1, 0xE3, 
	0xFF, 0xFF, 0x03, 0x00, 0x94, 0xFC, 0xF1, 0xE3, 0x0E, 0xB3, 0x25, 0x41, 0xFF, 0xFF, 0xDB, 0x01, 
	0x00, 0x00, 0xFF, 0xFF, 0x0F, 0x00, 0xF8, 0xFD, 0x56, 0xFD, 0xFF, 0xFF, 0x77, 0x00, 0x94, 0xFC, 
	0x56, 0xFD, 0xFF, 0xFF, 0x0E, 0x00, 0xF8, 0xFD, 0x97, 0xED, 0xFF, 0xFF, 0xE4, 0x01, 0x00, 0x00, 
	0x86, 0x41, 0xFF, 0xFF, 0x10, 0x00, 0xF8, 0xFD, 0xD8, 0xFD, 0xD5, 0xFC, 0xFF, 0xFF, 0x73, 0x00, 
	0x94, 0xFC, 0xD5, 0xFC, 0xD8, 0xFD, 0xFF, 0xFF, 0x10, 0x00, 0xF8, 0xFD, 0x24, 0x31, 0xFF, 0xFF, 
	0xE3, 0x01, 0x00, 0x00, 0xEC, 0x82, 0xFF, 0xFF, 0x11, 0x00, 0xF8, 0xFD, 0xD8, 0xFD, 0x15, 0xFD, 
	0xFF, 0xFF, 0x71, 0x00, 0x94, 0xFC, 0x15, 0xFD, 0xD8, 0xFD, 0xFF, 0xFF, 0x11, 0x00, 0xF8, 0xFD, 
	0xAA, 0x72, 0xFF, 0xFF, 0xE3, 0x01, 0x00, 0x00, 0x72, 0xC4, 0xFF, 0xFF, 0x13, 0x00, 0xF8, 0xFD, 
	0x15, 0xFD, 0xFF, 0xFF, 0x6F, 0x00, 0x94, 0xFC, 0x15, 0xFD, 0xFF, 0xFF, 0x13, 0x00, 0xF8, 0xFD, 
	0x11, 0xB4, 0xFF, 0xFF, 0xE3, 0x01, 0x00, 0x00, 0xFF, 0xFF, 0x15, 0x00, 0xF8, 0xFD, 0x15, 0xFD, 
	0xFF, 0xFF, 0x6D, 0x00, 0x94, 0xFC, 0x15, 0xFD, 0xFF, 0xFF, 0x14, 0x00, 0xF8, 0xFD, 0x97, 0xED, 
	0xFF, 0xFF, 0xE2, 0x01, 0x00, 0x00, 0x86, 0x41, 0xFF, 0xFF, 0x16, 0x00, 0xF8, 0xFD, 0x15, 0xFD, 
	0xFF, 0xFF, 0x14, 0x00, 0x94, 0xFC, 0xD5, 0xFC, 0x36, 0xFD, 0x56, 0xFD, 0x97, 0xFD, 0xB7, 0xFD, 
	0xFF, 0xFF, 0x03, 0x00, 0xF8, 0xFD, 0x97, 0xFD, 0x77, 0xFD, 0xF5, 0xFC, 0xFF, 0xFF, 0x29, 0x00, 
	0x94, 0xFC, 0xF5, 0xFC, 0x77, 0xFD, 0x97, 0xFD, 0xFF, 0xFF, 0x03, 0x00, 0xF8, 0xFD, 0xB7, 0xFD, 
	0x97, 0xFD, 0x56, 0xFD, 0x36, 0xFD, 0xD5, 0xFC, 0xFF, 0xFF, 0x14, 0x00, 0x94, 0xFC, 0x15, 0xFD, 
	0xFF, 0xFF, 0x16, 0x00, 0xF8, 0xFD, 0x24, 0x31, 0xFF, 0xFF, 0xE1, 0x01, 0x00, 0x00, 0xEC, 0x82, 
	0xFF, 0xFF, 0x17, 0x00, 0xF8, 0xFD, 0x15, 0xFD, 0xFF, 0xFF, 0x0E, 0x00, 0x94, 0xFC, 0xD5, 0xFC, 
	0x36, 0xFD, 0x77, 0xFD, 0xD8, 0xFD, 0xFF, 0xFF, 0x0C, 0x00, 0xF8, 0xFD, 0xD8, 0xFD, 0x36, 0xFD, 
	0xFF, 0xFF, 0x25, 0x00, 0x94, 0xFC, 0x36, 0xFD, 0xD8, 0xFD, 0xFF, 0xFF, 0x0C, 0x00, 0xF8, 0xFD, 
	0xD8, 0xFD, 0x77, 0xFD, 0x36, 0xFD, 0xD5, 0xFC, 0xFF, 0xFF, 0x0E, 0x00, 0x94, 0xFC, 0x15, 0xFD, 
	0xFF, 0xFF, 0x17, 0x00, 0xF8, 0xFD, 0xAA, 0x72, 0xFF, 0xFF, 0xE1, 0x01, 0x00, 0x00, 0x72, 0xC4, 
	0xFF, 0xFF, 0x18, 0x00, 0xF8, 0xFD, 0x36, 0xFD, 0xFF, 0xFF, 0x08, 0x00, 0x94, 0xFC, 0xB4, 0xFC, 
	0x15, 0xFD, 0x56, 0xFD, 0x97, 0xFD, 0xFF, 0xFF, 0x13, 0x00, 0xF8, 0xFD, 0xD8, 0xFD, 0xF5, 0xFC, 
	0xFF, 0xFF, 0x21, 0x00, 0x94, 0xFC, 0xF5, 0xFC, 0xD8, 0xFD, 0xFF, 0xFF, 0x13, 0x00, 0xF8, 0xFD, 
	0x97, 0xFD, 0x56, 0xFD, 0x15, 0xFD, 0xB4, 0xFC, 0xFF, 0xFF, 0x08, 0x00, 0x94, 0xFC, 0x36, 0xFD, 
	0xFF, 0xFF, 0x18, 0x00, 0xF8, 0xFD, 0x11, 0xB4, 0xFF, 0xFF, 0xE1, 0x01, 0x00, 0x00, 0xFF, 0xFF, 
	0x1A, 0x00, 0xF8, 0xFD, 0xD8, 0xFD, 0x36, 0xFD, 0xD5, 0xFC, 0xD5, 0xFC, 0xF5, 0xFC, 0x36, 0xFD, 
	0x56, 0xFD, 0x97, 0xFD, 0xD8, 0xFD, 0xFF, 0xFF, 0x19, 0x00, 0xF8, 0xFD, 0x77, 0xFD, 0xFF, 0xFF, 
	0x1F, 0x00, 0x94, 0xFC, 0x77, 0xFD, 0xFF, 0xFF, 0x1A, 0x00, 0xF8, 0xFD, 0x97, 0xFD, 0x56, 0xFD, 
	0x36, 0xFD, 0xF5, 0xFC, 0xD5, 0xFC, 0xD5, 0xFC, 0x36, 0xFD, 0xD8, 0xFD, 0xFF, 0xFF, 0x19, 0x00, 
	0xF8, 0xFD, 0x97, 0xED, 0xFF, 0xFF, 0xE0, 0x01, 0x00, 0x00, 0x24, 0x31, 0xFF, 0xFF, 0x3E, 0x00, 
	0xF8, 0xFD, 0xD8, 0xFD, 0xD5, 0xFC, 0xFF, 0xFF, 0x1B, 0x00, 0x94, 0xFC, 0xD5, 0xFC, 0xD8, 0xFD, 
	0xFF, 0xFF, 0x3E, 0x00, 0xF8, 0xFD, 0x24, 0x31, 0xFF, 0xFF, 0xDF, 0x01, 0x00, 0x00, 0xAA, 0x72, 
	0xFF, 0xFF, 0x40, 0x00, 0xF8, 0xFD, 0x56, 0xFD, 0xFF, 0xFF, 0x19, 0x00, 0x94, 0xFC, 0x56, 0xFD, 
	0xFF, 0xFF, 0x40, 0x00, 0xF8, 0xFD, 0x49, 0x62, 0xFF, 0xFF, 0xDF, 0x01, 0x00, 0x00, 0x4D, 0x93, 
	0xFF, 0xFF, 0x41, 0x00, 0xF8, 0xFD, 0xB7, 0xFD, 0xD5, 0xFC, 0xFF, 0xFF, 0x15, 0x00, 0x94, 0xFC, 
	0xD5, 0xFC, 0xB7, 0xFD, 0xFF, 0xFF, 0x41, 0x00, 0xF8, 0xFD, 0x4D, 0x93, 0xFF, 0xFF, 0xDF, 0x01, 
	0x00, 0x00, 0x72, 0xC4, 0xFF, 0xFF, 0x43, 0x00, 0xF8, 0xFD, 0x77, 0xFD, 0xFF, 0xFF, 0x13, 0x00, 
	0x94, 0xFC, 0x56, 0xFD, 0xFF, 0xFF, 0x43, 0x00, 0xF8, 0xFD, 0x72, 0xC4, 0xFF, 0xFF, 0xDF, 0x01, 
	0x00, 0x00, 0x24, 0x31, 0xAF, 0xA3, 0x97, 0xF5, 0xFF, 0xFF, 0x42, 0x00, 0xF8, 0xFD, 0xD8, 0xFD, 
	0x36, 0xFD, 0xB4, 0xFC, 0xFF, 0xFF, 0x0D, 0x00, 0x94, 0xFC, 0xB4, 0xFC, 0x36, 0xFD, 0xD8, 0xFD, 
	0xFF, 0xFF, 0x43, 0x00, 0xF8, 0xFD, 0xAF, 0xA3, 0x24, 0x31, 0xFF, 0xFF, 0xE1, 0x01, 0x00, 0x00, 
	0x61, 0x10, 0xEC, 0x82, 0x97, 0xF5, 0xFF, 0xFF, 0x43, 0x00, 0xF8, 0xFD, 0x97, 0xFD, 0x36, 0xFD, 
	0xD5, 0xFC, 0xD5, 0xFC, 0x94, 0xFC, 0x94, 0xFC, 0xD5, 0xFC, 0xD5, 0xFC, 0x94, 0xFC, 0x94, 0xFC, 
	0xD5, 0xFC, 0xD5, 0xFC, 0x36, 0xFD, 0x97, 0xFD, 0xFF, 0xFF, 0x43, 0x00, 0xF8, 0xFD, 0x97, 0xF5, 
	0xEC, 0x82, 0x61, 0x10, 0xFF, 0xFF, 0xE5, 0x01, 0x00, 0x00, 0x61, 0x10, 0xEC, 0x82, 0x97, 0xF5, 
	0xFF, 0xFF, 0x91, 0x00, 0xF8, 0xFD, 0x97, 0xF5, 0xEC, 0x82, 0x61, 0x10, 0xFF, 0xFF, 0xE9, 0x01, 
	0x00, 0x00, 0x61, 0x10, 0xEC, 0x82, 0x97, 0xF5, 0xFF, 0xFF, 0x8D, 0x00, 0xF8, 0xFD, 0x97, 0xF5, 
	0xEC, 0x82, 0x61, 0x10, 0xFF, 0xFF, 0xEE, 0x01, 0x00, 0x00, 0x49, 0x62, 0xD4, 0xD4, 0xFF, 0xFF, 
	0x89, 0x00, 0xF8, 0xFD, 0xD4, 0xD4, 0x49, 0x62, 0xFF, 0xFF, 0xF3, 0x01, 0x00, 0x00, 0x24, 0x31, 
	0xAF, 0xA3, 0x97, 0xF5, 0xFF, 0xFF, 0x83, 0x00, 0xF8, 0xFD, 0x97, 0xF5, 0xAF, 0xA3, 0x24, 0x31, 
	0xFF, 0xFF, 0xF8, 0x01, 0x00, 0x00, 0x49, 0x62, 0x11, 0xB4, 0xFF, 0xFF, 0x7F, 0x00, 0xF8, 0xFD, 
	0x11, 0xB4, 0x49, 0x62, 0xFF, 0xFF, 0xFD, 0x01, 0x00, 0x00, 0x61, 0x10, 0x49, 0x62, 0xAF, 0xA3, 
	0x97, 0xF5, 0xFF, 0xFF, 0x77, 0x00, 0xF8, 0xFD, 0x97, 0xF5, 0xAF, 0xA3, 0x49, 0x62, 0x61, 0x10, 
	0xFF, 0xFF, 0x03, 0x02, 0x00, 0x00, 0x86, 0x41, 0xEC, 0x82, 0x72, 0xC4, 0xFF, 0xFF, 0x71, 0x00, 
	0xF8, 0xFD, 0x72, 0xC4, 0xEC, 0x82, 0x86, 0x41, 0xFF, 0xFF, 0x0B, 0x02, 0x00, 0x00, 0x86, 0x41, 
	0xEC, 0x82, 0x72, 0xC4, 0x97, 0xF5, 0xFF, 0xFF, 0x67, 0x00, 0xF8, 0xFD, 0x97, 0xF5, 0x72, 0xC4, 
	0xEC, 0x82, 0x86, 0x41, 0xFF, 0xFF, 0x13, 0x02, 0x00, 0x00, 0xC3, 0x20, 0x49, 0x62, 0xEC, 0x82, 
	0x72, 0xC4, 0x97, 0xF5, 0xFF, 0xFF, 0x5D, 0x00, 0xF8, 0xFD, 0x97, 0xF5, 0x72, 0xC4, 0xEC, 0x82, 
	0x49, 0x62, 0x24, 0x31, 0xFF, 0xFF, 0x1C, 0x02, 0x00, 0x00, 0x61, 0x10, 0x86, 0x41, 0xAA, 0x72, 
	0xEC, 0x82, 0x72, 0xC4, 0x35, 0xE5, 0xFF, 0xFF, 0x51, 0x00, 0xF8, 0xFD, 0x35, 0xE5, 0x72, 0xC4, 
	0x4D, 0x93, 0xAA, 0x72, 0x86, 0x41, 0x61, 0x10, 0xFF, 0xFF, 0x28, 0x02, 0x00, 0x00, 0xC3, 0x20, 
	0x86, 0x41, 0x49, 0x62, 0xEC, 0x82, 0x4D, 0x93, 0x72, 0xC4, 0x72, 0xC4, 0xFF, 0xFF, 0x41, 0x00, 
	0xF8, 0xFD, 0x72, 0xC4, 0x72, 0xC4, 0x4D, 0x93, 0xEC, 0x82, 0x49, 0x62, 0x86, 0x41, 0xC3, 0x20, 
	0xFF, 0xFF, 0x38, 0x02, 0x00, 0x00, 0x61, 0x10, 0x86, 0x41, 0x86, 0x41, 0xE7, 0x51, 0xEC, 0x82, 
	0xEC, 0x82, 0xEC, 0x82, 0x11, 0xB4, 0x72, 0xC4, 0x72, 0xC4, 0x72, 0xC4, 0xD4, 0xD4, 0xFF, 0xFF, 
	0x25, 0x00, 0xF8, 0xFD, 0xD4, 0xD4, 0x72, 0xC4, 0x72, 0xC4, 0x72, 0xC4, 0x11, 0xB4, 0xEC, 0x82, 
	0xEC, 0x82, 0xEC, 0x82, 0xE7, 0x51, 0x86, 0x41, 0x86, 0x41, 0x61, 0x10, 0xFF, 0xFF, 0x53, 0x02, 
	0x00, 0x00, 0xFF, 0xFF, 0x19, 0x00, 0x86, 0x41, 0xFF, 0xFF, 0xFD, 0xFF, 0x00, 0x00, 0xFF, 0xFF, 
	0x34, 0x55, 0x00, 0x00
};

const _ipf_img_src_ osdenc_dressphoto = {
   .data_size = sizeof(dressphoto),
   .data = dressphoto
};

const unsigned char simplephoto[79818]= 
{
	0xFF, 0xFF, 0xFD, 0xFF, 0xDB, 0xDE, 0xFF, 0xFF, 0xFF, 0x14, 0xDB, 0xDE, 0xFC, 0xDE, 0xFF, 0xFF, 
	0x7A, 0x02, 0xDB, 0xDE, 0xFC, 0xDE, 0xFC, 0xDE, 0xDC, 0xDE, 0xFB, 0xDE, 0xFC, 0xDE, 0xFC, 0xDE, 
	0xFC, 0xDE, 0xFF, 0xFF, 0x46, 0x00, 0xDB, 0xDE, 0xFF, 0xFF, 0x03, 0x00, 0xFC, 0xDE, 0xFB, 0xDE, 
	0xFB, 0xDE, 0xDB, 0xDE, 0xDB, 0xDE, 0xBB, 0xD6, 0x9A, 0xD6, 0x7A, 0xD6, 0x39, 0xCE, 0xF7, 0xC5, 
	0x39, 0xCE, 0xFF, 0xFF, 0x20, 0x02, 0xDB, 0xDE, 0xFC, 0xDE, 0xFC, 0xDE, 0xDB, 0xDE, 0xB9, 0xEE, 
	0x91, 0xFC, 0x46, 0xE9, 0x86, 0x89, 0xCB, 0x6A, 0x92, 0x9C, 0x59, 0xCE, 0xFC, 0xDE, 0xFC, 0xDE, 
	0xFF, 0xFF, 0x3C, 0x00, 0xDB, 0xDE, 0xFF, 0xFF, 0x05, 0x00, 0xFC, 0xDE, 0xDB, 0xDE, 0xDB, 0xD6, 
	0xBB, 0xD6, 0x9A, 0xCE, 0x58, 0xCE, 0xF7, 0xBD, 0xD6, 0xBD, 0xFF, 0xFF, 0x04, 0x00, 0x96, 0xBD, 
	0x75, 0xB5, 0x54, 0xB5, 0x14, 0xAD, 0xF7, 0xC5, 0xFF, 0xFF, 0x1F, 0x02, 0xDB, 0xDE, 0xFC, 0xDE, 
	0x39, 0xC6, 0x4D, 0x9B, 0x08, 0xDA, 0x15, 0xFD, 0x2E, 0xFC, 0x40, 0xD8, 0x00, 0x58, 0xA3, 0x10, 
	0x24, 0x39, 0xA6, 0x81, 0xAE, 0xC3, 0x9A, 0xDE, 0xFC, 0xDE, 0xFF, 0xFF, 0x33, 0x00, 0xDB, 0xDE, 
	0xFF, 0xFF, 0x05, 0x00, 0xFC, 0xDE, 0xDB, 0xDE, 0xDB, 0xDE, 0xBA, 0xD6, 0x7A, 0xD6, 0x79, 0xCE, 
	0x59, 0xCE, 0x39, 0xCE, 0x38, 0xCE, 0xF8, 0xC5, 0xD7, 0xC5, 0xB7, 0xBD, 0x96, 0xBD, 0x75, 0xB5, 
	0x55, 0xB5, 0x54, 0xB5, 0xFF, 0xFF, 0x05, 0x00, 0x55, 0xB5, 0x75, 0xB5, 0x34, 0xAD, 0xD7, 0xC5, 
	0xFF, 0xFF, 0x1E, 0x02, 0xDB, 0xDE, 0xFC, 0xDE, 0x59, 0xCE, 0x4D, 0xA3, 0x61, 0x50, 0x62, 0x88, 
	0x52, 0xE4, 0x54, 0xFD, 0x83, 0xD9, 0x00, 0x48, 0x21, 0x08, 0x00, 0x40, 0x00, 0x98, 0x00, 0xB0, 
	0x28, 0xAA, 0x39, 0xCE, 0xFC, 0xDE, 0xFF, 0xFF, 0x32, 0x00, 0xDB, 0xDE, 0xBA, 0xD6, 0x99, 0xD6, 
	0x79, 0xD6, 0xFF, 0xFF, 0x03, 0x00, 0x59, 0xCE, 0x18, 0xC6, 0xB6, 0xBD, 0xB6, 0xBD, 0x96, 0xBD, 
	0x75, 0xBD, 0x75, 0xB5, 0x55, 0xB5, 0x55, 0xB5, 0x34, 0xB5, 0x55, 0xBD, 0x55, 0xB5, 0x55, 0xB5, 
	0x55, 0xB5, 0xFF, 0xFF, 0x05, 0x00, 0x75, 0xB5, 0x75, 0xBD, 0x75, 0xBD, 0x34, 0xB5, 0xB6, 0xBD, 
	0xFF, 0xFF, 0x1D, 0x02, 0xDB, 0xDE, 0xFC, 0xDE, 0x59, 0xD6, 0xF0, 0xD3, 0xCE, 0xEB, 0x87, 0x99, 
	0x00, 0x28, 0xAA, 0xB2, 0xF6, 0xFC, 0x4A, 0xCA, 0x00, 0x38, 0x00, 0x28, 0x20, 0xA0, 0x00, 0xF0, 
	0x00, 0xC0, 0x20, 0x58, 0xCA, 0x62, 0x9A, 0xCE, 0xFC, 0xDE, 0xFF, 0xFF, 0x23, 0x00, 0xDB, 0xDE, 
	0xFC, 0xDE, 0xFC, 0xDE, 0xFC, 0xDE, 0xFB, 0xDE, 0xDB, 0xDE, 0xDB, 0xDE, 0xDB, 0xDE, 0xBA, 0xDE, 
	0x9A, 0xD6, 0x79, 0xD6, 0x59, 0xD6, 0x38, 0xCE, 0x18, 0xCE, 0x17, 0xC6, 0xF7, 0xC5, 0xD7, 0xC5, 
	0xB6, 0xBD, 0x96, 0xBD, 0x96, 0xBD, 0xB6, 0xBD, 0xB6, 0xBD, 0x76, 0xBD, 0x55, 0xB5, 0xFF, 0xFF, 
	0x03, 0x00, 0x75, 0xB5, 0x95, 0xBD, 0xFF, 0xFF, 0x06, 0x00, 0x96, 0xBD, 0x95, 0xBD, 0x75, 0xBD, 
	0x75, 0xB5, 0x75, 0xBD, 0x75, 0xBD, 0x75, 0xB5, 0x55, 0xB5, 0x34, 0xAD, 0x96, 0xBD, 0xBB, 0xD6, 
	0xFF, 0xFF, 0x9D, 0x00, 0xDB, 0xDE, 0xFB, 0xDE, 0xFB, 0xDE, 0xFF, 0xFF, 0x7B, 0x01, 0xDB, 0xDE, 
	0xFC, 0xDE, 0x9A, 0xD6, 0xF0, 0x9B, 0x05, 0xD9, 0x50, 0xFC, 0x13, 0xED, 0xC3, 0x70, 0x60, 0x90, 
	0x71, 0xF4, 0xED, 0xBA, 0x00, 0x38, 0x00, 0x68, 0x00, 0xF0, 0x00, 0xF8, 0x01, 0x98, 0x40, 0x10, 
	0xA2, 0x10, 0x30, 0xAC, 0xFF, 0xFF, 0x1F, 0x00, 0xDB, 0xDE, 0xFB, 0xDE, 0xDB, 0xDE, 0xDB, 0xDE, 
	0xDB, 0xDE, 0xBB, 0xD6, 0x9A, 0xD6, 0x9A, 0xD6, 0x79, 0xCE, 0x59, 0xCE, 0x38, 0xCE, 0x18, 0xC6, 
	0xF7, 0xC5, 0xF7, 0xC5, 0xD7, 0xC5, 0xB6, 0xBD, 0xB6, 0xC5, 0xB6, 0xBD, 0x96, 0xBD, 0x95, 0xBD, 
	0x95, 0xBD, 0xFF, 0xFF, 0x03, 0x00, 0x96, 0xBD, 0x96, 0xC5, 0x96, 0xC5, 0x96, 0xC5, 0x96, 0xBD, 
	0x96, 0xBD, 0x96, 0xBD, 0x95, 0xBD, 0xFF, 0xFF, 0x08, 0x00, 0x96, 0xBD, 0x95, 0xBD, 0x95, 0xBD, 
	0xFF, 0xFF, 0x04, 0x00, 0x75, 0xBD, 0x34, 0xB5, 0x75, 0xB5, 0x9A, 0xD6, 0xFC, 0xDE, 0xFF, 0xFF, 
	0x9B, 0x00, 0xDB, 0xDE, 0xFC, 0xDE, 0xFB, 0xDE, 0xDA, 0xD6, 0xFC, 0xDE, 0xFF, 0xFF, 0x79, 0x01, 
	0xDB, 0xDE, 0xFC, 0xDE, 0xBB, 0xD6, 0x92, 0x8C, 0x86, 0x31, 0x00, 0x68, 0x05, 0xD1, 0xB2, 0xFC, 
	0x8E, 0xEB, 0x81, 0x78, 0x2B, 0xC3, 0x0D, 0xB3, 0x00, 0x50, 0x40, 0xB0, 0xC3, 0xF8, 0x22, 0xD0, 
	0x00, 0x28, 0x20, 0x10, 0x41, 0x80, 0xCC, 0xDA, 0xBB, 0xDE, 0xFB, 0xDE, 0xFF, 0xFF, 0x1C, 0x00, 
	0xDB, 0xDE, 0xBB, 0xD6, 0x9A, 0xD6, 0x59, 0xCE, 0x38, 0xCE, 0x18, 0xC6, 0xD7, 0xC5, 0xB6, 0xBD, 
	0xB6, 0xBD, 0xB6, 0xBD, 0x96, 0xBD, 0xB6, 0xBD, 0xD6, 0xBD, 0xB6, 0xBD, 0xB6, 0xBD, 0xB6, 0xBD, 
	0x96, 0xBD, 0xB6, 0xBD, 0xB6, 0xC5, 0xB6, 0xC5, 0xB6, 0xC5, 0xB6, 0xBD, 0xB6, 0xBD, 0xD6, 0xC5, 
	0xD6, 0xC5, 0xB6, 0xC5, 0xB6, 0xC5, 0x96, 0xC5, 0xFF, 0xFF, 0x03, 0x00, 0xB6, 0xC5, 0xB6, 0xBD, 
	0x96, 0xBD, 0x96, 0xBD, 0x96, 0xBD, 0x95, 0xBD, 0x95, 0xBD, 0x75, 0xBD, 0x96, 0xBD, 0x96, 0xBD, 
	0x96, 0xBD, 0x95, 0xBD, 0x95, 0xBD, 0x95, 0xBD, 0x75, 0xBD, 0x75, 0xBD, 0x95, 0xBD, 0x95, 0xBD, 
	0x54, 0xB5, 0x55, 0xB5, 0x7A, 0xD6, 0xFC, 0xDE, 0xFF, 0xFF, 0x97, 0x00, 0xDB, 0xDE, 0xFC, 0xDE, 
	0x1B, 0xDF, 0xFB, 0xE6, 0x1B, 0xE7, 0x55, 0xF5, 0x0D, 0xDB, 0xCB, 0x9A, 0x10, 0x94, 0xF7, 0xBD, 
	0xBA, 0xD6, 0xFC, 0xDE, 0xFF, 0xFF, 0x76, 0x01, 0xDB, 0xDE, 0x1C, 0xE7, 0x34, 0xA5, 0x86, 0x31, 
	0x40, 0x10, 0x00, 0x10, 0x00, 0x38, 0x05, 0xC1, 0x10, 0xFC, 0xAA, 0xBA, 0x69, 0xCA, 0xC8, 0xA9, 
	0xE3, 0x90, 0xC9, 0xFA, 0xE7, 0xE9, 0x21, 0x50, 0x00, 0x20, 0x02, 0x91, 0x89, 0xFA, 0xB4, 0xFC, 
	0xDC, 0xE6, 0xFC, 0xDE, 0xFF, 0xFF, 0x14, 0x00, 0xDB, 0xDE, 0xBB, 0xD6, 0x9A, 0xD6, 0x79, 0xD6, 
	0x39, 0xCE, 0x18, 0xCE, 0x17, 0xC6, 0xF7, 0xC5, 0xF7, 0xC5, 0xD7, 0xC5, 0xD7, 0xC5, 0xD6, 0xC5, 
	0xD6, 0xC5, 0xB6, 0xC5, 0xB6, 0xBD, 0xB6, 0xBD, 0xB6, 0xBD, 0xB6, 0xC5, 0xD7, 0xC5, 0xD7, 0xC5, 
	0xB6, 0xC5, 0xB6, 0xBD, 0xB6, 0xBD, 0xB6, 0xC5, 0xB6, 0xC5, 0xB6, 0xC5, 0xD6, 0xC5, 0xD7, 0xC5, 
	0xD7, 0xC5, 0xF7, 0xC5, 0xF7, 0xC5, 0xD7, 0xC5, 0xD6, 0xC5, 0xB6, 0xC5, 0xB6, 0xC5, 0xD6, 0xC5, 
	0xD7, 0xC5, 0xD7, 0xC5, 0xB6, 0xC5, 0xB6, 0xBD, 0xB6, 0xBD, 0x96, 0xBD, 0x96, 0xBD, 0x96, 0xBD, 
	0x95, 0xBD, 0x95, 0xBD, 0x75, 0xBD, 0xFF, 0xFF, 0x08, 0x00, 0x96, 0xBD, 0x95, 0xBD, 0x55, 0xB5, 
	0x55, 0xB5, 0x79, 0xCE, 0xFC, 0xDE, 0xFF, 0xFF, 0x97, 0x00, 0xDB, 0xDE, 0x79, 0xCE, 0xAE, 0xA3, 
	0x8A, 0xD2, 0x34, 0xFD, 0x0E, 0xFC, 0x00, 0xE0, 0x00, 0x60, 0x00, 0x00, 0x61, 0x28, 0xE7, 0x79, 
	0x75, 0xCD, 0xFB, 0xDE, 0xFF, 0xFF, 0x74, 0x01, 0xDB, 0xDE, 0xFC, 0xDE, 0x3C, 0xE7, 0xEE, 0x73, 
	0xA2, 0x10, 0x21, 0x38, 0x41, 0x20, 0x00, 0x10, 0x00, 0x40, 0xE4, 0xA8, 0x0D, 0xFB, 0x0B, 0xEB, 
	0xA3, 0xB0, 0x49, 0xC2, 0xEF, 0xF3, 0x24, 0xA9, 0x81, 0x50, 0xE7, 0xC9, 0x50, 0xFC, 0xD4, 0xFD, 
	0x52, 0xFC, 0x77, 0xED, 0xFB, 0xDE, 0xFF, 0xFF, 0x05, 0x00, 0xDB, 0xDE, 0xDC, 0xDE, 0xFF, 0xFF, 
	0x05, 0x00, 0xDB, 0xDE, 0xBB, 0xD6, 0x9A, 0xD6, 0x7A, 0xD6, 0x7A, 0xCE, 0x59, 0xCE, 0x59, 0xCE, 
	0x18, 0xC6, 0xF7, 0xC5, 0xFF, 0xFF, 0x06, 0x00, 0xD7, 0xC5, 0xD6, 0xC5, 0xD7, 0xC5, 0xD7, 0xC5, 
	0xD6, 0xC5, 0xD7, 0xC5, 0xFF, 0xFF, 0x04, 0x00, 0xF7, 0xC5, 0xFF, 0xFF, 0x0A, 0x00, 0xD7, 0xC5, 
	0xD6, 0xBD, 0xD6, 0xBD, 0xD6, 0xBD, 0xB6, 0xBD, 0xB6, 0xBD, 0xD6, 0xC5, 0xD6, 0xC5, 0xD7, 0xC5, 
	0xD7, 0xC5, 0xD7, 0xC5, 0xFF, 0xFF, 0x03, 0x00, 0xB6, 0xC5, 0x96, 0xBD, 0x96, 0xBD, 0x95, 0xBD, 
	0x95, 0xBD, 0xFF, 0xFF, 0x07, 0x00, 0x96, 0xBD, 0x95, 0xBD, 0x96, 0xBD, 0x75, 0xBD, 0x55, 0xB5, 
	0x59, 0xCE, 0xFC, 0xDE, 0xFF, 0xFF, 0x96, 0x00, 0xDB, 0xDE, 0x59, 0xCE, 0x48, 0xA2, 0x00, 0x30, 
	0x00, 0x88, 0x70, 0xFC, 0x32, 0xFD, 0x62, 0xE0, 0x00, 0x50, 0x00, 0x00, 0x00, 0x38, 0x00, 0x90, 
	0x04, 0xB1, 0x14, 0xCD, 0xFF, 0xFF, 0x74, 0x01, 0xDB, 0xDE, 0x1C, 0xDF, 0xBB, 0xD6, 0xEB, 0x5A, 
	0x41, 0x18, 0x01, 0x40, 0x20, 0x30, 0x00, 0x28, 0x00, 0x18, 0x00, 0x30, 0x24, 0x91, 0x29, 0xE2, 
	0xA7, 0xE9, 0xE8, 0xD9, 0xA7, 0xB1, 0xA3, 0x98, 0x6A, 0xCA, 0x31, 0xF4, 0x10, 0xF4, 0x48, 0xDA, 
	0x61, 0xB0, 0x8A, 0xAA, 0x9A, 0xD6, 0xFC, 0xDE, 0xFC, 0xDE, 0xDB, 0xDE, 0xDB, 0xDE, 0xBB, 0xD6, 
	0xBB, 0xD6, 0x9A, 0xD6, 0x9A, 0xD6, 0x7A, 0xD6, 0x7A, 0xCE, 0x59, 0xCE, 0x39, 0xCE, 0x38, 0xCE, 
	0x18, 0xCE, 0xF7, 0xC5, 0xD7, 0xC5, 0xD7, 0xC5, 0xD7, 0xC5, 0xD6, 0xC5, 0xD6, 0xC5, 0xB6, 0xC5, 
	0xB6, 0xC5, 0xD6, 0xC5, 0xD6, 0xC5, 0xD7, 0xC5, 0xFF, 0xFF, 0x03, 0x00, 0xF7, 0xC5, 0xD7, 0xC5, 
	0xD7, 0xC5, 0xD7, 0xC5, 0xF7, 0xC5, 0xF7, 0xC5, 0xFF, 0xFF, 0x03, 0x00, 0xF7, 0xCD, 0xD7, 0xCD, 
	0xD7, 0xC5, 0xF7, 0xC5, 0xD7, 0xC5, 0xD7, 0xC5, 0xF7, 0xC5, 0xF7, 0xC5, 0xD7, 0xC5, 0xD7, 0xC5, 
	0xD7, 0xC5, 0xF7, 0xC5, 0xD6, 0xBD, 0xD6, 0xBD, 0xD6, 0xBD, 0xFF, 0xFF, 0x04, 0x00, 0xD6, 0xC5, 
	0xB6, 0xC5, 0xB6, 0xC5, 0xB6, 0xC5, 0xD7, 0xC5, 0xD7, 0xC5, 0xD7, 0xC5, 0xD6, 0xC5, 0xB6, 0xBD, 
	0x96, 0xBD, 0x95, 0xBD, 0xFF, 0xFF, 0x04, 0x00, 0x96, 0xBD, 0x95, 0xBD, 0x96, 0xBD, 0x96, 0xBD, 
	0x95, 0xBD, 0x95, 0xBD, 0x95, 0xBD, 0x55, 0xB5, 0x39, 0xC6, 0xFF, 0xFF, 0x95, 0x00, 0xDB, 0xDE, 
	0xFC, 0xDE, 0xBB, 0xDE, 0xB3, 0xDC, 0x4B, 0xDB, 0xA2, 0x70, 0x00, 0x58, 0x8F, 0xC3, 0x97, 0xFD, 
	0x66, 0xC9, 0x00, 0x28, 0x00, 0x10, 0x00, 0x90, 0x00, 0xE0, 0x00, 0xB8, 0x45, 0x79, 0x56, 0xB5, 
	0xFF, 0xFF, 0x73, 0x01, 0xDB, 0xDE, 0x1C, 0xE7, 0x59, 0xC6, 0x8A, 0x4A, 0x00, 0x10, 0x00, 0x38, 
	0x00, 0x40, 0x00, 0x40, 0x20, 0x28, 0x00, 0x18, 0x00, 0x20, 0x84, 0x60, 0x87, 0xC9, 0xE6, 0xF1, 
	0xE5, 0xD1, 0x08, 0xC2, 0xE8, 0xB1, 0x86, 0x81, 0xC2, 0x50, 0x00, 0x38, 0x41, 0x20, 0xE3, 0x38, 
	0x75, 0xAD, 0xFC, 0xDE, 0xBB, 0xD6, 0x38, 0xCE, 0xF7, 0xCD, 0xF7, 0xC5, 0xD7, 0xC5, 0xD7, 0xC5, 
	0xD6, 0xC5, 0xD6, 0xC5, 0xF7, 0xC5, 0xFF, 0xFF, 0x03, 0x00, 0xD7, 0xC5, 0xD6, 0xC5, 0xD6, 0xC5, 
	0xFF, 0xFF, 0x03, 0x00, 0xD7, 0xC5, 0xFF, 0xFF, 0x0A, 0x00, 0xF7, 0xC5, 0xD7, 0xC5, 0xD7, 0xC5, 
	0xD7, 0xC5, 0xF7, 0xC5, 0xF7, 0xC5, 0xF7, 0xC5, 0xFF, 0xFF, 0x06, 0x00, 0xD7, 0xC5, 0xF7, 0xC5, 
	0xFF, 0xFF, 0x03, 0x00, 0xD7, 0xC5, 0xF7, 0xC5, 0xFF, 0xFF, 0x04, 0x00, 0xD7, 0xC5, 0xD6, 0xC5, 
	0xD6, 0xC5, 0xFF, 0xFF, 0x03, 0x00, 0xB6, 0xC5, 0xD6, 0xC5, 0xD7, 0xC5, 0xD7, 0xC5, 0xD6, 0xC5, 
	0xB6, 0xBD, 0x96, 0xBD, 0x95, 0xBD, 0x95, 0xBD, 0x75, 0xBD, 0x75, 0xBD, 0xFF, 0xFF, 0x06, 0x00, 
	0x96, 0xBD, 0x54, 0xB5, 0x18, 0xC6, 0xFF, 0xFF, 0x94, 0x00, 0xDB, 0xDE, 0xFC, 0xDE, 0x9A, 0xCE, 
	0xD0, 0xA3, 0xA7, 0xE1, 0x52, 0xFD, 0x6F, 0xEC, 0x82, 0x60, 0xC8, 0x89, 0x53, 0xFC, 0x49, 0xBA, 
	0x00, 0x20, 0x00, 0x60, 0x00, 0xE8, 0x00, 0xF8, 0x00, 0xA0, 0x00, 0x18, 0x86, 0x41, 0x96, 0xC5, 
	0xFC, 0xDE, 0xFF, 0xFF, 0x20, 0x00, 0xDB, 0xDE, 0xFC, 0xDE, 0xFC, 0xDE, 0xFC, 0xDE, 0xFF, 0xFF, 
	0x05, 0x00, 0xDB, 0xDE, 0xBB, 0xDE, 0xBB, 0xD6, 0xBB, 0xD6, 0xBB, 0xD6, 0xBA, 0xD6, 0xFF, 0xFF, 
	0x08, 0x00, 0x9A, 0xD6, 0x7A, 0xCE, 0x59, 0xCE, 0x9A, 0xD6, 0xFF, 0xFF, 0x36, 0x01, 0xDB, 0xDE, 
	0x3D, 0xE7, 0x18, 0xB6, 0x29, 0x42, 0x20, 0x10, 0x00, 0x38, 0x00, 0x40, 0x00, 0x38, 0x00, 0x38, 
	0x00, 0x38, 0x00, 0x28, 0x00, 0x10, 0x61, 0x28, 0xE2, 0x80, 0x87, 0xD9, 0x0D, 0xFB, 0xCE, 0xDB, 
	0x2C, 0xBB, 0x69, 0xB2, 0x03, 0xA1, 0x00, 0x98, 0xC4, 0x98, 0xD3, 0xB4, 0x9A, 0xCE, 0x59, 0xC6, 
	0xB5, 0xC5, 0xB6, 0xC5, 0xB6, 0xC5, 0xB6, 0xC5, 0xD6, 0xC5, 0xD6, 0xC5, 0xD7, 0xC5, 0xFF, 0xFF, 
	0x07, 0x00, 0xF7, 0xC5, 0xF7, 0xCD, 0xD7, 0xC5, 0xD7, 0xC5, 0xF7, 0xC5, 0xF7, 0xC5, 0x17, 0xC6, 
	0xF7, 0xC5, 0xF7, 0xC5, 0xF7, 0xC5, 0xD7, 0xC5, 0xD7, 0xC5, 0xF7, 0xC5, 0xF7, 0xC5, 0xF7, 0xCD, 
	0xD7, 0xC5, 0xD7, 0xC5, 0xD7, 0xCD, 0xFF, 0xFF, 0x03, 0x00, 0xD7, 0xC5, 0xF7, 0xC5, 0xF7, 0xC5, 
	0xFF, 0xFF, 0x03, 0x00, 0xD7, 0xC5, 0xF7, 0xC5, 0xF7, 0xC5, 0xF7, 0xC5, 0xD7, 0xC5, 0xD6, 0xC5, 
	0xF7, 0xC5, 0xF7, 0xC5, 0xD7, 0xC5, 0xD7, 0xC5, 0xD7, 0xC5, 0xB6, 0xC5, 0xD6, 0xC5, 0xD7, 0xC5, 
	0xD7, 0xC5, 0xD7, 0xC5, 0xFF, 0xFF, 0x03, 0x00, 0xB6, 0xC5, 0xB6, 0xBD, 0xB6, 0xC5, 0xD6, 0xC5, 
	0xD6, 0xC5, 0xD6, 0xC5, 0x96, 0xBD, 0xB6, 0xC5, 0x96, 0xBD, 0x96, 0xBD, 0x96, 0xBD, 0x95, 0xBD, 
	0xB6, 0xBD, 0xB6, 0xBD, 0x96, 0xBD, 0x76, 0xBD, 0x34, 0xB5, 0xD7, 0xBD, 0xFF, 0xFF, 0x94, 0x00, 
	0xDB, 0xDE, 0xBB, 0xD6, 0xCF, 0x73, 0xC3, 0x28, 0x00, 0x78, 0x07, 0xEA, 0x52, 0xFD, 0x0C, 0xB3, 
	0xA4, 0x90, 0xEA, 0xF2, 0xEA, 0xB2, 0x41, 0x40, 0x21, 0xC0, 0xA3, 0xF8, 0x41, 0xC8, 0x00, 0x38, 
	0x00, 0x08, 0x00, 0x68, 0x69, 0xD2, 0xDB, 0xE6, 0xFC, 0xDE, 0xFF, 0xFF, 0x1C, 0x00, 0xDB, 0xDE, 
	0xBB, 0xD6, 0xBA, 0xD6, 0x9A, 0xD6, 0x59, 0xCE, 0x38, 0xC6, 0x18, 0xC6, 0x18, 0xC6, 0xF7, 0xC5, 
	0xF7, 0xC5, 0xF7, 0xC5, 0xD7, 0xC5, 0xB6, 0xBD, 0xB6, 0xBD, 0x96, 0xBD, 0x96, 0xBD, 0x96, 0xBD, 
	0x75, 0xBD, 0x75, 0xB5, 0x54, 0xB5, 0x54, 0xB5, 0x54, 0xB5, 0xFF, 0xFF, 0x05, 0x00, 0x34, 0xAD, 
	0x55, 0xB5, 0x18, 0xCE, 0xFF, 0xFF, 0x36, 0x01, 0xDB, 0xDE, 0x5D, 0xE7, 0x38, 0xBE, 0xE7, 0x39, 
	0x20, 0x18, 0x00, 0x40, 0x00, 0x40, 0x20, 0x38, 0x20, 0x30, 0x00, 0x40, 0x00, 0x48, 0x00, 0x28, 
	0x00, 0x00, 0x00, 0x18, 0x42, 0x50, 0x66, 0x89, 0x8A, 0xD2, 0x8D, 0xFB, 0x50, 0xFC, 0x11, 0xFD, 
	0x30, 0xFC, 0x52, 0xF4, 0xB6, 0xCD, 0x57, 0xC6, 0x37, 0xC6, 0xF6, 0xC5, 0xF7, 0xC5, 0xD7, 0xC5, 
	0xF7, 0xC5, 0x17, 0xC6, 0xFF, 0xFF, 0x04, 0x00, 0xF7, 0xC5, 0xF7, 0xCD, 0xFF, 0xFF, 0x03, 0x00, 
	0xD7, 0xC5, 0xD7, 0xCD, 0xD7, 0xC5, 0xD7, 0xC5, 0xD7, 0xC5, 0xF7, 0xC5, 0xF7, 0xC5, 0xD7, 0xC5, 
	0xF7, 0xC5, 0xF7, 0xC5, 0xF7, 0xC5, 0xFF, 0xFF, 0x09, 0x00, 0xD7, 0xC5, 0xF7, 0xC5, 0xF7, 0xC5, 
	0xF7, 0xCD, 0xF7, 0xCD, 0xD7, 0xCD, 0xD7, 0xC5, 0xB6, 0xC5, 0xD7, 0xC5, 0xF7, 0xC5, 0xFF, 0xFF, 
	0x03, 0x00, 0xD7, 0xC5, 0xD6, 0xC5, 0xFF, 0xFF, 0x03, 0x00, 0xD7, 0xC5, 0xB6, 0xC5, 0xB6, 0xC5, 
	0xD7, 0xC5, 0xF7, 0xC5, 0xD7, 0xC5, 0xD6, 0xC5, 0xD7, 0xC5, 0xD7, 0xC5, 0xF7, 0xCD, 0xF7, 0xCD, 
	0xF7, 0xCD, 0x17, 0xCE, 0x38, 0xD6, 0x79, 0xDE, 0x9A, 0xDE, 0x59, 0xD6, 0xD7, 0xC5, 0x96, 0xBD, 
	0x75, 0xBD, 0xB6, 0xBD, 0x95, 0xBD, 0x75, 0xB5, 0x96, 0xBD, 0x55, 0xB5, 0x96, 0xBD, 0xBB, 0xD6, 
	0xFF, 0xFF, 0x92, 0x00, 0xDB, 0xDE, 0xFC, 0xDE, 0xB6, 0xAD, 0x04, 0x21, 0x00, 0x10, 0x00, 0x18, 
	0x00, 0x68, 0x07, 0xD2, 0x51, 0xFC, 0x08, 0xBA, 0xC5, 0xB1, 0xA9, 0xB2, 0xC3, 0x80, 0x29, 0xFA, 
	0x86, 0xF9, 0x00, 0x58, 0x00, 0x18, 0x62, 0x78, 0x28, 0xE2, 0x50, 0xFC, 0xBA, 0xF6, 0x3D, 0xDF, 
	0xFC, 0xDE, 0xFF, 0xFF, 0x08, 0x00, 0xDB, 0xDE, 0xBB, 0xDE, 0xBB, 0xD6, 0xBB, 0xD6, 0xBB, 0xD6, 
	0xBA, 0xD6, 0xBA, 0xD6, 0x9A, 0xD6, 0x9A, 0xD6, 0x7A, 0xD6, 0x58, 0xCE, 0x18, 0xCE, 0x17, 0xC6, 
	0xFF, 0xFF, 0x04, 0x00, 0xF7, 0xC5, 0xF7, 0xBD, 0xD7, 0xC5, 0xD7, 0xBD, 0xB6, 0xBD, 0x75, 0xB5, 
	0x55, 0xB5, 0x34, 0xB5, 0x34, 0xB5, 0xFF, 0xFF, 0x03, 0x00, 0x54, 0xB5, 0x55, 0xB5, 0x55, 0xB5, 
	0x75, 0xB5, 0x75, 0xB5, 0x75, 0xB5, 0x96, 0xBD, 0x96, 0xBD, 0x96, 0xBD, 0x75, 0xB5, 0x75, 0xB5, 
	0x95, 0xBD, 0x95, 0xBD, 0x96, 0xBD, 0x96, 0xBD, 0x96, 0xBD, 0x76, 0xBD, 0x75, 0xB5, 0x34, 0xB5, 
	0x38, 0xCE, 0xFF, 0xFF, 0x34, 0x01, 0xDB, 0xDE, 0xBB, 0xD6, 0x9A, 0xD6, 0x1C, 0xE7, 0xBA, 0xCE, 
	0x08, 0x42, 0x00, 0x08, 0x01, 0x38, 0x00, 0x48, 0x00, 0x38, 0x20, 0x30, 0x20, 0x30, 0x21, 0x40, 
	0x00, 0x38, 0x00, 0x38, 0x00, 0x28, 0x00, 0x08, 0x00, 0x00, 0x00, 0x40, 0x41, 0x98, 0xE7, 0xC1, 
	0xEE, 0xEB, 0xD3, 0xFC, 0x37, 0xEE, 0x1A, 0xC7, 0x38, 0xC6, 0xD6, 0xCD, 0x16, 0xC6, 0x17, 0xC6, 
	0xF7, 0xCD, 0xF7, 0xC5, 0xF7, 0xC5, 0xF7, 0xCD, 0xFF, 0xFF, 0x03, 0x00, 0xF7, 0xC5, 0xF7, 0xCD, 
	0xF7, 0xC5, 0xD7, 0xC5, 0xF7, 0xCD, 0xF7, 0xCD, 0xFF, 0xFF, 0x03, 0x00, 0xD7, 0xC5, 0xF7, 0xCD, 
	0xFF, 0xFF, 0x03, 0x00, 0xF7, 0xC5, 0xF7, 0xCD, 0xF7, 0xC5, 0xF7, 0xC5, 0xD7, 0xC5, 0xFF, 0xFF, 
	0x03, 0x00, 0xF7, 0xC5, 0x17, 0xC6, 0xFF, 0xFF, 0x04, 0x00, 0xF7, 0xC5, 0xF7, 0xCD, 0xF7, 0xCD, 
	0xD7, 0xC5, 0xD6, 0xC5, 0xB6, 0xC5, 0xD6, 0xC5, 0xD6, 0xC5, 0xD7, 0xC5, 0xF7, 0xC5, 0xD7, 0xC5, 
	0xD7, 0xC5, 0xF7, 0xC5, 0xF7, 0xC5, 0xF7, 0xCD, 0xFF, 0xFF, 0x03, 0x00, 0x17, 0xCE, 0x38, 0xCE, 
	0x79, 0xD6, 0x9A, 0xDE, 0xBA, 0xE6, 0xFB, 0xEE, 0x3C, 0xF7, 0x5C, 0xF7, 0x1C, 0xEF, 0xDA, 0xE6, 
	0xBA, 0xDE, 0x38, 0xCE, 0x54, 0xB5, 0x75, 0xB5, 0x18, 0xCE, 0xD7, 0xC5, 0x96, 0xBD, 0x96, 0xBD, 
	0x96, 0xBD, 0x95, 0xBD, 0x96, 0xBD, 0x55, 0xB5, 0x95, 0xB5, 0x9A, 0xD6, 0xDC, 0xDE, 0xFF, 0xFF, 
	0x90, 0x00, 0xDB, 0xDE, 0xFC, 0xDE, 0xFC, 0xDE, 0xCE, 0x6B, 0x21, 0x08, 0x00, 0x28, 0x00, 0x20, 
	0x00, 0x10, 0x00, 0x58, 0x29, 0xCA, 0xEC, 0xE2, 0x67, 0xD2, 0xC6, 0xB9, 0xC7, 0xB1, 0xCD, 0xEB, 
	0x03, 0xA9, 0x00, 0x50, 0xA7, 0x99, 0xEF, 0xFB, 0xB6, 0xFD, 0xF4, 0xFC, 0xB2, 0xFC, 0xFA, 0xCE, 
	0xDB, 0xCE, 0x7A, 0xD6, 0x79, 0xD6, 0x59, 0xCE, 0x38, 0xCE, 0xF7, 0xC5, 0xF7, 0xC5, 0xD7, 0xC5, 
	0xD7, 0xC5, 0xD7, 0xC5, 0xB6, 0xC5, 0xD6, 0xC5, 0xD6, 0xC5, 0xFF, 0xFF, 0x05, 0x00, 0xB6, 0xBD, 
	0xFF, 0xFF, 0x04, 0x00, 0x95, 0xBD, 0xB6, 0xBD, 0xB6, 0xC5, 0xB6, 0xC5, 0xB6, 0xBD, 0xB6, 0xC5, 
	0xB6, 0xC5, 0xB6, 0xBD, 0x96, 0xBD, 0x96, 0xBD, 0x75, 0xBD, 0xFF, 0xFF, 0x03, 0x00, 0x95, 0xBD, 
	0x96, 0xBD, 0xB6, 0xBD, 0x96, 0xBD, 0x96, 0xBD, 0x95, 0xBD, 0x75, 0xBD, 0x75, 0xBD, 0x95, 0xBD, 
	0x95, 0xBD, 0x75, 0xBD, 0x95, 0xBD, 0x95, 0xBD, 0xFF, 0xFF, 0x04, 0x00, 0x75, 0xBD, 0x55, 0xB5, 
	0x55, 0xB5, 0x38, 0xCE, 0xFF, 0xFF, 0x2B, 0x01, 0xDB, 0xDE, 0xDB, 0xD6, 0xBA, 0xD6, 0x9A, 0xD6, 
	0x79, 0xCE, 0x58, 0xCE, 0x38, 0xCE, 0x17, 0xC6, 0xF7, 0xC5, 0xD7, 0xC5, 0xF7, 0xC5, 0xD6, 0xC5, 
	0x79, 0xDE, 0xFB, 0xE6, 0x89, 0x52, 0x00, 0x00, 0x00, 0x28, 0x20, 0x48, 0x00, 0x48, 0x20, 0x40, 
	0x20, 0x30, 0x21, 0x30, 0x20, 0x40, 0x00, 0x50, 0x00, 0x40, 0x00, 0x30, 0x00, 0x18, 0x00, 0x10, 
	0x00, 0x18, 0x00, 0x48, 0x00, 0x88, 0xA3, 0xD0, 0xB0, 0xDC, 0x7A, 0xC7, 0x7A, 0xC6, 0xB8, 0xCD, 
	0x17, 0xC6, 0x17, 0xC6, 0xF7, 0xCD, 0x17, 0xCE, 0xF7, 0xC5, 0xF7, 0xCD, 0xFF, 0xFF, 0x04, 0x00, 
	0xF7, 0xC5, 0xFF, 0xFF, 0x03, 0x00, 0xF7, 0xCD, 0xFF, 0xFF, 0x03, 0x00, 0xF7, 0xC5, 0x17, 0xCE, 
	0x18, 0xCE, 0xF7, 0xC5, 0xF7, 0xCD, 0xFF, 0xFF, 0x05, 0x00, 0xF7, 0xC5, 0x17, 0xC6, 0x17, 0xC6, 
	0xFF, 0xFF, 0x05, 0x00, 0xF7, 0xC5, 0xFF, 0xFF, 0x07, 0x00, 0xD7, 0xC5, 0xF7, 0xCD, 0x17, 0xCE, 
	0x38, 0xCE, 0x58, 0xD6, 0x99, 0xDE, 0xDB, 0xE6, 0x1C, 0xEF, 0x3C, 0xF7, 0x5D, 0xF7, 0x5C, 0xF7, 
	0x3C, 0xF7, 0xFB, 0xEE, 0xBA, 0xE6, 0x79, 0xDE, 0x38, 0xCE, 0xF7, 0xC5, 0x75, 0xB5, 0xF3, 0xA4, 
	0x91, 0x9C, 0x50, 0x94, 0xEF, 0x83, 0xEB, 0x62, 0x85, 0x31, 0x2C, 0x6B, 0xF7, 0xC5, 0x38, 0xD6, 
	0xD7, 0xC5, 0x96, 0xBD, 0xB6, 0xBD, 0xB6, 0xBD, 0x96, 0xBD, 0x75, 0xB5, 0x75, 0xBD, 0x7A, 0xD6, 
	0xFC, 0xDE, 0xFF, 0xFF, 0x8E, 0x00, 0xDB, 0xDE, 0xDB, 0xD6, 0xDB, 0xDE, 0x1C, 0xE7, 0xF8, 0xBD, 
	0x24, 0x19, 0x00, 0x08, 0x00, 0x38, 0x00, 0x40, 0x00, 0x30, 0x00, 0x20, 0x01, 0x40, 0x67, 0xA9, 
	0xC9, 0xF2, 0xC7, 0xE9, 0xC8, 0xD1, 0x88, 0xB2, 0x04, 0x81, 0x47, 0xB9, 0x30, 0xFC, 0x53, 0xF5, 
	0xAF, 0xE3, 0xC2, 0xD0, 0x04, 0xC9, 0x17, 0xB6, 0xDB, 0xBE, 0xD6, 0xC5, 0xB6, 0xC5, 0xD6, 0xC5, 
	0xD6, 0xC5, 0xD7, 0xC5, 0xD7, 0xC5, 0xD7, 0xC5, 0xF7, 0xC5, 0xFF, 0xFF, 0x08, 0x00, 0xD7, 0xC5, 
	0xD6, 0xC5, 0xD6, 0xC5, 0xB6, 0xC5, 0xB6, 0xC5, 0xB6, 0xC5, 0xD6, 0xC5, 0xB6, 0xC5, 0xFF, 0xFF, 
	0x03, 0x00, 0xD6, 0xC5, 0xB6, 0xC5, 0xD6, 0xC5, 0xD6, 0xC5, 0xD7, 0xC5, 0xD6, 0xC5, 0xB6, 0xC5, 
	0xB6, 0xC5, 0x96, 0xC5, 0x96, 0xC5, 0x96, 0xBD, 0xB6, 0xBD, 0xB6, 0xBD, 0xFF, 0xFF, 0x06, 0x00, 
	0x96, 0xBD, 0x95, 0xBD, 0x96, 0xBD, 0x95, 0xBD, 0x75, 0xBD, 0x75, 0xBD, 0x75, 0xBD, 0x75, 0xB5, 
	0x55, 0xB5, 0x55, 0xB5, 0x18, 0xCE, 0xFF, 0xFF, 0x24, 0x01, 0xDB, 0xDE, 0xBB, 0xDE, 0xBA, 0xD6, 
	0x9A, 0xD6, 0x79, 0xCE, 0x59, 0xCE, 0x38, 0xC6, 0x17, 0xC6, 0xF7, 0xBD, 0xD7, 0xBD, 0xD7, 0xC5, 
	0xD7, 0xC5, 0xF7, 0xC5, 0xD7, 0xC5, 0xF7, 0xC5, 0xF7, 0xCD, 0xD7, 0xC5, 0xF7, 0xC5, 0xF7, 0xCD, 
	0x59, 0xDE, 0x3C, 0xF7, 0xCE, 0x7B, 0x00, 0x00, 0x00, 0x08, 0x00, 0x38, 0x01, 0x48, 0x00, 0x40, 
	0x00, 0x38, 0x00, 0x38, 0x20, 0x48, 0x00, 0x40, 0x00, 0x38, 0x00, 0x40, 0x00, 0x38, 0x20, 0x28, 
	0x00, 0x18, 0x00, 0x10, 0x00, 0x18, 0x26, 0x81, 0x76, 0xDD, 0xFA, 0xCE, 0xF8, 0xC5, 0xD8, 0xCD, 
	0x37, 0xC6, 0x17, 0xC6, 0xF7, 0xC5, 0xF7, 0xC5, 0x17, 0xCE, 0xF7, 0xC5, 0xF7, 0xC5, 0xF7, 0xC5, 
	0x17, 0xCE, 0x17, 0xCE, 0xF7, 0xC5, 0x17, 0xCE, 0x17, 0xCE, 0x17, 0xCE, 0xF7, 0xCD, 0x17, 0xCE, 
	0x17, 0xCE, 0xF7, 0xC5, 0xF7, 0xCD, 0x17, 0xCE, 0x17, 0xC6, 0xF7, 0xC5, 0xF7, 0xCD, 0xF7, 0xCD, 
	0xF7, 0xCD, 0xF7, 0xC5, 0xF7, 0xC5, 0xF7, 0xCD, 0xFF, 0xFF, 0x05, 0x00, 0xF7, 0xC5, 0xD7, 0xC5, 
	0xD6, 0xC5, 0xD6, 0xC5, 0xD7, 0xC5, 0xD7, 0xC5, 0x17, 0xCE, 0x38, 0xD6, 0x79, 0xDE, 0xBA, 0xE6, 
	0xFB, 0xE6, 0x1B, 0xEF, 0x3C, 0xEF, 0x3C, 0xEF, 0x1B, 0xEF, 0xFB, 0xE6, 0xDB, 0xE6, 0xDA, 0xE6, 
	0x99, 0xDE, 0x38, 0xCE, 0xF7, 0xC5, 0x96, 0xBD, 0x54, 0xB5, 0xD3, 0xA4, 0xF0, 0x8B, 0x0C, 0x6B, 
	0x69, 0x52, 0xC7, 0x39, 0x03, 0x21, 0x40, 0x08, 0xFF, 0xFF, 0x04, 0x00, 0x00, 0x00, 0xC7, 0x39, 
	0x95, 0xBD, 0x59, 0xD6, 0x18, 0xCE, 0xB6, 0xC5, 0x96, 0xBD, 0x96, 0xBD, 0xB6, 0xBD, 0x95, 0xBD, 
	0x75, 0xB5, 0x59, 0xCE, 0xDC, 0xDE, 0xFF, 0xFF, 0x7F, 0x00, 0xDB, 0xDE, 0xBB, 0xDE, 0xBB, 0xD6, 
	0xBB, 0xD6, 0x9A, 0xD6, 0x59, 0xCE, 0x38, 0xCE, 0x38, 0xCE, 0x18, 0xC6, 0x17, 0xC6, 0xFF, 0xFF, 
	0x04, 0x00, 0xF7, 0xC5, 0x18, 0xCE, 0x18, 0xC6, 0x59, 0xD6, 0x3D, 0xEF, 0x92, 0x94, 0x00, 0x00, 
	0x00, 0x10, 0x01, 0x38, 0x20, 0x48, 0x20, 0x40, 0x00, 0x28, 0x00, 0x08, 0x00, 0x20, 0xE2, 0x88, 
	0x46, 0xD9, 0x47, 0xD9, 0x06, 0xCA, 0x0C, 0xDB, 0x0D, 0xDB, 0x65, 0xC9, 0x81, 0x90, 0x20, 0x60, 
	0x00, 0x28, 0xE5, 0x40, 0xFA, 0xB5, 0x1B, 0xCF, 0xF5, 0xC5, 0xD6, 0xC5, 0xFF, 0xFF, 0x03, 0x00, 
	0xD7, 0xC5, 0xF7, 0xC5, 0xF7, 0xC5, 0xF7, 0xC5, 0xF7, 0xCD, 0xF7, 0xCD, 0xF7, 0xCD, 0xF7, 0xC5, 
	0xF7, 0xC5, 0xF7, 0xC5, 0xFF, 0xFF, 0x04, 0x00, 0xD7, 0xC5, 0xD6, 0xC5, 0xD7, 0xC5, 0xD7, 0xC5, 
	0xD6, 0xC5, 0xFF, 0xFF, 0x03, 0x00, 0xB6, 0xC5, 0xFF, 0xFF, 0x03, 0x00, 0xD6, 0xC5, 0xD7, 0xC5, 
	0xD6, 0xC5, 0xB6, 0xC5, 0xB6, 0xBD, 0x96, 0xBD, 0x96, 0xBD, 0x95, 0xBD, 0x95, 0xBD, 0x95, 0xBD, 
	0xFF, 0xFF, 0x06, 0x00, 0x96, 0xBD, 0x95, 0xBD, 0x95, 0xBD, 0x95, 0xBD, 0x96, 0xBD, 0x96, 0xBD, 
	0x95, 0xBD, 0x75, 0xB5, 0x55, 0xB5, 0x18, 0xC6, 0xFF, 0xFF, 0x1D, 0x01, 0xDB, 0xDE, 0xBA, 0xD6, 
	0x9A, 0xD6, 0x58, 0xCE, 0x17, 0xC6, 0xF7, 0xC5, 0xD6, 0xC5, 0xFF, 0xFF, 0x03, 0x00, 0xB6, 0xBD, 
	0xB6, 0xC5, 0xB6, 0xBD, 0xD6, 0xBD, 0xD6, 0xBD, 0xD6, 0xC5, 0xD6, 0xC5, 0xD7, 0xC5, 0xD7, 0xC5, 
	0xD7, 0xC5, 0xF7, 0xC5, 0xD7, 0xC5, 0xD7, 0xCD, 0xF7, 0xC5, 0xF6, 0xBD, 0xD6, 0xC5, 0xF8, 0xCD, 
	0xBB, 0xE6, 0x78, 0xCE, 0x69, 0x4A, 0x00, 0x00, 0x00, 0x18, 0x01, 0x38, 0x00, 0x40, 0x20, 0x40, 
	0x00, 0x40, 0x00, 0x30, 0x00, 0x28, 0x00, 0x30, 0x00, 0x40, 0x00, 0x48, 0x00, 0x40, 0x00, 0x20, 
	0x00, 0x00, 0x82, 0x20, 0x12, 0x94, 0x1C, 0xDF, 0x79, 0xDE, 0xD7, 0xD5, 0xF7, 0xC5, 0xF7, 0xC5, 
	0xF7, 0xCD, 0xF7, 0xCD, 0xF7, 0xC5, 0x17, 0xCE, 0x17, 0xCE, 0xF7, 0xCD, 0xF7, 0xCD, 0xF7, 0xCD, 
	0xFF, 0xFF, 0x06, 0x00, 0x17, 0xCE, 0x18, 0xCE, 0x18, 0xCE, 0x17, 0xCE, 0xF7, 0xC5, 0xD7, 0xC5, 
	0xF7, 0xC5, 0xF7, 0xCD, 0x17, 0xCE, 0xFF, 0xFF, 0x03, 0x00, 0xF7, 0xC5, 0xD7, 0xC5, 0xF7, 0xC5, 
	0xF7, 0xCD, 0x38, 0xCE, 0x58, 0xD6, 0x9A, 0xDE, 0xBA, 0xE6, 0xBA, 0xE6, 0xDB, 0xE6, 0xFB, 0xE6, 
	0x1B, 0xEF, 0x1B, 0xEF, 0xFB, 0xE6, 0xFB, 0xE6, 0xDA, 0xE6, 0xBA, 0xDE, 0x79, 0xD6, 0x58, 0xCE, 
	0x18, 0xC6, 0xB6, 0xBD, 0x34, 0xAD, 0x71, 0x94, 0x6D, 0x73, 0x89, 0x52, 0x85, 0x31, 0xE3, 0x20, 
	0x82, 0x10, 0x81, 0x10, 0x61, 0x08, 0x40, 0x08, 0x20, 0x00, 0xFF, 0xFF, 0x08, 0x00, 0x00, 0x00, 
	0x45, 0x29, 0x14, 0xAD, 0xBA, 0xE6, 0xF7, 0xCD, 0xD7, 0xC5, 0xB6, 0xC5, 0x96, 0xBD, 0xB6, 0xBD, 
	0x96, 0xBD, 0x75, 0xBD, 0x18, 0xCE, 0xDC, 0xDE, 0xFF, 0xFF, 0x6A, 0x00, 0xDB, 0xDE, 0xBA, 0xDE, 
	0xFF, 0xFF, 0x03, 0x00, 0x9A, 0xD6, 0x7A, 0xCE, 0x79, 0xCE, 0x79, 0xCE, 0xFF, 0xFF, 0x05, 0x00, 
	0x59, 0xCE, 0x38, 0xCE, 0xFF, 0xFF, 0x03, 0x00, 0x18, 0xCE, 0xF7, 0xC5, 0xF7, 0xC5, 0xD7, 0xC5, 
	0xD7, 0xC5, 0xB6, 0xC5, 0xFF, 0xFF, 0x07, 0x00, 0xD7, 0xC5, 0xD6, 0xC5, 0xB6, 0xC5, 0xD7, 0xC5, 
	0xB6, 0xC5, 0xD6, 0xC5, 0x59, 0xD6, 0x3D, 0xF7, 0xEF, 0x83, 0x00, 0x00, 0x00, 0x18, 0x00, 0x40, 
	0x00, 0x38, 0x00, 0x38, 0x40, 0x38, 0x20, 0x28, 0x00, 0x18, 0x00, 0x28, 0x61, 0x50, 0x44, 0xA1, 
	0x29, 0xEA, 0xCC, 0xF2, 0x8A, 0xD2, 0x23, 0xA9, 0x62, 0x88, 0xA3, 0x70, 0x00, 0x48, 0x04, 0x61, 
	0xB8, 0xC5, 0xFA, 0xDE, 0x17, 0xCE, 0xF7, 0xC5, 0xF7, 0xCD, 0xD7, 0xC5, 0xD7, 0xC5, 0xD7, 0xCD, 
	0xFF, 0xFF, 0x04, 0x00, 0xD7, 0xC5, 0xFF, 0xFF, 0x03, 0x00, 0xF7, 0xC5, 0xFF, 0xFF, 0x0C, 0x00, 
	0xD7, 0xC5, 0xF7, 0xC5, 0xD7, 0xBD, 0xD6, 0xBD, 0xD6, 0xBD, 0xD6, 0xC5, 0xB7, 0xC5, 0xB7, 0xC5, 
	0xB7, 0xC5, 0xD7, 0xC5, 0xD6, 0xC5, 0xFF, 0xFF, 0x03, 0x00, 0xB6, 0xBD, 0x96, 0xBD, 0x96, 0xBD, 
	0x96, 0xBD, 0x95, 0xBD, 0x96, 0xBD, 0x96, 0xBD, 0x95, 0xBD, 0xFF, 0xFF, 0x03, 0x00, 0x96, 0xBD, 
	0x75, 0xBD, 0x75, 0xB5, 0x55, 0xB5, 0xF8, 0xC5, 0xFF, 0xFF, 0x86, 0x00, 0xDB, 0xDE, 0xFC, 0xDE, 
	0xFC, 0xDE, 0x1C, 0xDF, 0x1C, 0xDF, 0xFF, 0xFF, 0x82, 0x00, 0xDB, 0xDE, 0xDC, 0xDE, 0xFC, 0xDE, 
	0xFC, 0xDE, 0xFB, 0xDE, 0xFB, 0xDE, 0xDB, 0xDE, 0xDB, 0xDE, 0xDB, 0xD6, 0xBA, 0xD6, 0xBA, 0xD6, 
	0x9A, 0xD6, 0x59, 0xCE, 0x18, 0xC6, 0x18, 0xC6, 0xF7, 0xC5, 0xD7, 0xC5, 0xD7, 0xC5, 0xB6, 0xC5, 
	0xB5, 0xBD, 0xFF, 0xFF, 0x05, 0x00, 0x95, 0xBD, 0xB5, 0xBD, 0xB6, 0xC5, 0xD6, 0xC5, 0xD6, 0xC5, 
	0xD7, 0xC5, 0xF7, 0xC5, 0xF7, 0xCD, 0xF7, 0xCD, 0xF7, 0xC5, 0xD7, 0xC5, 0xD7, 0xC5, 0xD7, 0xC5, 
	0xD7, 0xCD, 0xD7, 0xC5, 0xF7, 0xC5, 0xF7, 0xC5, 0xD7, 0xC5, 0x39, 0xD6, 0x5D, 0xEF, 0x55, 0xA5, 
	0x24, 0x19, 0x00, 0x00, 0x00, 0x20, 0x20, 0x40, 0x20, 0x40, 0x00, 0x40, 0x00, 0x40, 0x00, 0x40, 
	0x20, 0x38, 0x40, 0x38, 0x00, 0x38, 0x00, 0x28, 0x00, 0x20, 0x21, 0x20, 0xAE, 0x8B, 0xFA, 0xDE, 
	0xDA, 0xD6, 0x18, 0xC6, 0x39, 0xCE, 0x38, 0xCE, 0xF8, 0xCD, 0xF7, 0xCD, 0x17, 0xCE, 0x17, 0xCE, 
	0x17, 0xCE, 0x18, 0xCE, 0x18, 0xCE, 0x17, 0xCE, 0x17, 0xCE, 0x18, 0xCE, 0x18, 0xCE, 0x18, 0xCE, 
	0xFF, 0xFF, 0x04, 0x00, 0x17, 0xCE, 0xF7, 0xC5, 0xF7, 0xC5, 0x17, 0xCE, 0x18, 0xCE, 0x38, 0xCE, 
	0x38, 0xCE, 0x59, 0xD6, 0x59, 0xD6, 0x99, 0xD6, 0xBA, 0xDE, 0xDA, 0xDE, 0xFB, 0xE6, 0x1B, 0xEF, 
	0xFB, 0xE6, 0xFB, 0xE6, 0xFB, 0xEE, 0xFB, 0xEE, 0x1C, 0xEF, 0xFB, 0xEE, 0xFB, 0xEE, 0xDB, 0xE6, 
	0x79, 0xD6, 0x17, 0xC6, 0x75, 0xB5, 0x71, 0x94, 0x6D, 0x73, 0x89, 0x52, 0xA6, 0x39, 0x03, 0x21, 
	0xC2, 0x18, 0xA2, 0x10, 0x82, 0x10, 0x41, 0x08, 0x20, 0x00, 0xFF, 0xFF, 0x0C, 0x00, 0x00, 0x00, 
	0x20, 0x00, 0x20, 0x00, 0x00, 0x00, 0x00, 0x00, 0xC3, 0x18, 0x71, 0x94, 0xDB, 0xE6, 0x18, 0xCE, 
	0xD6, 0xC5, 0xD6, 0xC5, 0xD6, 0xBD, 0xB6, 0xBD, 0x96, 0xBD, 0x96, 0xBD, 0x17, 0xC6, 0xFF, 0xFF, 
	0x4A, 0x00, 0xDB, 0xDE, 0xDC, 0xDE, 0xFF, 0xFF, 0x06, 0x00, 0xFC, 0xDE, 0xFB, 0xDE, 0xFB, 0xDE, 
	0xFF, 0xFF, 0x05, 0x00, 0xDB, 0xDE, 0xBB, 0xD6, 0x9A, 0xD6, 0x9A, 0xD6, 0x7A, 0xD6, 0x79, 0xCE, 
	0x79, 0xCE, 0x79, 0xCE, 0x59, 0xCE, 0x59, 0xCE, 0x38, 0xCE, 0x38, 0xCE, 0xFF, 0xFF, 0x03, 0x00, 
	0x18, 0xC6, 0x17, 0xC6, 0xF7, 0xC5, 0xD7, 0xC5, 0xD6, 0xC5, 0xD6, 0xC5, 0xD6, 0xBD, 0xD6, 0xC5, 
	0xD6, 0xC5, 0xFF, 0xFF, 0x05, 0x00, 0xD7, 0xC5, 0xD6, 0xBD, 0xD6, 0xBD, 0xB6, 0xBD, 0xB6, 0xC5, 
	0xB6, 0xC5, 0xB6, 0xC5, 0xFF, 0xFF, 0x0A, 0x00, 0xD6, 0xC5, 0xD7, 0xC5, 0xF7, 0xC5, 0xF7, 0xC5, 
	0xF7, 0xC5, 0xF7, 0xCD, 0xD7, 0xCD, 0xB6, 0xC5, 0x17, 0xC6, 0x79, 0xD6, 0x7D, 0xFF, 0x51, 0x8C, 
	0x00, 0x00, 0x00, 0x10, 0x21, 0x40, 0x20, 0x40, 0x00, 0x38, 0x20, 0x30, 0x60, 0x38, 0x20, 0x28, 
	0x00, 0x18, 0x20, 0x20, 0x60, 0x38, 0x82, 0x58, 0xC2, 0x98, 0x07, 0xDA, 0x0F, 0xF4, 0x56, 0xED, 
	0x76, 0xED, 0xAE, 0xE3, 0x0C, 0xDB, 0x18, 0xC6, 0xBA, 0xC6, 0x18, 0xC6, 0xF7, 0xC5, 0xF7, 0xCD, 
	0xFF, 0xFF, 0x05, 0x00, 0xF7, 0xC5, 0xFF, 0xFF, 0x03, 0x00, 0xD7, 0xC5, 0xFF, 0xFF, 0x06, 0x00, 
	0xF7, 0xC5, 0xD7, 0xC5, 0xFF, 0xFF, 0x03, 0x00, 0xF7, 0xC5, 0xD7, 0xC5, 0xD7, 0xC5, 0xD6, 0xC5, 
	0xF7, 0xC5, 0xF6, 0xBD, 0xD6, 0xC5, 0xD6, 0xBD, 0xD6, 0xC5, 0xFF, 0xFF, 0x03, 0x00, 0xD7, 0xC5, 
	0xB6, 0xC5, 0xB6, 0xC5, 0xB6, 0xBD, 0xB6, 0xBD, 0xFF, 0xFF, 0x06, 0x00, 0x96, 0xBD, 0xB6, 0xBD, 
	0x95, 0xBD, 0x75, 0xBD, 0x96, 0xBD, 0x95, 0xBD, 0x75, 0xBD, 0x75, 0xB5, 0x55, 0xB5, 0xD7, 0xC5, 
	0xFF, 0xFF, 0x83, 0x00, 0xDB, 0xDE, 0xFC, 0xDE, 0x1C, 0xDF, 0xFC, 0xE6, 0xF8, 0xE5, 0x73, 0xDC, 
	0xAF, 0xAB, 0x30, 0x8C, 0x79, 0xC6, 0x3C, 0xDF, 0x1C, 0xDF, 0xFC, 0xDE, 0xFF, 0xFF, 0x77, 0x00, 
	0xDB, 0xDE, 0xFF, 0xFF, 0x03, 0x00, 0xFC, 0xDE, 0xDB, 0xDE, 0xDB, 0xDE, 0xBB, 0xD6, 0x9A, 0xD6, 
	0x7A, 0xD6, 0x59, 0xCE, 0x18, 0xCE, 0x17, 0xC6, 0xF7, 0xC5, 0xD7, 0xBD, 0xD6, 0xBD, 0xB6, 0xBD, 
	0xB6, 0xBD, 0xB6, 0xBD, 0xFF, 0xFF, 0x04, 0x00, 0x96, 0xBD, 0xB6, 0xBD, 0xB6, 0xBD, 0xB6, 0xC5, 
	0xB6, 0xC5, 0xD6, 0xC5, 0xD6, 0xC5, 0xD7, 0xC5, 0xD7, 0xC5, 0xD6, 0xC5, 0xD6, 0xC5, 0xD7, 0xC5, 
	0xF7, 0xC5, 0xF7, 0xC5, 0xF7, 0xC5, 0xD7, 0xC5, 0xF7, 0xC5, 0xF7, 0xC5, 0xF7, 0xC5, 0xD7, 0xC5, 
	0xD6, 0xC5, 0xD7, 0xC5, 0xF7, 0xCD, 0xD7, 0xC5, 0xD7, 0xC5, 0xF7, 0xC5, 0x17, 0xC6, 0xF7, 0xCD, 
	0x9B, 0xE6, 0x5C, 0xEF, 0xB1, 0x94, 0xC2, 0x18, 0x00, 0x00, 0x00, 0x10, 0x00, 0x30, 0x00, 0x40, 
	0x00, 0x30, 0x00, 0x30, 0x00, 0x30, 0x00, 0x28, 0x00, 0x18, 0x00, 0x18, 0x83, 0x40, 0xF0, 0x9B, 
	0x1A, 0xDF, 0x5B, 0xEF, 0x78, 0xD6, 0xF7, 0xC5, 0x18, 0xCE, 0x18, 0xD6, 0xF7, 0xC5, 0xF7, 0xC5, 
	0x17, 0xCE, 0x17, 0xC6, 0x17, 0xCE, 0x18, 0xCE, 0x17, 0xC6, 0x17, 0xC6, 0x17, 0xC6, 0x17, 0xCE, 
	0xFF, 0xFF, 0x03, 0x00, 0x18, 0xCE, 0x38, 0xCE, 0x59, 0xD6, 0x79, 0xD6, 0x99, 0xDE, 0x9A, 0xDE, 
	0xBA, 0xE6, 0xDA, 0xE6, 0xDB, 0xE6, 0xFB, 0xE6, 0x1B, 0xEF, 0x3C, 0xEF, 0x7D, 0xF7, 0x9D, 0xF7, 
	0x9D, 0xF7, 0x9E, 0xFF, 0x7D, 0xF7, 0xFB, 0xE6, 0x38, 0xCE, 0x55, 0xB5, 0x51, 0x94, 0x6D, 0x73, 
	0xAA, 0x5A, 0x08, 0x42, 0xA6, 0x39, 0xA6, 0x31, 0x45, 0x29, 0x04, 0x21, 0xC2, 0x18, 0x41, 0x08, 
	0xFF, 0xFF, 0x0D, 0x00, 0x00, 0x00, 0x20, 0x00, 0x20, 0x00, 0xFF, 0xFF, 0x06, 0x00, 0x00, 0x00, 
	0x20, 0x00, 0x00, 0x00, 0x41, 0x08, 0xAE, 0x7B, 0xFB, 0xEE, 0x59, 0xD6, 0x96, 0xBD, 0xB6, 0xBD, 
	0xD6, 0xC5, 0xD6, 0xC5, 0xB6, 0xC5, 0x96, 0xBD, 0xF7, 0xC5, 0xFF, 0xFF, 0x38, 0x00, 0xDB, 0xDE, 
	0xFF, 0xFF, 0x07, 0x00, 0xFC, 0xDE, 0xFF, 0xFF, 0x06, 0x00, 0xDB, 0xDE, 0xBB, 0xD6, 0xBB, 0xD6, 
	0x9A, 0xD6, 0x7A, 0xCE, 0x59, 0xCE, 0x59, 0xCE, 0x38, 0xCE, 0x18, 0xC6, 0x17, 0xC6, 0xF7, 0xC5, 
	0xF7, 0xC5, 0xD7, 0xBD, 0xD6, 0xBD, 0xD6, 0xBD, 0xD7, 0xC5, 0xB6, 0xBD, 0xD6, 0xBD, 0xB6, 0xBD, 
	0x96, 0xBD, 0x96, 0xBD, 0x96, 0xBD, 0x95, 0xBD, 0x95, 0xBD, 0x95, 0xBD, 0xFF, 0xFF, 0x0C, 0x00, 
	0x96, 0xBD, 0xB6, 0xBD, 0xB6, 0xBD, 0xB6, 0xBD, 0xB6, 0xC5, 0xD6, 0xC5, 0xD6, 0xC5, 0xFF, 0xFF, 
	0x06, 0x00, 0xD7, 0xC5, 0xD6, 0xC5, 0xFF, 0xFF, 0x04, 0x00, 0xD7, 0xC5, 0xF7, 0xC5, 0xD7, 0xC5, 
	0xF7, 0xC5, 0xD7, 0xC5, 0xD7, 0xC5, 0xF7, 0xC5, 0xF7, 0xC5, 0xF7, 0xC5, 0xD7, 0xC5, 0xFF, 0xFF, 
	0x03, 0x00, 0xF7, 0xC5, 0xF7, 0xCD, 0xF7, 0xCD, 0xF7, 0xCD, 0x17, 0xC6, 0x58, 0xCE, 0x5D, 0xFF, 
	0xF4, 0x9C, 0xC2, 0x08, 0x00, 0x08, 0x20, 0x40, 0x20, 0x48, 0x01, 0x38, 0x00, 0x38, 0x21, 0x40, 
	0x20, 0x30, 0x20, 0x30, 0x00, 0x40, 0x00, 0x20, 0x00, 0x10, 0x00, 0x28, 0xC2, 0x60, 0x08, 0xA2, 
	0xEC, 0xFA, 0xF0, 0xFB, 0xD3, 0xFC, 0x57, 0xFD, 0x9A, 0xCE, 0x59, 0xB6, 0xFF, 0xFF, 0x06, 0x00, 
	0xF7, 0xC5, 0x17, 0xC6, 0x17, 0xC6, 0xF7, 0xC5, 0xF7, 0xC5, 0xD7, 0xC5, 0xD7, 0xC5, 0xD7, 0xC5, 
	0xF7, 0xC5, 0xF7, 0xC5, 0xD7, 0xC5, 0xF7, 0xC5, 0xF7, 0xC5, 0xD7, 0xC5, 0xF7, 0xC5, 0xF7, 0xC5, 
	0xFF, 0xFF, 0x04, 0x00, 0xD7, 0xC5, 0xD6, 0xC5, 0xD7, 0xC5, 0xF6, 0xC5, 0xFF, 0xFF, 0x04, 0x00, 
	0xD6, 0xC5, 0xB6, 0xC5, 0xB6, 0xC5, 0xB6, 0xC5, 0xD7, 0xC5, 0xD7, 0xC5, 0xB6, 0xC5, 0xFF, 0xFF, 
	0x08, 0x00, 0x96, 0xBD, 0x95, 0xBD, 0x96, 0xBD, 0x96, 0xBD, 0x95, 0xBD, 0x96, 0xBD, 0x75, 0xBD, 
	0xB6, 0xBD, 0xFF, 0xFF, 0x81, 0x00, 0xDB, 0xDE, 0xFC, 0xDE, 0xBA, 0xC6, 0x92, 0xBC, 0x32, 0xEC, 
	0x37, 0xFE, 0x8D, 0xFB, 0x00, 0xD0, 0x00, 0x50, 0x61, 0x10, 0xE7, 0x49, 0x8E, 0xA3, 0xF8, 0xDD, 
	0x1C, 0xDF, 0xFC, 0xDE, 0xFF, 0xFF, 0x6C, 0x00, 0xDB, 0xDE, 0xFF, 0xFF, 0x05, 0x00, 0xFC, 0xDE, 
	0xDB, 0xDE, 0xDB, 0xDE, 0xDB, 0xDE, 0xBB, 0xD6, 0x79, 0xCE, 0x38, 0xC6, 0x17, 0xC6, 0xF7, 0xC5, 
	0xD6, 0xC5, 0xB6, 0xBD, 0x96, 0xBD, 0x96, 0xBD, 0x96, 0xBD, 0x95, 0xBD, 0x95, 0xBD, 0x75, 0xBD, 
	0x75, 0xB5, 0x75, 0xB5, 0x75, 0xB5, 0xFF, 0xFF, 0x03, 0x00, 0x96, 0xBD, 0xB6, 0xC5, 0xB6, 0xC5, 
	0xB6, 0xC5, 0xD6, 0xC5, 0xD7, 0xC5, 0xFF, 0xFF, 0x03, 0x00, 0xD6, 0xC5, 0xFF, 0xFF, 0x04, 0x00, 
	0xD7, 0xC5, 0xF7, 0xC5, 0xF7, 0xC5, 0xF7, 0xC5, 0xD7, 0xC5, 0xD7, 0xC5, 0xF7, 0xC5, 0xD7, 0xC5, 
	0xD7, 0xC5, 0xD7, 0xC5, 0xF7, 0xC5, 0xF7, 0xC5, 0xF7, 0xC5, 0xD7, 0xC5, 0xD7, 0xC5, 0x17, 0xC6, 
	0xF7, 0xC5, 0xD7, 0xCD, 0xF7, 0xD5, 0xFB, 0xE6, 0x5C, 0xDF, 0x94, 0xA5, 0x69, 0x4A, 0x00, 0x00, 
	0x00, 0x00, 0x00, 0x08, 0x00, 0x00, 0x00, 0x00, 0x00, 0x08, 0x00, 0x10, 0xA2, 0x30, 0x6C, 0x73, 
	0x95, 0xBD, 0x3B, 0xE7, 0x1C, 0xDF, 0x59, 0xCE, 0x39, 0xD6, 0x18, 0xC6, 0x17, 0xC6, 0xD7, 0xD5, 
	0xF7, 0xC5, 0x17, 0xC6, 0xF7, 0xCD, 0x17, 0xCE, 0x38, 0xCE, 0x38, 0xCE, 0x38, 0xCE, 0x58, 0xD6, 
	0x59, 0xD6, 0x79, 0xD6, 0x79, 0xDE, 0x9A, 0xDE, 0x9A, 0xDE, 0xBA, 0xE6, 0xFB, 0xEE, 0x3C, 0xF7, 
	0x5D, 0xF7, 0xBE, 0xFF, 0xDE, 0xFF, 0xDF, 0xFF, 0xDE, 0xFF, 0x5D, 0xF7, 0xBA, 0xDE, 0xF7, 0xC5, 
	0x54, 0xAD, 0x91, 0x94, 0xAE, 0x7B, 0x0B, 0x63, 0xCB, 0x5A, 0xAA, 0x52, 0x69, 0x52, 0xE8, 0x41, 
	0x66, 0x31, 0xE3, 0x18, 0x41, 0x08, 0xFF, 0xFF, 0x21, 0x00, 0x00, 0x00, 0xEB, 0x62, 0x1C, 0xEF, 
	0x79, 0xDE, 0x96, 0xBD, 0xB6, 0xC5, 0xD7, 0xC5, 0xD6, 0xC5, 0xB6, 0xBD, 0x96, 0xBD, 0xF7, 0xC5, 
	0xFF, 0xFF, 0x37, 0x00, 0xDB, 0xDE, 0xBB, 0xD6, 0x79, 0xCE, 0x7A, 0xD6, 0x7A, 0xD6, 0xFF, 0xFF, 
	0x05, 0x00, 0x59, 0xCE, 0x39, 0xCE, 0x38, 0xC6, 0xF8, 0xC5, 0xD7, 0xC5, 0x96, 0xBD, 0xFF, 0xFF, 
	0x03, 0x00, 0x75, 0xB5, 0x55, 0xB5, 0x54, 0xB5, 0x55, 0xB5, 0x54, 0xB5, 0x54, 0xB5, 0x54, 0xB5, 
	0x34, 0xB5, 0x54, 0xB5, 0x54, 0xB5, 0x54, 0xB5, 0x34, 0xB5, 0x54, 0xB5, 0x55, 0xB5, 0x75, 0xB5, 
	0x55, 0xB5, 0x55, 0xB5, 0x75, 0xB5, 0x75, 0xBD, 0x75, 0xBD, 0x95, 0xBD, 0x96, 0xBD, 0x96, 0xBD, 
	0xB6, 0xBD, 0xB6, 0xC5, 0xB6, 0xC5, 0xB6, 0xC5, 0xD6, 0xC5, 0xD6, 0xC5, 0xD6, 0xC5, 0xB6, 0xC5, 
	0xB6, 0xC5, 0xD6, 0xC5, 0xD6, 0xC5, 0xD7, 0xC5, 0xD7, 0xC5, 0xF7, 0xC5, 0xD7, 0xC5, 0xD7, 0xC5, 
	0xF7, 0xC5, 0xF7, 0xC5, 0xF7, 0xC5, 0xFF, 0xFF, 0x07, 0x00, 0xD7, 0xC5, 0xF7, 0xC5, 0xF7, 0xC5, 
	0xF7, 0xC5, 0xF7, 0xCD, 0xF7, 0xC5, 0xF7, 0xC5, 0xF7, 0xC5, 0xD7, 0xC5, 0xF7, 0xC5, 0x17, 0xCE, 
	0x17, 0xC6, 0x17, 0xCE, 0xFF, 0xFF, 0x06, 0x00, 0xF7, 0xC5, 0x18, 0xCE, 0xF7, 0xC5, 0x18, 0xCE, 
	0xFB, 0xEE, 0xF7, 0xC5, 0x48, 0x42, 0x00, 0x00, 0x00, 0x20, 0x00, 0x40, 0x00, 0x38, 0x20, 0x38, 
	0x00, 0x40, 0x00, 0x38, 0x00, 0x38, 0x00, 0x40, 0x00, 0x38, 0x01, 0x28, 0x00, 0x18, 0x00, 0x08, 
	0x00, 0x20, 0x00, 0x70, 0x00, 0xB8, 0x0A, 0xEA, 0x76, 0xE5, 0x19, 0xC7, 0x97, 0xBE, 0x17, 0xC6, 
	0x17, 0xC6, 0x17, 0xC6, 0xFF, 0xFF, 0x07, 0x00, 0xF7, 0xC5, 0xFF, 0xFF, 0x05, 0x00, 0xD7, 0xC5, 
	0xD6, 0xC5, 0xFF, 0xFF, 0x04, 0x00, 0xD7, 0xC5, 0xF7, 0xC5, 0xF7, 0xC5, 0xF7, 0xC5, 0xD7, 0xC5, 
	0xD6, 0xC5, 0xD6, 0xC5, 0xF6, 0xC5, 0xF6, 0xC5, 0xD7, 0xC5, 0xD7, 0xC5, 0xD7, 0xC5, 0xD6, 0xC5, 
	0xB6, 0xBD, 0xB6, 0xBD, 0xB6, 0xC5, 0xD6, 0xC5, 0xD7, 0xC5, 0xD6, 0xC5, 0xB6, 0xC5, 0xB6, 0xBD, 
	0x96, 0xBD, 0x95, 0xBD, 0x96, 0xBD, 0x75, 0xBD, 0x95, 0xBD, 0x95, 0xBD, 0xFF, 0xFF, 0x05, 0x00, 
	0x96, 0xBD, 0x75, 0xBD, 0x96, 0xBD, 0xFF, 0xFF, 0x81, 0x00, 0xDB, 0xDE, 0x59, 0xCE, 0x2B, 0x8B, 
	0x61, 0x50, 0xA3, 0xB8, 0x73, 0xFD, 0x8F, 0xFC, 0x83, 0xC0, 0x00, 0x48, 0x00, 0x00, 0x00, 0x28, 
	0x00, 0x78, 0x04, 0xB9, 0x13, 0xD5, 0x3D, 0xDF, 0xFC, 0xDE, 0xFF, 0xFF, 0x6B, 0x00, 0xDB, 0xDE, 
	0xBB, 0xD6, 0x9A, 0xD6, 0x7A, 0xCE, 0x59, 0xCE, 0x38, 0xCE, 0x38, 0xC6, 0x18, 0xC6, 0x38, 0xC6, 
	0x39, 0xCE, 0xD7, 0xC5, 0x75, 0xB5, 0x34, 0xAD, 0x34, 0xAD, 0xFF, 0xFF, 0x03, 0x00, 0x54, 0xB5, 
	0x55, 0xB5, 0x75, 0xBD, 0x95, 0xBD, 0xFF, 0xFF, 0x04, 0x00, 0x96, 0xBD, 0xB6, 0xBD, 0xB6, 0xC5, 
	0xD6, 0xC5, 0xD6, 0xC5, 0xD6, 0xC5, 0xB6, 0xC5, 0xB6, 0xC5, 0xD7, 0xC5, 0xF7, 0xC5, 0xF7, 0xC5, 
	0xF7, 0xC5, 0xFF, 0xFF, 0x05, 0x00, 0xD7, 0xC5, 0xF7, 0xC5, 0xF7, 0xCD, 0xFF, 0xFF, 0x03, 0x00, 
	0xD7, 0xC5, 0xD6, 0xC5, 0xD7, 0xC5, 0xD7, 0xC5, 0xF7, 0xCD, 0xD7, 0xC5, 0xD7, 0xC5, 0xF7, 0xC5, 
	0x17, 0xCE, 0xF7, 0xC5, 0xF7, 0xC5, 0xF7, 0xC5, 0x17, 0xCE, 0xF7, 0xC5, 0xF7, 0xCD, 0xDB, 0xDE, 
	0x9D, 0xEF, 0x58, 0xCE, 0x51, 0x8C, 0x2C, 0x63, 0x49, 0x42, 0xA6, 0x31, 0xC7, 0x39, 0xCA, 0x52, 
	0x8E, 0x7B, 0xD3, 0xAC, 0xDB, 0xE6, 0xBD, 0xEF, 0xFA, 0xDE, 0x38, 0xCE, 0x17, 0xCE, 0x17, 0xCE, 
	0x38, 0xCE, 0x38, 0xCE, 0x18, 0xD6, 0x38, 0xD6, 0x58, 0xD6, 0x59, 0xD6, 0x79, 0xDE, 0xBA, 0xDE, 
	0xDB, 0xE6, 0x1B, 0xEF, 0x7D, 0xF7, 0xBE, 0xFF, 0xDF, 0xFF, 0xFE, 0xFF, 0xFE, 0xFF, 0xBE, 0xFF, 
	0x3C, 0xEF, 0x9A, 0xDE, 0x18, 0xCE, 0x75, 0xB5, 0xD3, 0x9C, 0x10, 0x8C, 0x8E, 0x7B, 0x4D, 0x6B, 
	0x0B, 0x63, 0x89, 0x52, 0xE7, 0x41, 0x44, 0x29, 0xA2, 0x10, 0x20, 0x00, 0xFF, 0xFF, 0x29, 0x00, 
	0x00, 0x00, 0x8A, 0x52, 0xFB, 0xE6, 0x9A, 0xDE, 0xB6, 0xC5, 0xB6, 0xC5, 0xD6, 0xC5, 0xD6, 0xC5, 
	0xB6, 0xC5, 0xB6, 0xBD, 0xF8, 0xC5, 0xBB, 0xDE, 0xFF, 0xFF, 0x36, 0x00, 0xDB, 0xDE, 0x18, 0xC6, 
	0xF3, 0xAC, 0xF3, 0xAC, 0x14, 0xAD, 0x14, 0xAD, 0x14, 0xAD, 0x14, 0xB5, 0xFF, 0xFF, 0x05, 0x00, 
	0x34, 0xB5, 0x14, 0xB5, 0x34, 0xB5, 0x14, 0xB5, 0x34, 0xB5, 0x54, 0xB5, 0x55, 0xB5, 0x55, 0xB5, 
	0x54, 0xB5, 0x55, 0xB5, 0x55, 0xB5, 0x75, 0xB5, 0x75, 0xBD, 0x75, 0xBD, 0xFF, 0xFF, 0x0A, 0x00, 
	0x96, 0xBD, 0xB6, 0xC5, 0xB6, 0xC5, 0xB6, 0xC5, 0xD6, 0xC5, 0xB6, 0xC5, 0xFF, 0xFF, 0x05, 0x00, 
	0xD7, 0xC5, 0xD6, 0xC5, 0xFF, 0xFF, 0x03, 0x00, 0xD7, 0xC5, 0xFF, 0xFF, 0x03, 0x00, 0xF7, 0xC5, 
	0xFF, 0xFF, 0x09, 0x00, 0xD7, 0xC5, 0xF7, 0xC5, 0xD7, 0xC5, 0xF7, 0xC5, 0xF7, 0xC5, 0xF7, 0xC5, 
	0xD7, 0xC5, 0xD7, 0xC5, 0xF7, 0xC5, 0xF7, 0xC5, 0xF7, 0xC5, 0xFF, 0xFF, 0x04, 0x00, 0x17, 0xC6, 
	0xF7, 0xC5, 0x17, 0xC6, 0x17, 0xC6, 0x17, 0xC6, 0xFF, 0xFF, 0x03, 0x00, 0xF7, 0xC5, 0x9A, 0xDE, 
	0x7D, 0xF7, 0xEF, 0x8B, 0x00, 0x00, 0x00, 0x08, 0x00, 0x48, 0x00, 0x48, 0x00, 0x40, 0x00, 0x38, 
	0x00, 0x38, 0x00, 0x40, 0x00, 0x38, 0x00, 0x40, 0x00, 0x40, 0x01, 0x40, 0x01, 0x30, 0x20, 0x18, 
	0x00, 0x08, 0x00, 0x28, 0xE5, 0x90, 0xB6, 0xDD, 0xD9, 0xC6, 0x17, 0xC6, 0xF7, 0xC5, 0x18, 0xCE, 
	0x17, 0xC6, 0x17, 0xC6, 0xF7, 0xC5, 0x17, 0xC6, 0xFF, 0xFF, 0x03, 0x00, 0xF7, 0xC5, 0xF7, 0xCD, 
	0xFF, 0xFF, 0x07, 0x00, 0xD7, 0xC5, 0xF7, 0xC5, 0xF7, 0xC5, 0xD7, 0xC5, 0xD7, 0xC5, 0xF7, 0xC5, 
	0xF7, 0xC5, 0xF7, 0xC5, 0xD7, 0xC5, 0xD7, 0xC5, 0xF7, 0xC5, 0xF7, 0xC5, 0xF7, 0xC5, 0xD7, 0xC5, 
	0xFF, 0xFF, 0x03, 0x00, 0xD6, 0xC5, 0xF7, 0xC5, 0xD6, 0xC5, 0xFF, 0xFF, 0x06, 0x00, 0xB6, 0xBD, 
	0xFF, 0xFF, 0x03, 0x00, 0x96, 0xBD, 0x75, 0xBD, 0x95, 0xBD, 0x95, 0xBD, 0x75, 0xBD, 0x96, 0xBD, 
	0xB6, 0xC5, 0x96, 0xBD, 0x96, 0xBD, 0xFF, 0xFF, 0x7F, 0x00, 0xDB, 0xDE, 0xFC, 0xDE, 0x79, 0xD6, 
	0x30, 0xCC, 0x4A, 0xCA, 0x00, 0x60, 0x82, 0x58, 0x2F, 0xEC, 0x13, 0xFD, 0x87, 0xB1, 0x00, 0x30, 
	0x00, 0x30, 0x01, 0x98, 0x00, 0xC8, 0x00, 0xB0, 0x41, 0x70, 0xB3, 0xA4, 0x1C, 0xD7, 0xFF, 0xFF, 
	0x66, 0x00, 0xDB, 0xDE, 0xBB, 0xD6, 0xBB, 0xD6, 0x9A, 0xD6, 0x38, 0xCE, 0xD7, 0xC5, 0x96, 0xBD, 
	0x75, 0xBD, 0x55, 0xB5, 0x34, 0xB5, 0x14, 0xAD, 0x14, 0xAD, 0x34, 0xB5, 0x55, 0xB5, 0x75, 0xBD, 
	0x55, 0xB5, 0x55, 0xB5, 0x75, 0xB5, 0x75, 0xBD, 0x95, 0xBD, 0xFF, 0xFF, 0x09, 0x00, 0x96, 0xBD, 
	0xB6, 0xBD, 0xFF, 0xFF, 0x06, 0x00, 0xB6, 0xC5, 0xD7, 0xC5, 0xFF, 0xFF, 0x06, 0x00, 0xF7, 0xC5, 
	0xD7, 0xC5, 0xF7, 0xCD, 0xF7, 0xCD, 0xFF, 0xFF, 0x04, 0x00, 0xD7, 0xC5, 0xF7, 0xC5, 0xD7, 0xC5, 
	0xF7, 0xCD, 0xF7, 0xCD, 0xD7, 0xC5, 0xF7, 0xC5, 0x17, 0xCE, 0x17, 0xCE, 0xF7, 0xC5, 0xF7, 0xC5, 
	0xF7, 0xCD, 0x37, 0xC6, 0x17, 0xC6, 0xF7, 0xC5, 0x17, 0xCE, 0x59, 0xD6, 0x1C, 0xE7, 0x9D, 0xFF, 
	0x3C, 0xE7, 0x38, 0xC6, 0x96, 0xB5, 0xB6, 0xBD, 0x9A, 0xD6, 0x7D, 0xEF, 0x7D, 0xEF, 0xFB, 0xE6, 
	0x38, 0xD6, 0x38, 0xCE, 0x38, 0xD6, 0x79, 0xD6, 0x99, 0xD6, 0xDA, 0xDE, 0x1B, 0xEF, 0x7C, 0xF7, 
	0x9D, 0xFF, 0xDE, 0xFF, 0xBE, 0xFF, 0x9D, 0xFF, 0x5D, 0xF7, 0x1C, 0xEF, 0xBA, 0xDE, 0x38, 0xCE, 
	0xD6, 0xC5, 0x34, 0xAD, 0x92, 0x94, 0x10, 0x84, 0xCF, 0x7B, 0x4D, 0x6B, 0xAB, 0x5A, 0x08, 0x42, 
	0x45, 0x29, 0x61, 0x10, 0xFF, 0xFF, 0x32, 0x00, 0x00, 0x00, 0x49, 0x4A, 0xBA, 0xDE, 0xBA, 0xE6, 
	0xD7, 0xC5, 0xB6, 0xBD, 0xD6, 0xC5, 0xF7, 0xC5, 0xD6, 0xC5, 0x96, 0xBD, 0xF7, 0xC5, 0xBB, 0xD6, 
	0xFF, 0xFF, 0x36, 0x00, 0xDB, 0xDE, 0x18, 0xC6, 0x14, 0xAD, 0xF3, 0xAC, 0x34, 0xAD, 0xFF, 0xFF, 
	0x03, 0x00, 0x34, 0xB5, 0x55, 0xB5, 0x34, 0xB5, 0x34, 0xB5, 0x55, 0xB5, 0x55, 0xB5, 0x54, 0xB5, 
	0x55, 0xB5, 0x75, 0xB5, 0x75, 0xB5, 0x75, 0xB5, 0x75, 0xBD, 0x75, 0xBD, 0x75, 0xBD, 0xFF, 0xFF, 
	0x09, 0x00, 0x96, 0xBD, 0xB6, 0xBD, 0xB6, 0xBD, 0xFF, 0xFF, 0x06, 0x00, 0xB6, 0xC5, 0xD7, 0xC5, 
	0xD7, 0xC5, 0xD6, 0xC5, 0xD7, 0xC5, 0xD6, 0xC5, 0xD6, 0xC5, 0xD7, 0xC5, 0xD6, 0xC5, 0xD7, 0xC5, 
	0xFF, 0xFF, 0x07, 0x00, 0xF7, 0xC5, 0xFF, 0xFF, 0x07, 0x00, 0xD7, 0xC5, 0xFF, 0xFF, 0x06, 0x00, 
	0xF7, 0xC5, 0xD7, 0xC5, 0xF7, 0xC5, 0xF7, 0xC5, 0xF7, 0xCD, 0x17, 0xCE, 0xFF, 0xFF, 0x06, 0x00, 
	0x17, 0xC6, 0xF7, 0xC5, 0x17, 0xC6, 0x17, 0xC6, 0xF7, 0xC5, 0xF7, 0xC5, 0xD6, 0xC5, 0x58, 0xCE, 
	0x9D, 0xF7, 0xB6, 0xBD, 0x04, 0x21, 0x00, 0x00, 0x01, 0x30, 0xFF, 0xFF, 0x03, 0x00, 0x00, 0x40, 
	0x00, 0x38, 0x20, 0x38, 0x20, 0x40, 0x20, 0x40, 0x00, 0x40, 0x00, 0x38, 0x00, 0x30, 0x00, 0x00, 
	0x20, 0x08, 0x8D, 0x83, 0x1A, 0xD7, 0xBA, 0xD6, 0x98, 0xCD, 0xD7, 0xCD, 0xF7, 0xCD, 0x17, 0xCE, 
	0x17, 0xCE, 0xF7, 0xC5, 0xF7, 0xC5, 0xD7, 0xC5, 0xFF, 0xFF, 0x03, 0x00, 0xF7, 0xC5, 0xF7, 0xCD, 
	0xF7, 0xC5, 0xFF, 0xFF, 0x0E, 0x00, 0xD7, 0xC5, 0xF7, 0xC5, 0xF7, 0xC5, 0xFF, 0xFF, 0x05, 0x00, 
	0xD7, 0xC5, 0xF7, 0xCD, 0xF7, 0xCD, 0xF7, 0xCD, 0x17, 0xCE, 0x18, 0xCE, 0x38, 0xCE, 0x58, 0xD6, 
	0x79, 0xD6, 0x79, 0xD6, 0x79, 0xDE, 0x79, 0xDE, 0x59, 0xD6, 0xD6, 0xC5, 0x75, 0xB5, 0x95, 0xBD, 
	0xB6, 0xBD, 0x96, 0xBD, 0x96, 0xBD, 0x96, 0xBD, 0x76, 0xBD, 0x75, 0xB5, 0xFF, 0xFF, 0x7E, 0x00, 
	0xDB, 0xDE, 0xFC, 0xDE, 0x79, 0xC6, 0xCA, 0xAA, 0x88, 0xF2, 0x35, 0xFD, 0xED, 0xC2, 0x00, 0x58, 
	0xA7, 0xB9, 0xB2, 0xFC, 0x27, 0xA2, 0x00, 0x20, 0x00, 0x68, 0x00, 0xF8, 0x20, 0xF8, 0x00, 0x88, 
	0x00, 0x10, 0xA3, 0x30, 0x76, 0xC5, 0x1C, 0xDF, 0xFF, 0xFF, 0x60, 0x00, 0xDB, 0xDE, 0xBB, 0xD6, 
	0x59, 0xCE, 0x18, 0xC6, 0xD7, 0xC5, 0x96, 0xBD, 0x75, 0xB5, 0x55, 0xB5, 0x55, 0xB5, 0x34, 0xB5, 
	0x34, 0xB5, 0x14, 0xAD, 0x14, 0xB5, 0x14, 0xB5, 0x34, 0xB5, 0x55, 0xB5, 0x55, 0xB5, 0x55, 0xBD, 
	0x75, 0xBD, 0x75, 0xBD, 0x55, 0xB5, 0x76, 0xBD, 0x96, 0xBD, 0x96, 0xBD, 0xB6, 0xBD, 0xB6, 0xBD, 
	0xFF, 0xFF, 0x07, 0x00, 0x96, 0xBD, 0xB6, 0xBD, 0xB6, 0xC5, 0xB6, 0xC5, 0xD6, 0xC5, 0xD6, 0xC5, 
	0xB6, 0xC5, 0xB6, 0xC5, 0xD7, 0xC5, 0xD7, 0xC5, 0xD7, 0xC5, 0xD6, 0xBD, 0xD6, 0xBD, 0xD6, 0xC5, 
	0xF7, 0xC5, 0xF7, 0xC5, 0x17, 0xCE, 0x17, 0xCE, 0xF7, 0xC5, 0xF7, 0xCD, 0xD7, 0xC5, 0xD6, 0xC5, 
	0xD7, 0xC5, 0xF7, 0xC5, 0xF7, 0xC5, 0xF7, 0xC5, 0xD7, 0xC5, 0xF7, 0xC5, 0xD7, 0xC5, 0xF7, 0xCD, 
	0x17, 0xCE, 0x17, 0xCE, 0x17, 0xCE, 0xF7, 0xC5, 0x17, 0xCE, 0xF7, 0xC5, 0xF7, 0xCD, 0xF7, 0xC5, 
	0xF7, 0xC5, 0x17, 0xCE, 0x17, 0xCE, 0x18, 0xCE, 0x18, 0xCE, 0x79, 0xD6, 0xBA, 0xE6, 0x1C, 0xE7, 
	0x5D, 0xF7, 0x5D, 0xF7, 0x5D, 0xF7, 0x7D, 0xF7, 0x5D, 0xF7, 0x7D, 0xF7, 0x9D, 0xF7, 0x7D, 0xF7, 
	0x7D, 0xF7, 0x7D, 0xF7, 0x5C, 0xEF, 0xFB, 0xE6, 0x9A, 0xDE, 0x58, 0xD6, 0x17, 0xC6, 0x95, 0xB5, 
	0x14, 0xA5, 0xB2, 0x94, 0x50, 0x8C, 0xAE, 0x7B, 0x0B, 0x63, 0x28, 0x42, 0x24, 0x21, 0x61, 0x08, 
	0xFF, 0xFF, 0x3A, 0x00, 0x00, 0x00, 0x08, 0x4A, 0x79, 0xD6, 0xBA, 0xE6, 0xF7, 0xC5, 0xFF, 0xFF, 
	0x03, 0x00, 0xD6, 0xC5, 0xB6, 0xBD, 0xD7, 0xC5, 0x9A, 0xD6, 0xFF, 0xFF, 0x36, 0x00, 0xDB, 0xDE, 
	0x38, 0xC6, 0x34, 0xAD, 0x14, 0xAD, 0x34, 0xB5, 0xFF, 0xFF, 0x04, 0x00, 0x55, 0xB5, 0x75, 0xBD, 
	0x75, 0xBD, 0x55, 0xB5, 0x55, 0xB5, 0x75, 0xB5, 0x75, 0xBD, 0x75, 0xBD, 0x75, 0xBD, 0x75, 0xB5, 
	0x75, 0xB5, 0x75, 0xBD, 0xFF, 0xFF, 0x0A, 0x00, 0x96, 0xBD, 0xB6, 0xBD, 0xB6, 0xBD, 0xB6, 0xC5, 
	0xFF, 0xFF, 0x03, 0x00, 0xD6, 0xC5, 0xB6, 0xC5, 0xD6, 0xC5, 0xD7, 0xC5, 0xD7, 0xC5, 0xFF, 0xFF, 
	0x03, 0x00, 0xD6, 0xC5, 0xD7, 0xC5, 0xF7, 0xC5, 0xD7, 0xC5, 0xF7, 0xC5, 0xF7, 0xC5, 0xF7, 0xC5, 
	0xFF, 0xFF, 0x0A, 0x00, 0xD7, 0xC5, 0xF7, 0xC5, 0xF7, 0xC5, 0xF7, 0xC5, 0xFF, 0xFF, 0x07, 0x00, 
	0xF7, 0xCD, 0xF7, 0xC5, 0xF7, 0xCD, 0xF7, 0xCD, 0xF7, 0xC5, 0xF7, 0xC5, 0xF7, 0xC5, 0x17, 0xCE, 
	0x18, 0xCE, 0x18, 0xCE, 0x18, 0xCE, 0x17, 0xCE, 0x17, 0xCE, 0x18, 0xCE, 0x17, 0xCE, 0x38, 0xCE, 
	0x17, 0xC6, 0x17, 0xCE, 0xBA, 0xDE, 0x1B, 0xEF, 0x91, 0x94, 0xA2, 0x10, 0x00, 0x00, 0x00, 0x20, 
	0x00, 0x40, 0x00, 0x48, 0x20, 0x48, 0x20, 0x40, 0x20, 0x38, 0x20, 0x38, 0x00, 0x38, 0x00, 0x28, 
	0x00, 0x20, 0x00, 0x18, 0x20, 0x20, 0xEB, 0x72, 0x99, 0xCE, 0x1B, 0xCF, 0x5A, 0xCE, 0xD8, 0xC5, 
	0xD7, 0xC5, 0xF7, 0xCD, 0xF7, 0xCD, 0x17, 0xCE, 0xF7, 0xC5, 0xD7, 0xC5, 0xD7, 0xC5, 0xD7, 0xC5, 
	0xF7, 0xC5, 0xF7, 0xC5, 0xD7, 0xC5, 0xFF, 0xFF, 0x03, 0x00, 0xF7, 0xC5, 0xFF, 0xFF, 0x05, 0x00, 
	0xF7, 0xCD, 0x18, 0xCE, 0x38, 0xD6, 0x38, 0xD6, 0x79, 0xD6, 0x99, 0xDE, 0x9A, 0xDE, 0xBA, 0xE6, 
	0xBA, 0xE6, 0xDB, 0xE6, 0xFB, 0xEE, 0xFB, 0xEE, 0xFF, 0xFF, 0x05, 0x00, 0x1C, 0xEF, 0x1B, 0xEF, 
	0xFB, 0xEE, 0xFB, 0xEE, 0xFB, 0xEE, 0xDB, 0xE6, 0xBA, 0xDE, 0x99, 0xDE, 0x59, 0xD6, 0x17, 0xCE, 
	0xF7, 0xC5, 0x18, 0xCE, 0xD6, 0xC5, 0x96, 0xBD, 0xB6, 0xBD, 0xB6, 0xBD, 0xFF, 0xFF, 0x03, 0x00, 
	0x96, 0xBD, 0xFF, 0xFF, 0x7E, 0x00, 0xDB, 0xDE, 0xBB, 0xD6, 0xEB, 0x52, 0x20, 0x20, 0x00, 0xB0, 
	0x4C, 0xFB, 0x34, 0xF5, 0xA5, 0x99, 0x61, 0x80, 0x51, 0xE4, 0x29, 0x92, 0x00, 0x40, 0x40, 0xB8, 
	0xA2, 0xF8, 0x21, 0xD8, 0x00, 0x30, 0x00, 0x00, 0x20, 0x60, 0x8D, 0xDB, 0xFB, 0xE6, 0xFC, 0xDE, 
	0xFF, 0xFF, 0x5F, 0x00, 0xDB, 0xDE, 0x9A, 0xD6, 0x96, 0xBD, 0x55, 0xB5, 0x34, 0xB5, 0x34, 0xAD, 
	0x34, 0xB5, 0x55, 0xB5, 0x55, 0xB5, 0x75, 0xB5, 0x55, 0xB5, 0x54, 0xB5, 0x34, 0xB5, 0x55, 0xB5, 
	0x55, 0xB5, 0xFF, 0xFF, 0x03, 0x00, 0x75, 0xBD, 0x75, 0xB5, 0x75, 0xB5, 0x95, 0xBD, 0xFF, 0xFF, 
	0x09, 0x00, 0x96, 0xBD, 0xB6, 0xBD, 0xB6, 0xBD, 0xD6, 0xC5, 0xD6, 0xC5, 0xD6, 0xC5, 0xB6, 0xC5, 
	0xB6, 0xC5, 0xD6, 0xC5, 0xD6, 0xC5, 0xD7, 0xC5, 0xD7, 0xC5, 0xD6, 0xC5, 0xD6, 0xC5, 0xD7, 0xC5, 
	0xFF, 0xFF, 0x0C, 0x00, 0xF7, 0xC5, 0xD7, 0xC5, 0xD7, 0xC5, 0xD7, 0xC5, 0xF7, 0xC5, 0x17, 0xCE, 
	0x17, 0xCE, 0xF7, 0xC5, 0xD7, 0xC5, 0xF7, 0xC5, 0x17, 0xCE, 0x17, 0xCE, 0x18, 0xCE, 0x38, 0xCE, 
	0x79, 0xD6, 0xBA, 0xDE, 0xDA, 0xE6, 0xFB, 0xE6, 0x3C, 0xEF, 0x7D, 0xF7, 0xBE, 0xFF, 0xBE, 0xFF, 
	0x9D, 0xFF, 0x5D, 0xF7, 0x1C, 0xEF, 0x9A, 0xDE, 0x79, 0xD6, 0x58, 0xCE, 0xF7, 0xC5, 0x95, 0xB5, 
	0x54, 0xAD, 0xD2, 0x9C, 0x2F, 0x84, 0x0C, 0x63, 0x28, 0x4A, 0x65, 0x29, 0x82, 0x10, 0x20, 0x00, 
	0xFF, 0xFF, 0x41, 0x00, 0x00, 0x00, 0xC7, 0x39, 0xF8, 0xCD, 0xDB, 0xE6, 0x17, 0xCE, 0xD7, 0xC5, 
	0xD7, 0xC5, 0xD6, 0xC5, 0xD6, 0xC5, 0xB6, 0xC5, 0xD7, 0xC5, 0x7A, 0xD6, 0xFC, 0xDE, 0xFF, 0xFF, 
	0x34, 0x00, 0xDB, 0xDE, 0xDB, 0xD6, 0x39, 0xCE, 0x55, 0xB5, 0x54, 0xB5, 0x54, 0xB5, 0xFF, 0xFF, 
	0x08, 0x00, 0x55, 0xB5, 0x75, 0xB5, 0xFF, 0xFF, 0x05, 0x00, 0x75, 0xBD, 0xFF, 0xFF, 0x0C, 0x00, 
	0x96, 0xBD, 0xB6, 0xC5, 0xFF, 0xFF, 0x08, 0x00, 0xD6, 0xC5, 0xD7, 0xC5, 0xD7, 0xC5, 0xD7, 0xC5, 
	0xFF, 0xFF, 0x03, 0x00, 0xF7, 0xC5, 0xFF, 0xFF, 0x0A, 0x00, 0xD7, 0xC5, 0xF7, 0xC5, 0xF7, 0xC5, 
	0xF7, 0xC5, 0xD7, 0xC5, 0xF7, 0xCD, 0xD7, 0xC5, 0xF7, 0xC5, 0xF7, 0xC5, 0xF7, 0xC5, 0xF7, 0xCD, 
	0xF7, 0xCD, 0x17, 0xCE, 0xFF, 0xFF, 0x03, 0x00, 0xF7, 0xCD, 0x17, 0xCE, 0x17, 0xCE, 0xF7, 0xCD, 
	0x17, 0xCE, 0x18, 0xCE, 0xF7, 0xCD, 0xF7, 0xCD, 0x18, 0xCE, 0x18, 0xCE, 0x18, 0xCE, 0xF7, 0xCD, 
	0xF7, 0xC5, 0xF7, 0xCD, 0x17, 0xCE, 0x18, 0xCE, 0x1B, 0xE7, 0x1B, 0xEF, 0xCF, 0x7B, 0x82, 0x08, 
	0x00, 0x00, 0x00, 0x10, 0x00, 0x30, 0x00, 0x48, 0x00, 0x48, 0x00, 0x38, 0x00, 0x30, 0x00, 0x28, 
	0x00, 0x18, 0x00, 0x18, 0x20, 0x28, 0x2C, 0x7B, 0x9A, 0xDE, 0x1C, 0xE7, 0x59, 0xD6, 0xF9, 0xD5, 
	0x18, 0xCE, 0x38, 0xCE, 0x38, 0xD6, 0x58, 0xD6, 0x59, 0xD6, 0x79, 0xD6, 0x79, 0xDE, 0x99, 0xDE, 
	0x9A, 0xDE, 0xBA, 0xE6, 0xDA, 0xE6, 0xDB, 0xE6, 0xFB, 0xE6, 0xFB, 0xEE, 0x3B, 0xEF, 0xFF, 0xFF, 
	0x03, 0x00, 0x3C, 0xEF, 0x1C, 0xEF, 0x1B, 0xEF, 0x1B, 0xEF, 0x1B, 0xEF, 0xFB, 0xE6, 0xDB, 0xE6, 
	0xDB, 0xE6, 0xDA, 0xDE, 0xDA, 0xDE, 0xBA, 0xDE, 0xBA, 0xDE, 0xBA, 0xDE, 0xBA, 0xE6, 0x9A, 0xDE, 
	0x9A, 0xDE, 0x59, 0xD6, 0x39, 0xD6, 0x38, 0xCE, 0x18, 0xCE, 0xF7, 0xC5, 0xD7, 0xC5, 0x96, 0xBD, 
	0x55, 0xB5, 0x14, 0xAD, 0xB2, 0x9C, 0x10, 0x8C, 0xCF, 0x83, 0x4D, 0x6B, 0x8A, 0x52, 0x2D, 0x73, 
	0xD7, 0xC5, 0x79, 0xDE, 0xB6, 0xC5, 0x75, 0xBD, 0x95, 0xBD, 0x96, 0xBD, 0x96, 0xBD, 0x96, 0xBD, 
	0x75, 0xB5, 0xBB, 0xD6, 0xFF, 0xFF, 0x31, 0x00, 0xDB, 0xDE, 0xFF, 0xFF, 0x03, 0x00, 0x9A, 0xD6, 
	0xBA, 0xD6, 0xBB, 0xD6, 0xBB, 0xD6, 0xBB, 0xD6, 0xBB, 0xDE, 0xFF, 0xFF, 0x0C, 0x00, 0xDB, 0xDE, 
	0xFB, 0xDE, 0xFB, 0xDE, 0xFF, 0xFF, 0x32, 0x00, 0xDB, 0xDE, 0xFC, 0xDE, 0x92, 0x8C, 0x20, 0x00, 
	0x00, 0x00, 0x00, 0x38, 0x41, 0xA8, 0x4B, 0xFB, 0x4F, 0xF4, 0xC6, 0xA1, 0x2D, 0xD3, 0xA7, 0x81, 
	0x21, 0x88, 0x28, 0xFA, 0xA7, 0xF1, 0x00, 0x60, 0x00, 0x10, 0x40, 0x78, 0x24, 0xE1, 0x52, 0xFC, 
	0xFC, 0xE6, 0xFF, 0xFF, 0x60, 0x00, 0xDB, 0xDE, 0xBA, 0xD6, 0x95, 0xB5, 0x34, 0xB5, 0x34, 0xB5, 
	0x75, 0xBD, 0x75, 0xBD, 0x75, 0xBD, 0x75, 0xB5, 0x75, 0xB5, 0x55, 0xB5, 0x75, 0xB5, 0x55, 0xB5, 
	0x75, 0xB5, 0x75, 0xBD, 0x75, 0xBD, 0x75, 0xB5, 0x75, 0xB5, 0x75, 0xB5, 0x75, 0xBD, 0x75, 0xBD, 
	0x95, 0xBD, 0x95, 0xBD, 0x96, 0xBD, 0x96, 0xBD, 0x96, 0xBD, 0x95, 0xBD, 0x95, 0xBD, 0xFF, 0xFF, 
	0x03, 0x00, 0x96, 0xBD, 0xB6, 0xBD, 0xB6, 0xC5, 0xD7, 0xC5, 0xD6, 0xC5, 0xD6, 0xC5, 0xB6, 0xBD, 
	0xB6, 0xC5, 0xD7, 0xC5, 0xD7, 0xC5, 0xD6, 0xC5, 0xD6, 0xC5, 0xD6, 0xC5, 0xD7, 0xC5, 0xFF, 0xFF, 
	0x03, 0x00, 0xF7, 0xC5, 0x17, 0xCE, 0xF7, 0xC5, 0xD7, 0xC5, 0xD7, 0xC5, 0xFF, 0xFF, 0x03, 0x00, 
	0xF7, 0xC5, 0xD6, 0xC5, 0xD6, 0xC5, 0xD7, 0xC5, 0xD7, 0xC5, 0xF7, 0xCD, 0xF7, 0xCD, 0x18, 0xCE, 
	0x59, 0xD6, 0x99, 0xDE, 0xBA, 0xDE, 0xFB, 0xE6, 0x1B, 0xEF, 0x5C, 0xF7, 0x5D, 0xF7, 0x5D, 0xF7, 
	0x5C, 0xF7, 0x1B, 0xEF, 0xFB, 0xE6, 0xFB, 0xE6, 0xFB, 0xE6, 0xDA, 0xDE, 0x79, 0xD6, 0x38, 0xCE, 
	0xD7, 0xC5, 0x14, 0xAD, 0x30, 0x8C, 0x0C, 0x63, 0x08, 0x42, 0x45, 0x29, 0xE3, 0x18, 0x82, 0x10, 
	0x61, 0x08, 0x61, 0x08, 0x40, 0x08, 0x20, 0x00, 0xFF, 0xFF, 0x45, 0x00, 0x00, 0x00, 0x65, 0x31, 
	0x55, 0xB5, 0xDB, 0xE6, 0x38, 0xD6, 0xFF, 0xFF, 0x05, 0x00, 0xD7, 0xC5, 0x59, 0xCE, 0xFB, 0xDE, 
	0xFF, 0xFF, 0x34, 0x00, 0xDB, 0xDE, 0xBB, 0xD6, 0x18, 0xC6, 0x75, 0xB5, 0x34, 0xB5, 0x55, 0xB5, 
	0x55, 0xB5, 0x75, 0xB5, 0x75, 0xB5, 0x75, 0xB5, 0x55, 0xB5, 0x55, 0xB5, 0x55, 0xB5, 0x75, 0xB5, 
	0x75, 0xB5, 0xFF, 0xFF, 0x03, 0x00, 0x75, 0xBD, 0x95, 0xBD, 0xFF, 0xFF, 0x03, 0x00, 0x96, 0xBD, 
	0x95, 0xBD, 0x95, 0xBD, 0xFF, 0xFF, 0x03, 0x00, 0x96, 0xBD, 0xB6, 0xBD, 0xB6, 0xBD, 0x96, 0xBD, 
	0xB6, 0xBD, 0xB6, 0xC5, 0xFF, 0xFF, 0x05, 0x00, 0xD6, 0xC5, 0xD7, 0xC5, 0xD6, 0xC5, 0xB6, 0xC5, 
	0xFF, 0xFF, 0x03, 0x00, 0xD7, 0xC5, 0xF7, 0xC5, 0xF7, 0xC5, 0xF7, 0xCD, 0xF7, 0xC5, 0xF7, 0xC5, 
	0xFF, 0xFF, 0x05, 0x00, 0xD7, 0xC5, 0xF7, 0xC5, 0xF7, 0xC5, 0xFF, 0xFF, 0x06, 0x00, 0xF7, 0xCD, 
	0xF7, 0xC5, 0xF7, 0xCD, 0xF7, 0xCD, 0xF7, 0xCD, 0x17, 0xCE, 0x17, 0xCE, 0x17, 0xCE, 0xF7, 0xCD, 
	0xF7, 0xCD, 0xF7, 0xCD, 0xF7, 0xC5, 0xF7, 0xC5, 0xF7, 0xCD, 0xF7, 0xCD, 0xF7, 0xC5, 0xF7, 0xC5, 
	0xD7, 0xC5, 0xD7, 0xC5, 0xF7, 0xCD, 0xF7, 0xCD, 0xF7, 0xCD, 0xD7, 0xC5, 0xF7, 0xC5, 0xF7, 0xCD, 
	0xF7, 0xCD, 0xF7, 0xCD, 0x79, 0xD6, 0x3C, 0xEF, 0x5C, 0xEF, 0xF3, 0x94, 0x04, 0x19, 0x00, 0x00, 
	0x00, 0x10, 0x00, 0x20, 0x00, 0x30, 0x00, 0x30, 0x20, 0x28, 0x61, 0x28, 0xA2, 0x30, 0x49, 0x72, 
	0x75, 0xC5, 0x9E, 0xF7, 0xFE, 0xFF, 0x7D, 0xF7, 0xFB, 0xEE, 0xFB, 0xEE, 0xDB, 0xEE, 0x1B, 0xEF, 
	0x3C, 0xEF, 0x3B, 0xE7, 0x3C, 0xEF, 0x3C, 0xEF, 0x3C, 0xF7, 0x5C, 0xF7, 0x5C, 0xF7, 0x5C, 0xF7, 
	0xFF, 0xFF, 0x06, 0x00, 0x7D, 0xF7, 0x5C, 0xEF, 0x3C, 0xEF, 0xFB, 0xE6, 0x99, 0xD6, 0x59, 0xD6, 
	0x17, 0xC6, 0x95, 0xB5, 0x13, 0xA5, 0x91, 0x94, 0x30, 0x8C, 0xEF, 0x83, 0x4D, 0x6B, 0xCB, 0x5A, 
	0x8A, 0x52, 0x49, 0x4A, 0xE7, 0x41, 0xA6, 0x39, 0x65, 0x31, 0x44, 0x29, 0x24, 0x29, 0x24, 0x21, 
	0x04, 0x21, 0x04, 0x21, 0xE4, 0x20, 0xE3, 0x20, 0xC3, 0x18, 0xA3, 0x18, 0x82, 0x10, 0x61, 0x10, 
	0x41, 0x08, 0x00, 0x00, 0xE3, 0x18, 0x96, 0xB5, 0x1C, 0xEF, 0xD7, 0xC5, 0x95, 0xBD, 0x96, 0xBD, 
	0xB6, 0xBD, 0x96, 0xBD, 0x75, 0xBD, 0x75, 0xB5, 0xBB, 0xD6, 0xFF, 0xFF, 0x31, 0x00, 0xDB, 0xDE, 
	0xF7, 0xC5, 0x55, 0xB5, 0x34, 0xAD, 0x34, 0xAD, 0x34, 0xAD, 0x34, 0xB5, 0x34, 0xB5, 0x54, 0xB5, 
	0x54, 0xB5, 0x55, 0xB5, 0x55, 0xB5, 0x76, 0xB5, 0x96, 0xBD, 0xB6, 0xBD, 0xB7, 0xBD, 0xD7, 0xBD, 
	0xD7, 0xBD, 0xD7, 0xC5, 0xD7, 0xC5, 0xF7, 0xC5, 0xF8, 0xC5, 0x18, 0xC6, 0x18, 0xC6, 0x18, 0xCE, 
	0x39, 0xCE, 0x79, 0xD6, 0x9A, 0xD6, 0x9A, 0xD6, 0x9A, 0xD6, 0xBA, 0xD6, 0xBA, 0xD6, 0xBA, 0xD6, 
	0xBB, 0xD6, 0xBB, 0xD6, 0xBB, 0xD6, 0xBB, 0xDE, 0xFF, 0xFF, 0x07, 0x00, 0xDB, 0xDE, 0xFB, 0xDE, 
	0xFB, 0xDE, 0xFB, 0xDE, 0xFF, 0xFF, 0x0C, 0x00, 0xFC, 0xDE, 0xFF, 0xFF, 0x0D, 0x00, 0xDB, 0xDE, 
	0xFC, 0xDE, 0x1C, 0xDF, 0x49, 0x42, 0x00, 0x00, 0x00, 0x18, 0x00, 0x20, 0x00, 0x28, 0x82, 0x78, 
	0x8A, 0xF2, 0x6E, 0xFB, 0x69, 0xE2, 0x62, 0x90, 0x6C, 0xC2, 0x90, 0xFB, 0x04, 0x91, 0x00, 0x20, 
	0x04, 0x99, 0x6F, 0xFB, 0x96, 0xFD, 0x97, 0xFD, 0x9B, 0xEE, 0xFC, 0xDE, 0xFF, 0xFF, 0x5F, 0x00, 
	0xDB, 0xDE, 0xBB, 0xD6, 0xB7, 0xBD, 0x75, 0xB5, 0x55, 0xB5, 0x75, 0xBD, 0x75, 0xBD, 0x75, 0xB5, 
	0x55, 0xB5, 0x55, 0xB5, 0x55, 0xB5, 0xFF, 0xFF, 0x04, 0x00, 0x75, 0xB5, 0x55, 0xB5, 0x75, 0xB5, 
	0x75, 0xBD, 0x95, 0xBD, 0xFF, 0xFF, 0x0A, 0x00, 0x96, 0xBD, 0xB6, 0xBD, 0xB6, 0xC5, 0xD6, 0xC5, 
	0xD7, 0xC5, 0xD6, 0xC5, 0xD7, 0xC5, 0xD7, 0xC5, 0xD7, 0xC5, 0xB6, 0xC5, 0xB6, 0xBD, 0xB6, 0xC5, 
	0xD7, 0xC5, 0xD6, 0xC5, 0xD7, 0xC5, 0xF7, 0xC5, 0xD7, 0xC5, 0xB6, 0xBD, 0xD6, 0xC5, 0xD7, 0xC5, 
	0xD7, 0xC5, 0xB6, 0xC5, 0xB6, 0xC5, 0xB6, 0xC5, 0xF7, 0xCD, 0x18, 0xCE, 0x58, 0xD6, 0x59, 0xD6, 
	0x79, 0xDE, 0xBA, 0xDE, 0xDB, 0xE6, 0xFB, 0xE6, 0xFB, 0xE6, 0x1B, 0xE7, 0x1B, 0xEF, 0x5C, 0xEF, 
	0x9D, 0xF7, 0xBE, 0xFF, 0x9D, 0xF7, 0x5C, 0xEF, 0x5C, 0xEF, 0xDA, 0xE6, 0x17, 0xCE, 0x13, 0xA5, 
	0xEF, 0x83, 0x0B, 0x6B, 0x08, 0x42, 0x86, 0x31, 0x24, 0x21, 0x24, 0x21, 0x04, 0x21, 0xC3, 0x18, 
	0x82, 0x10, 0x20, 0x08, 0xFF, 0xFF, 0x4D, 0x00, 0x00, 0x00, 0xE3, 0x20, 0x71, 0x94, 0xDB, 0xEE, 
	0x79, 0xD6, 0xF7, 0xC5, 0xFF, 0xFF, 0x03, 0x00, 0xD7, 0xC5, 0xB6, 0xBD, 0x39, 0xCE, 0xFF, 0xFF, 
	0x35, 0x00, 0xDB, 0xDE, 0xBB, 0xD6, 0x18, 0xC6, 0x75, 0xBD, 0x54, 0xB5, 0x55, 0xB5, 0xFF, 0xFF, 
	0x03, 0x00, 0x75, 0xB5, 0x55, 0xB5, 0x55, 0xB5, 0x75, 0xB5, 0xFF, 0xFF, 0x03, 0x00, 0x75, 0xBD, 
	0x75, 0xB5, 0x75, 0xBD, 0xFF, 0xFF, 0x04, 0x00, 0x96, 0xBD, 0x75, 0xBD, 0xFF, 0xFF, 0x03, 0x00, 
	0x96, 0xBD, 0xB6, 0xBD, 0xB6, 0xBD, 0xB6, 0xC5, 0xB6, 0xC5, 0xD6, 0xC5, 0xD7, 0xC5, 0xD7, 0xC5, 
	0xD7, 0xC5, 0xFF, 0xFF, 0x04, 0x00, 0xD6, 0xC5, 0xD7, 0xC5, 0xD6, 0xC5, 0xD7, 0xC5, 0xD7, 0xC5, 
	0xF7, 0xC5, 0xF7, 0xC5, 0xD7, 0xC5, 0xF7, 0xC5, 0xFF, 0xFF, 0x06, 0x00, 0xD7, 0xC5, 0xFF, 0xFF, 
	0x10, 0x00, 0xF7, 0xC5, 0xF7, 0xCD, 0x18, 0xCE, 0x18, 0xCE, 0x38, 0xCE, 0x38, 0xD6, 0x38, 0xCE, 
	0x58, 0xD6, 0x59, 0xD6, 0x59, 0xD6, 0x59, 0xD6, 0x79, 0xD6, 0x79, 0xD6, 0x79, 0xDE, 0x99, 0xDE, 
	0x79, 0xDE, 0x9A, 0xDE, 0xDB, 0xE6, 0xBA, 0xE6, 0x9A, 0xDE, 0xBB, 0xE6, 0xFB, 0xEE, 0x3C, 0xEF, 
	0xDF, 0xFF, 0xFE, 0xFF, 0xDB, 0xD6, 0x34, 0x9D, 0xEA, 0x52, 0x64, 0x29, 0x03, 0x29, 0x45, 0x39, 
	0x69, 0x5A, 0x30, 0x94, 0x38, 0xCE, 0x5D, 0xF7, 0xFE, 0xFF, 0xFE, 0xFF, 0xDF, 0xFF, 0x7D, 0xFF, 
	0x7C, 0xEF, 0x7C, 0xE7, 0xFA, 0xEE, 0xBA, 0xDE, 0x59, 0xD6, 0x18, 0xCE, 0xB6, 0xBD, 0x55, 0xB5, 
	0xF3, 0xA4, 0x92, 0x9C, 0x30, 0x8C, 0xEF, 0x83, 0x8D, 0x73, 0x2C, 0x6B, 0xCA, 0x5A, 0x49, 0x4A, 
	0xE7, 0x39, 0xC6, 0x39, 0xC6, 0x39, 0xC6, 0x39, 0xA6, 0x39, 0x86, 0x31, 0x65, 0x29, 0x45, 0x29, 
	0x24, 0x29, 0x04, 0x21, 0xE3, 0x18, 0xC2, 0x18, 0x82, 0x10, 0x61, 0x10, 0x40, 0x08, 0xFF, 0xFF, 
	0x12, 0x00, 0x00, 0x00, 0x61, 0x10, 0xB6, 0xBD, 0x7D, 0xF7, 0xD7, 0xC5, 0xB6, 0xC5, 0xD7, 0xC5, 
	0xB6, 0xC5, 0x75, 0xBD, 0x55, 0xBD, 0x75, 0xBD, 0x9A, 0xD6, 0xFF, 0xFF, 0x30, 0x00, 0xDB, 0xDE, 
	0xBB, 0xD6, 0x76, 0xB5, 0x13, 0xAD, 0x34, 0xB5, 0x34, 0xB5, 0x14, 0xB5, 0x13, 0xB5, 0x13, 0xAD, 
	0x13, 0xAD, 0x34, 0xAD, 0x34, 0xAD, 0x34, 0xAD, 0x14, 0xAD, 0x14, 0xAD, 0x34, 0xB5, 0x34, 0xB5, 
	0x34, 0xB5, 0x55, 0xB5, 0x35, 0xB5, 0xFF, 0xFF, 0x05, 0x00, 0x34, 0xB5, 0x55, 0xB5, 0x75, 0xBD, 
	0x75, 0xBD, 0x96, 0xBD, 0x95, 0xBD, 0x96, 0xBD, 0x96, 0xBD, 0x96, 0xBD, 0xFF, 0xFF, 0x04, 0x00, 
	0xB6, 0xBD, 0xFF, 0xFF, 0x03, 0x00, 0xD7, 0xC5, 0xF7, 0xC5, 0xF7, 0xC5, 0xF7, 0xC5, 0x18, 0xCE, 
	0x18, 0xCE, 0x18, 0xCE, 0x38, 0xCE, 0x38, 0xCE, 0x38, 0xC6, 0x59, 0xCE, 0x59, 0xCE, 0x59, 0xCE, 
	0x79, 0xCE, 0x79, 0xD6, 0x9A, 0xD6, 0x9A, 0xD6, 0x9A, 0xD6, 0xBA, 0xD6, 0xBB, 0xD6, 0xBB, 0xD6, 
	0xFF, 0xFF, 0x09, 0x00, 0xDB, 0xDE, 0xDC, 0xDE, 0xFB, 0xDE, 0xFC, 0xDE, 0xFC, 0xDE, 0xBB, 0xD6, 
	0x45, 0x21, 0x00, 0x18, 0x00, 0x48, 0x00, 0x30, 0x20, 0x18, 0x00, 0x10, 0x42, 0x60, 0x2A, 0xE2, 
	0x69, 0xFA, 0x03, 0xC9, 0x48, 0xC2, 0xC7, 0xA1, 0x40, 0x70, 0xA8, 0xB2, 0x15, 0xFD, 0x57, 0xFD, 
	0xAE, 0xF3, 0xC7, 0xE9, 0x72, 0xE4, 0xDB, 0xDE, 0xFC, 0xDE, 0xFF, 0xFF, 0x5E, 0x00, 0xDB, 0xDE, 
	0xBB, 0xD6, 0xF7, 0xBD, 0x75, 0xB5, 0x55, 0xB5, 0x75, 0xB5, 0xFF, 0xFF, 0x04, 0x00, 0x55, 0xB5, 
	0x75, 0xB5, 0x75, 0xB5, 0x75, 0xBD, 0x75, 0xB5, 0x75, 0xBD, 0x75, 0xBD, 0x75, 0xBD, 0x95, 0xBD, 
	0xFF, 0xFF, 0x09, 0x00, 0x96, 0xBD, 0xB6, 0xBD, 0xB6, 0xC5, 0xB6, 0xC5, 0xD6, 0xC5, 0xD7, 0xC5, 
	0xD7, 0xC5, 0xFF, 0xFF, 0x03, 0x00, 0xB6, 0xC5, 0xB6, 0xBD, 0xD6, 0xC5, 0xF7, 0xC5, 0xF7, 0xCD, 
	0xD7, 0xC5, 0xD7, 0xC5, 0xF7, 0xCD, 0x17, 0xCE, 0xF7, 0xCD, 0x18, 0xCE, 0x18, 0xCE, 0x38, 0xD6, 
	0x59, 0xD6, 0x79, 0xD6, 0x99, 0xDE, 0xBA, 0xE6, 0xFB, 0xE6, 0x3C, 0xEF, 0x5C, 0xF7, 0x7D, 0xF7, 
	0xBE, 0xFF, 0xBE, 0xFF, 0x5C, 0xEF, 0xDA, 0xE6, 0x99, 0xDE, 0xD7, 0xBD, 0xB2, 0x9C, 0xAE, 0x7B, 
	0x0C, 0x63, 0x49, 0x4A, 0xC7, 0x39, 0x86, 0x31, 0x85, 0x31, 0x24, 0x29, 0xC3, 0x18, 0x81, 0x10, 
	0xFF, 0xFF, 0x0C, 0x00, 0x00, 0x00, 0x20, 0x00, 0x20, 0x00, 0xFF, 0xFF, 0x47, 0x00, 0x00, 0x00, 
	0x61, 0x08, 0x6D, 0x73, 0xDB, 0xE6, 0x9A, 0xDE, 0xD7, 0xC5, 0xF7, 0xC5, 0xD7, 0xC5, 0xF7, 0xC5, 
	0xF7, 0xC5, 0xB6, 0xBD, 0x18, 0xC6, 0xFF, 0xFF, 0x35, 0x00, 0xDB, 0xDE, 0xBB, 0xD6, 0x18, 0xC6, 
	0x96, 0xBD, 0x75, 0xB5, 0x55, 0xB5, 0x55, 0xB5, 0x54, 0xB5, 0xFF, 0xFF, 0x03, 0x00, 0x55, 0xB5, 
	0x75, 0xB5, 0x75, 0xBD, 0x75, 0xBD, 0x95, 0xBD, 0x75, 0xB5, 0x75, 0xB5, 0x95, 0xBD, 0xFF, 0xFF, 
	0x03, 0x00, 0x96, 0xBD, 0x95, 0xBD, 0xFF, 0xFF, 0x03, 0x00, 0x96, 0xBD, 0xB6, 0xBD, 0xFF, 0xFF, 
	0x03, 0x00, 0xB6, 0xC5, 0xFF, 0xFF, 0x03, 0x00, 0xD7, 0xC5, 0xD6, 0xC5, 0xD6, 0xC5, 0xD6, 0xC5, 
	0xD7, 0xC5, 0xD7, 0xC5, 0xD7, 0xC5, 0xF7, 0xC5, 0xF7, 0xC5, 0xFF, 0xFF, 0x0A, 0x00, 0xD7, 0xC5, 
	0xF7, 0xCD, 0xF7, 0xCD, 0xF7, 0xCD, 0x17, 0xCE, 0x17, 0xCE, 0x17, 0xCE, 0x18, 0xCE, 0x38, 0xCE, 
	0x38, 0xCE, 0x38, 0xCE, 0x58, 0xD6, 0x58, 0xD6, 0x38, 0xD6, 0xFF, 0xFF, 0x03, 0x00, 0x59, 0xD6, 
	0x79, 0xDE, 0x9A, 0xDE, 0xBA, 0xE6, 0xBA, 0xE6, 0xBA, 0xE6, 0xFB, 0xE6, 0x1B, 0xEF, 0x3C, 0xEF, 
	0x3C, 0xEF, 0x5C, 0xEF, 0x7D, 0xF7, 0xBE, 0xFF, 0xBE, 0xFF, 0xBE, 0xFF, 0xDE, 0xFF, 0xBE, 0xFF, 
	0x9D, 0xFF, 0xBE, 0xFF, 0x7D, 0xFF, 0x3C, 0xEF, 0x5C, 0xEF, 0x3C, 0xEF, 0xBA, 0xE6, 0xBA, 0xE6, 
	0xFC, 0xF6, 0xBF, 0xFF, 0x1C, 0xE7, 0xB6, 0xA5, 0xB2, 0x8C, 0xEF, 0x7B, 0xAE, 0x73, 0x10, 0x84, 
	0x71, 0x94, 0xF3, 0x9C, 0x51, 0x84, 0x2C, 0x63, 0xCA, 0x4A, 0x8A, 0x52, 0x89, 0x52, 0x69, 0x4A, 
	0x68, 0x42, 0x27, 0x4A, 0xE7, 0x41, 0xC7, 0x39, 0x86, 0x31, 0x45, 0x29, 0x04, 0x21, 0xE3, 0x18, 
	0xA2, 0x10, 0x61, 0x08, 0x21, 0x08, 0xFF, 0xFF, 0x25, 0x00, 0x00, 0x00, 0x61, 0x08, 0xB6, 0xBD, 
	0x9D, 0xFF, 0xD6, 0xC5, 0xB6, 0xBD, 0xB6, 0xC5, 0xB6, 0xC5, 0x96, 0xBD, 0x75, 0xBD, 0x75, 0xB5, 
	0x7A, 0xCE, 0xDC, 0xDE, 0xFF, 0xFF, 0x2F, 0x00, 0xDB, 0xDE, 0x7A, 0xCE, 0x55, 0xB5, 0x34, 0xB5, 
	0x75, 0xBD, 0x75, 0xBD, 0x75, 0xBD, 0x55, 0xBD, 0x55, 0xBD, 0x75, 0xBD, 0x75, 0xB5, 0x55, 0xB5, 
	0x75, 0xBD, 0x75, 0xB5, 0x75, 0xBD, 0x75, 0xBD, 0xFF, 0xFF, 0x03, 0x00, 0x75, 0xB5, 0x55, 0xB5, 
	0x75, 0xB5, 0x75, 0xBD, 0x95, 0xBD, 0x75, 0xBD, 0x75, 0xBD, 0x75, 0xBD, 0x95, 0xBD, 0x95, 0xBD, 
	0x75, 0xBD, 0x95, 0xBD, 0xFF, 0xFF, 0x05, 0x00, 0x75, 0xBD, 0x75, 0xB5, 0x75, 0xB5, 0xFF, 0xFF, 
	0x03, 0x00, 0x75, 0xBD, 0x95, 0xBD, 0x75, 0xBD, 0xFF, 0xFF, 0x03, 0x00, 0x95, 0xBD, 0x96, 0xBD, 
	0x95, 0xBD, 0x96, 0xBD, 0x96, 0xBD, 0x96, 0xBD, 0xFF, 0xFF, 0x03, 0x00, 0xB6, 0xBD, 0xD6, 0xBD, 
	0xD7, 0xC5, 0xF7, 0xC5, 0xF7, 0xC5, 0x17, 0xC6, 0x17, 0xC6, 0x18, 0xCE, 0x18, 0xCE, 0x38, 0xCE, 
	0x39, 0xCE, 0x59, 0xCE, 0x59, 0xD6, 0x79, 0xCE, 0x7A, 0xCE, 0x7A, 0xCE, 0x9A, 0xD6, 0x7A, 0xCE, 
	0xDB, 0xDE, 0xFC, 0xDE, 0xF8, 0xBD, 0xA2, 0x10, 0x00, 0x20, 0x00, 0x48, 0x00, 0x48, 0x20, 0x38, 
	0x20, 0x10, 0x00, 0x08, 0x41, 0x40, 0x26, 0xA1, 0xE8, 0xE1, 0xE6, 0xD9, 0x84, 0xB9, 0xA7, 0xB9, 
	0x6A, 0xDA, 0x8A, 0xAA, 0x86, 0x71, 0x20, 0x58, 0x00, 0x38, 0xAB, 0x82, 0x9A, 0xCE, 0x1C, 0xDF, 
	0xFB, 0xDE, 0xDB, 0xDE, 0xDB, 0xDE, 0xFB, 0xDE, 0xFF, 0xFF, 0x5A, 0x00, 0xDB, 0xDE, 0xBB, 0xD6, 
	0xF8, 0xC5, 0x75, 0xB5, 0x55, 0xB5, 0x75, 0xB5, 0x55, 0xB5, 0x75, 0xB5, 0x55, 0xB5, 0x55, 0xB5, 
	0x75, 0xB5, 0x75, 0xB5, 0x75, 0xBD, 0x75, 0xBD, 0x75, 0xBD, 0x95, 0xBD, 0xFF, 0xFF, 0x09, 0x00, 
	0x96, 0xBD, 0xB6, 0xBD, 0xB6, 0xBD, 0xB6, 0xBD, 0xFF, 0xFF, 0x05, 0x00, 0xB6, 0xC5, 0x96, 0xBD, 
	0xB6, 0xBD, 0xB6, 0xC5, 0xD7, 0xC5, 0xF7, 0xCD, 0x38, 0xCE, 0x38, 0xD6, 0x38, 0xCE, 0x18, 0xCE, 
	0x38, 0xD6, 0x79, 0xDE, 0xBA, 0xE6, 0xDB, 0xEE, 0xFB, 0xEE, 0x3C, 0xEF, 0x5D, 0xF7, 0x7D, 0xF7, 
	0x7D, 0xF7, 0x1C, 0xEF, 0x99, 0xDE, 0xF7, 0xC5, 0x54, 0xAD, 0xF3, 0xA4, 0x30, 0x8C, 0x4C, 0x6B, 
	0x8A, 0x52, 0x48, 0x4A, 0x28, 0x42, 0xE7, 0x39, 0x65, 0x29, 0xC2, 0x18, 0x20, 0x00, 0xFF, 0xFF, 
	0x0A, 0x00, 0x00, 0x00, 0x20, 0x00, 0xFF, 0xFF, 0x05, 0x00, 0x00, 0x00, 0x20, 0x00, 0xFF, 0xFF, 
	0x14, 0x00, 0x00, 0x00, 0x20, 0x00, 0xFF, 0xFF, 0x36, 0x00, 0x00, 0x00, 0x69, 0x52, 0xBA, 0xE6, 
	0xDA, 0xE6, 0xD7, 0xC5, 0xF7, 0xC5, 0xD7, 0xC5, 0xD7, 0xC5, 0xD7, 0xC5, 0xB6, 0xBD, 0x17, 0xC6, 
	0xBB, 0xD6, 0xFF, 0xFF, 0x35, 0x00, 0xDB, 0xDE, 0x18, 0xC6, 0x96, 0xBD, 0x75, 0xBD, 0xFF, 0xFF, 
	0x06, 0x00, 0x55, 0xB5, 0x75, 0xB5, 0x75, 0xBD, 0x75, 0xBD, 0x75, 0xBD, 0x95, 0xBD, 0x96, 0xBD, 
	0x96, 0xBD, 0x96, 0xBD, 0x95, 0xBD, 0x96, 0xBD, 0x95, 0xBD, 0x75, 0xBD, 0xFF, 0xFF, 0x03, 0x00, 
	0x96, 0xBD, 0xB6, 0xBD, 0xB6, 0xC5, 0xB6, 0xC5, 0xB6, 0xC5, 0xB6, 0xBD, 0xB6, 0xC5, 0xD6, 0xC5, 
	0xD6, 0xC5, 0xD6, 0xC5, 0xD7, 0xC5, 0xD7, 0xC5, 0xD7, 0xC5, 0xF7, 0xC5, 0xF7, 0xC5, 0x18, 0xCE, 
	0x18, 0xCE, 0x17, 0xCE, 0x18, 0xCE, 0x17, 0xCE, 0xFF, 0xFF, 0x03, 0x00, 0x18, 0xCE, 0x38, 0xCE, 
	0x38, 0xD6, 0x38, 0xD6, 0x59, 0xD6, 0x59, 0xD6, 0x99, 0xDE, 0x9A, 0xDE, 0xBA, 0xDE, 0xBA, 0xE6, 
	0xDA, 0xE6, 0xFB, 0xE6, 0x1B, 0xEF, 0x1C, 0xEF, 0x3C, 0xEF, 0x5C, 0xF7, 0x7D, 0xF7, 0x7D, 0xF7, 
	0xFF, 0xFF, 0x03, 0x00, 0x7D, 0xFF, 0x5D, 0xF7, 0x5D, 0xF7, 0x3C, 0xF7, 0x1C, 0xEF, 0xFB, 0xEE, 
	0xDB, 0xE6, 0xBA, 0xDE, 0x99, 0xD6, 0x58, 0xCE, 0x17, 0xC6, 0xD6, 0xBD, 0xB5, 0xB5, 0x54, 0xAD, 
	0xF3, 0xA4, 0xB2, 0x9C, 0x71, 0x94, 0x0F, 0x84, 0xAE, 0x7B, 0x6D, 0x6B, 0x6D, 0x6B, 0x2C, 0x6B, 
	0x2C, 0x6B, 0x0B, 0x63, 0xCA, 0x5A, 0xAA, 0x5A, 0x69, 0x52, 0x69, 0x52, 0x8A, 0x5A, 0xCB, 0x5A, 
	0xCB, 0x5A, 0x69, 0x4A, 0x28, 0x42, 0xC7, 0x39, 0x24, 0x21, 0x61, 0x08, 0xFF, 0xFF, 0x36, 0x00, 
	0x00, 0x00, 0x41, 0x08, 0x75, 0xB5, 0x7D, 0xFF, 0xF7, 0xCD, 0xB6, 0xC5, 0xB6, 0xBD, 0xB6, 0xC5, 
	0xB6, 0xC5, 0x95, 0xBD, 0x75, 0xB5, 0x79, 0xCE, 0xFC, 0xDE, 0xFF, 0xFF, 0x2D, 0x00, 0xDB, 0xDE, 
	0xDB, 0xD6, 0xBB, 0xD6, 0x18, 0xC6, 0x34, 0xAD, 0x55, 0xB5, 0x75, 0xBD, 0x75, 0xB5, 0x75, 0xB5, 
	0x75, 0xB5, 0xFF, 0xFF, 0x04, 0x00, 0x55, 0xB5, 0x75, 0xB5, 0x75, 0xB5, 0x75, 0xBD, 0x75, 0xBD, 
	0xFF, 0xFF, 0x03, 0x00, 0x75, 0xB5, 0x75, 0xBD, 0xFF, 0xFF, 0x0A, 0x00, 0x96, 0xBD, 0xFF, 0xFF, 
	0x04, 0x00, 0xB6, 0xBD, 0xB6, 0xC5, 0xD6, 0xC5, 0xB6, 0xC5, 0xB6, 0xBD, 0xFF, 0xFF, 0x04, 0x00, 
	0xD6, 0xC5, 0xFF, 0xFF, 0x04, 0x00, 0xB6, 0xC5, 0xD6, 0xC5, 0xFF, 0xFF, 0x04, 0x00, 0xB6, 0xC5, 
	0xB6, 0xBD, 0xFF, 0xFF, 0x03, 0x00, 0xB6, 0xC5, 0xD6, 0xC5, 0xFF, 0xFF, 0x06, 0x00, 0xB6, 0xC5, 
	0xFF, 0xFF, 0x03, 0x00, 0xB6, 0xBD, 0x79, 0xD6, 0xBA, 0xDE, 0xB4, 0x9C, 0x61, 0x08, 0x00, 0x18, 
	0x01, 0x40, 0x02, 0x48, 0x00, 0x38, 0x20, 0x30, 0x00, 0x20, 0x00, 0x08, 0x21, 0x28, 0xC3, 0x78, 
	0x65, 0xB9, 0x69, 0xFA, 0x4D, 0xFB, 0xAB, 0xDA, 0x24, 0xA1, 0x00, 0x78, 0x00, 0x58, 0x00, 0x38, 
	0x29, 0x72, 0x39, 0xCE, 0xFC, 0xDE, 0xFF, 0xFF, 0x08, 0x00, 0xBB, 0xD6, 0xDB, 0xD6, 0xDB, 0xD6, 
	0xDB, 0xD6, 0xFF, 0xFF, 0x10, 0x00, 0xDB, 0xDE, 0xFF, 0xFF, 0x0B, 0x00, 0xFC, 0xDE, 0xFF, 0xFF, 
	0x35, 0x00, 0xDB, 0xDE, 0xDB, 0xD6, 0x38, 0xC6, 0x96, 0xBD, 0x55, 0xB5, 0x55, 0xB5, 0x55, 0xB5, 
	0x75, 0xB5, 0x75, 0xB5, 0x55, 0xB5, 0x75, 0xB5, 0x75, 0xBD, 0x75, 0xBD, 0x75, 0xBD, 0x75, 0xB5, 
	0x75, 0xB5, 0x75, 0xBD, 0xFF, 0xFF, 0x03, 0x00, 0x96, 0xBD, 0x75, 0xBD, 0xFF, 0xFF, 0x03, 0x00, 
	0x95, 0xBD, 0x96, 0xBD, 0x96, 0xBD, 0xD6, 0xC5, 0xD6, 0xC5, 0xD6, 0xC5, 0xD7, 0xC5, 0xF7, 0xC5, 
	0xF7, 0xCD, 0x17, 0xCE, 0x18, 0xCE, 0x38, 0xD6, 0x79, 0xD6, 0x9A, 0xDE, 0xDB, 0xE6, 0x1C, 0xEF, 
	0x3C, 0xF7, 0x3C, 0xF7, 0x3C, 0xEF, 0x1C, 0xEF, 0xDB, 0xE6, 0x79, 0xDE, 0xF7, 0xCD, 0x96, 0xBD, 
	0x13, 0xA5, 0x50, 0x8C, 0xAE, 0x7B, 0x4C, 0x6B, 0x0B, 0x63, 0xAA, 0x52, 0x07, 0x42, 0x85, 0x31, 
	0x03, 0x21, 0x61, 0x08, 0xFF, 0xFF, 0x67, 0x00, 0x00, 0x00, 0xE7, 0x41, 0xBA, 0xDE, 0xDB, 0xE6, 
	0xD6, 0xC5, 0xF7, 0xC5, 0xF7, 0xC5, 0xF7, 0xC5, 0xD7, 0xC5, 0xB6, 0xBD, 0xF7, 0xC5, 0xBA, 0xD6, 
	0xFC, 0xDE, 0xFF, 0xFF, 0x34, 0x00, 0xDB, 0xDE, 0x18, 0xC6, 0x95, 0xB5, 0x95, 0xBD, 0x55, 0xB5, 
	0x55, 0xB5, 0x75, 0xB5, 0x55, 0xB5, 0x75, 0xB5, 0x75, 0xB5, 0x75, 0xBD, 0x95, 0xBD, 0x75, 0xBD, 
	0x75, 0xBD, 0x75, 0xBD, 0xFF, 0xFF, 0x03, 0x00, 0x96, 0xBD, 0x95, 0xBD, 0x96, 0xBD, 0xB6, 0xBD, 
	0x96, 0xBD, 0x96, 0xBD, 0x96, 0xBD, 0xB6, 0xC5, 0xFF, 0xFF, 0x03, 0x00, 0xD6, 0xC5, 0xD7, 0xC5, 
	0xD7, 0xC5, 0xF7, 0xCD, 0xF7, 0xCD, 0x17, 0xCE, 0x18, 0xCE, 0x38, 0xD6, 0x59, 0xD6, 0x59, 0xD6, 
	0x79, 0xDE, 0x99, 0xDE, 0xDB, 0xE6, 0xFB, 0xE6, 0xFB, 0xE6, 0x1C, 0xEF, 0x3C, 0xEF, 0x5D, 0xF7, 
	0x7D, 0xF7, 0x7D, 0xF7, 0x7D, 0xF7, 0x7D, 0xFF, 0x9D, 0xFF, 0x9D, 0xFF, 0x7D, 0xF7, 0x7D, 0xF7, 
	0x5D, 0xF7, 0x3C, 0xEF, 0x1B, 0xEF, 0xFB, 0xE6, 0xDA, 0xDE, 0x9A, 0xD6, 0x59, 0xCE, 0x17, 0xC6, 
	0xD6, 0xBD, 0x95, 0xB5, 0x54, 0xAD, 0x13, 0xA5, 0xD2, 0x9C, 0x91, 0x94, 0x71, 0x94, 0x30, 0x8C, 
	0xEF, 0x83, 0xCF, 0x7B, 0xAE, 0x7B, 0x6D, 0x73, 0x4D, 0x73, 0x2C, 0x6B, 0xEB, 0x62, 0xAA, 0x5A, 
	0x69, 0x4A, 0x28, 0x42, 0xE7, 0x39, 0x86, 0x31, 0x24, 0x29, 0xC3, 0x18, 0x82, 0x10, 0x41, 0x08, 
	0xFF, 0xFF, 0x49, 0x00, 0x00, 0x00, 0x41, 0x08, 0x55, 0xAD, 0x7D, 0xF7, 0xF7, 0xCD, 0xB6, 0xC5, 
	0xB6, 0xBD, 0xB6, 0xBD, 0xB6, 0xC5, 0x96, 0xBD, 0x95, 0xBD, 0x59, 0xCE, 0xFF, 0xFF, 0x2B, 0x00, 
	0xDB, 0xDE, 0xDB, 0xD6, 0x9B, 0xD6, 0x7A, 0xCE, 0x7A, 0xCE, 0x59, 0xC6, 0xD6, 0xBD, 0x54, 0xB5, 
	0x54, 0xB5, 0x55, 0xB5, 0x34, 0xAD, 0x55, 0xB5, 0x95, 0xBD, 0x75, 0xB5, 0x34, 0xB5, 0x54, 0xB5, 
	0x55, 0xB5, 0x55, 0xB5, 0x55, 0xB5, 0x75, 0xB5, 0x75, 0xB5, 0x75, 0xBD, 0x75, 0xBD, 0x75, 0xB5, 
	0x75, 0xBD, 0x75, 0xBD, 0xFF, 0xFF, 0x05, 0x00, 0x95, 0xBD, 0x96, 0xBD, 0xB6, 0xBD, 0xB6, 0xBD, 
	0xB6, 0xBD, 0x96, 0xBD, 0x96, 0xBD, 0xFF, 0xFF, 0x03, 0x00, 0xB6, 0xBD, 0xD6, 0xC5, 0xD6, 0xC5, 
	0xD7, 0xC5, 0xD6, 0xC5, 0xD6, 0xC5, 0xD7, 0xC5, 0xD6, 0xC5, 0xF7, 0xC5, 0xF7, 0xC5, 0xF7, 0xC5, 
	0xD7, 0xC5, 0xFF, 0xFF, 0x04, 0x00, 0xD6, 0xC5, 0xFF, 0xFF, 0x0B, 0x00, 0xD7, 0xC5, 0xFF, 0xFF, 
	0x04, 0x00, 0xD6, 0xC5, 0xD7, 0xC5, 0xD6, 0xC5, 0xD7, 0xC5, 0xD6, 0xC5, 0xD6, 0xC5, 0x79, 0xDE, 
	0x9A, 0xDE, 0xF0, 0x83, 0x81, 0x08, 0x00, 0x18, 0x00, 0x40, 0x01, 0x38, 0x01, 0x40, 0x00, 0x40, 
	0x00, 0x40, 0x01, 0x30, 0x00, 0x20, 0x00, 0x18, 0x61, 0x48, 0x45, 0x91, 0x07, 0xCA, 0xCA, 0xFA, 
	0xEE, 0xFB, 0x4F, 0xFC, 0xCD, 0xEB, 0xA9, 0xDA, 0x4D, 0xD3, 0xD7, 0xD5, 0x7A, 0xCE, 0x38, 0xC6, 
	0xF7, 0xCD, 0xF7, 0xCD, 0xF7, 0xCD, 0xF8, 0xC5, 0x18, 0xC6, 0xF7, 0xC5, 0xF7, 0xC5, 0xD7, 0xC5, 
	0xF7, 0xBD, 0xF7, 0xC5, 0xF7, 0xC5, 0x17, 0xC6, 0x18, 0xC6, 0x38, 0xCE, 0x59, 0xCE, 0x7A, 0xD6, 
	0x7A, 0xD6, 0xFF, 0xFF, 0x0E, 0x00, 0x9A, 0xD6, 0xFF, 0xFF, 0x03, 0x00, 0xBA, 0xD6, 0xFF, 0xFF, 
	0x03, 0x00, 0xBB, 0xD6, 0xFF, 0xFF, 0x36, 0x00, 0xDB, 0xDE, 0x59, 0xCE, 0x96, 0xBD, 0x75, 0xBD, 
	0xFF, 0xFF, 0x03, 0x00, 0x55, 0xB5, 0x75, 0xB5, 0x75, 0xBD, 0x75, 0xBD, 0x75, 0xBD, 0x75, 0xB5, 
	0x75, 0xB5, 0x75, 0xBD, 0x75, 0xBD, 0x95, 0xBD, 0x96, 0xBD, 0x96, 0xBD, 0x95, 0xBD, 0x96, 0xBD, 
	0x96, 0xBD, 0x96, 0xBD, 0xB6, 0xBD, 0xB6, 0xBD, 0xB6, 0xC5, 0xF7, 0xC5, 0x38, 0xD6, 0x59, 0xD6, 
	0x9A, 0xDE, 0xDA, 0xE6, 0xFB, 0xE6, 0x3C, 0xEF, 0x7D, 0xF7, 0x9D, 0xFF, 0x5C, 0xF7, 0x1B, 0xEF, 
	0xBA, 0xDE, 0x58, 0xCE, 0xD6, 0xBD, 0x34, 0xAD, 0x92, 0x94, 0x10, 0x8C, 0xCF, 0x7B, 0x4D, 0x73, 
	0xAB, 0x62, 0x49, 0x52, 0xC7, 0x39, 0x04, 0x21, 0x61, 0x08, 0xFF, 0xFF, 0x6F, 0x00, 0x00, 0x00, 
	0x86, 0x31, 0x9A, 0xDE, 0xFB, 0xE6, 0xD6, 0xC5, 0xD7, 0xC5, 0xD7, 0xC5, 0xF7, 0xCD, 0xF7, 0xC5, 
	0xB6, 0xC5, 0xF7, 0xC5, 0x9A, 0xD6, 0xFC, 0xDE, 0xFF, 0xFF, 0x34, 0x00, 0xDB, 0xDE, 0x18, 0xC6, 
	0x75, 0xB5, 0x96, 0xBD, 0x55, 0xB5, 0x55, 0xB5, 0x75, 0xB5, 0x55, 0xB5, 0x75, 0xB5, 0x75, 0xBD, 
	0x96, 0xBD, 0x75, 0xBD, 0x75, 0xB5, 0x95, 0xBD, 0xB6, 0xBD, 0xB6, 0xC5, 0xD6, 0xC5, 0xB6, 0xC5, 
	0xD6, 0xC5, 0xF7, 0xCD, 0x38, 0xD6, 0x38, 0xD6, 0x58, 0xD6, 0x99, 0xDE, 0xDA, 0xE6, 0xFB, 0xE6, 
	0x1B, 0xEF, 0x3C, 0xEF, 0x3C, 0xF7, 0x5C, 0xF7, 0x7D, 0xF7, 0x7D, 0xFF, 0x7D, 0xFF, 0x7D, 0xFF, 
	0x5D, 0xF7, 0x5D, 0xF7, 0x3C, 0xF7, 0x1C, 0xEF, 0xFB, 0xEE, 0xDB, 0xE6, 0x9A, 0xDE, 0x79, 0xDE, 
	0x59, 0xD6, 0x38, 0xCE, 0xF7, 0xCD, 0xD7, 0xC5, 0xB6, 0xC5, 0x75, 0xB5, 0x75, 0xB5, 0x54, 0xAD, 
	0x13, 0xA5, 0xD2, 0x9C, 0xB2, 0x9C, 0xB2, 0x9C, 0x91, 0x94, 0x51, 0x8C, 0x0F, 0x84, 0xCF, 0x7B, 
	0x8E, 0x73, 0x4C, 0x6B, 0xEB, 0x5A, 0xAA, 0x52, 0x28, 0x42, 0xC6, 0x39, 0x65, 0x29, 0x04, 0x21, 
	0xA2, 0x10, 0x61, 0x08, 0x20, 0x00, 0xFF, 0xFF, 0x5B, 0x00, 0x00, 0x00, 0x41, 0x08, 0x14, 0xAD, 
	0x7D, 0xF7, 0x18, 0xCE, 0x96, 0xBD, 0xB6, 0xBD, 0xD6, 0xC5, 0xD7, 0xC5, 0x96, 0xBD, 0x96, 0xBD, 
	0x59, 0xCE, 0xFF, 0xFF, 0x2A, 0x00, 0xDB, 0xDE, 0xDB, 0xD6, 0x9A, 0xCE, 0x59, 0xCE, 0x39, 0xC6, 
	0xF8, 0xBD, 0xD6, 0xB5, 0xB6, 0xB5, 0x75, 0xB5, 0xFF, 0xFF, 0x03, 0x00, 0x55, 0xB5, 0x75, 0xB5, 
	0xFF, 0xFF, 0x03, 0x00, 0x55, 0xB5, 0x75, 0xBD, 0x75, 0xB5, 0xFF, 0xFF, 0x03, 0x00, 0x75, 0xBD, 
	0x75, 0xB5, 0x75, 0xBD, 0x95, 0xBD, 0xFF, 0xFF, 0x06, 0x00, 0x96, 0xBD, 0xB6, 0xBD, 0xB6, 0xBD, 
	0x96, 0xBD, 0xB6, 0xBD, 0xB6, 0xBD, 0xB6, 0xBD, 0xFF, 0xFF, 0x03, 0x00, 0xB6, 0xC5, 0xFF, 0xFF, 
	0x07, 0x00, 0xD6, 0xC5, 0xF7, 0xC5, 0xD7, 0xC5, 0xD6, 0xC5, 0xD6, 0xC5, 0xD6, 0xC5, 0xD7, 0xC5, 
	0xD6, 0xC5, 0xD7, 0xC5, 0xF7, 0xC5, 0xFF, 0xFF, 0x07, 0x00, 0xD7, 0xC5, 0xF7, 0xC5, 0xF7, 0xC5, 
	0xF7, 0xC5, 0xD7, 0xC5, 0xD7, 0xC5, 0xD7, 0xC5, 0xFF, 0xFF, 0x05, 0x00, 0xF7, 0xC5, 0x79, 0xD6, 
	0xDB, 0xE6, 0xD3, 0x9C, 0xC3, 0x18, 0x00, 0x10, 0x21, 0x40, 0x20, 0x40, 0x00, 0x38, 0x00, 0x40, 
	0x00, 0x40, 0x00, 0x38, 0x00, 0x38, 0x00, 0x28, 0x00, 0x10, 0x00, 0x20, 0x00, 0x40, 0xC3, 0x80, 
	0x89, 0xDA, 0x30, 0xFC, 0x34, 0xFD, 0x34, 0xFD, 0xD6, 0xF5, 0x78, 0xD6, 0x38, 0xC6, 0x18, 0xBE, 
	0xF7, 0xC5, 0xD6, 0xD5, 0xB6, 0xC5, 0xF7, 0xBD, 0xF7, 0xC5, 0xFF, 0xFF, 0x0B, 0x00, 0xD7, 0xC5, 
	0xD6, 0xC5, 0xD6, 0xC5, 0xD6, 0xC5, 0xFF, 0xFF, 0x07, 0x00, 0xB6, 0xC5, 0xB6, 0xBD, 0x96, 0xBD, 
	0xB6, 0xBD, 0xB6, 0xBD, 0xB6, 0xC5, 0xB6, 0xC5, 0xFF, 0xFF, 0x03, 0x00, 0xD7, 0xC5, 0xF7, 0xC5, 
	0xF7, 0xC5, 0x18, 0xCE, 0x39, 0xCE, 0xFF, 0xFF, 0x06, 0x00, 0x7A, 0xD6, 0x9A, 0xD6, 0xFF, 0xFF, 
	0x06, 0x00, 0xBB, 0xD6, 0xDB, 0xD6, 0xFF, 0xFF, 0x24, 0x00, 0xDB, 0xDE, 0x59, 0xCE, 0xB6, 0xBD, 
	0x96, 0xBD, 0xFF, 0xFF, 0x03, 0x00, 0x55, 0xB5, 0x75, 0xBD, 0x75, 0xBD, 0x75, 0xBD, 0x75, 0xB5, 
	0x55, 0xB5, 0x95, 0xBD, 0x75, 0xBD, 0x55, 0xB5, 0x75, 0xBD, 0x96, 0xBD, 0xB6, 0xC5, 0xD7, 0xCD, 
	0x18, 0xD6, 0x59, 0xD6, 0x9A, 0xDE, 0x1C, 0xEF, 0x5D, 0xF7, 0x7D, 0xF7, 0x5D, 0xF7, 0x3C, 0xF7, 
	0xFB, 0xEE, 0x9A, 0xDE, 0x38, 0xCE, 0xD6, 0xC5, 0x75, 0xB5, 0x34, 0xAD, 0xF3, 0xA4, 0x71, 0x94, 
	0xEF, 0x83, 0x6D, 0x73, 0xAA, 0x5A, 0xC6, 0x39, 0xE3, 0x18, 0x41, 0x08, 0xFF, 0xFF, 0x77, 0x00, 
	0x00, 0x00, 0x45, 0x29, 0x58, 0xD6, 0xFB, 0xE6, 0xF7, 0xC5, 0xD7, 0xC5, 0xD7, 0xC5, 0xF7, 0xCD, 
	0xF7, 0xCD, 0xB6, 0xC5, 0xD7, 0xC5, 0x9A, 0xD6, 0xFB, 0xDE, 0xFF, 0xFF, 0x34, 0x00, 0xDB, 0xDE, 
	0xF7, 0xBD, 0x75, 0xB5, 0x95, 0xBD, 0x54, 0xB5, 0x75, 0xB5, 0x75, 0xBD, 0x55, 0xB5, 0x75, 0xB5, 
	0x75, 0xBD, 0x55, 0xB5, 0x75, 0xB5, 0xD7, 0xC5, 0x59, 0xD6, 0xBA, 0xDE, 0xBA, 0xDE, 0xBA, 0xDE, 
	0x99, 0xDE, 0x79, 0xD6, 0x79, 0xD6, 0x79, 0xD6, 0x38, 0xD6, 0x38, 0xCE, 0x59, 0xD6, 0x79, 0xD6, 
	0x58, 0xD6, 0x58, 0xD6, 0x38, 0xCE, 0x18, 0xCE, 0xF7, 0xC5, 0xF7, 0xC5, 0xD7, 0xC5, 0xD7, 0xBD, 
	0xB6, 0xBD, 0x76, 0xB5, 0x55, 0xB5, 0x14, 0xAD, 0xB2, 0x9C, 0x51, 0x94, 0x10, 0x84, 0xAE, 0x7B, 
	0x2C, 0x63, 0xCA, 0x5A, 0x69, 0x4A, 0x07, 0x42, 0x65, 0x31, 0x04, 0x21, 0xC2, 0x18, 0x82, 0x10, 
	0x61, 0x08, 0x40, 0x08, 0xFF, 0xFF, 0x6D, 0x00, 0x00, 0x00, 0x41, 0x08, 0xF3, 0xA4, 0x5D, 0xF7, 
	0x18, 0xCE, 0xB6, 0xC5, 0xD6, 0xC5, 0xD7, 0xC5, 0xD7, 0xC5, 0xB6, 0xBD, 0x96, 0xBD, 0x59, 0xCE, 
	0xFF, 0xFF, 0x2A, 0x00, 0xDB, 0xDE, 0x9A, 0xD6, 0x39, 0xC6, 0xF8, 0xBD, 0x97, 0xB5, 0x96, 0xAD, 
	0x75, 0xAD, 0x75, 0xB5, 0x75, 0xB5, 0x54, 0xB5, 0x75, 0xB5, 0x75, 0xBD, 0x34, 0xB5, 0x34, 0xB5, 
	0x34, 0xB5, 0x75, 0xB5, 0x95, 0xBD, 0x75, 0xBD, 0x75, 0xBD, 0x75, 0xB5, 0xFF, 0xFF, 0x05, 0x00, 
	0x95, 0xBD, 0x96, 0xBD, 0xB6, 0xBD, 0xFF, 0xFF, 0x04, 0x00, 0x96, 0xBD, 0x95, 0xBD, 0x95, 0xBD, 
	0x96, 0xBD, 0x96, 0xBD, 0xB6, 0xBD, 0xFF, 0xFF, 0x05, 0x00, 0xB6, 0xC5, 0xD6, 0xC5, 0xD7, 0xC5, 
	0xD7, 0xC5, 0xD6, 0xC5, 0xD6, 0xC5, 0xD6, 0xBD, 0xD6, 0xBD, 0xD7, 0xBD, 0xD7, 0xBD, 0xF7, 0xC5, 
	0xF7, 0xC5, 0xD7, 0xC5, 0xD7, 0xC5, 0xF7, 0xCD, 0xF7, 0xCD, 0xF7, 0xC5, 0xF7, 0xC5, 0xF7, 0xC5, 
	0xFF, 0xFF, 0x03, 0x00, 0xD7, 0xC5, 0xFF, 0xFF, 0x09, 0x00, 0xF7, 0xC5, 0x17, 0xC6, 0xF7, 0xC5, 
	0xF7, 0xC5, 0xD7, 0xC5, 0xD7, 0xC5, 0x38, 0xCE, 0x1B, 0xEF, 0x79, 0xCE, 0x04, 0x19, 0x00, 0x00, 
	0x00, 0x40, 0x00, 0x48, 0x00, 0x38, 0x00, 0x30, 0x20, 0x38, 0x20, 0x38, 0x00, 0x38, 0x20, 0x38, 
	0x00, 0x30, 0x00, 0x28, 0x00, 0x10, 0x00, 0x08, 0x00, 0x40, 0x21, 0xA0, 0x63, 0xE0, 0x4C, 0xF2, 
	0xD6, 0xE5, 0x1A, 0xC7, 0xF8, 0xC5, 0xF8, 0xCD, 0x37, 0xC6, 0xF6, 0xC5, 0xD6, 0xC5, 0xF7, 0xC5, 
	0xF7, 0xC5, 0xF6, 0xC5, 0xFF, 0xFF, 0x08, 0x00, 0xD7, 0xC5, 0xD6, 0xC5, 0xFF, 0xFF, 0x07, 0x00, 
	0xD7, 0xC5, 0xF7, 0xC5, 0xFF, 0xFF, 0x03, 0x00, 0xB6, 0xC5, 0xFF, 0xFF, 0x07, 0x00, 0xB6, 0xBD, 
	0xFF, 0xFF, 0x03, 0x00, 0x96, 0xBD, 0x95, 0xBD, 0x96, 0xBD, 0x96, 0xBD, 0x96, 0xBD, 0x75, 0xBD, 
	0xFF, 0xFF, 0x04, 0x00, 0x75, 0xB5, 0x55, 0xB5, 0xFF, 0xFF, 0x06, 0x00, 0x75, 0xB5, 0x55, 0xB5, 
	0x55, 0xB5, 0x75, 0xB5, 0x75, 0xB5, 0x95, 0xB5, 0xB6, 0xBD, 0xB6, 0xBD, 0xD6, 0xBD, 0xD7, 0xBD, 
	0xF7, 0xC5, 0x18, 0xC6, 0x7A, 0xCE, 0xFF, 0xFF, 0x17, 0x00, 0xDB, 0xDE, 0x59, 0xCE, 0xB6, 0xBD, 
	0x96, 0xBD, 0x55, 0xB5, 0x55, 0xB5, 0x75, 0xB5, 0x55, 0xB5, 0x75, 0xB5, 0x75, 0xBD, 0x75, 0xB5, 
	0x75, 0xB5, 0xB6, 0xBD, 0x58, 0xD6, 0x99, 0xDE, 0xBA, 0xDE, 0xDA, 0xE6, 0xDA, 0xE6, 0xBA, 0xDE, 
	0x9A, 0xDE, 0x59, 0xD6, 0x38, 0xCE, 0x17, 0xCE, 0x18, 0xCE, 0x18, 0xCE, 0xF7, 0xC5, 0x96, 0xBD, 
	0x14, 0xAD, 0x71, 0x94, 0x4D, 0x73, 0x8A, 0x52, 0xA6, 0x39, 0xC3, 0x18, 0x40, 0x08, 0xFF, 0xFF, 
	0x7F, 0x00, 0x00, 0x00, 0x24, 0x21, 0xF7, 0xC5, 0x1B, 0xEF, 0x17, 0xCE, 0xFF, 0xFF, 0x03, 0x00, 
	0xD7, 0xC5, 0xB6, 0xC5, 0xD7, 0xC5, 0x79, 0xD6, 0xFF, 0xFF, 0x35, 0x00, 0xDB, 0xDE, 0xD7, 0xBD, 
	0x54, 0xAD, 0x96, 0xBD, 0x55, 0xB5, 0x75, 0xBD, 0x96, 0xBD, 0x75, 0xBD, 0x75, 0xB5, 0x55, 0xB5, 
	0x54, 0xB5, 0xD7, 0xC5, 0x18, 0xCE, 0xB6, 0xBD, 0x75, 0xB5, 0x75, 0xB5, 0x75, 0xB5, 0x34, 0xAD, 
	0xD2, 0x9C, 0x71, 0x94, 0x0F, 0x84, 0xAE, 0x7B, 0x4C, 0x6B, 0xCA, 0x5A, 0x69, 0x52, 0x28, 0x42, 
	0xC6, 0x39, 0x65, 0x29, 0x03, 0x21, 0xA2, 0x10, 0x81, 0x10, 0x81, 0x10, 0x61, 0x08, 0x62, 0x08, 
	0x62, 0x08, 0x61, 0x08, 0x41, 0x08, 0x41, 0x08, 0x41, 0x00, 0x20, 0x00, 0x20, 0x00, 0xFF, 0xFF, 
	0x77, 0x00, 0x00, 0x00, 0x41, 0x08, 0xD3, 0xA4, 0x3C, 0xEF, 0xF7, 0xCD, 0xB6, 0xC5, 0xD7, 0xC5, 
	0xD7, 0xC5, 0xD6, 0xC5, 0xB6, 0xC5, 0x96, 0xBD, 0x39, 0xCE, 0xFF, 0xFF, 0x29, 0x00, 0xDB, 0xDE, 
	0xDB, 0xD6, 0x79, 0xCE, 0xF8, 0xBD, 0x76, 0xB5, 0x55, 0xAD, 0x34, 0xA5, 0x34, 0xA5, 0x54, 0xAD, 
	0x75, 0xB5, 0x75, 0xB5, 0x55, 0xB5, 0x55, 0xB5, 0x34, 0xB5, 0x55, 0xB5, 0x75, 0xB5, 0x54, 0xB5, 
	0xFF, 0xFF, 0x05, 0x00, 0x75, 0xB5, 0x95, 0xBD, 0x96, 0xBD, 0x96, 0xBD, 0xB6, 0xBD, 0xB6, 0xBD, 
	0x96, 0xBD, 0x96, 0xBD, 0x95, 0xBD, 0x96, 0xBD, 0x95, 0xBD, 0x95, 0xBD, 0x95, 0xBD, 0x96, 0xBD, 
	0x96, 0xBD, 0xFF, 0xFF, 0x03, 0x00, 0xB6, 0xC5, 0xD6, 0xC5, 0xD6, 0xC5, 0xD6, 0xC5, 0xD7, 0xC5, 
	0xD6, 0xC5, 0xFF, 0xFF, 0x03, 0x00, 0xD7, 0xC5, 0xF7, 0xC5, 0xD7, 0xBD, 0xFF, 0xFF, 0x09, 0x00, 
	0xF7, 0xC5, 0xFF, 0xFF, 0x07, 0x00, 0xD7, 0xC5, 0xFF, 0xFF, 0x06, 0x00, 0xF7, 0xC5, 0xD7, 0xC5, 
	0xF7, 0xC5, 0xF7, 0xC5, 0xF7, 0xC5, 0xD7, 0xC5, 0xF7, 0xC5, 0x1B, 0xEF, 0x3C, 0xE7, 0x28, 0x3A, 
	0x00, 0x00, 0x00, 0x28, 0x00, 0x48, 0x00, 0x38, 0x20, 0x30, 0x00, 0x38, 0x00, 0x38, 0x00, 0x30, 
	0x00, 0x40, 0x20, 0x48, 0x20, 0x30, 0x00, 0x28, 0x20, 0x20, 0x00, 0x08, 0x00, 0x18, 0x00, 0x50, 
	0x46, 0xA9, 0x95, 0xC5, 0x3A, 0xC7, 0x19, 0xD6, 0xD8, 0xCD, 0x17, 0xBE, 0x37, 0xBE, 0x16, 0xBE, 
	0xF7, 0xC5, 0xF7, 0xCD, 0xF7, 0xC5, 0xF7, 0xCD, 0xF7, 0xC5, 0xF7, 0xC5, 0xD7, 0xC5, 0xF7, 0xC5, 
	0xF7, 0xC5, 0xD7, 0xC5, 0xD7, 0xC5, 0xFF, 0xFF, 0x05, 0x00, 0xF7, 0xC5, 0xF7, 0xCD, 0xF7, 0xCD, 
	0xF7, 0xC5, 0xF7, 0xCD, 0xF7, 0xCD, 0xF7, 0xC5, 0xF7, 0xC5, 0xF7, 0xC5, 0xD7, 0xC5, 0xD7, 0xC5, 
	0xD7, 0xC5, 0xFF, 0xFF, 0x05, 0x00, 0xD6, 0xC5, 0xB6, 0xBD, 0xB6, 0xBD, 0xB6, 0xBD, 0xD6, 0xC5, 
	0xFF, 0xFF, 0x03, 0x00, 0xB6, 0xBD, 0x96, 0xBD, 0x95, 0xBD, 0x75, 0xBD, 0x75, 0xB5, 0xFF, 0xFF, 
	0x08, 0x00, 0x75, 0xBD, 0x75, 0xB5, 0x75, 0xB5, 0x75, 0xBD, 0x55, 0xB5, 0x54, 0xB5, 0xFF, 0xFF, 
	0x03, 0x00, 0x34, 0xB5, 0x54, 0xB5, 0x34, 0xAD, 0x55, 0xB5, 0xF8, 0xC5, 0xBB, 0xD6, 0xFF, 0xFF, 
	0x16, 0x00, 0xDB, 0xDE, 0x39, 0xC6, 0xB6, 0xBD, 0x96, 0xBD, 0x55, 0xB5, 0x55, 0xB5, 0x75, 0xBD, 
	0x75, 0xB5, 0x75, 0xBD, 0x75, 0xBD, 0x75, 0xB5, 0x96, 0xBD, 0x18, 0xCE, 0x18, 0xCE, 0x38, 0xCE, 
	0x79, 0xD6, 0x58, 0xD6, 0xF7, 0xC5, 0x95, 0xB5, 0xD3, 0x9C, 0xEF, 0x83, 0x2C, 0x6B, 0x48, 0x4A, 
	0x65, 0x29, 0xA2, 0x18, 0x81, 0x10, 0x61, 0x10, 0x41, 0x08, 0x40, 0x08, 0xFF, 0xFF, 0x84, 0x00, 
	0x00, 0x00, 0xE3, 0x18, 0x34, 0xAD, 0x1B, 0xE7, 0x58, 0xD6, 0xD7, 0xC5, 0xD7, 0xC5, 0xD7, 0xC5, 
	0xF7, 0xC5, 0xD6, 0xC5, 0xB6, 0xC5, 0x59, 0xCE, 0xFF, 0xFF, 0x35, 0x00, 0xDB, 0xDE, 0xD7, 0xB5, 
	0x55, 0xAD, 0xB6, 0xC5, 0x95, 0xBD, 0x95, 0xBD, 0x54, 0xB5, 0x55, 0xB5, 0x95, 0xBD, 0x95, 0xBD, 
	0xD6, 0xC5, 0x38, 0xCE, 0x34, 0xAD, 0x49, 0x52, 0xC3, 0x18, 0xC3, 0x18, 0xC3, 0x18, 0xA3, 0x18, 
	0xA2, 0x10, 0x82, 0x10, 0x61, 0x08, 0x41, 0x08, 0x20, 0x00, 0xFF, 0xFF, 0x89, 0x00, 0x00, 0x00, 
	0x20, 0x00, 0xB2, 0x9C, 0x1C, 0xEF, 0x18, 0xCE, 0xFF, 0xFF, 0x03, 0x00, 0xD7, 0xC5, 0xB6, 0xC5, 
	0xB6, 0xBD, 0x38, 0xCE, 0xFF, 0xFF, 0x29, 0x00, 0xDB, 0xDE, 0xBB, 0xD6, 0x59, 0xCE, 0xD7, 0xB5, 
	0x56, 0xAD, 0x15, 0xA5, 0xF3, 0x9C, 0xF3, 0x9C, 0x34, 0xAD, 0x95, 0xBD, 0x75, 0xBD, 0x55, 0xB5, 
	0x34, 0xB5, 0x34, 0xB5, 0x96, 0xBD, 0x75, 0xB5, 0x54, 0xB5, 0xB6, 0xBD, 0xB6, 0xBD, 0x95, 0xB5, 
	0x75, 0xBD, 0x95, 0xBD, 0x95, 0xBD, 0x75, 0xBD, 0xFF, 0xFF, 0x09, 0x00, 0x96, 0xBD, 0xB6, 0xBD, 
	0xB6, 0xBD, 0xD7, 0xC5, 0xD7, 0xC5, 0xB6, 0xC5, 0xB6, 0xC5, 0xD7, 0xC5, 0xFF, 0xFF, 0x03, 0x00, 
	0xF7, 0xC5, 0xD7, 0xC5, 0xD6, 0xC5, 0xB6, 0xC5, 0xB6, 0xC5, 0xD7, 0xC5, 0xFF, 0xFF, 0x03, 0x00, 
	0xF7, 0xC5, 0xD7, 0xC5, 0xD7, 0xC5, 0xD7, 0xC5, 0xD6, 0xC5, 0xFF, 0xFF, 0x0B, 0x00, 0xD7, 0xC5, 
	0xFF, 0xFF, 0x0A, 0x00, 0xF7, 0xC5, 0xD7, 0xC5, 0xF7, 0xC5, 0x79, 0xDE, 0xFC, 0xEE, 0xF2, 0x94, 
	0x03, 0x11, 0x00, 0x00, 0x00, 0x30, 0x20, 0x48, 0x21, 0x48, 0x20, 0x38, 0x00, 0x38, 0x01, 0x38, 
	0x01, 0x38, 0x00, 0x40, 0x00, 0x40, 0x20, 0x40, 0x40, 0x30, 0x40, 0x20, 0x00, 0x00, 0x00, 0x18, 
	0xEF, 0x9B, 0x1A, 0xD7, 0x79, 0xC6, 0xB8, 0xD5, 0xB7, 0xCD, 0xF7, 0xC5, 0x38, 0xCE, 0x18, 0xCE, 
	0xD7, 0xCD, 0xF7, 0xCD, 0xF7, 0xC5, 0xF7, 0xCD, 0xFF, 0xFF, 0x04, 0x00, 0xF7, 0xC5, 0xD7, 0xC5, 
	0xD7, 0xC5, 0xF7, 0xC5, 0xF7, 0xC5, 0xFF, 0xFF, 0x06, 0x00, 0xD7, 0xC5, 0xF7, 0xC5, 0xF7, 0xC5, 
	0xD7, 0xC5, 0xF7, 0xC5, 0xF7, 0xC5, 0xF7, 0xC5, 0xD7, 0xC5, 0xF7, 0xC5, 0xF7, 0xC5, 0xD7, 0xC5, 
	0xD7, 0xC5, 0xD7, 0xC5, 0xF7, 0xC5, 0xD7, 0xC5, 0xF7, 0xC5, 0xF7, 0xC5, 0xF7, 0xC5, 0xD7, 0xC5, 
	0xFF, 0xFF, 0x04, 0x00, 0xB6, 0xC5, 0xB6, 0xBD, 0xB6, 0xBD, 0xB6, 0xBD, 0xB6, 0xC5, 0x96, 0xC5, 
	0x96, 0xC5, 0x96, 0xC5, 0xFF, 0xFF, 0x07, 0x00, 0x96, 0xBD, 0x95, 0xBD, 0x75, 0xB5, 0x75, 0xB5, 
	0x55, 0xB5, 0x54, 0xB5, 0x55, 0xB5, 0x55, 0xB5, 0x55, 0xB5, 0x34, 0xB5, 0xD7, 0xC5, 0xDB, 0xD6, 
	0xFF, 0xFF, 0x16, 0x00, 0xDB, 0xDE, 0x18, 0xC6, 0xB6, 0xBD, 0xB6, 0xBD, 0x55, 0xB5, 0x55, 0xB5, 
	0x75, 0xBD, 0x75, 0xBD, 0x75, 0xBD, 0x95, 0xBD, 0x96, 0xBD, 0x18, 0xCE, 0xF8, 0xCD, 0x2C, 0x6B, 
	0x65, 0x31, 0x65, 0x29, 0x04, 0x21, 0xE3, 0x18, 0xC3, 0x18, 0xA2, 0x10, 0x61, 0x08, 0x20, 0x00, 
	0xFF, 0xFF, 0x8B, 0x00, 0x00, 0x00, 0xA2, 0x10, 0x91, 0x94, 0x1B, 0xE7, 0x99, 0xDE, 0xD7, 0xC5, 
	0xD7, 0xC5, 0xF7, 0xC5, 0xD7, 0xC5, 0xD7, 0xC5, 0xD7, 0xC5, 0x18, 0xCE, 0xFF, 0xFF, 0x35, 0x00, 
	0xDB, 0xDE, 0xD7, 0xB5, 0x75, 0xB5, 0xD7, 0xC5, 0x96, 0xBD, 0x75, 0xBD, 0x55, 0xB5, 0x95, 0xBD, 
	0x95, 0xBD, 0x75, 0xB5, 0xD6, 0xC5, 0x99, 0xDE, 0x75, 0xB5, 0xC7, 0x41, 0xFF, 0xFF, 0x92, 0x00, 
	0x00, 0x00, 0x20, 0x00, 0x91, 0x94, 0x1C, 0xEF, 0x59, 0xD6, 0xFF, 0xFF, 0x03, 0x00, 0xD7, 0xC5, 
	0xB6, 0xC5, 0xB6, 0xBD, 0x38, 0xC6, 0xFF, 0xFF, 0x29, 0x00, 0xDB, 0xDE, 0xBB, 0xD6, 0x59, 0xCE, 
	0xB7, 0xB5, 0x55, 0xAD, 0x14, 0xA5, 0xD3, 0x9C, 0xD2, 0x94, 0x34, 0xA5, 0x95, 0xBD, 0x75, 0xBD, 
	0x55, 0xB5, 0x34, 0xB5, 0x55, 0xB5, 0x75, 0xBD, 0x55, 0xB5, 0x75, 0xB5, 0xB6, 0xBD, 0x95, 0xB5, 
	0x75, 0xB5, 0x55, 0xBD, 0xFF, 0xFF, 0x03, 0x00, 0x75, 0xBD, 0x96, 0xBD, 0x95, 0xBD, 0x75, 0xBD, 
	0x75, 0xBD, 0x96, 0xBD, 0x96, 0xBD, 0x95, 0xBD, 0x95, 0xBD, 0x96, 0xBD, 0xB6, 0xBD, 0xB6, 0xC5, 
	0xB6, 0xBD, 0xB6, 0xBD, 0xB6, 0xC5, 0xD6, 0xC5, 0xFF, 0xFF, 0x03, 0x00, 0xD7, 0xC5, 0xD6, 0xC5, 
	0xD7, 0xC5, 0xF7, 0xC5, 0xD7, 0xC5, 0xD6, 0xC5, 0xD7, 0xC5, 0xFF, 0xFF, 0x04, 0x00, 0xF7, 0xC5, 
	0xFF, 0xFF, 0x08, 0x00, 0xD7, 0xC5, 0xF7, 0xC5, 0xD7, 0xC5, 0xD7, 0xC5, 0xF7, 0xC5, 0xF7, 0xC5, 
	0xF7, 0xC5, 0xF7, 0xCD, 0xF7, 0xCD, 0xF7, 0xCD, 0x17, 0xCE, 0x18, 0xCE, 0x17, 0xCE, 0x17, 0xCE, 
	0xF7, 0xC5, 0xF7, 0xC5, 0x17, 0xCE, 0x17, 0xCE, 0xF7, 0xCD, 0xF7, 0xCD, 0x17, 0xCE, 0xFC, 0xEE, 
	0x5D, 0xEF, 0x0B, 0x53, 0x00, 0x00, 0x00, 0x10, 0x00, 0x38, 0x00, 0x48, 0x20, 0x40, 0x00, 0x40, 
	0x20, 0x38, 0x00, 0x38, 0x00, 0x38, 0x00, 0x48, 0x00, 0x38, 0x00, 0x28, 0x00, 0x10, 0x00, 0x10, 
	0x0B, 0x6B, 0xD9, 0xCE, 0x1A, 0xD7, 0xD8, 0xCD, 0xF8, 0xD5, 0x18, 0xC6, 0xF7, 0xC5, 0xF7, 0xCD, 
	0xF7, 0xC5, 0xD7, 0xCD, 0xF7, 0xCD, 0x17, 0xCE, 0xF7, 0xC5, 0x17, 0xCE, 0xFF, 0xFF, 0x03, 0x00, 
	0xF7, 0xCD, 0xFF, 0xFF, 0x09, 0x00, 0xF7, 0xC5, 0xFF, 0xFF, 0x05, 0x00, 0xD7, 0xC5, 0xF7, 0xC5, 
	0xD7, 0xC5, 0xD7, 0xC5, 0xFF, 0xFF, 0x04, 0x00, 0xF7, 0xC5, 0xD7, 0xC5, 0xFF, 0xFF, 0x03, 0x00, 
	0xD6, 0xC5, 0xB6, 0xC5, 0xB6, 0xC5, 0xD6, 0xC5, 0xD6, 0xC5, 0xD6, 0xC5, 0xFF, 0xFF, 0x04, 0x00, 
	0xB6, 0xC5, 0x96, 0xBD, 0x96, 0xBD, 0x96, 0xBD, 0x75, 0xBD, 0xFF, 0xFF, 0x06, 0x00, 0x96, 0xBD, 
	0x95, 0xBD, 0x75, 0xBD, 0x75, 0xBD, 0x75, 0xB5, 0x75, 0xBD, 0x75, 0xBD, 0x75, 0xBD, 0x55, 0xB5, 
	0xD7, 0xC5, 0xFF, 0xFF, 0x17, 0x00, 0xDB, 0xDE, 0x18, 0xC6, 0xB6, 0xBD, 0xB6, 0xC5, 0x75, 0xB5, 
	0x55, 0xB5, 0x75, 0xBD, 0x75, 0xB5, 0x75, 0xB5, 0x95, 0xBD, 0x96, 0xBD, 0x79, 0xDE, 0x79, 0xDE, 
	0xA6, 0x39, 0xFF, 0xFF, 0x93, 0x00, 0x00, 0x00, 0x41, 0x08, 0xAE, 0x73, 0x1B, 0xE7, 0xDA, 0xE6, 
	0xD7, 0xC5, 0xD7, 0xC5, 0xD7, 0xC5, 0xF7, 0xC5, 0xF7, 0xC5, 0xD7, 0xC5, 0xF7, 0xC5, 0xFF, 0xFF, 
	0x34, 0x00, 0xDB, 0xDE, 0xDB, 0xD6, 0xB6, 0xB5, 0x54, 0xAD, 0xD7, 0xC5, 0x75, 0xBD, 0x75, 0xB5, 
	0x96, 0xBD, 0x96, 0xBD, 0x75, 0xB5, 0x55, 0xB5, 0xB6, 0xBD, 0x79, 0xDE, 0xF7, 0xCD, 0xAA, 0x5A, 
	0xFF, 0xFF, 0x92, 0x00, 0x00, 0x00, 0x20, 0x00, 0x30, 0x8C, 0x1B, 0xEF, 0x99, 0xDE, 0xF7, 0xC5, 
	0xD7, 0xC5, 0xD7, 0xC5, 0xD6, 0xC5, 0xB6, 0xC5, 0xB6, 0xBD, 0x18, 0xC6, 0xFF, 0xFF, 0x29, 0x00, 
	0xDB, 0xDE, 0xBB, 0xD6, 0x59, 0xCE, 0x96, 0xB5, 0x35, 0xA5, 0xF4, 0x9C, 0xB2, 0x94, 0x91, 0x8C, 
	0x13, 0xA5, 0x96, 0xBD, 0x75, 0xBD, 0x54, 0xB5, 0x55, 0xB5, 0x75, 0xBD, 0x55, 0xB5, 0x75, 0xB5, 
	0x75, 0xBD, 0x75, 0xB5, 0x75, 0xB5, 0xD6, 0xC5, 0xF7, 0xCD, 0xFF, 0xFF, 0x05, 0x00, 0xD7, 0xCD, 
	0xB7, 0xC5, 0xFF, 0xFF, 0x03, 0x00, 0xB6, 0xC5, 0xD6, 0xC5, 0xD7, 0xC5, 0xF7, 0xC5, 0xFF, 0xFF, 
	0x03, 0x00, 0xD7, 0xC5, 0xF7, 0xC5, 0xD7, 0xC5, 0xD6, 0xC5, 0xB6, 0xBD, 0xB6, 0xBD, 0xB6, 0xBD, 
	0xD6, 0xC5, 0xFF, 0xFF, 0x03, 0x00, 0xD7, 0xC5, 0xF7, 0xC5, 0xF7, 0xC5, 0xD7, 0xC5, 0xD7, 0xC5, 
	0xFF, 0xFF, 0x05, 0x00, 0xD6, 0xC5, 0xD7, 0xC5, 0xD7, 0xC5, 0xFF, 0xFF, 0x0A, 0x00, 0xF7, 0xC5, 
	0xF7, 0xCD, 0xFF, 0xFF, 0x04, 0x00, 0xF7, 0xC5, 0x17, 0xCE, 0xF7, 0xC5, 0xF7, 0xC5, 0xF7, 0xC5, 
	0x17, 0xCE, 0x59, 0xD6, 0x1C, 0xEF, 0x17, 0xC6, 0x28, 0x42, 0x00, 0x00, 0x00, 0x08, 0x00, 0x28, 
	0x00, 0x40, 0x20, 0x40, 0x20, 0x40, 0x00, 0x38, 0x00, 0x38, 0x01, 0x30, 0x00, 0x20, 0x00, 0x18, 
	0x00, 0x20, 0xCB, 0x82, 0x99, 0xDE, 0x5C, 0xDF, 0x39, 0xD6, 0x18, 0xD6, 0x58, 0xCE, 0x17, 0xC6, 
	0xF7, 0xC5, 0x17, 0xC6, 0xF7, 0xCD, 0x17, 0xCE, 0x17, 0xC6, 0x17, 0xCE, 0x17, 0xCE, 0x17, 0xCE, 
	0xF7, 0xC5, 0xF7, 0xCD, 0xF7, 0xCD, 0xF7, 0xC5, 0xF7, 0xC5, 0xF7, 0xCD, 0xF7, 0xC5, 0xF7, 0xC5, 
	0xF7, 0xC5, 0x17, 0xCE, 0xFF, 0xFF, 0x05, 0x00, 0xF7, 0xC5, 0xFF, 0xFF, 0x03, 0x00, 0xD7, 0xC5, 
	0xF7, 0xC5, 0xF7, 0xC5, 0xD7, 0xC5, 0xFF, 0xFF, 0x03, 0x00, 0xF7, 0xC5, 0xD7, 0xC5, 0xD7, 0xC5, 
	0xFF, 0xFF, 0x06, 0x00, 0xD6, 0xC5, 0xB6, 0xC5, 0xD6, 0xC5, 0xD6, 0xC5, 0xD6, 0xC5, 0xFF, 0xFF, 
	0x03, 0x00, 0xB6, 0xC5, 0xB6, 0xBD, 0xFF, 0xFF, 0x08, 0x00, 0x96, 0xBD, 0x95, 0xBD, 0x96, 0xBD, 
	0x75, 0xBD, 0x75, 0xB5, 0x75, 0xB5, 0x55, 0xB5, 0x75, 0xBD, 0x55, 0xB5, 0xD7, 0xBD, 0xFF, 0xFF, 
	0x17, 0x00, 0xDB, 0xDE, 0x18, 0xC6, 0x96, 0xBD, 0xD6, 0xC5, 0x95, 0xBD, 0x75, 0xB5, 0xFF, 0xFF, 
	0x04, 0x00, 0x75, 0xBD, 0x79, 0xDE, 0xFB, 0xE6, 0x07, 0x42, 0xFF, 0xFF, 0x18, 0x00, 0x00, 0x00, 
	0x20, 0x00, 0xFF, 0xFF, 0x05, 0x00, 0x00, 0x00, 0x20, 0x00, 0xFF, 0xFF, 0x73, 0x00, 0x00, 0x00, 
	0xAA, 0x5A, 0xDB, 0xE6, 0x1B, 0xEF, 0xF7, 0xCD, 0xD7, 0xC5, 0xF7, 0xC5, 0xF7, 0xC5, 0xF7, 0xC5, 
	0xD7, 0xC5, 0xF7, 0xC5, 0xFF, 0xFF, 0x34, 0x00, 0xDB, 0xDE, 0xDB, 0xD6, 0x96, 0xB5, 0x54, 0xAD, 
	0xD7, 0xC5, 0x75, 0xB5, 0x75, 0xB5, 0x96, 0xBD, 0x75, 0xBD, 0x75, 0xB5, 0x96, 0xBD, 0xD7, 0xC5, 
	0x38, 0xD6, 0x18, 0xCE, 0x0C, 0x6B, 0xFF, 0xFF, 0x93, 0x00, 0x00, 0x00, 0xCE, 0x7B, 0xDB, 0xE6, 
	0x9A, 0xDE, 0xF7, 0xC5, 0xD7, 0xC5, 0xF7, 0xC5, 0xD7, 0xC5, 0xD6, 0xC5, 0xB6, 0xBD, 0x18, 0xC6, 
	0xFF, 0xFF, 0x29, 0x00, 0xDB, 0xDE, 0xBB, 0xD6, 0x59, 0xC6, 0x96, 0xAD, 0x14, 0xA5, 0xD3, 0x9C, 
	0x92, 0x94, 0x71, 0x8C, 0x13, 0xA5, 0x96, 0xBD, 0x75, 0xBD, 0x75, 0xBD, 0x75, 0xBD, 0x55, 0xB5, 
	0x55, 0xB5, 0x75, 0xBD, 0x95, 0xBD, 0x75, 0xBD, 0xD7, 0xC5, 0x59, 0xD6, 0xDB, 0xE6, 0xFF, 0xFF, 
	0x03, 0x00, 0x1C, 0xEF, 0xFB, 0xEE, 0xFB, 0xEE, 0xDB, 0xE6, 0xFB, 0xEE, 0xDB, 0xE6, 0xBA, 0xE6, 
	0xDB, 0xE6, 0xDA, 0xE6, 0xBA, 0xE6, 0x9A, 0xDE, 0x79, 0xDE, 0x79, 0xD6, 0x79, 0xD6, 0x59, 0xD6, 
	0x58, 0xD6, 0x58, 0xD6, 0x38, 0xD6, 0x18, 0xCE, 0xFF, 0xFF, 0x04, 0x00, 0x17, 0xCE, 0xF7, 0xCD, 
	0xFF, 0xFF, 0x03, 0x00, 0xF7, 0xC5, 0xD7, 0xC5, 0xD7, 0xC5, 0xD7, 0xC5, 0xF7, 0xC5, 0xF7, 0xC5, 
	0xF7, 0xC5, 0xD7, 0xC5, 0xF7, 0xC5, 0xF7, 0xC5, 0xF7, 0xCD, 0xF7, 0xCD, 0xFF, 0xFF, 0x04, 0x00, 
	0x17, 0xCE, 0x18, 0xCE, 0x17, 0xCE, 0xF7, 0xC5, 0x17, 0xCE, 0xF7, 0xC5, 0xF7, 0xC5, 0xF7, 0xCD, 
	0x17, 0xCE, 0xF7, 0xC5, 0xF7, 0xC5, 0x17, 0xCE, 0x17, 0xCE, 0xF7, 0xC5, 0xF7, 0xC5, 0x18, 0xCE, 
	0x37, 0xC6, 0x39, 0xD6, 0x3D, 0xF7, 0x38, 0xCE, 0xCA, 0x5A, 0x41, 0x08, 0x00, 0x00, 0x00, 0x10, 
	0x00, 0x28, 0x00, 0x30, 0x00, 0x30, 0x00, 0x18, 0x00, 0x00, 0x00, 0x20, 0xA6, 0x61, 0x70, 0xA4, 
	0xB9, 0xDE, 0x3C, 0xE7, 0x3A, 0xE6, 0xF8, 0xDD, 0x38, 0xC6, 0x37, 0xBE, 0x18, 0xC6, 0x38, 0xCE, 
	0x18, 0xC6, 0x18, 0xCE, 0x58, 0xCE, 0x37, 0xC6, 0x17, 0xC6, 0x17, 0xCE, 0x17, 0xCE, 0xF7, 0xC5, 
	0xF7, 0xC5, 0xFF, 0xFF, 0x03, 0x00, 0xF7, 0xCD, 0xF7, 0xC5, 0xF7, 0xC5, 0x17, 0xCE, 0xFF, 0xFF, 
	0x07, 0x00, 0xF7, 0xC5, 0xFF, 0xFF, 0x06, 0x00, 0xD7, 0xC5, 0xFF, 0xFF, 0x08, 0x00, 0xF7, 0xC5, 
	0xD7, 0xC5, 0xD7, 0xC5, 0xD7, 0xC5, 0xD6, 0xC5, 0xD6, 0xC5, 0xD7, 0xC5, 0xD7, 0xC5, 0xD6, 0xC5, 
	0xB6, 0xC5, 0xD6, 0xC5, 0xD6, 0xC5, 0xB6, 0xC5, 0xB6, 0xBD, 0xFF, 0xFF, 0x04, 0x00, 0x96, 0xBD, 
	0x95, 0xBD, 0xFF, 0xFF, 0x03, 0x00, 0x96, 0xBD, 0x95, 0xBD, 0x75, 0xB5, 0x75, 0xB5, 0x75, 0xB5, 
	0x75, 0xBD, 0x34, 0xB5, 0xB6, 0xBD, 0xFF, 0xFF, 0x17, 0x00, 0xDB, 0xDE, 0x18, 0xC6, 0x75, 0xB5, 
	0xD6, 0xBD, 0xB6, 0xBD, 0x75, 0xB5, 0x75, 0xB5, 0x75, 0xBD, 0x95, 0xBD, 0x75, 0xBD, 0x75, 0xB5, 
	0x59, 0xD6, 0x1C, 0xEF, 0x69, 0x52, 0xFF, 0xFF, 0x1B, 0x00, 0x00, 0x00, 0x20, 0x00, 0xFF, 0xFF, 
	0x77, 0x00, 0x00, 0x00, 0xA6, 0x31, 0x9A, 0xDE, 0x3C, 0xF7, 0x17, 0xCE, 0xF7, 0xC5, 0xF7, 0xC5, 
	0xF7, 0xC5, 0xF7, 0xCD, 0xD7, 0xC5, 0xF7, 0xC5, 0xBB, 0xD6, 0xFF, 0xFF, 0x34, 0x00, 0xDB, 0xDE, 
	0x96, 0xB5, 0x54, 0xAD, 0xD7, 0xC5, 0x75, 0xBD, 0x75, 0xBD, 0x75, 0xBD, 0x96, 0xBD, 0x96, 0xBD, 
	0x75, 0xBD, 0x96, 0xBD, 0x59, 0xD6, 0x59, 0xD6, 0x4D, 0x73, 0xFF, 0xFF, 0x93, 0x00, 0x00, 0x00, 
	0x6D, 0x73, 0xBA, 0xDE, 0xBA, 0xDE, 0xF7, 0xC5, 0xF7, 0xC5, 0xF7, 0xC5, 0xD7, 0xC5, 0xD7, 0xC5, 
	0xB6, 0xBD, 0x18, 0xC6, 0xFF, 0xFF, 0x29, 0x00, 0xDB, 0xDE, 0xBB, 0xD6, 0x59, 0xC6, 0x76, 0xAD, 
	0xF4, 0xA4, 0xB3, 0x94, 0x91, 0x8C, 0x51, 0x8C, 0x13, 0xA5, 0xB6, 0xBD, 0x75, 0xBD, 0x75, 0xB5, 
	0x95, 0xBD, 0x75, 0xBD, 0x75, 0xB5, 0x75, 0xBD, 0x75, 0xBD, 0xF7, 0xC5, 0x18, 0xCE, 0xB2, 0x9C, 
	0xAE, 0x7B, 0xAE, 0x7B, 0x10, 0x8C, 0x51, 0x94, 0x71, 0x94, 0x92, 0x9C, 0xB2, 0x9C, 0xD3, 0xA4, 
	0xF3, 0xA4, 0x34, 0xB5, 0x75, 0xB5, 0x96, 0xBD, 0xD7, 0xC5, 0xF7, 0xC5, 0xF7, 0xCD, 0x18, 0xCE, 
	0x59, 0xD6, 0x79, 0xDE, 0x9A, 0xDE, 0xBA, 0xE6, 0xFB, 0xEE, 0x3C, 0xEF, 0x5D, 0xF7, 0x7D, 0xF7, 
	0xFF, 0xFF, 0x03, 0x00, 0x7D, 0xFF, 0xFF, 0xFF, 0x03, 0x00, 0x9E, 0xFF, 0x7D, 0xF7, 0x7D, 0xF7, 
	0x5C, 0xF7, 0x3C, 0xEF, 0x3C, 0xEF, 0x3C, 0xEF, 0x1B, 0xEF, 0xFB, 0xEE, 0xFB, 0xE6, 0xDA, 0xE6, 
	0xBA, 0xDE, 0xBA, 0xDE, 0x99, 0xDE, 0x99, 0xDE, 0x79, 0xD6, 0x79, 0xD6, 0x79, 0xD6, 0x59, 0xD6, 
	0x58, 0xD6, 0x38, 0xCE, 0x38, 0xCE, 0x38, 0xCE, 0x18, 0xCE, 0x18, 0xCE, 0x38, 0xCE, 0x38, 0xCE, 
	0x18, 0xCE, 0x18, 0xCE, 0x38, 0xCE, 0x18, 0xCE, 0x18, 0xCE, 0x38, 0xCE, 0x17, 0xCE, 0x17, 0xCE, 
	0x79, 0xD6, 0x7E, 0xF7, 0xDC, 0xEE, 0x51, 0x94, 0xCA, 0x42, 0x85, 0x21, 0x61, 0x18, 0x00, 0x08, 
	0x41, 0x18, 0x44, 0x31, 0x69, 0x52, 0xAE, 0x83, 0x17, 0xCE, 0xBE, 0xF7, 0x3C, 0xDF, 0x59, 0xCE, 
	0x18, 0xD6, 0xF8, 0xCD, 0xF7, 0xC5, 0x17, 0xCE, 0x38, 0xCE, 0x18, 0xCE, 0xF8, 0xCD, 0x17, 0xC6, 
	0x37, 0xC6, 0x17, 0xC6, 0x17, 0xC6, 0x17, 0xC6, 0xF7, 0xC5, 0x17, 0xCE, 0xF7, 0xC5, 0x17, 0xCE, 
	0xF7, 0xC5, 0xF7, 0xC5, 0x17, 0xCE, 0x17, 0xCE, 0x17, 0xCE, 0xFF, 0xFF, 0x04, 0x00, 0xF7, 0xC5, 
	0x17, 0xCE, 0xF7, 0xCD, 0xFF, 0xFF, 0x04, 0x00, 0xF7, 0xC5, 0xD7, 0xC5, 0xD7, 0xC5, 0xF7, 0xC5, 
	0xD7, 0xC5, 0xFF, 0xFF, 0x09, 0x00, 0xF7, 0xC5, 0xD7, 0xC5, 0xFF, 0xFF, 0x06, 0x00, 0xD6, 0xC5, 
	0xB6, 0xC5, 0xB6, 0xC5, 0xD6, 0xC5, 0xB6, 0xC5, 0xB6, 0xC5, 0xB6, 0xBD, 0xB6, 0xBD, 0xB6, 0xBD, 
	0x96, 0xBD, 0x95, 0xBD, 0xFF, 0xFF, 0x07, 0x00, 0x96, 0xBD, 0x95, 0xBD, 0x54, 0xB5, 0xB6, 0xBD, 
	0xDB, 0xD6, 0xFF, 0xFF, 0x16, 0x00, 0xDB, 0xDE, 0x59, 0xCE, 0x75, 0xB5, 0xB6, 0xBD, 0xB6, 0xBD, 
	0x95, 0xBD, 0x75, 0xB5, 0x95, 0xBD, 0x96, 0xBD, 0x96, 0xBD, 0x75, 0xBD, 0x18, 0xCE, 0x1B, 0xEF, 
	0xAE, 0x7B, 0xFF, 0xFF, 0x94, 0x00, 0x00, 0x00, 0x03, 0x21, 0x79, 0xD6, 0x5D, 0xF7, 0x17, 0xCE, 
	0xFF, 0xFF, 0x03, 0x00, 0xF7, 0xC5, 0xD7, 0xC5, 0xF7, 0xC5, 0x9A, 0xD6, 0xFF, 0xFF, 0x34, 0x00, 
	0xDB, 0xDE, 0xB6, 0xB5, 0x54, 0xAD, 0xD7, 0xC5, 0x75, 0xBD, 0x75, 0xBD, 0x96, 0xBD, 0xB6, 0xBD, 
	0x96, 0xBD, 0x75, 0xB5, 0x96, 0xBD, 0x38, 0xD6, 0x9A, 0xDE, 0x6D, 0x73, 0xFF, 0xFF, 0x93, 0x00, 
	0x00, 0x00, 0x0B, 0x63, 0x99, 0xDE, 0xBA, 0xE6, 0xF7, 0xC5, 0xD7, 0xC5, 0xF7, 0xC5, 0xF7, 0xC5, 
	0xD7, 0xC5, 0xD6, 0xBD, 0x18, 0xC6, 0xFF, 0xFF, 0x29, 0x00, 0xDB, 0xDE, 0xBB, 0xD6, 0x39, 0xC6, 
	0x76, 0xAD, 0xF4, 0x9C, 0xB3, 0x94, 0x71, 0x8C, 0x51, 0x8C, 0x14, 0xA5, 0xD6, 0xC5, 0x75, 0xBD, 
	0x55, 0xB5, 0x75, 0xBD, 0x96, 0xBD, 0x96, 0xBD, 0x75, 0xBD, 0x95, 0xBD, 0x59, 0xD6, 0x17, 0xCE, 
	0x8A, 0x5A, 0xFF, 0xFF, 0x03, 0x00, 0x00, 0x00, 0x41, 0x08, 0x62, 0x10, 0xA2, 0x18, 0xC3, 0x18, 
	0xE3, 0x20, 0x65, 0x31, 0xA6, 0x39, 0xE7, 0x41, 0x28, 0x4A, 0x69, 0x52, 0xAA, 0x5A, 0xEB, 0x62, 
	0x4D, 0x73, 0x8E, 0x73, 0xCF, 0x7B, 0xEF, 0x83, 0x30, 0x8C, 0x71, 0x94, 0xB2, 0x9C, 0xD3, 0x9C, 
	0xF3, 0xA4, 0xF3, 0xA4, 0xF3, 0xA4, 0x14, 0xAD, 0x34, 0xAD, 0x35, 0xB5, 0x55, 0xAD, 0x55, 0xB5, 
	0x75, 0xB5, 0xB6, 0xBD, 0xD7, 0xC5, 0xD7, 0xC5, 0xF7, 0xC5, 0x17, 0xCE, 0x38, 0xCE, 0x58, 0xD6, 
	0x79, 0xD6, 0x79, 0xD6, 0x99, 0xD6, 0xBA, 0xDE, 0xBA, 0xDE, 0xDB, 0xE6, 0xFB, 0xE6, 0x1B, 0xE7, 
	0x1C, 0xEF, 0x3C, 0xEF, 0x5C, 0xF7, 0x5D, 0xF7, 0x7D, 0xF7, 0x7D, 0xF7, 0x7D, 0xFF, 0x9D, 0xFF, 
	0x9E, 0xFF, 0xBE, 0xFF, 0x9E, 0xFF, 0x9E, 0xFF, 0x9D, 0xFF, 0x7D, 0xF7, 0x7D, 0xF7, 0x5D, 0xF7, 
	0x1C, 0xEF, 0x3B, 0xEF, 0x3B, 0xE7, 0x9D, 0xF7, 0xFE, 0xFF, 0xFE, 0xFF, 0xDD, 0xEF, 0x37, 0xAE, 
	0x71, 0x8C, 0xF0, 0x7B, 0x51, 0x84, 0x54, 0xAD, 0x1A, 0xDF, 0xFE, 0xFF, 0xBE, 0xEF, 0xFB, 0xDE, 
	0x59, 0xD6, 0x58, 0xD6, 0x58, 0xCE, 0x58, 0xC6, 0x38, 0xCE, 0x38, 0xD6, 0x58, 0xCE, 0xF7, 0xCD, 
	0x18, 0xD6, 0x17, 0xCE, 0xF7, 0xC5, 0x17, 0xCE, 0x17, 0xC6, 0x17, 0xCE, 0x17, 0xC6, 0xFF, 0xFF, 
	0x03, 0x00, 0x17, 0xCE, 0xFF, 0xFF, 0x05, 0x00, 0xF7, 0xCD, 0xFF, 0xFF, 0x04, 0x00, 0xF7, 0xC5, 
	0xFF, 0xFF, 0x06, 0x00, 0xD7, 0xC5, 0xF7, 0xC5, 0xD7, 0xC5, 0xD7, 0xC5, 0xF7, 0xC5, 0xD7, 0xC5, 
	0xD6, 0xC5, 0xFF, 0xFF, 0x04, 0x00, 0xD7, 0xC5, 0xF7, 0xC5, 0xD7, 0xC5, 0xFF, 0xFF, 0x04, 0x00, 
	0xD6, 0xC5, 0xD7, 0xC5, 0xD7, 0xC5, 0xD6, 0xC5, 0xD6, 0xC5, 0xD6, 0xC5, 0xB6, 0xC5, 0xB6, 0xC5, 
	0xB6, 0xC5, 0xB6, 0xBD, 0x96, 0xBD, 0x95, 0xBD, 0x96, 0xBD, 0x96, 0xBD, 0x95, 0xBD, 0x96, 0xBD, 
	0xB6, 0xC5, 0x96, 0xBD, 0x96, 0xBD, 0x75, 0xBD, 0x95, 0xBD, 0x96, 0xBD, 0x54, 0xB5, 0xF7, 0xBD, 
	0xFF, 0xFF, 0x17, 0x00, 0xDB, 0xDE, 0xBB, 0xD6, 0xB6, 0xB5, 0xB6, 0xBD, 0xD6, 0xC5, 0x75, 0xBD, 
	0x75, 0xBD, 0x96, 0xBD, 0x96, 0xBD, 0x96, 0xBD, 0x75, 0xBD, 0x17, 0xCE, 0xDB, 0xE6, 0x71, 0x94, 
	0xA2, 0x10, 0xFF, 0xFF, 0x93, 0x00, 0x00, 0x00, 0xC2, 0x18, 0x18, 0xCE, 0x5D, 0xF7, 0x38, 0xCE, 
	0xF7, 0xC5, 0xF7, 0xC5, 0x17, 0xCE, 0xF7, 0xCD, 0xB6, 0xC5, 0xF7, 0xC5, 0x7A, 0xD6, 0xFF, 0xFF, 
	0x34, 0x00, 0xDB, 0xDE, 0xB6, 0xB5, 0x34, 0xAD, 0xF7, 0xC5, 0x96, 0xBD, 0x95, 0xBD, 0x95, 0xBD, 
	0x95, 0xBD, 0x96, 0xBD, 0x96, 0xBD, 0x96, 0xBD, 0xF7, 0xCD, 0x99, 0xDE, 0xCF, 0x7B, 0xFF, 0xFF, 
	0x93, 0x00, 0x00, 0x00, 0xAA, 0x5A, 0x59, 0xD6, 0xDB, 0xE6, 0xF7, 0xCD, 0xD7, 0xC5, 0xF7, 0xC5, 
	0xF7, 0xCD, 0xD7, 0xC5, 0xD7, 0xC5, 0x18, 0xC6, 0xFF, 0xFF, 0x29, 0x00, 0xDB, 0xDE, 0x9A, 0xD6, 
	0x18, 0xC6, 0x75, 0xAD, 0x14, 0x9D, 0xD3, 0x9C, 0x71, 0x8C, 0x50, 0x8C, 0x34, 0xAD, 0xD7, 0xC5, 
	0x75, 0xBD, 0x75, 0xB5, 0x75, 0xBD, 0x75, 0xBD, 0x75, 0xBD, 0x96, 0xBD, 0x96, 0xBD, 0x79, 0xDE, 
	0x38, 0xCE, 0x89, 0x52, 0xFF, 0xFF, 0x1D, 0x00, 0x00, 0x00, 0x41, 0x08, 0x61, 0x08, 0x82, 0x10, 
	0xE3, 0x18, 0x25, 0x29, 0x65, 0x31, 0xA6, 0x39, 0xE7, 0x39, 0x28, 0x4A, 0x69, 0x52, 0xCB, 0x5A, 
	0x0C, 0x63, 0x4D, 0x6B, 0xAE, 0x7B, 0xEF, 0x83, 0x30, 0x8C, 0x71, 0x94, 0x92, 0x94, 0xD2, 0x9C, 
	0x13, 0xA5, 0x54, 0xAD, 0x75, 0xB5, 0xB6, 0xBD, 0xB6, 0xBD, 0xD6, 0xBD, 0xF7, 0xC5, 0xF7, 0xC5, 
	0xF7, 0xC5, 0x38, 0xCE, 0x58, 0xD6, 0x79, 0xD6, 0x99, 0xD6, 0xBA, 0xDE, 0xBA, 0xDE, 0xDA, 0xE6, 
	0xDB, 0xDE, 0xFB, 0xDE, 0xFB, 0xE6, 0x1C, 0xEF, 0x9D, 0xF7, 0xDE, 0xFF, 0xFF, 0xFF, 0x06, 0x00, 
	0xFE, 0xFF, 0xBE, 0xFF, 0x5D, 0xF7, 0x5D, 0xF7, 0x7D, 0xFF, 0x9D, 0xFF, 0x7D, 0xF7, 0x7D, 0xFF, 
	0x9D, 0xFF, 0x7D, 0xFF, 0x5D, 0xF7, 0x5C, 0xF7, 0x3C, 0xF7, 0x1C, 0xF7, 0x1C, 0xEF, 0x1B, 0xE7, 
	0xFB, 0xEE, 0xFB, 0xE6, 0xFB, 0xE6, 0xDA, 0xE6, 0xBA, 0xE6, 0x9A, 0xDE, 0x9A, 0xDE, 0x79, 0xDE, 
	0x59, 0xD6, 0x59, 0xD6, 0x58, 0xD6, 0x38, 0xD6, 0x18, 0xCE, 0x18, 0xCE, 0x17, 0xCE, 0xF7, 0xCD, 
	0xF7, 0xCD, 0xF7, 0xC5, 0xF7, 0xC5, 0xFF, 0xFF, 0x03, 0x00, 0xD7, 0xC5, 0xFF, 0xFF, 0x04, 0x00, 
	0xD6, 0xC5, 0xB6, 0xC5, 0xB6, 0xC5, 0xB6, 0xC5, 0xD6, 0xC5, 0xD6, 0xC5, 0xD7, 0xC5, 0xD7, 0xC5, 
	0xD6, 0xC5, 0xD6, 0xC5, 0xD6, 0xC5, 0xFF, 0xFF, 0x03, 0x00, 0xB6, 0xC5, 0xD6, 0xC5, 0xD7, 0xC5, 
	0xD6, 0xC5, 0xFF, 0xFF, 0x03, 0x00, 0xB6, 0xC5, 0xB6, 0xBD, 0xB6, 0xBD, 0x96, 0xBD, 0x96, 0xBD, 
	0x95, 0xBD, 0xB5, 0xBD, 0x95, 0xBD, 0xFF, 0xFF, 0x03, 0x00, 0x96, 0xBD, 0x95, 0xBD, 0x96, 0xBD, 
	0x96, 0xBD, 0x55, 0xB5, 0x38, 0xC6, 0xFF, 0xFF, 0x18, 0x00, 0xDB, 0xDE, 0xF8, 0xBD, 0xD7, 0xC5, 
	0xD7, 0xC5, 0x96, 0xBD, 0x95, 0xBD, 0x96, 0xBD, 0x96, 0xBD, 0x96, 0xBD, 0x75, 0xBD, 0xF7, 0xCD, 
	0xBA, 0xDE, 0xF3, 0xA4, 0x24, 0x29, 0xFF, 0xFF, 0x93, 0x00, 0x00, 0x00, 0xA2, 0x10, 0x96, 0xBD, 
	0x3C, 0xF7, 0x59, 0xD6, 0x17, 0xC6, 0x17, 0xC6, 0x18, 0xCE, 0xF7, 0xC5, 0xD7, 0xC5, 0xF7, 0xC5, 
	0x79, 0xCE, 0xFF, 0xFF, 0x34, 0x00, 0xDB, 0xDE, 0xB7, 0xB5, 0x34, 0xAD, 0xF7, 0xC5, 0xB6, 0xBD, 
	0x95, 0xBD, 0x95, 0xBD, 0x96, 0xBD, 0x95, 0xBD, 0x96, 0xBD, 0x96, 0xBD, 0xF7, 0xCD, 0xBA, 0xE6, 
	0xEF, 0x83, 0xFF, 0xFF, 0x93, 0x00, 0x00, 0x00, 0x69, 0x52, 0x38, 0xCE, 0xFB, 0xEE, 0x17, 0xCE, 
	0xD7, 0xC5, 0xF7, 0xC5, 0xF7, 0xCD, 0xD7, 0xC5, 0xD7, 0xC5, 0xF8, 0xC5, 0xFF, 0xFF, 0x29, 0x00, 
	0xDB, 0xDE, 0x7A, 0xCE, 0xF8, 0xBD, 0x55, 0xAD, 0x14, 0x9D, 0xD3, 0x9C, 0x51, 0x8C, 0x30, 0x84, 
	0x13, 0xA5, 0xD6, 0xC5, 0x75, 0xBD, 0x75, 0xB5, 0x75, 0xBD, 0x75, 0xBD, 0x75, 0xBD, 0x96, 0xBD, 
	0xB6, 0xC5, 0x99, 0xDE, 0x38, 0xCE, 0x89, 0x52, 0xFF, 0xFF, 0x28, 0x00, 0x00, 0x00, 0x20, 0x00, 
	0x20, 0x00, 0x41, 0x08, 0x41, 0x08, 0x41, 0x08, 0x61, 0x08, 0x61, 0x10, 0x61, 0x10, 0x81, 0x10, 
	0x82, 0x10, 0xFF, 0xFF, 0x04, 0x00, 0xA2, 0x10, 0xA2, 0x18, 0xA2, 0x18, 0xE3, 0x20, 0x04, 0x21, 
	0x45, 0x29, 0xA6, 0x39, 0xE7, 0x41, 0x28, 0x4A, 0x8A, 0x5A, 0xCA, 0x5A, 0xEB, 0x62, 0x2C, 0x6B, 
	0x6D, 0x73, 0xEF, 0x7B, 0x50, 0x94, 0xB2, 0x9C, 0x34, 0xA5, 0x96, 0xB5, 0xB6, 0xBD, 0xB6, 0xB5, 
	0xB6, 0xB5, 0xD7, 0xBD, 0xD7, 0xC5, 0x18, 0xCE, 0x38, 0xCE, 0x59, 0xD6, 0x99, 0xDE, 0x9A, 0xDE, 
	0xBA, 0xDE, 0xBA, 0xE6, 0xDB, 0xE6, 0x1B, 0xE7, 0x1B, 0xE7, 0x3C, 0xEF, 0x3C, 0xF7, 0x3C, 0xEF, 
	0x3C, 0xEF, 0x3C, 0xEF, 0x3C, 0xF7, 0x3D, 0xF7, 0xFF, 0xFF, 0x0D, 0x00, 0x3C, 0xEF, 0x1B, 0xEF, 
	0x1B, 0xEF, 0xFB, 0xEE, 0x1B, 0xEF, 0xFB, 0xE6, 0xFB, 0xE6, 0xDA, 0xE6, 0xBA, 0xDE, 0xBA, 0xDE, 
	0xBA, 0xDE, 0x9A, 0xDE, 0x99, 0xDE, 0x99, 0xDE, 0x79, 0xD6, 0x59, 0xD6, 0x38, 0xD6, 0x38, 0xD6, 
	0xFF, 0xFF, 0x03, 0x00, 0x18, 0xCE, 0xF7, 0xCD, 0xF7, 0xC5, 0xD7, 0xC5, 0xD6, 0xC5, 0xD6, 0xC5, 
	0xD6, 0xC5, 0xB6, 0xC5, 0xB6, 0xBD, 0xB6, 0xBD, 0xB6, 0xC5, 0xB6, 0xC5, 0xB6, 0xBD, 0x96, 0xBD, 
	0x96, 0xBD, 0x96, 0xBD, 0x95, 0xBD, 0x95, 0xBD, 0xB6, 0xBD, 0x75, 0xBD, 0x55, 0xB5, 0x96, 0xBD, 
	0xB6, 0xBD, 0x96, 0xBD, 0x96, 0xBD, 0xB6, 0xC5, 0x75, 0xB5, 0x59, 0xCE, 0xFF, 0xFF, 0x18, 0x00, 
	0xDB, 0xDE, 0x38, 0xC6, 0xD7, 0xC5, 0xD7, 0xC5, 0x96, 0xBD, 0x95, 0xBD, 0x96, 0xBD, 0x95, 0xBD, 
	0x96, 0xBD, 0x96, 0xBD, 0xD7, 0xC5, 0x79, 0xD6, 0x96, 0xBD, 0xA6, 0x39, 0xFF, 0xFF, 0x93, 0x00, 
	0x00, 0x00, 0x82, 0x10, 0x34, 0xAD, 0x3C, 0xF7, 0x99, 0xDE, 0x17, 0xC6, 0x17, 0xC6, 0x18, 0xCE, 
	0x17, 0xCE, 0xF7, 0xCD, 0xF7, 0xC5, 0x59, 0xCE, 0xFF, 0xFF, 0x34, 0x00, 0xDB, 0xDE, 0xB7, 0xB5, 
	0x34, 0xA5, 0xF7, 0xC5, 0xB6, 0xC5, 0x96, 0xBD, 0x96, 0xBD, 0x96, 0xBD, 0x95, 0xBD, 0x75, 0xBD, 
	0x95, 0xBD, 0xF7, 0xCD, 0xDB, 0xE6, 0x10, 0x8C, 0xFF, 0xFF, 0x93, 0x00, 0x00, 0x00, 0x08, 0x42, 
	0x17, 0xCE, 0x1B, 0xEF, 0x17, 0xCE, 0xD7, 0xC5, 0xF7, 0xC5, 0xF7, 0xC5, 0xD7, 0xC5, 0xD7, 0xC5, 
	0xF7, 0xC5, 0xFF, 0xFF, 0x28, 0x00, 0xDB, 0xDE, 0xBB, 0xD6, 0x59, 0xCE, 0xF7, 0xBD, 0x55, 0xAD, 
	0x14, 0xA5, 0xD3, 0x94, 0x51, 0x8C, 0x10, 0x84, 0x13, 0xA5, 0xD6, 0xC5, 0x95, 0xBD, 0xFF, 0xFF, 
	0x03, 0x00, 0x75, 0xBD, 0x96, 0xBD, 0x96, 0xBD, 0x9A, 0xDE, 0x38, 0xCE, 0x48, 0x52, 0xFF, 0xFF, 
	0x42, 0x00, 0x00, 0x00, 0x20, 0x00, 0x40, 0x08, 0x41, 0x08, 0x61, 0x08, 0x81, 0x10, 0x82, 0x10, 
	0x82, 0x10, 0xA2, 0x10, 0xA2, 0x10, 0xC3, 0x18, 0xE3, 0x18, 0xE3, 0x18, 0x04, 0x21, 0x03, 0x21, 
	0x04, 0x21, 0x24, 0x21, 0x24, 0x21, 0x24, 0x21, 0x45, 0x29, 0x85, 0x31, 0xC6, 0x39, 0x28, 0x4A, 
	0x69, 0x52, 0x8A, 0x52, 0xEB, 0x62, 0x4D, 0x6B, 0x8D, 0x73, 0xCF, 0x7B, 0x10, 0x8C, 0x71, 0x8C, 
	0xB2, 0x94, 0xF3, 0x9C, 0x14, 0xA5, 0x75, 0xB5, 0xB6, 0xBD, 0xD6, 0xBD, 0xF7, 0xC5, 0x38, 0xCE, 
	0x59, 0xD6, 0x9A, 0xD6, 0xBA, 0xDE, 0xBA, 0xDE, 0xDA, 0xDE, 0xFB, 0xE6, 0xFB, 0xE6, 0x1B, 0xE7, 
	0xFF, 0xFF, 0x03, 0x00, 0x3C, 0xEF, 0x5C, 0xEF, 0x5C, 0xEF, 0x1B, 0xE7, 0xFB, 0xEE, 0x1C, 0xEF, 
	0x1C, 0xEF, 0x1B, 0xEF, 0xFB, 0xEE, 0xFB, 0xEE, 0xFB, 0xEE, 0xFB, 0xE6, 0xDB, 0xE6, 0xFB, 0xE6, 
	0xFF, 0xFF, 0x03, 0x00, 0xDB, 0xE6, 0xBA, 0xE6, 0xBA, 0xDE, 0x9A, 0xDE, 0x9A, 0xDE, 0x99, 0xDE, 
	0x99, 0xDE, 0x99, 0xDE, 0x79, 0xDE, 0x58, 0xD6, 0x58, 0xD6, 0x59, 0xDE, 0x58, 0xD6, 0x18, 0xCE, 
	0x18, 0xCE, 0xF7, 0xC5, 0x96, 0xBD, 0x75, 0xB5, 0xB6, 0xBD, 0x96, 0xBD, 0x75, 0xBD, 0x96, 0xBD, 
	0xB6, 0xBD, 0x75, 0xB5, 0x79, 0xCE, 0xFF, 0xFF, 0x18, 0x00, 0xDB, 0xDE, 0x38, 0xC6, 0xD7, 0xBD, 
	0xF7, 0xC5, 0x95, 0xBD, 0xB6, 0xBD, 0x95, 0xBD, 0x95, 0xBD, 0x96, 0xBD, 0x96, 0xBD, 0xB6, 0xBD, 
	0x58, 0xD6, 0x79, 0xD6, 0x28, 0x4A, 0xFF, 0xFF, 0x93, 0x00, 0x00, 0x00, 0x41, 0x08, 0x71, 0x94, 
	0x3C, 0xEF, 0xDA, 0xE6, 0x37, 0xCE, 0x38, 0xCE, 0x18, 0xCE, 0x17, 0xCE, 0x17, 0xCE, 0xF7, 0xC5, 
	0x38, 0xCE, 0xFF, 0xFF, 0x34, 0x00, 0xDB, 0xDE, 0xB7, 0xB5, 0x14, 0xA5, 0xD7, 0xC5, 0xB6, 0xC5, 
	0x96, 0xBD, 0x96, 0xBD, 0x96, 0xBD, 0x95, 0xBD, 0x95, 0xBD, 0x96, 0xBD, 0xF7, 0xC5, 0xFB, 0xEE, 
	0x51, 0x8C, 0xFF, 0xFF, 0x93, 0x00, 0x00, 0x00, 0xA6, 0x39, 0xF7, 0xC5, 0x3C, 0xEF, 0x17, 0xCE, 
	0xD7, 0xC5, 0xF7, 0xC5, 0xD7, 0xC5, 0xF7, 0xC5, 0xD7, 0xC5, 0xD7, 0xC5, 0xBB, 0xD6, 0xFF, 0xFF, 
	0x27, 0x00, 0xDB, 0xDE, 0xBB, 0xD6, 0x59, 0xCE, 0xD7, 0xBD, 0x55, 0xAD, 0x14, 0xA5, 0xB3, 0x94, 
	0x30, 0x84, 0x10, 0x84, 0x13, 0xA5, 0xD6, 0xC5, 0x96, 0xBD, 0x95, 0xBD, 0x95, 0xBD, 0x75, 0xBD, 
	0x75, 0xBD, 0x75, 0xBD, 0xB6, 0xC5, 0xBA, 0xE6, 0x18, 0xCE, 0x07, 0x42, 0xFF, 0xFF, 0x22, 0x00, 
	0x00, 0x00, 0x20, 0x00, 0xFF, 0xFF, 0x10, 0x00, 0x00, 0x00, 0x20, 0x00, 0xFF, 0xFF, 0x26, 0x00, 
	0x00, 0x00, 0x20, 0x00, 0x41, 0x08, 0x61, 0x08, 0x62, 0x10, 0x82, 0x10, 0xA2, 0x10, 0xA3, 0x18, 
	0xC3, 0x18, 0xE4, 0x20, 0xE4, 0x20, 0x04, 0x21, 0x24, 0x21, 0x44, 0x29, 0x45, 0x29, 0x65, 0x29, 
	0x65, 0x29, 0x65, 0x29, 0x86, 0x31, 0xA6, 0x31, 0xC7, 0x39, 0x08, 0x42, 0x48, 0x4A, 0x89, 0x52, 
	0xCA, 0x5A, 0xEB, 0x62, 0x2C, 0x6B, 0x8E, 0x73, 0xAF, 0x83, 0xF0, 0x8B, 0x51, 0x94, 0x92, 0x9C, 
	0xD3, 0xA4, 0x14, 0xAD, 0x55, 0xAD, 0x75, 0xB5, 0xD6, 0xC5, 0xF7, 0xC5, 0x38, 0xCE, 0x59, 0xD6, 
	0x99, 0xDE, 0xBA, 0xDE, 0xBA, 0xDE, 0xDA, 0xE6, 0xDB, 0xE6, 0xDB, 0xE6, 0xFB, 0xE6, 0x1B, 0xEF, 
	0x1B, 0xEF, 0xFB, 0xEE, 0xFB, 0xE6, 0xFB, 0xEE, 0xFB, 0xEE, 0xFB, 0xEE, 0xFB, 0xE6, 0x99, 0xD6, 
	0x38, 0xCE, 0xB6, 0xC5, 0x75, 0xBD, 0x96, 0xBD, 0x75, 0xBD, 0x96, 0xBD, 0x95, 0xBD, 0x96, 0xBD, 
	0x75, 0xBD, 0x79, 0xCE, 0xFF, 0xFF, 0x18, 0x00, 0xDB, 0xDE, 0x18, 0xC6, 0xB6, 0xBD, 0xF7, 0xC5, 
	0x96, 0xBD, 0x96, 0xBD, 0x95, 0xBD, 0x95, 0xBD, 0x96, 0xBD, 0x96, 0xBD, 0x96, 0xBD, 0x58, 0xD6, 
	0x1B, 0xEF, 0xAA, 0x5A, 0xFF, 0xFF, 0x94, 0x00, 0x00, 0x00, 0x8D, 0x73, 0x1B, 0xEF, 0x1B, 0xEF, 
	0x38, 0xCE, 0x38, 0xCE, 0x17, 0xC6, 0x17, 0xCE, 0x18, 0xCE, 0xF7, 0xCD, 0x18, 0xC6, 0xFF, 0xFF, 
	0x34, 0x00, 0xDB, 0xDE, 0xB7, 0xB5, 0x14, 0xA5, 0xD7, 0xC5, 0xB6, 0xC5, 0x96, 0xBD, 0x96, 0xBD, 
	0x95, 0xBD, 0x96, 0xBD, 0x96, 0xBD, 0x96, 0xBD, 0xF7, 0xCD, 0x1B, 0xEF, 0x71, 0x94, 0xFF, 0xFF, 
	0x93, 0x00, 0x00, 0x00, 0x44, 0x29, 0xD7, 0xC5, 0x7D, 0xF7, 0x18, 0xCE, 0xD7, 0xC5, 0xF7, 0xC5, 
	0xD7, 0xC5, 0xF7, 0xC5, 0xD7, 0xC5, 0xD6, 0xC5, 0xBB, 0xD6, 0xFF, 0xFF, 0x27, 0x00, 0xDB, 0xDE, 
	0xBB, 0xD6, 0x59, 0xCE, 0xD7, 0xBD, 0x55, 0xAD, 0x14, 0x9D, 0xB3, 0x94, 0x10, 0x84, 0x10, 0x84, 
	0x14, 0xAD, 0xD7, 0xC5, 0xB6, 0xC5, 0x96, 0xBD, 0x96, 0xBD, 0x96, 0xBD, 0x75, 0xBD, 0x75, 0xBD, 
	0xB6, 0xC5, 0xBA, 0xE6, 0x17, 0xCE, 0xA6, 0x39, 0xFF, 0xFF, 0x76, 0x00, 0x00, 0x00, 0x41, 0x08, 
	0x61, 0x10, 0xA2, 0x10, 0xC2, 0x18, 0xE3, 0x18, 0x04, 0x21, 0x24, 0x29, 0x65, 0x29, 0x85, 0x31, 
	0xA6, 0x39, 0xA6, 0x39, 0xC7, 0x39, 0xE7, 0x41, 0x08, 0x42, 0x28, 0x4A, 0x28, 0x4A, 0x49, 0x4A, 
	0x49, 0x4A, 0x49, 0x4A, 0x69, 0x52, 0xAA, 0x5A, 0xCB, 0x5A, 0xEB, 0x62, 0x0C, 0x63, 0x2C, 0x6B, 
	0x6D, 0x73, 0x8E, 0x73, 0x8D, 0x73, 0xCE, 0x7B, 0x54, 0xAD, 0x79, 0xD6, 0xB6, 0xC5, 0x55, 0xB5, 
	0x95, 0xBD, 0xB6, 0xBD, 0x96, 0xBD, 0x96, 0xBD, 0x75, 0xBD, 0x7A, 0xD6, 0xFF, 0xFF, 0x18, 0x00, 
	0xDB, 0xDE, 0x18, 0xC6, 0x96, 0xB5, 0xF7, 0xC5, 0xB6, 0xC5, 0xB6, 0xBD, 0x95, 0xBD, 0x95, 0xBD, 
	0x96, 0xBD, 0x95, 0xBD, 0x95, 0xBD, 0x79, 0xD6, 0x7D, 0xF7, 0xEB, 0x62, 0xFF, 0xFF, 0x94, 0x00, 
	0x00, 0x00, 0x89, 0x52, 0xDB, 0xE6, 0x7D, 0xF7, 0x38, 0xCE, 0x18, 0xCE, 0x17, 0xC6, 0x17, 0xCE, 
	0x37, 0xCE, 0xF7, 0xC5, 0xF7, 0xC5, 0xFF, 0xFF, 0x34, 0x00, 0xDB, 0xDE, 0xD7, 0xBD, 0x14, 0xA5, 
	0xD7, 0xC5, 0xB6, 0xC5, 0x96, 0xBD, 0x75, 0xBD, 0x75, 0xBD, 0x96, 0xBD, 0x96, 0xBD, 0xB6, 0xC5, 
	0xF7, 0xCD, 0x1B, 0xEF, 0x92, 0x9C, 0x41, 0x08, 0xFF, 0xFF, 0x92, 0x00, 0x00, 0x00, 0xC3, 0x18, 
	0xB6, 0xBD, 0x9E, 0xFF, 0x18, 0xCE, 0xD7, 0xC5, 0xF7, 0xC5, 0xD7, 0xC5, 0xD7, 0xC5, 0xF7, 0xC5, 
	0xD6, 0xBD, 0xBB, 0xD6, 0xFF, 0xFF, 0x27, 0x00, 0xDB, 0xDE, 0xBB, 0xD6, 0x59, 0xCE, 0xD7, 0xBD, 
	0x55, 0xAD, 0x14, 0xA5, 0xB3, 0x94, 0x10, 0x84, 0x30, 0x84, 0x34, 0xAD, 0xD7, 0xC5, 0xB6, 0xC5, 
	0x96, 0xBD, 0x96, 0xBD, 0x96, 0xBD, 0x75, 0xBD, 0x75, 0xBD, 0xB6, 0xC5, 0xDA, 0xE6, 0xF7, 0xC5, 
	0x65, 0x31, 0xFF, 0xFF, 0x8F, 0x00, 0x00, 0x00, 0x20, 0x00, 0x20, 0x08, 0x20, 0x00, 0x81, 0x10, 
	0x10, 0x84, 0x1B, 0xEF, 0xD7, 0xC5, 0x75, 0xBD, 0xB6, 0xC5, 0x96, 0xBD, 0x96, 0xBD, 0xB6, 0xBD, 
	0x75, 0xB5, 0x7A, 0xCE, 0xFF, 0xFF, 0x18, 0x00, 0xDB, 0xDE, 0x79, 0xCE, 0x96, 0xB5, 0xF7, 0xC5, 
	0xD6, 0xC5, 0x96, 0xBD, 0x95, 0xBD, 0x95, 0xBD, 0xB6, 0xBD, 0x96, 0xBD, 0x95, 0xBD, 0x79, 0xD6, 
	0x9E, 0xFF, 0x0C, 0x63, 0xFF, 0xFF, 0x94, 0x00, 0x00, 0x00, 0xA6, 0x39, 0x9A, 0xDE, 0x9E, 0xFF, 
	0x38, 0xD6, 0x38, 0xCE, 0x18, 0xCE, 0x17, 0xCE, 0x37, 0xCE, 0xF7, 0xCD, 0x17, 0xC6, 0xFF, 0xFF, 
	0x34, 0x00, 0xDB, 0xDE, 0xF8, 0xBD, 0x14, 0xA5, 0xB6, 0xBD, 0xD7, 0xC5, 0x96, 0xBD, 0x96, 0xBD, 
	0x96, 0xBD, 0xB6, 0xBD, 0xB6, 0xC5, 0xD6, 0xC5, 0xF7, 0xCD, 0xFB, 0xEE, 0xD3, 0xA4, 0x62, 0x10, 
	0xFF, 0xFF, 0x92, 0x00, 0x00, 0x00, 0x81, 0x10, 0x75, 0xB5, 0xBE, 0xFF, 0x38, 0xCE, 0xD7, 0xC5, 
	0xFF, 0xFF, 0x03, 0x00, 0xF7, 0xC5, 0xD6, 0xBD, 0xBB, 0xD6, 0xFF, 0xFF, 0x27, 0x00, 0xDB, 0xDE, 
	0xBB, 0xD6, 0x59, 0xCE, 0xF7, 0xBD, 0x55, 0xAD, 0x14, 0xA5, 0xB3, 0x94, 0x10, 0x7C, 0x30, 0x84, 
	0x54, 0xAD, 0xD7, 0xC5, 0xB6, 0xC5, 0x96, 0xBD, 0x96, 0xBD, 0x96, 0xBD, 0x75, 0xBD, 0x75, 0xBD, 
	0xB6, 0xC5, 0xDB, 0xE6, 0xF7, 0xC5, 0x24, 0x29, 0xFF, 0xFF, 0x93, 0x00, 0x00, 0x00, 0xEF, 0x83, 
	0x7D, 0xF7, 0x17, 0xCE, 0x96, 0xBD, 0xB6, 0xC5, 0x75, 0xBD, 0x96, 0xBD, 0xB6, 0xC5, 0x75, 0xBD, 
	0x79, 0xCE, 0xFF, 0xFF, 0x18, 0x00, 0xDB, 0xDE, 0xBB, 0xD6, 0xB6, 0xB5, 0xF7, 0xC5, 0xD7, 0xCD, 
	0x96, 0xBD, 0x95, 0xBD, 0x96, 0xBD, 0xB6, 0xBD, 0xB6, 0xBD, 0x96, 0xBD, 0x79, 0xD6, 0x7D, 0xF7, 
	0xCF, 0x7B, 0xFF, 0xFF, 0x94, 0x00, 0x00, 0x00, 0xE3, 0x20, 0x38, 0xCE, 0xBE, 0xFF, 0x59, 0xD6, 
	0x38, 0xCE, 0x38, 0xCE, 0x17, 0xCE, 0x37, 0xCE, 0xF7, 0xCD, 0x17, 0xCE, 0xBB, 0xD6, 0xFF, 0xFF, 
	0x33, 0x00, 0xDB, 0xDE, 0xF8, 0xBD, 0x14, 0xA5, 0xB6, 0xBD, 0xD7, 0xC5, 0x96, 0xBD, 0x96, 0xBD, 
	0x96, 0xBD, 0xB6, 0xC5, 0xB6, 0xC5, 0xD7, 0xC5, 0xF7, 0xCD, 0x1C, 0xEF, 0xF4, 0xAC, 0xA2, 0x10, 
	0xFF, 0xFF, 0x92, 0x00, 0x00, 0x00, 0x40, 0x08, 0x54, 0xAD, 0xDE, 0xFF, 0x38, 0xCE, 0xF7, 0xCD, 
	0x17, 0xCE, 0xF7, 0xC5, 0xF7, 0xC5, 0xF7, 0xC5, 0xD6, 0xBD, 0xBB, 0xD6, 0xFF, 0xFF, 0x27, 0x00, 
	0xDB, 0xDE, 0xDB, 0xD6, 0x59, 0xCE, 0xF8, 0xBD, 0x76, 0xAD, 0x14, 0xA5, 0xB2, 0x94, 0xEF, 0x7B, 
	0x30, 0x84, 0x54, 0xAD, 0xD7, 0xC5, 0xB6, 0xC5, 0x95, 0xBD, 0x95, 0xBD, 0x96, 0xBD, 0x96, 0xBD, 
	0x75, 0xBD, 0xB6, 0xC5, 0xFB, 0xEE, 0xF7, 0xC5, 0x03, 0x21, 0xFF, 0xFF, 0x92, 0x00, 0x00, 0x00, 
	0x20, 0x00, 0x71, 0x94, 0x9D, 0xFF, 0x38, 0xCE, 0x96, 0xBD, 0x96, 0xBD, 0x96, 0xBD, 0xB6, 0xBD, 
	0xB6, 0xC5, 0x95, 0xBD, 0x7A, 0xD6, 0xFF, 0xFF, 0x19, 0x00, 0xDB, 0xDE, 0xD7, 0xBD, 0x18, 0xCE, 
	0xF7, 0xCD, 0x95, 0xBD, 0x96, 0xBD, 0xB6, 0xBD, 0xB6, 0xBD, 0xB6, 0xC5, 0x96, 0xBD, 0x38, 0xD6, 
	0x5D, 0xF7, 0x92, 0x94, 0xA3, 0x18, 0xFF, 0xFF, 0x93, 0x00, 0x00, 0x00, 0x82, 0x10, 0xD7, 0xC5, 
	0xBE, 0xFF, 0x59, 0xD6, 0x38, 0xCE, 0x58, 0xCE, 0x38, 0xCE, 0x17, 0xCE, 0xF7, 0xCD, 0x17, 0xCE, 
	0x9A, 0xD6, 0xFF, 0xFF, 0x33, 0x00, 0xDB, 0xDE, 0xB7, 0xB5, 0xF3, 0xA4, 0x96, 0xBD, 0xD7, 0xC5, 
	0x96, 0xBD, 0x96, 0xBD, 0x96, 0xBD, 0xB6, 0xC5, 0xB6, 0xC5, 0xB6, 0xC5, 0xD7, 0xC5, 0x1C, 0xEF, 
	0x34, 0xAD, 0xE3, 0x18, 0xFF, 0xFF, 0x93, 0x00, 0x00, 0x00, 0x13, 0xA5, 0xDE, 0xFF, 0x38, 0xCE, 
	0xF7, 0xCD, 0x18, 0xCE, 0xF7, 0xC5, 0xF7, 0xC5, 0xF7, 0xC5, 0xB6, 0xC5, 0x9A, 0xD6, 0xFF, 0xFF, 
	0x27, 0x00, 0xDB, 0xDE, 0xDB, 0xD6, 0x79, 0xCE, 0xF8, 0xBD, 0x75, 0xAD, 0x14, 0xA5, 0xB2, 0x94, 
	0xEF, 0x7B, 0x30, 0x8C, 0x55, 0xB5, 0xD6, 0xC5, 0xB6, 0xC5, 0x96, 0xBD, 0x75, 0xBD, 0x96, 0xBD, 
	0x96, 0xBD, 0x96, 0xBD, 0xD7, 0xC5, 0x1C, 0xEF, 0xF7, 0xC5, 0xE3, 0x20, 0xFF, 0xFF, 0x92, 0x00, 
	0x00, 0x00, 0xC3, 0x18, 0xB2, 0x9C, 0x5C, 0xF7, 0x38, 0xD6, 0x95, 0xBD, 0xB6, 0xBD, 0xD7, 0xC5, 
	0x96, 0xBD, 0x95, 0xBD, 0x95, 0xBD, 0x9A, 0xD6, 0xFF, 0xFF, 0x19, 0x00, 0xDB, 0xDE, 0xD7, 0xBD, 
	0xF7, 0xC5, 0x18, 0xCE, 0x95, 0xBD, 0x95, 0xBD, 0xB6, 0xBD, 0xD6, 0xC5, 0xB6, 0xC5, 0x96, 0xBD, 
	0x38, 0xCE, 0x1C, 0xEF, 0x55, 0xAD, 0x65, 0x31, 0x00, 0x00, 0x00, 0x00, 0x20, 0x00, 0xFF, 0xFF, 
	0x90, 0x00, 0x00, 0x00, 0x61, 0x10, 0x75, 0xB5, 0x9E, 0xFF, 0x79, 0xDE, 0x38, 0xCE, 0x38, 0xCE, 
	0x38, 0xCE, 0x18, 0xCE, 0x17, 0xCE, 0x17, 0xCE, 0x79, 0xD6, 0xFF, 0xFF, 0x32, 0x00, 0xDB, 0xDE, 
	0x9A, 0xD6, 0xB7, 0xB5, 0xB2, 0x94, 0x75, 0xB5, 0xF7, 0xCD, 0x96, 0xBD, 0x96, 0xBD, 0xFF, 0xFF, 
	0x03, 0x00, 0xB6, 0xC5, 0xD7, 0xC5, 0xFB, 0xEE, 0x55, 0xB5, 0x24, 0x21, 0xFF, 0xFF, 0x93, 0x00, 
	0x00, 0x00, 0xF3, 0x9C, 0xFE, 0xFF, 0x58, 0xD6, 0xF7, 0xC5, 0x17, 0xC6, 0xF7, 0xC5, 0xF7, 0xC5, 
	0xF7, 0xC5, 0xB6, 0xC5, 0x59, 0xCE, 0xFF, 0xFF, 0x28, 0x00, 0xDB, 0xDE, 0x7A, 0xCE, 0x18, 0xC6, 
	0x76, 0xAD, 0x14, 0xA5, 0xB2, 0x94, 0xEF, 0x7B, 0x51, 0x8C, 0x55, 0xB5, 0xD7, 0xC5, 0xB6, 0xC5, 
	0x96, 0xBD, 0x95, 0xBD, 0x96, 0xBD, 0x96, 0xBD, 0xB6, 0xC5, 0xD7, 0xC5, 0x1C, 0xEF, 0xD7, 0xC5, 
	0xC2, 0x18, 0xFF, 0xFF, 0x92, 0x00, 0x00, 0x00, 0x03, 0x21, 0xD3, 0xA4, 0x3C, 0xF7, 0x18, 0xCE, 
	0x96, 0xBD, 0xD6, 0xBD, 0xF7, 0xC5, 0xB6, 0xBD, 0x96, 0xBD, 0x96, 0xBD, 0x9A, 0xD6, 0xFF, 0xFF, 
	0x19, 0x00, 0xDB, 0xDE, 0xB6, 0xB5, 0xD7, 0xC5, 0x18, 0xCE, 0xB6, 0xBD, 0x95, 0xBD, 0xB6, 0xC5, 
	0xD7, 0xC5, 0xB6, 0xC5, 0xB6, 0xBD, 0xF7, 0xCD, 0xDA, 0xE6, 0xD7, 0xBD, 0x08, 0x42, 0xFF, 0xFF, 
	0x93, 0x00, 0x00, 0x00, 0x61, 0x08, 0x14, 0xA5, 0x5D, 0xF7, 0x9A, 0xDE, 0x38, 0xD6, 0x17, 0xCE, 
	0x18, 0xCE, 0x58, 0xD6, 0x38, 0xCE, 0x17, 0xCE, 0x58, 0xCE, 0xFF, 0xFF, 0x32, 0x00, 0xDB, 0xDE, 
	0x9A, 0xCE, 0xB7, 0xB5, 0x92, 0x94, 0x55, 0xB5, 0xF7, 0xCD, 0xB6, 0xBD, 0xB6, 0xBD, 0xB6, 0xC5, 
	0xB6, 0xC5, 0xD6, 0xC5, 0xB6, 0xBD, 0xD7, 0xC5, 0xFB, 0xEE, 0x95, 0xBD, 0x86, 0x31, 0xFF, 0xFF, 
	0x93, 0x00, 0x00, 0x00, 0xF3, 0x9C, 0xFE, 0xFF, 0x79, 0xD6, 0xF7, 0xC5, 0x17, 0xCE, 0xF7, 0xCD, 
	0xF7, 0xC5, 0xF7, 0xCD, 0xB6, 0xC5, 0x38, 0xCE, 0xFF, 0xFF, 0x28, 0x00, 0xDB, 0xDE, 0x9A, 0xD6, 
	0x38, 0xC6, 0x96, 0xB5, 0x34, 0xA5, 0xB2, 0x94, 0xEF, 0x7B, 0x50, 0x8C, 0x75, 0xB5, 0xD7, 0xC5, 
	0xB6, 0xC5, 0x76, 0xBD, 0x96, 0xBD, 0x96, 0xBD, 0xB6, 0xBD, 0xB6, 0xC5, 0xD7, 0xCD, 0x1B, 0xEF, 
	0xB6, 0xBD, 0xA2, 0x18, 0xFF, 0xFF, 0x92, 0x00, 0x00, 0x00, 0x04, 0x21, 0xF3, 0xA4, 0x3C, 0xEF, 
	0x17, 0xCE, 0x96, 0xBD, 0xD6, 0xBD, 0xF7, 0xC5, 0xB6, 0xC5, 0xB6, 0xBD, 0x96, 0xBD, 0x9A, 0xD6, 
	0xFF, 0xFF, 0x19, 0x00, 0xDB, 0xDE, 0xB6, 0xB5, 0xB6, 0xBD, 0x18, 0xCE, 0xB6, 0xC5, 0xB6, 0xBD, 
	0xB6, 0xC5, 0xD7, 0xC5, 0xB6, 0xC5, 0xB6, 0xBD, 0xF7, 0xC5, 0xBA, 0xDE, 0x38, 0xCE, 0x8A, 0x52, 
	0xFF, 0xFF, 0x93, 0x00, 0x00, 0x00, 0x41, 0x08, 0x51, 0x8C, 0x3C, 0xEF, 0xBA, 0xE6, 0x38, 0xD6, 
	0x17, 0xCE, 0x18, 0xCE, 0x38, 0xD6, 0x38, 0xCE, 0x17, 0xCE, 0x38, 0xCE, 0xFF, 0xFF, 0x32, 0x00, 
	0xDB, 0xDE, 0x9A, 0xCE, 0xD7, 0xBD, 0x71, 0x94, 0x34, 0xB5, 0xF7, 0xCD, 0xD6, 0xC5, 0xB6, 0xC5, 
	0xD6, 0xC5, 0xB6, 0xC5, 0xD6, 0xC5, 0xB6, 0xC5, 0xD7, 0xC5, 0xFB, 0xE6, 0xB6, 0xBD, 0xE7, 0x41, 
	0xFF, 0xFF, 0x93, 0x00, 0x00, 0x00, 0xF3, 0x9C, 0xFE, 0xFF, 0x79, 0xD6, 0xF7, 0xC5, 0x17, 0xCE, 
	0x17, 0xCE, 0x17, 0xCE, 0xF7, 0xCD, 0xD6, 0xC5, 0x38, 0xCE, 0xFF, 0xFF, 0x28, 0x00, 0xDB, 0xDE, 
	0xBB, 0xD6, 0x39, 0xC6, 0xB7, 0xB5, 0x34, 0xA5, 0xB2, 0x94, 0xEF, 0x7B, 0x51, 0x8C, 0x75, 0xB5, 
	0xD6, 0xC5, 0x96, 0xC5, 0x96, 0xBD, 0x96, 0xBD, 0xB6, 0xBD, 0xB6, 0xC5, 0xB6, 0xC5, 0xF7, 0xCD, 
	0x1C, 0xEF, 0x95, 0xBD, 0xA2, 0x10, 0xFF, 0xFF, 0x92, 0x00, 0x00, 0x00, 0x24, 0x29, 0x13, 0xAD, 
	0x1C, 0xEF, 0x17, 0xCE, 0xB6, 0xBD, 0xD6, 0xBD, 0xD7, 0xC5, 0xB6, 0xC5, 0xB6, 0xBD, 0x96, 0xBD, 
	0xBA, 0xD6, 0xFF, 0xFF, 0x19, 0x00, 0xDB, 0xDE, 0xD7, 0xBD, 0x96, 0xB5, 0x17, 0xCE, 0xD6, 0xC5, 
	0xFF, 0xFF, 0x03, 0x00, 0xB6, 0xC5, 0xD7, 0xC5, 0xD7, 0xC5, 0x79, 0xDE, 0xBA, 0xDE, 0x0B, 0x63, 
	0xFF, 0xFF, 0x93, 0x00, 0x00, 0x00, 0x20, 0x00, 0xAE, 0x73, 0xFB, 0xE6, 0xFB, 0xEE, 0x38, 0xD6, 
	0x18, 0xCE, 0x38, 0xCE, 0x38, 0xCE, 0x38, 0xCE, 0x17, 0xC6, 0x18, 0xCE, 0xFF, 0xFF, 0x32, 0x00, 
	0xDB, 0xDE, 0x9A, 0xD6, 0xF8, 0xBD, 0x51, 0x8C, 0x34, 0xAD, 0x17, 0xCE, 0xD7, 0xC5, 0xB6, 0xC5, 
	0xD6, 0xC5, 0xB6, 0xC5, 0xD6, 0xC5, 0xB6, 0xC5, 0xD7, 0xC5, 0xDB, 0xE6, 0x17, 0xCE, 0x69, 0x52, 
	0xFF, 0xFF, 0x93, 0x00, 0x00, 0x00, 0xD2, 0x9C, 0xDE, 0xFF, 0x79, 0xD6, 0x17, 0xCE, 0x17, 0xCE, 
	0x18, 0xCE, 0x17, 0xCE, 0xF7, 0xCD, 0xD6, 0xC5, 0x18, 0xCE, 0xFF, 0xFF, 0x28, 0x00, 0xDB, 0xDE, 
	0xBB, 0xD6, 0x39, 0xC6, 0xB7, 0xB5, 0x14, 0xA5, 0xB2, 0x94, 0xEF, 0x7B, 0x71, 0x94, 0x95, 0xBD, 
	0xD6, 0xC5, 0x96, 0xC5, 0x96, 0xBD, 0xB6, 0xBD, 0xB6, 0xC5, 0xD6, 0xC5, 0xB6, 0xC5, 0xF7, 0xCD, 
	0x1C, 0xEF, 0x75, 0xB5, 0x82, 0x10, 0xFF, 0xFF, 0x92, 0x00, 0x00, 0x00, 0x66, 0x31, 0x54, 0xB5, 
	0x1B, 0xEF, 0xF7, 0xCD, 0xB6, 0xBD, 0xD6, 0xBD, 0xD7, 0xC5, 0xD6, 0xC5, 0xB6, 0xBD, 0xB6, 0xBD, 
	0xBB, 0xD6, 0xFF, 0xFF, 0x19, 0x00, 0xDB, 0xDE, 0x18, 0xBE, 0xB6, 0xB5, 0x17, 0xCE, 0xD6, 0xC5, 
	0xD7, 0xC5, 0xD7, 0xC5, 0xB6, 0xC5, 0xB6, 0xC5, 0xD7, 0xC5, 0xB6, 0xC5, 0x59, 0xD6, 0x3C, 0xEF, 
	0x6E, 0x73, 0xFF, 0xFF, 0x94, 0x00, 0x00, 0x00, 0xAA, 0x52, 0xBA, 0xDE, 0x5D, 0xF7, 0x18, 0xCE, 
	0x18, 0xCE, 0x38, 0xCE, 0x38, 0xCE, 0x38, 0xCE, 0x37, 0xCE, 0x17, 0xCE, 0xFF, 0xFF, 0x32, 0x00, 
	0xDB, 0xDE, 0x9A, 0xD6, 0xF8, 0xBD, 0x51, 0x8C, 0x34, 0xAD, 0x38, 0xCE, 0xD7, 0xC5, 0xB6, 0xC5, 
	0xD6, 0xC5, 0xB6, 0xC5, 0xD7, 0xC5, 0xD6, 0xC5, 0xF7, 0xC5, 0xDA, 0xE6, 0x38, 0xCE, 0xCB, 0x5A, 
	0xFF, 0xFF, 0x93, 0x00, 0x00, 0x00, 0xB2, 0x9C, 0xDE, 0xFF, 0x99, 0xDE, 0x18, 0xCE, 0x17, 0xCE, 
	0x17, 0xCE, 0x17, 0xCE, 0xF7, 0xCD, 0xD7, 0xC5, 0x18, 0xCE, 0xFF, 0xFF, 0x28, 0x00, 0xDB, 0xDE, 
	0xBB, 0xD6, 0x59, 0xC6, 0xB7, 0xB5, 0x35, 0xA5, 0xB2, 0x94, 0xEF, 0x7B, 0x71, 0x94, 0xB6, 0xBD, 
	0xD6, 0xC5, 0x96, 0xBD, 0x96, 0xBD, 0xB6, 0xC5, 0xD7, 0xC5, 0xD6, 0xC5, 0xB6, 0xC5, 0x18, 0xCE, 
	0x3C, 0xEF, 0x54, 0xAD, 0x81, 0x10, 0xFF, 0xFF, 0x92, 0x00, 0x00, 0x00, 0xC7, 0x39, 0x76, 0xBD, 
	0xFB, 0xE6, 0xF7, 0xCD, 0xD6, 0xC5, 0xD7, 0xC5, 0xD7, 0xC5, 0xD6, 0xC5, 0xB6, 0xBD, 0xB6, 0xBD, 
	0xBB, 0xD6, 0xFF, 0xFF, 0x19, 0x00, 0xDB, 0xDE, 0x59, 0xCE, 0xD7, 0xBD, 0x18, 0xCE, 0xF7, 0xC5, 
	0xD6, 0xC5, 0xD7, 0xC5, 0xB6, 0xBD, 0xD6, 0xC5, 0xD6, 0xC5, 0xB6, 0xC5, 0x38, 0xD6, 0x7D, 0xF7, 
	0xEF, 0x83, 0xFF, 0xFF, 0x94, 0x00, 0x00, 0x00, 0xA7, 0x39, 0x39, 0xCE, 0x9E, 0xFF, 0x38, 0xCE, 
	0x18, 0xCE, 0x38, 0xCE, 0x18, 0xCE, 0x38, 0xCE, 0x38, 0xCE, 0x17, 0xCE, 0xBB, 0xD6, 0xFF, 0xFF, 
	0x31, 0x00, 0xDB, 0xDE, 0x9A, 0xD6, 0xF8, 0xBD, 0x51, 0x8C, 0x34, 0xAD, 0x38, 0xD6, 0xD7, 0xC5, 
	0xD6, 0xC5, 0xD6, 0xC5, 0xB6, 0xC5, 0xD7, 0xC5, 0xD7, 0xC5, 0xF7, 0xC5, 0xBA, 0xE6, 0x79, 0xD6, 
	0x2C, 0x6B, 0x20, 0x00, 0xFF, 0xFF, 0x92, 0x00, 0x00, 0x00, 0x51, 0x8C, 0x9E, 0xFF, 0xBA, 0xDE, 
	0x18, 0xCE, 0x17, 0xCE, 0xF7, 0xC5, 0x18, 0xCE, 0x17, 0xCE, 0xD7, 0xC5, 0x17, 0xCE, 0xFF, 0xFF, 
	0x28, 0x00, 0xDB, 0xDE, 0xBB, 0xD6, 0x59, 0xCE, 0xD7, 0xBD, 0x35, 0xA5, 0xB2, 0x94, 0xEF, 0x7B, 
	0x91, 0x94, 0xB6, 0xC5, 0xD7, 0xC5, 0x96, 0xC5, 0xB6, 0xBD, 0xD6, 0xC5, 0xD7, 0xC5, 0xD6, 0xC5, 
	0xB6, 0xC5, 0x18, 0xCE, 0x3C, 0xEF, 0x54, 0xAD, 0x81, 0x10, 0xFF, 0xFF, 0x92, 0x00, 0x00, 0x00, 
	0x08, 0x42, 0xB6, 0xBD, 0xFB, 0xE6, 0xF7, 0xCD, 0xD7, 0xC5, 0xD7, 0xC5, 0xD7, 0xC5, 0xB6, 0xC5, 
	0xB6, 0xC5, 0xD6, 0xC5, 0xBB, 0xD6, 0xFF, 0xFF, 0x19, 0x00, 0xDB, 0xDE, 0xBB, 0xD6, 0xF7, 0xBD, 
	0x18, 0xCE, 0x17, 0xCE, 0xD6, 0xC5, 0xB6, 0xC5, 0xD6, 0xC5, 0xD7, 0xC5, 0xD6, 0xBD, 0xD6, 0xC5, 
	0x18, 0xCE, 0x7D, 0xF7, 0x30, 0x8C, 0xFF, 0xFF, 0x94, 0x00, 0x00, 0x00, 0xE3, 0x18, 0xD7, 0xBD, 
	0xDF, 0xFF, 0x59, 0xD6, 0xFF, 0xFF, 0x03, 0x00, 0x38, 0xCE, 0x18, 0xCE, 0xF7, 0xCD, 0xBA, 0xD6, 
	0xFF, 0xFF, 0x31, 0x00, 0xDB, 0xDE, 0x9A, 0xD6, 0x18, 0xBE, 0x51, 0x8C, 0x34, 0xAD, 0x38, 0xD6, 
	0xD7, 0xC5, 0xD6, 0xC5, 0xD6, 0xC5, 0xD6, 0xC5, 0xD7, 0xC5, 0xD7, 0xC5, 0xF7, 0xC5, 0xBA, 0xDE, 
	0x9A, 0xDE, 0x8E, 0x73, 0x20, 0x00, 0xFF, 0xFF, 0x92, 0x00, 0x00, 0x00, 0x0F, 0x84, 0x5C, 0xF7, 
	0xBA, 0xE6, 0x38, 0xCE, 0x17, 0xCE, 0x17, 0xCE, 0x18, 0xCE, 0x17, 0xCE, 0xD7, 0xC5, 0x17, 0xCE, 
	0xFF, 0xFF, 0x28, 0x00, 0xDB, 0xDE, 0xBB, 0xD6, 0x59, 0xCE, 0xD7, 0xBD, 0x35, 0xA5, 0xB2, 0x94, 
	0xEF, 0x7B, 0x92, 0x94, 0xD7, 0xC5, 0xF7, 0xC5, 0xB6, 0xC5, 0xB7, 0xC5, 0xD7, 0xC5, 0xD7, 0xC5, 
	0xD6, 0xC5, 0xB6, 0xC5, 0x18, 0xCE, 0x3C, 0xEF, 0x34, 0xAD, 0x81, 0x10, 0xFF, 0xFF, 0x92, 0x00, 
	0x00, 0x00, 0x49, 0x4A, 0xF7, 0xC5, 0xDB, 0xE6, 0xF7, 0xCD, 0xD7, 0xC5, 0xF7, 0xC5, 0xD7, 0xC5, 
	0xB6, 0xC5, 0xB6, 0xC5, 0xD7, 0xC5, 0xBB, 0xD6, 0xFF, 0xFF, 0x1A, 0x00, 0xDB, 0xDE, 0x38, 0xC6, 
	0x18, 0xCE, 0x18, 0xCE, 0xB6, 0xC5, 0xB6, 0xC5, 0xD6, 0xC5, 0xD6, 0xC5, 0xF7, 0xC5, 0xB6, 0xBD, 
	0x18, 0xCE, 0x3D, 0xF7, 0xD3, 0x9C, 0xC2, 0x18, 0xFF, 0xFF, 0x93, 0x00, 0x00, 0x00, 0x41, 0x08, 
	0x75, 0xAD, 0xFE, 0xFF, 0x7A, 0xD6, 0x38, 0xCE, 0x38, 0xCE, 0x18, 0xCE, 0x18, 0xCE, 0x18, 0xCE, 
	0x17, 0xCE, 0x9A, 0xD6, 0xFF, 0xFF, 0x31, 0x00, 0xDB, 0xDE, 0x9A, 0xD6, 0x18, 0xC6, 0x51, 0x8C, 
	0x14, 0xAD, 0x58, 0xD6, 0xD7, 0xC5, 0xD6, 0xC5, 0xD7, 0xC5, 0xD7, 0xC5, 0xF7, 0xC5, 0xD7, 0xC5, 
	0xD7, 0xC5, 0x99, 0xDE, 0xDA, 0xDE, 0xEF, 0x83, 0x41, 0x08, 0xFF, 0xFF, 0x92, 0x00, 0x00, 0x00, 
	0xAE, 0x7B, 0x1C, 0xEF, 0xDA, 0xE6, 0x38, 0xD6, 0x18, 0xCE, 0x38, 0xCE, 0x18, 0xCE, 0x18, 0xCE, 
	0xF7, 0xC5, 0x18, 0xCE, 0xFF, 0xFF, 0x28, 0x00, 0xDB, 0xDE, 0xBB, 0xD6, 0x59, 0xCE, 0xD7, 0xBD, 
	0x35, 0xA5, 0xB2, 0x94, 0xCF, 0x7B, 0xB2, 0x9C, 0xF7, 0xC5, 0xF7, 0xC5, 0xB6, 0xC5, 0xD7, 0xC5, 
	0xD7, 0xC5, 0xD6, 0xC5, 0xD6, 0xC5, 0xD6, 0xC5, 0x18, 0xCE, 0x1C, 0xEF, 0x13, 0xA5, 0x61, 0x08, 
	0xFF, 0xFF, 0x92, 0x00, 0x00, 0x00, 0x69, 0x52, 0x18, 0xCE, 0xDB, 0xE6, 0xF7, 0xCD, 0xD7, 0xC5, 
	0xD7, 0xC5, 0xD6, 0xC5, 0xD6, 0xC5, 0xB6, 0xC5, 0xD7, 0xC5, 0xBB, 0xDE, 0xFF, 0xFF, 0x1A, 0x00, 
	0xDB, 0xDE, 0x59, 0xCE, 0x38, 0xCE, 0x38, 0xCE, 0xB6, 0xC5, 0xB6, 0xC5, 0xF7, 0xC5, 0xD6, 0xC5, 
	0xF7, 0xC5, 0xB6, 0xC5, 0x18, 0xCE, 0x3C, 0xEF, 0x75, 0xB5, 0x86, 0x31, 0xFF, 0xFF, 0x94, 0x00, 
	0x00, 0x00, 0x34, 0xA5, 0xFE, 0xFF, 0x9A, 0xD6, 0x38, 0xD6, 0x38, 0xCE, 0x38, 0xCE, 0x38, 0xCE, 
	0x18, 0xCE, 0x18, 0xCE, 0x9A, 0xD6, 0xFF, 0xFF, 0x31, 0x00, 0xDB, 0xDE, 0xBB, 0xD6, 0x18, 0xC6, 
	0x71, 0x8C, 0x14, 0xAD, 0x58, 0xD6, 0xF7, 0xC5, 0xD6, 0xC5, 0xD7, 0xC5, 0xD7, 0xC5, 0xF7, 0xC5, 
	0xD7, 0xC5, 0xD7, 0xC5, 0x79, 0xD6, 0xFB, 0xE6, 0x30, 0x8C, 0x41, 0x08, 0xFF, 0xFF, 0x92, 0x00, 
	0x00, 0x00, 0x6D, 0x73, 0xFB, 0xE6, 0xDA, 0xE6, 0x38, 0xD6, 0x38, 0xCE, 0x38, 0xCE, 0x18, 0xCE, 
	0x17, 0xCE, 0xD7, 0xC5, 0x18, 0xCE, 0xFF, 0xFF, 0x28, 0x00, 0xDB, 0xDE, 0xBB, 0xD6, 0x59, 0xCE, 
	0xD7, 0xBD, 0x55, 0xA5, 0xB2, 0x94, 0xCF, 0x7B, 0xB2, 0x9C, 0xF7, 0xCD, 0xF7, 0xC5, 0xB6, 0xC5, 
	0xD7, 0xC5, 0xD7, 0xC5, 0xD6, 0xC5, 0xD6, 0xC5, 0xD6, 0xC5, 0x18, 0xCE, 0x1B, 0xEF, 0xF3, 0xA4, 
	0x61, 0x08, 0xFF, 0xFF, 0x92, 0x00, 0x00, 0x00, 0x8A, 0x52, 0x38, 0xCE, 0xBA, 0xE6, 0xF7, 0xCD, 
	0xD7, 0xC5, 0xF7, 0xC5, 0xD7, 0xC5, 0xD7, 0xC5, 0xB6, 0xC5, 0xD6, 0xC5, 0xBB, 0xDE, 0xFF, 0xFF, 
	0x1A, 0x00, 0xDB, 0xDE, 0x59, 0xCE, 0x18, 0xCE, 0x38, 0xD6, 0xD7, 0xC5, 0xB6, 0xC5, 0xD7, 0xC5, 
	0xD7, 0xC5, 0xF7, 0xC5, 0xD6, 0xC5, 0x18, 0xCE, 0xFB, 0xEE, 0xF7, 0xC5, 0x48, 0x4A, 0xFF, 0xFF, 
	0x94, 0x00, 0x00, 0x00, 0x13, 0xA5, 0xFE, 0xFF, 0x99, 0xDE, 0x38, 0xD6, 0x38, 0xD6, 0x38, 0xD6, 
	0x39, 0xD6, 0x38, 0xD6, 0x38, 0xCE, 0x9A, 0xD6, 0xFF, 0xFF, 0x32, 0x00, 0xDB, 0xDE, 0x59, 0xCE, 
	0x92, 0x94, 0x14, 0xAD, 0x58, 0xD6, 0xF7, 0xC5, 0xD7, 0xC5, 0xFF, 0xFF, 0x04, 0x00, 0xF7, 0xC5, 
	0x79, 0xD6, 0xFB, 0xE6, 0x71, 0x94, 0x61, 0x08, 0xFF, 0xFF, 0x92, 0x00, 0x00, 0x00, 0x0B, 0x63, 
	0x9A, 0xDE, 0xFB, 0xEE, 0x38, 0xD6, 0x18, 0xCE, 0x38, 0xCE, 0x38, 0xCE, 0x18, 0xCE, 0xF7, 0xCD, 
	0x17, 0xCE, 0xBB, 0xD6, 0xFF, 0xFF, 0x27, 0x00, 0xDB, 0xDE, 0xBB, 0xD6, 0x59, 0xCE, 0xD7, 0xBD, 
	0x55, 0xAD, 0xB2, 0x94, 0xCF, 0x7B, 0xD3, 0xA4, 0x18, 0xCE, 0xF7, 0xC5, 0xB6, 0xC5, 0xD6, 0xC5, 
	0xD7, 0xC5, 0xD7, 0xC5, 0xD7, 0xC5, 0xB6, 0xC5, 0x59, 0xD6, 0x3C, 0xF7, 0xD3, 0x9C, 0x61, 0x08, 
	0xFF, 0xFF, 0x92, 0x00, 0x00, 0x00, 0x0B, 0x63, 0x59, 0xD6, 0x9A, 0xDE, 0x18, 0xCE, 0xF7, 0xC5, 
	0xF7, 0xC5, 0xD7, 0xC5, 0xD7, 0xC5, 0xD6, 0xC5, 0xD6, 0xC5, 0xBB, 0xD6, 0xFF, 0xFF, 0x1A, 0x00, 
	0xDB, 0xDE, 0x39, 0xC6, 0xF7, 0xC5, 0x59, 0xD6, 0xD7, 0xC5, 0xB6, 0xC5, 0xF7, 0xC5, 0xF7, 0xC5, 
	0xF7, 0xC5, 0xD7, 0xC5, 0xF7, 0xCD, 0xBA, 0xE6, 0x79, 0xD6, 0x0B, 0x63, 0xFF, 0xFF, 0x94, 0x00, 
	0x00, 0x00, 0x71, 0x94, 0x9E, 0xFF, 0xDA, 0xE6, 0x58, 0xD6, 0x38, 0xD6, 0x58, 0xD6, 0x38, 0xCE, 
	0x39, 0xD6, 0x59, 0xD6, 0x7A, 0xD6, 0xFF, 0xFF, 0x32, 0x00, 0xDB, 0xDE, 0x9A, 0xD6, 0xD3, 0x9C, 
	0x13, 0xA5, 0x38, 0xD6, 0xF7, 0xC5, 0xD6, 0xC5, 0xFF, 0xFF, 0x04, 0x00, 0xF7, 0xC5, 0x58, 0xD6, 
	0x1B, 0xEF, 0xB2, 0x9C, 0x61, 0x10, 0xFF, 0xFF, 0x92, 0x00, 0x00, 0x00, 0xAA, 0x5A, 0x79, 0xD6, 
	0xFB, 0xEE, 0x38, 0xD6, 0x18, 0xCE, 0x38, 0xCE, 0x38, 0xCE, 0x18, 0xCE, 0xF7, 0xCD, 0x17, 0xC6, 
	0xBB, 0xD6, 0xFF, 0xFF, 0x27, 0x00, 0xDB, 0xDE, 0xBB, 0xD6, 0x59, 0xCE, 0xD7, 0xBD, 0x55, 0xA5, 
	0xB2, 0x94, 0xCF, 0x7B, 0xD3, 0xA4, 0x38, 0xCE, 0xF7, 0xC5, 0xFF, 0xFF, 0x03, 0x00, 0xD6, 0xC5, 
	0xD7, 0xC5, 0xD7, 0xC5, 0x59, 0xD6, 0x1C, 0xEF, 0x92, 0x94, 0x61, 0x08, 0xFF, 0xFF, 0x92, 0x00, 
	0x00, 0x00, 0x2C, 0x6B, 0x79, 0xD6, 0x79, 0xDE, 0xF7, 0xCD, 0xF7, 0xC5, 0xD7, 0xC5, 0xD6, 0xC5, 
	0xD7, 0xC5, 0xB6, 0xC5, 0xD7, 0xC5, 0xFF, 0xFF, 0x1B, 0x00, 0xDB, 0xDE, 0x38, 0xC6, 0xD7, 0xBD, 
	0x58, 0xCE, 0xD7, 0xC5, 0xB6, 0xC5, 0xD7, 0xC5, 0xF7, 0xC5, 0xF7, 0xC5, 0xD6, 0xC5, 0xD7, 0xC5, 
	0x99, 0xDE, 0xBA, 0xDE, 0x6D, 0x73, 0xFF, 0xFF, 0x94, 0x00, 0x00, 0x00, 0xAE, 0x7B, 0x1C, 0xEF, 
	0x3C, 0xEF, 0x79, 0xD6, 0x38, 0xD6, 0x38, 0xCE, 0x38, 0xCE, 0x39, 0xD6, 0x39, 0xCE, 0x59, 0xCE, 
	0xFF, 0xFF, 0x32, 0x00, 0xDB, 0xDE, 0x9A, 0xD6, 0xF4, 0xA4, 0xF3, 0xA4, 0x18, 0xCE, 0xF7, 0xC5, 
	0xD6, 0xC5, 0xD7, 0xC5, 0xF7, 0xC5, 0xF7, 0xC5, 0xD7, 0xC5, 0xD7, 0xC5, 0x38, 0xD6, 0x3C, 0xEF, 
	0xF3, 0xA4, 0x61, 0x10, 0xFF, 0xFF, 0x92, 0x00, 0x00, 0x00, 0x69, 0x4A, 0x38, 0xCE, 0x1C, 0xEF, 
	0x38, 0xD6, 0x18, 0xCE, 0x38, 0xCE, 0x38, 0xCE, 0x38, 0xCE, 0xF7, 0xCD, 0x17, 0xC6, 0xBA, 0xD6, 
	0xFF, 0xFF, 0x27, 0x00, 0xDB, 0xDE, 0xDB, 0xD6, 0x59, 0xCE, 0xD7, 0xBD, 0x75, 0xA5, 0xB2, 0x94, 
	0xEF, 0x83, 0xF3, 0xA4, 0x38, 0xCE, 0x17, 0xC6, 0xD6, 0xC5, 0xD7, 0xC5, 0xD6, 0xC5, 0xD6, 0xC5, 
	0xF7, 0xC5, 0xF7, 0xC5, 0x79, 0xD6, 0xDB, 0xE6, 0x51, 0x8C, 0x41, 0x08, 0xFF, 0xFF, 0x92, 0x00, 
	0x00, 0x00, 0x4D, 0x6B, 0x9A, 0xDE, 0x79, 0xDE, 0xF7, 0xCD, 0xFF, 0xFF, 0x03, 0x00, 0xD7, 0xC5, 
	0xD6, 0xC5, 0xF7, 0xC5, 0xFF, 0xFF, 0x1B, 0x00, 0xDB, 0xDE, 0x18, 0xC6, 0xB6, 0xB5, 0x38, 0xCE, 
	0xD7, 0xC5, 0xD6, 0xC5, 0xD7, 0xC5, 0xF7, 0xC5, 0xF7, 0xC5, 0xD6, 0xC5, 0xB6, 0xC5, 0x59, 0xD6, 
	0x1B, 0xE7, 0xCE, 0x7B, 0xFF, 0xFF, 0x94, 0x00, 0x00, 0x00, 0xAA, 0x5A, 0x99, 0xD6, 0x9D, 0xFF, 
	0x9A, 0xDE, 0x38, 0xD6, 0x38, 0xD6, 0x58, 0xD6, 0x59, 0xD6, 0x38, 0xCE, 0x59, 0xCE, 0xFF, 0xFF, 
	0x32, 0x00, 0xDB, 0xDE, 0xBB, 0xD6, 0x34, 0xA5, 0xF3, 0xA4, 0x18, 0xCE, 0xF7, 0xCD, 0xFF, 0xFF, 
	0x05, 0x00, 0xD7, 0xC5, 0x18, 0xCE, 0x5C, 0xF7, 0x54, 0xAD, 0x81, 0x10, 0x00, 0x00, 0x20, 0x00, 
	0xFF, 0xFF, 0x90, 0x00, 0x00, 0x00, 0x07, 0x42, 0xD7, 0xC5, 0x3C, 0xF7, 0x59, 0xD6, 0x18, 0xCE, 
	0x38, 0xCE, 0x38, 0xCE, 0x38, 0xCE, 0xF7, 0xCD, 0x17, 0xC6, 0x9A, 0xD6, 0xFF, 0xFF, 0x27, 0x00, 
	0xDB, 0xDE, 0xDB, 0xD6, 0x59, 0xCE, 0xD7, 0xBD, 0x75, 0xA5, 0xB2, 0x94, 0xEF, 0x83, 0xF4, 0xAC, 
	0x38, 0xCE, 0x17, 0xC6, 0xD6, 0xC5, 0xD7, 0xC5, 0xD6, 0xC5, 0xD6, 0xC5, 0xF7, 0xC5, 0xF7, 0xCD, 
	0x79, 0xDE, 0xDB, 0xE6, 0x10, 0x84, 0x41, 0x08, 0xFF, 0xFF, 0x92, 0x00, 0x00, 0x00, 0x6D, 0x73, 
	0xBA, 0xDE, 0x59, 0xD6, 0xD7, 0xC5, 0xD6, 0xC5, 0xF7, 0xC5, 0xF7, 0xC5, 0xF7, 0xC5, 0xD6, 0xC5, 
	0xF7, 0xC5, 0xFF, 0xFF, 0x1B, 0x00, 0xDB, 0xDE, 0x39, 0xC6, 0x96, 0xB5, 0x18, 0xCE, 0xF7, 0xCD, 
	0xD7, 0xC5, 0xD7, 0xC5, 0xF7, 0xC5, 0xF7, 0xC5, 0xD7, 0xC5, 0xB6, 0xC5, 0x38, 0xCE, 0x5C, 0xF7, 
	0x50, 0x8C, 0xFF, 0xFF, 0x94, 0x00, 0x00, 0x00, 0xE7, 0x41, 0x17, 0xC6, 0xBE, 0xFF, 0xBA, 0xDE, 
	0xFF, 0xFF, 0x03, 0x00, 0x59, 0xD6, 0x38, 0xCE, 0x38, 0xCE, 0xBB, 0xDE, 0xFF, 0xFF, 0x31, 0x00, 
	0xDB, 0xDE, 0xBB, 0xD6, 0x35, 0xA5, 0xF3, 0xA4, 0xF7, 0xCD, 0xF7, 0xCD, 0xD7, 0xC5, 0xD7, 0xC5, 
	0xB6, 0xC5, 0xD7, 0xC5, 0xD7, 0xC5, 0xD7, 0xC5, 0x18, 0xCE, 0x5D, 0xF7, 0x75, 0xB5, 0x81, 0x10, 
	0xFF, 0xFF, 0x92, 0x00, 0x00, 0x00, 0x86, 0x31, 0x96, 0xBD, 0x7D, 0xFF, 0x59, 0xD6, 0x18, 0xCE, 
	0x18, 0xCE, 0x38, 0xCE, 0x38, 0xCE, 0x17, 0xCE, 0x17, 0xCE, 0x9A, 0xD6, 0xFF, 0xFF, 0x28, 0x00, 
	0xDB, 0xDE, 0x7A, 0xCE, 0xF8, 0xBD, 0x75, 0xAD, 0xB2, 0x94, 0xF0, 0x83, 0x14, 0xAD, 0x38, 0xD6, 
	0xF7, 0xC5, 0xD6, 0xC5, 0xF7, 0xC5, 0xD7, 0xC5, 0xF7, 0xC5, 0xD7, 0xC5, 0xF7, 0xC5, 0x9A, 0xDE, 
	0xDB, 0xE6, 0xEF, 0x83, 0x41, 0x08, 0xFF, 0xFF, 0x92, 0x00, 0x00, 0x00, 0x8E, 0x73, 0xDB, 0xE6, 
	0x59, 0xD6, 0xD7, 0xC5, 0xD7, 0xC5, 0xF7, 0xC5, 0xF7, 0xC5, 0xF7, 0xCD, 0xD6, 0xC5, 0xF7, 0xC5, 
	0xFF, 0xFF, 0x1B, 0x00, 0xDB, 0xDE, 0x7A, 0xCE, 0xB6, 0xB5, 0xF7, 0xC5, 0x18, 0xCE, 0xF7, 0xCD, 
	0xF7, 0xC5, 0xF7, 0xC5, 0xF7, 0xC5, 0xD7, 0xC5, 0xD6, 0xC5, 0x17, 0xCE, 0x7D, 0xF7, 0xD2, 0x9C, 
	0x40, 0x08, 0xFF, 0xFF, 0x93, 0x00, 0x00, 0x00, 0x03, 0x21, 0x95, 0xB5, 0xDE, 0xFF, 0xBA, 0xDE, 
	0x58, 0xD6, 0x79, 0xD6, 0x59, 0xD6, 0x58, 0xD6, 0x38, 0xCE, 0x38, 0xCE, 0xBB, 0xDE, 0xFF, 0xFF, 
	0x31, 0x00, 0xDB, 0xDE, 0xBB, 0xD6, 0x55, 0xA5, 0xF3, 0xA4, 0xF7, 0xC5, 0xF7, 0xCD, 0xD7, 0xCD, 
	0xD7, 0xCD, 0xFF, 0xFF, 0x03, 0x00, 0xD7, 0xC5, 0xF7, 0xCD, 0x5D, 0xF7, 0x75, 0xB5, 0x82, 0x10, 
	0xFF, 0xFF, 0x92, 0x00, 0x00, 0x00, 0x24, 0x21, 0x55, 0xB5, 0x9E, 0xFF, 0x79, 0xDE, 0x18, 0xCE, 
	0x18, 0xCE, 0x38, 0xCE, 0x38, 0xCE, 0x18, 0xCE, 0x17, 0xCE, 0x9A, 0xD6, 0xFF, 0xFF, 0x28, 0x00, 
	0xDB, 0xDE, 0x9A, 0xD6, 0x18, 0xC6, 0x96, 0xAD, 0xB3, 0x94, 0x10, 0x84, 0x34, 0xAD, 0x38, 0xD6, 
	0xF7, 0xC5, 0xD6, 0xC5, 0xF7, 0xC5, 0xF7, 0xCD, 0xF7, 0xC5, 0xD7, 0xC5, 0xD7, 0xC5, 0xBA, 0xE6, 
	0xDB, 0xE6, 0xAE, 0x7B, 0x20, 0x00, 0xFF, 0xFF, 0x92, 0x00, 0x00, 0x00, 0xCE, 0x7B, 0x1B, 0xEF, 
	0x59, 0xD6, 0xD7, 0xC5, 0xF7, 0xC5, 0xF7, 0xC5, 0xD7, 0xC5, 0xF7, 0xC5, 0xB6, 0xC5, 0x17, 0xC6, 
	0xFF, 0xFF, 0x1B, 0x00, 0xDB, 0xDE, 0xBB, 0xD6, 0xD7, 0xB5, 0xF7, 0xC5, 0x38, 0xCE, 0xF7, 0xCD, 
	0xF7, 0xC5, 0xF7, 0xC5, 0xD7, 0xC5, 0xD7, 0xC5, 0xD7, 0xC5, 0xF7, 0xCD, 0x5C, 0xF7, 0x34, 0xAD, 
	0xC2, 0x18, 0xFF, 0xFF, 0x93, 0x00, 0x00, 0x00, 0x41, 0x08, 0xF3, 0x9C, 0xFE, 0xFF, 0xDA, 0xDE, 
	0x38, 0xCE, 0x59, 0xD6, 0x59, 0xD6, 0x58, 0xD6, 0x38, 0xD6, 0x38, 0xD6, 0xBB, 0xD6, 0xFF, 0xFF, 
	0x31, 0x00, 0xDB, 0xDE, 0x9A, 0xD6, 0x55, 0xAD, 0xF3, 0xA4, 0xD7, 0xC5, 0x18, 0xCE, 0xF7, 0xCD, 
	0xFF, 0xFF, 0x04, 0x00, 0xD7, 0xC5, 0xF7, 0xCD, 0x5D, 0xF7, 0x96, 0xBD, 0xA2, 0x10, 0xFF, 0xFF, 
	0x92, 0x00, 0x00, 0x00, 0xC3, 0x18, 0x14, 0xAD, 0xBE, 0xFF, 0x9A, 0xDE, 0x18, 0xCE, 0x18, 0xCE, 
	0x18, 0xCE, 0x38, 0xCE, 0x18, 0xCE, 0x17, 0xC6, 0x9A, 0xD6, 0xFF, 0xFF, 0x28, 0x00, 0xDB, 0xDE, 
	0x9A, 0xD6, 0x39, 0xC6, 0x96, 0xB5, 0xB3, 0x94, 0x30, 0x84, 0x55, 0xAD, 0x58, 0xD6, 0xF7, 0xC5, 
	0xD6, 0xC5, 0xF7, 0xC5, 0xF7, 0xCD, 0xF7, 0xC5, 0xD7, 0xC5, 0xD7, 0xC5, 0xBA, 0xE6, 0xBA, 0xE6, 
	0x6D, 0x73, 0x20, 0x00, 0xFF, 0xFF, 0x92, 0x00, 0x00, 0x00, 0xEF, 0x83, 0x3C, 0xEF, 0x59, 0xD6, 
	0xD7, 0xC5, 0xF7, 0xC5, 0xF7, 0xC5, 0xD7, 0xC5, 0xD7, 0xC5, 0xB6, 0xBD, 0x17, 0xCE, 0xFF, 0xFF, 
	0x1C, 0x00, 0xDB, 0xDE, 0xF7, 0xBD, 0xD7, 0xBD, 0x59, 0xD6, 0xF7, 0xCD, 0xF7, 0xC5, 0xF7, 0xC5, 
	0xD7, 0xC5, 0xD7, 0xC5, 0xD7, 0xC5, 0x17, 0xCE, 0x1C, 0xEF, 0xD6, 0xBD, 0xA6, 0x31, 0xFF, 0xFF, 
	0x94, 0x00, 0x00, 0x00, 0x71, 0x8C, 0xFE, 0xFF, 0xFB, 0xE6, 0x58, 0xD6, 0x59, 0xD6, 0x79, 0xD6, 
	0x79, 0xD6, 0x59, 0xD6, 0x38, 0xCE, 0x9A, 0xD6, 0xFF, 0xFF, 0x31, 0x00, 0xDB, 0xDE, 0x9A, 0xCE, 
	0x75, 0xAD, 0xF3, 0x9C, 0xD7, 0xC5, 0x18, 0xCE, 0xF7, 0xCD, 0xFF, 0xFF, 0x03, 0x00, 0xF7, 0xC5, 
	0xD7, 0xC5, 0xF7, 0xCD, 0x5D, 0xF7, 0xD6, 0xC5, 0xC3, 0x18, 0xFF, 0xFF, 0x92, 0x00, 0x00, 0x00, 
	0x82, 0x10, 0xF3, 0xA4, 0xBF, 0xFF, 0x9A, 0xDE, 0x18, 0xCE, 0x38, 0xCE, 0x38, 0xCE, 0x38, 0xD6, 
	0x38, 0xCE, 0x17, 0xC6, 0x99, 0xD6, 0xFF, 0xFF, 0x28, 0x00, 0xDB, 0xDE, 0xBA, 0xD6, 0x59, 0xC6, 
	0xB7, 0xB5, 0xB3, 0x94, 0x31, 0x8C, 0x55, 0xB5, 0x58, 0xD6, 0xF7, 0xC5, 0xD7, 0xC5, 0xF7, 0xC5, 
	0xF7, 0xC5, 0xD7, 0xC5, 0xD7, 0xC5, 0xF7, 0xC5, 0xBA, 0xE6, 0x9A, 0xDE, 0x2C, 0x6B, 0xFF, 0xFF, 
	0x93, 0x00, 0x00, 0x00, 0x0F, 0x84, 0x5C, 0xF7, 0x79, 0xDE, 0xD7, 0xC5, 0xD7, 0xC5, 0xF7, 0xC5, 
	0xD7, 0xC5, 0xD7, 0xC5, 0xB6, 0xBD, 0x18, 0xCE, 0xFF, 0xFF, 0x1C, 0x00, 0xDB, 0xDE, 0x38, 0xC6, 
	0xF7, 0xC5, 0x59, 0xD6, 0xF7, 0xCD, 0xF7, 0xC5, 0xF7, 0xC5, 0xD7, 0xC5, 0xD7, 0xC5, 0xD7, 0xC5, 
	0x17, 0xCE, 0xFB, 0xE6, 0x58, 0xCE, 0x8A, 0x52, 0xFF, 0xFF, 0x94, 0x00, 0x00, 0x00, 0x51, 0x8C, 
	0xFE, 0xFF, 0x1C, 0xE7, 0x59, 0xD6, 0x79, 0xD6, 0x79, 0xDE, 0x79, 0xDE, 0x59, 0xD6, 0x38, 0xCE, 
	0x9A, 0xD6, 0xFF, 0xFF, 0x31, 0x00, 0xDB, 0xDE, 0x9A, 0xCE, 0x76, 0xAD, 0x13, 0x9D, 0xD6, 0xBD, 
	0x18, 0xD6, 0xF7, 0xCD, 0xD7, 0xC5, 0xD7, 0xC5, 0xD7, 0xC5, 0xF7, 0xCD, 0xF7, 0xC5, 0xF7, 0xCD, 
	0x7D, 0xF7, 0xF7, 0xC5, 0x03, 0x21, 0xFF, 0xFF, 0x92, 0x00, 0x00, 0x00, 0x61, 0x08, 0xD3, 0x9C, 
	0xDF, 0xFF, 0x7A, 0xDE, 0x18, 0xCE, 0x38, 0xCE, 0x39, 0xCE, 0x38, 0xCE, 0x18, 0xCE, 0x18, 0xCE, 
	0x9A, 0xD6, 0xFF, 0xFF, 0x28, 0x00, 0xDB, 0xDE, 0xBB, 0xD6, 0x59, 0xCE, 0xB7, 0xB5, 0xB3, 0x94, 
	0x31, 0x8C, 0x55, 0xB5, 0x38, 0xD6, 0xF7, 0xC5, 0xF7, 0xC5, 0xF7, 0xC5, 0xD7, 0xC5, 0xD7, 0xC5, 
	0xF7, 0xC5, 0xF7, 0xCD, 0xDA, 0xE6, 0x79, 0xDE, 0xEB, 0x62, 0xFF, 0xFF, 0x93, 0x00, 0x00, 0x00, 
	0x30, 0x8C, 0x7D, 0xF7, 0x59, 0xD6, 0xFF, 0xFF, 0x03, 0x00, 0xF7, 0xC5, 0xF6, 0xC5, 0xB5, 0xBD, 
	0x18, 0xC6, 0xFF, 0xFF, 0x1C, 0x00, 0xDB, 0xDE, 0x7A, 0xCE, 0xF7, 0xC5, 0x59, 0xD6, 0xF7, 0xC5, 
	0xD7, 0xC5, 0xF7, 0xC5, 0xF7, 0xC5, 0xD7, 0xC5, 0xF7, 0xC5, 0x17, 0xCE, 0xDB, 0xE6, 0xBA, 0xDE, 
	0x4C, 0x6B, 0xFF, 0xFF, 0x94, 0x00, 0x00, 0x00, 0x30, 0x84, 0xFE, 0xFF, 0xFB, 0xE6, 0x79, 0xD6, 
	0x99, 0xDE, 0x79, 0xD6, 0x58, 0xD6, 0x59, 0xD6, 0x38, 0xD6, 0x79, 0xD6, 0xFF, 0xFF, 0x31, 0x00, 
	0xDB, 0xDE, 0x9A, 0xD6, 0x96, 0xB5, 0x14, 0xA5, 0xB6, 0xBD, 0x18, 0xD6, 0xF7, 0xCD, 0xD7, 0xC5, 
	0xD7, 0xC5, 0xF7, 0xC5, 0xD7, 0xC5, 0xF7, 0xC5, 0xF7, 0xCD, 0x7D, 0xF7, 0x38, 0xCE, 0x44, 0x29, 
	0xFF, 0xFF, 0x93, 0x00, 0x00, 0x00, 0x71, 0x94, 0xFE, 0xFF, 0x99, 0xDE, 0x18, 0xCE, 0x58, 0xCE, 
	0x58, 0xCE, 0x38, 0xCE, 0x18, 0xCE, 0x18, 0xCE, 0x9A, 0xD6, 0xFF, 0xFF, 0x28, 0x00, 0xDB, 0xDE, 
	0xBB, 0xD6, 0x59, 0xCE, 0xB7, 0xB5, 0xB3, 0x94, 0x51, 0x8C, 0x75, 0xB5, 0x58, 0xD6, 0xF7, 0xCD, 
	0xF7, 0xC5, 0xF7, 0xC5, 0xD7, 0xC5, 0xF7, 0xC5, 0xD6, 0xC5, 0xF7, 0xCD, 0x1B, 0xEF, 0x79, 0xDE, 
	0x8A, 0x52, 0xFF, 0xFF, 0x93, 0x00, 0x00, 0x00, 0x51, 0x8C, 0x7D, 0xF7, 0x58, 0xD6, 0xF7, 0xC5, 
	0xF7, 0xC5, 0xF7, 0xC5, 0x17, 0xCE, 0xF7, 0xC5, 0x95, 0xBD, 0x38, 0xCE, 0xFF, 0xFF, 0x1C, 0x00, 
	0xDB, 0xDE, 0xDB, 0xD6, 0x18, 0xC6, 0x59, 0xD6, 0xF7, 0xCD, 0xD7, 0xC5, 0xF7, 0xC5, 0xF7, 0xC5, 
	0xD7, 0xC5, 0xF7, 0xC5, 0x17, 0xCE, 0x9A, 0xDE, 0x1B, 0xEF, 0x30, 0x8C, 0x20, 0x08, 0xFF, 0xFF, 
	0x93, 0x00, 0x00, 0x00, 0x8E, 0x73, 0xBE, 0xFF, 0x5C, 0xEF, 0x79, 0xDE, 0x59, 0xD6, 0x79, 0xD6, 
	0x59, 0xD6, 0x59, 0xD6, 0x38, 0xD6, 0x59, 0xD6, 0xBB, 0xDE, 0xFC, 0xDE, 0xFF, 0xFF, 0x2F, 0x00, 
	0xDB, 0xDE, 0x9A, 0xD6, 0xB7, 0xB5, 0x34, 0xA5, 0x96, 0xBD, 0x18, 0xD6, 0xF7, 0xCD, 0xD7, 0xC5, 
	0xD7, 0xC5, 0xF7, 0xCD, 0xF7, 0xC5, 0xF7, 0xC5, 0x17, 0xCE, 0x5C, 0xF7, 0x38, 0xCE, 0x65, 0x31, 
	0xFF, 0xFF, 0x93, 0x00, 0x00, 0x00, 0x31, 0x8C, 0xFE, 0xFF, 0x9A, 0xDE, 0x18, 0xCE, 0x58, 0xCE, 
	0x58, 0xCE, 0x38, 0xCE, 0x38, 0xD6, 0x38, 0xCE, 0x9A, 0xD6, 0xFF, 0xFF, 0x28, 0x00, 0xDB, 0xDE, 
	0xBB, 0xD6, 0x7A, 0xCE, 0xD7, 0xB5, 0xD3, 0x9C, 0x71, 0x94, 0x75, 0xB5, 0x38, 0xD6, 0xF7, 0xCD, 
	0xD7, 0xC5, 0xD7, 0xC5, 0xF7, 0xC5, 0xF7, 0xC5, 0xD6, 0xC5, 0xF7, 0xCD, 0x3C, 0xEF, 0x59, 0xD6, 
	0x49, 0x4A, 0xFF, 0xFF, 0x93, 0x00, 0x00, 0x00, 0x71, 0x94, 0x9D, 0xFF, 0x38, 0xD6, 0xF7, 0xC5, 
	0xF7, 0xC5, 0xF7, 0xC5, 0x17, 0xCE, 0xF7, 0xC5, 0xB5, 0xBD, 0x38, 0xCE, 0xFF, 0xFF, 0x1D, 0x00, 
	0xDB, 0xDE, 0x38, 0xC6, 0x59, 0xD6, 0x18, 0xCE, 0xD7, 0xC5, 0xF7, 0xC5, 0xD7, 0xC5, 0xF7, 0xC5, 
	0x17, 0xC6, 0xF7, 0xC5, 0x79, 0xDE, 0x5C, 0xF7, 0xB2, 0x9C, 0x41, 0x08, 0xFF, 0xFF, 0x93, 0x00, 
	0x00, 0x00, 0xEB, 0x62, 0x1C, 0xE7, 0x9D, 0xF7, 0x79, 0xDE, 0x59, 0xD6, 0x79, 0xDE, 0x79, 0xD6, 
	0x59, 0xD6, 0x58, 0xD6, 0x58, 0xD6, 0xBA, 0xD6, 0xFB, 0xDE, 0xFF, 0xFF, 0x2F, 0x00, 0xDB, 0xDE, 
	0x9A, 0xD6, 0xB7, 0xB5, 0x34, 0xA5, 0x96, 0xB5, 0x18, 0xD6, 0xF7, 0xCD, 0xD7, 0xC5, 0xD7, 0xC5, 
	0xF7, 0xC5, 0xF7, 0xC5, 0xF7, 0xC5, 0x17, 0xCE, 0x5C, 0xF7, 0x59, 0xD6, 0xC6, 0x39, 0xFF, 0xFF, 
	0x93, 0x00, 0x00, 0x00, 0x10, 0x84, 0xFE, 0xFF, 0xBA, 0xE6, 0x38, 0xCE, 0x58, 0xCE, 0x59, 0xCE, 
	0x38, 0xCE, 0x38, 0xD6, 0x39, 0xCE, 0x9A, 0xD6, 0xFF, 0xFF, 0x28, 0x00, 0xDB, 0xDE, 0xBB, 0xD6, 
	0x7A, 0xCE, 0xD8, 0xBD, 0xD3, 0x9C, 0x91, 0x94, 0x95, 0xBD, 0x38, 0xD6, 0xF7, 0xCD, 0xD7, 0xC5, 
	0xF7, 0xC5, 0xF7, 0xC5, 0xF7, 0xC5, 0xD6, 0xC5, 0xF7, 0xCD, 0x1C, 0xEF, 0x38, 0xD6, 0x08, 0x42, 
	0xFF, 0xFF, 0x93, 0x00, 0x00, 0x00, 0x91, 0x94, 0xBE, 0xFF, 0x38, 0xD6, 0xD7, 0xC5, 0xF7, 0xC5, 
	0xF7, 0xC5, 0xF7, 0xC5, 0xD7, 0xC5, 0xB6, 0xBD, 0x38, 0xCE, 0xFF, 0xFF, 0x1D, 0x00, 0xDB, 0xDE, 
	0x38, 0xC6, 0x38, 0xCE, 0x18, 0xCE, 0xF7, 0xC5, 0xD7, 0xC5, 0xD7, 0xC5, 0xF7, 0xC5, 0x17, 0xC6, 
	0xF7, 0xC5, 0x58, 0xD6, 0x7D, 0xFF, 0xF3, 0xAC, 0x41, 0x08, 0xFF, 0xFF, 0x93, 0x00, 0x00, 0x00, 
	0x08, 0x42, 0x58, 0xCE, 0xBE, 0xFF, 0x9A, 0xDE, 0x79, 0xD6, 0x99, 0xDE, 0x79, 0xD6, 0x79, 0xD6, 
	0x59, 0xD6, 0x59, 0xD6, 0x9A, 0xD6, 0xFB, 0xDE, 0xFF, 0xFF, 0x2F, 0x00, 0xDB, 0xDE, 0x9A, 0xD6, 
	0xD7, 0xBD, 0x34, 0xA5, 0x96, 0xB5, 0x18, 0xCE, 0x17, 0xCE, 0xD7, 0xC5, 0xF7, 0xC5, 0x17, 0xCE, 
	0x17, 0xCE, 0xF7, 0xC5, 0x17, 0xCE, 0x3C, 0xEF, 0x99, 0xDE, 0x28, 0x4A, 0xFF, 0xFF, 0x93, 0x00, 
	0x00, 0x00, 0x10, 0x84, 0xFE, 0xFF, 0xDB, 0xE6, 0x38, 0xD6, 0x58, 0xCE, 0x58, 0xCE, 0x58, 0xD6, 
	0x39, 0xD6, 0x39, 0xCE, 0x9A, 0xD6, 0xFF, 0xFF, 0x28, 0x00, 0xDB, 0xDE, 0xBB, 0xD6, 0x7A, 0xCE, 
	0xF8, 0xBD, 0xD3, 0x9C, 0x92, 0x94, 0x95, 0xBD, 0x38, 0xD6, 0xF7, 0xCD, 0xD7, 0xC5, 0xD7, 0xC5, 
	0xF7, 0xC5, 0xF7, 0xC5, 0xD7, 0xC5, 0xF7, 0xCD, 0x3C, 0xF7, 0x18, 0xCE, 0xE7, 0x41, 0xFF, 0xFF, 
	0x93, 0x00, 0x00, 0x00, 0xB2, 0x9C, 0xBE, 0xFF, 0x38, 0xD6, 0xD7, 0xC5, 0x17, 0xCE, 0x18, 0xC6, 
	0xF7, 0xC5, 0xD7, 0xC5, 0xB6, 0xBD, 0x38, 0xCE, 0xFF, 0xFF, 0x1D, 0x00, 0xDB, 0xDE, 0x39, 0xC6, 
	0x18, 0xCE, 0x18, 0xCE, 0xF7, 0xC5, 0xD7, 0xC5, 0xD7, 0xC5, 0x17, 0xCE, 0x17, 0xC6, 0xF7, 0xC5, 
	0x38, 0xD6, 0x9E, 0xFF, 0x75, 0xB5, 0x61, 0x10, 0xFF, 0xFF, 0x93, 0x00, 0x00, 0x00, 0x24, 0x21, 
	0x75, 0xAD, 0xFE, 0xFF, 0xDB, 0xE6, 0xFF, 0xFF, 0x04, 0x00, 0x79, 0xD6, 0x59, 0xD6, 0x9A, 0xD6, 
	0xFB, 0xDE, 0xFF, 0xFF, 0x2F, 0x00, 0xDB, 0xDE, 0xBB, 0xD6, 0x18, 0xBE, 0x55, 0xAD, 0x76, 0xB5, 
	0x18, 0xCE, 0xF7, 0xCD, 0xD7, 0xC5, 0xF7, 0xC5, 0x17, 0xCE, 0x17, 0xCE, 0xF7, 0xCD, 0x17, 0xCE, 
	0x1C, 0xEF, 0xBA, 0xDE, 0xAA, 0x5A, 0xFF, 0xFF, 0x93, 0x00, 0x00, 0x00, 0xF0, 0x83, 0xFE, 0xFF, 
	0xFB, 0xEE, 0x58, 0xD6, 0x58, 0xD6, 0x78, 0xCE, 0x58, 0xD6, 0x39, 0xD6, 0x39, 0xCE, 0x9A, 0xD6, 
	0xFF, 0xFF, 0x28, 0x00, 0xDB, 0xDE, 0xBB, 0xD6, 0x7A, 0xCE, 0xD7, 0xBD, 0xD3, 0x9C, 0xB2, 0x94, 
	0x95, 0xBD, 0x38, 0xD6, 0xF8, 0xCD, 0xD7, 0xC5, 0xF7, 0xC5, 0xF7, 0xC5, 0xF7, 0xC5, 0xD7, 0xC5, 
	0x17, 0xCE, 0x5C, 0xF7, 0xF7, 0xCD, 0x86, 0x31, 0xFF, 0xFF, 0x92, 0x00, 0x00, 0x00, 0x20, 0x00, 
	0xD2, 0x9C, 0xDE, 0xFF, 0x38, 0xD6, 0xD7, 0xC5, 0x17, 0xCE, 0x18, 0xCE, 0xF7, 0xC5, 0xF6, 0xC5, 
	0xB6, 0xC5, 0x58, 0xCE, 0xFF, 0xFF, 0x1D, 0x00, 0xDB, 0xDE, 0x38, 0xC6, 0xF7, 0xC5, 0x18, 0xCE, 
	0xF8, 0xCD, 0xF7, 0xC5, 0xF7, 0xC5, 0x17, 0xCE, 0x17, 0xC6, 0xF7, 0xC5, 0x38, 0xD6, 0x9E, 0xFF, 
	0xD6, 0xC5, 0xA2, 0x18, 0xFF, 0xFF, 0x93, 0x00, 0x00, 0x00, 0x41, 0x08, 0xB2, 0x94, 0xFE, 0xFF, 
	0xFB, 0xE6, 0x59, 0xD6, 0xFF, 0xFF, 0x03, 0x00, 0x79, 0xD6, 0x59, 0xD6, 0x9A, 0xD6, 0xFF, 0xFF, 
	0x31, 0x00, 0xDB, 0xDE, 0x59, 0xCE, 0x76, 0xAD, 0x76, 0xB5, 0x18, 0xCE, 0x17, 0xCE, 0xF7, 0xC5, 
	0xF7, 0xC5, 0x17, 0xC6, 0x17, 0xCE, 0xF7, 0xC5, 0xF7, 0xCD, 0xFB, 0xEE, 0xDA, 0xE6, 0x4C, 0x6B, 
	0x20, 0x00, 0xFF, 0xFF, 0x92, 0x00, 0x00, 0x00, 0xEF, 0x83, 0xFE, 0xFF, 0xFB, 0xEE, 0x58, 0xD6, 
	0x79, 0xD6, 0x79, 0xD6, 0x59, 0xD6, 0x38, 0xD6, 0x39, 0xCE, 0x7A, 0xD6, 0xFF, 0xFF, 0x28, 0x00, 
	0xDB, 0xDE, 0xBB, 0xD6, 0x7A, 0xCE, 0xD7, 0xB5, 0xD3, 0x94, 0xD2, 0x9C, 0x96, 0xBD, 0x18, 0xCE, 
	0xF8, 0xCD, 0xF7, 0xC5, 0xF7, 0xC5, 0x17, 0xCE, 0x17, 0xC6, 0xF7, 0xC5, 0x18, 0xCE, 0x7D, 0xF7, 
	0xD7, 0xC5, 0x44, 0x29, 0xFF, 0xFF, 0x92, 0x00, 0x00, 0x00, 0x61, 0x08, 0x13, 0xA5, 0xDE, 0xFF, 
	0x38, 0xD6, 0xD7, 0xC5, 0x17, 0xCE, 0x38, 0xCE, 0xF7, 0xC5, 0xF7, 0xC5, 0xD6, 0xC5, 0x59, 0xCE, 
	0xFF, 0xFF, 0x1D, 0x00, 0xDB, 0xDE, 0x38, 0xC6, 0xD6, 0xC5, 0x18, 0xCE, 0x17, 0xCE, 0xF7, 0xC5, 
	0xF7, 0xC5, 0xF7, 0xC5, 0x17, 0xC6, 0x17, 0xCE, 0x38, 0xD6, 0x7D, 0xF7, 0x38, 0xCE, 0x44, 0x29, 
	0xFF, 0xFF, 0x94, 0x00, 0x00, 0x00, 0xEF, 0x7B, 0xFE, 0xFF, 0x3C, 0xEF, 0x59, 0xD6, 0x99, 0xD6, 
	0x99, 0xD6, 0x79, 0xD6, 0x79, 0xD6, 0x59, 0xD6, 0x9A, 0xD6, 0xFF, 0xFF, 0x31, 0x00, 0xDB, 0xDE, 
	0x7A, 0xCE, 0xB6, 0xB5, 0x96, 0xB5, 0x18, 0xCE, 0x18, 0xCE, 0xF7, 0xC5, 0xF7, 0xC5, 0x17, 0xC6, 
	0x17, 0xC6, 0x17, 0xCE, 0x17, 0xCE, 0xDB, 0xE6, 0xFB, 0xE6, 0xCF, 0x7B, 0x41, 0x08, 0xFF, 0xFF, 
	0x92, 0x00, 0x00, 0x00, 0xAE, 0x7B, 0xBE, 0xFF, 0xFB, 0xEE, 0x58, 0xD6, 0x79, 0xD6, 0x79, 0xD6, 
	0x59, 0xD6, 0x38, 0xD6, 0x38, 0xCE, 0x79, 0xD6, 0xFF, 0xFF, 0x28, 0x00, 0xDB, 0xDE, 0xBB, 0xD6, 
	0x7A, 0xCE, 0xD7, 0xB5, 0xD3, 0x94, 0xD3, 0x9C, 0xB6, 0xBD, 0x18, 0xCE, 0xF8, 0xCD, 0xF7, 0xC5, 
	0xF7, 0xC5, 0xF7, 0xC5, 0x17, 0xC6, 0xF7, 0xC5, 0x38, 0xCE, 0x7D, 0xFF, 0xB6, 0xC5, 0xE3, 0x20, 
	0xFF, 0xFF, 0x92, 0x00, 0x00, 0x00, 0xA2, 0x10, 0x54, 0xAD, 0xBE, 0xFF, 0x38, 0xD6, 0xF7, 0xC5, 
	0x18, 0xCE, 0x38, 0xCE, 0x17, 0xCE, 0xF7, 0xC5, 0xD6, 0xC5, 0x79, 0xCE, 0xFF, 0xFF, 0x1D, 0x00, 
	0xDB, 0xDE, 0x18, 0xC6, 0xB6, 0xBD, 0x38, 0xCE, 0x17, 0xCE, 0xF7, 0xC5, 0xF7, 0xC5, 0xF7, 0xC5, 
	0x17, 0xC6, 0x17, 0xCE, 0x38, 0xD6, 0x3C, 0xEF, 0x79, 0xD6, 0x69, 0x52, 0xFF, 0xFF, 0x94, 0x00, 
	0x00, 0x00, 0x8E, 0x73, 0xFE, 0xFF, 0x5D, 0xEF, 0x79, 0xD6, 0x99, 0xD6, 0xBA, 0xDE, 0x99, 0xD6, 
	0x79, 0xD6, 0x59, 0xD6, 0x79, 0xD6, 0xDB, 0xD6, 0xFF, 0xFF, 0x30, 0x00, 0xDB, 0xDE, 0x9A, 0xCE, 
	0xB6, 0xB5, 0x96, 0xB5, 0x38, 0xCE, 0x17, 0xCE, 0x17, 0xC6, 0xF7, 0xC5, 0x17, 0xC6, 0x18, 0xCE, 
	0x18, 0xCE, 0x17, 0xCE, 0xDA, 0xE6, 0x1B, 0xEF, 0x30, 0x8C, 0x61, 0x08, 0xFF, 0xFF, 0x92, 0x00, 
	0x00, 0x00, 0x8D, 0x73, 0x7D, 0xF7, 0x1C, 0xEF, 0x79, 0xD6, 0x58, 0xD6, 0x79, 0xD6, 0x79, 0xD6, 
	0x58, 0xD6, 0x38, 0xCE, 0x59, 0xD6, 0xFF, 0xFF, 0x28, 0x00, 0xDB, 0xDE, 0xBB, 0xD6, 0x79, 0xCE, 
	0xD7, 0xB5, 0xD3, 0x9C, 0xF3, 0x9C, 0xB6, 0xBD, 0x18, 0xCE, 0xF7, 0xCD, 0xF7, 0xC5, 0x17, 0xCE, 
	0xF7, 0xC5, 0x17, 0xC6, 0x17, 0xC6, 0x38, 0xCE, 0x7D, 0xFF, 0x96, 0xBD, 0xC3, 0x18, 0xFF, 0xFF, 
	0x92, 0x00, 0x00, 0x00, 0xE3, 0x18, 0x75, 0xB5, 0x9E, 0xFF, 0x38, 0xD6, 0xF7, 0xCD, 0x17, 0xCE, 
	0x38, 0xCE, 0x17, 0xCE, 0xF7, 0xCD, 0xD6, 0xC5, 0x79, 0xD6, 0xFF, 0xFF, 0x1D, 0x00, 0xDB, 0xDE, 
	0x18, 0xC6, 0xB6, 0xBD, 0x59, 0xD6, 0xF8, 0xCD, 0xF7, 0xC5, 0xF7, 0xCD, 0x17, 0xCE, 0xF7, 0xC5, 
	0x17, 0xCE, 0x38, 0xCE, 0xFB, 0xEE, 0xFB, 0xE6, 0x8D, 0x73, 0x20, 0x00, 0xFF, 0xFF, 0x93, 0x00, 
	0x00, 0x00, 0x2C, 0x63, 0xFE, 0xFF, 0x7D, 0xF7, 0x9A, 0xD6, 0x99, 0xD6, 0x99, 0xD6, 0x99, 0xD6, 
	0x79, 0xD6, 0x79, 0xD6, 0x79, 0xD6, 0xDB, 0xD6, 0xFF, 0xFF, 0x30, 0x00, 0xDB, 0xDE, 0x9A, 0xD6, 
	0x96, 0xB5, 0x75, 0xB5, 0x38, 0xCE, 0x38, 0xCE, 0xF7, 0xC5, 0xF7, 0xC5, 0x17, 0xC6, 0x18, 0xCE, 
	0x18, 0xCE, 0x18, 0xCE, 0xDA, 0xE6, 0x1C, 0xEF, 0x71, 0x94, 0x82, 0x10, 0xFF, 0xFF, 0x8F, 0x00, 
	0x00, 0x00, 0x20, 0x00, 0x00, 0x00, 0x00, 0x00, 0x4D, 0x6B, 0x5D, 0xF7, 0x3C, 0xF7, 0x99, 0xDE, 
	0x59, 0xD6, 0x79, 0xD6, 0x79, 0xD6, 0x59, 0xD6, 0x38, 0xCE, 0x59, 0xD6, 0xBB, 0xD6, 0xFB, 0xDE, 
	0xFF, 0xFF, 0x26, 0x00, 0xDB, 0xDE, 0xBA, 0xD6, 0x79, 0xCE, 0xD7, 0xB5, 0xD3, 0x9C, 0x13, 0xA5, 
	0xD6, 0xC5, 0x18, 0xCE, 0xF7, 0xCD, 0xF7, 0xC5, 0x17, 0xCE, 0xF7, 0xC5, 0x17, 0xC6, 0x17, 0xC6, 
	0x38, 0xCE, 0x9D, 0xFF, 0x95, 0xBD, 0xA2, 0x18, 0xFF, 0xFF, 0x92, 0x00, 0x00, 0x00, 0x04, 0x21, 
	0x95, 0xB5, 0x9D, 0xFF, 0x38, 0xD6, 0xF7, 0xCD, 0x17, 0xCE, 0x38, 0xCE, 0x17, 0xCE, 0xF7, 0xCD, 
	0xD7, 0xC5, 0x7A, 0xD6, 0xFF, 0xFF, 0x1D, 0x00, 0xDB, 0xDE, 0x38, 0xC6, 0xB6, 0xBD, 0x59, 0xD6, 
	0xF7, 0xCD, 0xD7, 0xC5, 0xF7, 0xCD, 0x18, 0xCE, 0x17, 0xCE, 0xF7, 0xC5, 0x18, 0xCE, 0xDB, 0xE6, 
	0x3C, 0xEF, 0x71, 0x94, 0x61, 0x08, 0xFF, 0xFF, 0x93, 0x00, 0x00, 0x00, 0xEB, 0x5A, 0xDE, 0xFF, 
	0x9E, 0xF7, 0xBA, 0xDE, 0x9A, 0xDE, 0x99, 0xD6, 0x99, 0xD6, 0x99, 0xDE, 0x79, 0xD6, 0x79, 0xD6, 
	0xDB, 0xD6, 0xFB, 0xDE, 0xFF, 0xFF, 0x2F, 0x00, 0xDB, 0xDE, 0x9A, 0xD6, 0x75, 0xAD, 0x75, 0xB5, 
	0x38, 0xD6, 0x38, 0xCE, 0xF7, 0xC5, 0x17, 0xC6, 0x38, 0xCE, 0x18, 0xCE, 0x18, 0xCE, 0x18, 0xCE, 
	0xBA, 0xE6, 0x3C, 0xEF, 0xD3, 0x9C, 0xA2, 0x10, 0xFF, 0xFF, 0x8F, 0x00, 0x00, 0x00, 0x20, 0x00, 
	0x00, 0x00, 0x00, 0x00, 0x0B, 0x63, 0x3C, 0xEF, 0x5D, 0xF7, 0x99, 0xDE, 0x79, 0xD6, 0x79, 0xD6, 
	0x59, 0xD6, 0x58, 0xD6, 0x38, 0xD6, 0x58, 0xCE, 0xBA, 0xD6, 0xFB, 0xDE, 0xFF, 0xFF, 0x26, 0x00, 
	0xDB, 0xDE, 0xBA, 0xD6, 0x59, 0xCE, 0xD7, 0xB5, 0xD3, 0x9C, 0x14, 0xA5, 0xD6, 0xC5, 0x17, 0xCE, 
	0xF7, 0xCD, 0xF7, 0xC5, 0xF7, 0xC5, 0xF7, 0xC5, 0x17, 0xCE, 0x17, 0xCE, 0x38, 0xD6, 0x9D, 0xFF, 
	0x54, 0xAD, 0x61, 0x08, 0xFF, 0xFF, 0x92, 0x00, 0x00, 0x00, 0x45, 0x29, 0xB6, 0xBD, 0x7D, 0xF7, 
	0x58, 0xD6, 0x17, 0xCE, 0x17, 0xCE, 0xF7, 0xCD, 0x17, 0xCE, 0xF7, 0xCD, 0xD7, 0xC5, 0x9A, 0xD6, 
	0xDC, 0xDE, 0xFF, 0xFF, 0x1C, 0x00, 0xDB, 0xDE, 0x39, 0xC6, 0xD7, 0xBD, 0x59, 0xD6, 0x18, 0xCE, 
	0xF7, 0xC5, 0xF7, 0xCD, 0x18, 0xCE, 0x17, 0xC6, 0x17, 0xCE, 0x18, 0xCE, 0x99, 0xDE, 0x7D, 0xF7, 
	0x55, 0xAD, 0x82, 0x10, 0xFF, 0xFF, 0x93, 0x00, 0x00, 0x00, 0x89, 0x52, 0x5C, 0xEF, 0xBE, 0xFF, 
	0xFB, 0xE6, 0x9A, 0xDE, 0x79, 0xD6, 0x99, 0xD6, 0x99, 0xD6, 0x79, 0xD6, 0x79, 0xD6, 0xBA, 0xD6, 
	0xFF, 0xFF, 0x30, 0x00, 0xDB, 0xDE, 0xBA, 0xD6, 0x75, 0xAD, 0x75, 0xAD, 0x38, 0xCE, 0x38, 0xCE, 
	0xF7, 0xC5, 0x17, 0xCE, 0x38, 0xCE, 0x18, 0xCE, 0x18, 0xCE, 0x38, 0xCE, 0xBA, 0xDE, 0x5D, 0xF7, 
	0x54, 0xAD, 0xC2, 0x18, 0xFF, 0xFF, 0x92, 0x00, 0x00, 0x00, 0xCA, 0x5A, 0xDB, 0xDE, 0x5D, 0xF7, 
	0x9A, 0xDE, 0x59, 0xD6, 0x79, 0xD6, 0x59, 0xD6, 0x58, 0xD6, 0x58, 0xD6, 0x59, 0xD6, 0x9A, 0xD6, 
	0xFB, 0xDE, 0xFF, 0xFF, 0x26, 0x00, 0xDB, 0xDE, 0xBB, 0xD6, 0x79, 0xCE, 0xF7, 0xBD, 0xF3, 0x9C, 
	0x34, 0xAD, 0xD6, 0xC5, 0xF7, 0xCD, 0xF7, 0xCD, 0xF7, 0xC5, 0xF7, 0xC5, 0x17, 0xCE, 0x18, 0xCE, 
	0xF7, 0xCD, 0x38, 0xD6, 0x9D, 0xFF, 0x34, 0xAD, 0x41, 0x08, 0xFF, 0xFF, 0x92, 0x00, 0x00, 0x00, 
	0x86, 0x31, 0xF7, 0xC5, 0x7D, 0xF7, 0x58, 0xD6, 0x38, 0xCE, 0x18, 0xCE, 0x17, 0xCE, 0x38, 0xCE, 
	0xF7, 0xCD, 0xD7, 0xC5, 0x9A, 0xD6, 0xFC, 0xDE, 0xFF, 0xFF, 0x1C, 0x00, 0xDB, 0xDE, 0x59, 0xCE, 
	0xD7, 0xBD, 0x59, 0xCE, 0x18, 0xCE, 0xF7, 0xCD, 0xF7, 0xCD, 0x17, 0xCE, 0x17, 0xC6, 0x18, 0xCE, 
	0x18, 0xCE, 0x59, 0xD6, 0xBE, 0xFF, 0x17, 0xC6, 0xA2, 0x10, 0xFF, 0xFF, 0x93, 0x00, 0x00, 0x00, 
	0xE7, 0x39, 0x79, 0xD6, 0xDF, 0xFF, 0x1B, 0xE7, 0x9A, 0xDE, 0x79, 0xD6, 0x9A, 0xD6, 0x99, 0xD6, 
	0x99, 0xD6, 0x99, 0xD6, 0xBA, 0xD6, 0xFF, 0xFF, 0x30, 0x00, 0xDB, 0xDE, 0xBB, 0xD6, 0x75, 0xAD, 
	0x75, 0xAD, 0x38, 0xCE, 0x38, 0xCE, 0xF7, 0xC5, 0x18, 0xCE, 0x38, 0xCE, 0x18, 0xCE, 0x18, 0xCE, 
	0x38, 0xCE, 0x99, 0xDE, 0x7D, 0xF7, 0xB6, 0xBD, 0xC3, 0x18, 0xFF, 0xFF, 0x92, 0x00, 0x00, 0x00, 
	0x89, 0x52, 0x99, 0xD6, 0x7D, 0xF7, 0x9A, 0xDE, 0x59, 0xD6, 0x79, 0xD6, 0x79, 0xD6, 0x59, 0xD6, 
	0x59, 0xD6, 0x58, 0xD6, 0x9A, 0xD6, 0xFF, 0xFF, 0x27, 0x00, 0xDB, 0xDE, 0xBB, 0xD6, 0x79, 0xCE, 
	0xF8, 0xBD, 0xF4, 0x9C, 0x34, 0xAD, 0xD7, 0xC5, 0xF7, 0xCD, 0x17, 0xCE, 0x17, 0xC6, 0x17, 0xC6, 
	0x17, 0xCE, 0xF7, 0xCD, 0xF7, 0xCD, 0x58, 0xD6, 0x9D, 0xFF, 0x34, 0xA5, 0x41, 0x08, 0xFF, 0xFF, 
	0x92, 0x00, 0x00, 0x00, 0xE7, 0x41, 0x17, 0xCE, 0x7D, 0xF7, 0x38, 0xCE, 0x38, 0xCE, 0x38, 0xCE, 
	0x18, 0xCE, 0x38, 0xCE, 0xF7, 0xCD, 0xF7, 0xC5, 0x9A, 0xD6, 0xFC, 0xDE, 0xFF, 0xFF, 0x1C, 0x00, 
	0xDB, 0xDE, 0x59, 0xCE, 0xD7, 0xBD, 0x38, 0xCE, 0x18, 0xCE, 0x17, 0xCE, 0x18, 0xCE, 0x17, 0xCE, 
	0x17, 0xCE, 0x17, 0xCE, 0x18, 0xCE, 0x59, 0xD6, 0xDE, 0xFF, 0x79, 0xD6, 0xE3, 0x18, 0xFF, 0xFF, 
	0x93, 0x00, 0x00, 0x00, 0x24, 0x21, 0x96, 0xB5, 0xFE, 0xFF, 0x1B, 0xE7, 0x9A, 0xDE, 0x9A, 0xDE, 
	0x9A, 0xD6, 0x99, 0xD6, 0x99, 0xD6, 0x9A, 0xD6, 0xBA, 0xD6, 0xFF, 0xFF, 0x30, 0x00, 0xDB, 0xDE, 
	0xBB, 0xD6, 0x96, 0xAD, 0x75, 0xAD, 0x18, 0xCE, 0x38, 0xCE, 0x17, 0xCE, 0x17, 0xCE, 0x18, 0xCE, 
	0x18, 0xCE, 0x18, 0xCE, 0x38, 0xCE, 0x79, 0xD6, 0x9D, 0xFF, 0x17, 0xC6, 0xE3, 0x18, 0xFF, 0xFF, 
	0x92, 0x00, 0x00, 0x00, 0x28, 0x4A, 0x58, 0xCE, 0x7D, 0xF7, 0xBA, 0xDE, 0x59, 0xD6, 0x99, 0xDE, 
	0x79, 0xD6, 0x59, 0xD6, 0x59, 0xD6, 0x58, 0xD6, 0x99, 0xD6, 0xFF, 0xFF, 0x27, 0x00, 0xDB, 0xDE, 
	0xBB, 0xD6, 0x7A, 0xCE, 0x18, 0xBE, 0x14, 0xA5, 0x55, 0xAD, 0xF7, 0xC5, 0x17, 0xCE, 0x17, 0xCE, 
	0x17, 0xC6, 0x37, 0xC6, 0x17, 0xCE, 0xF7, 0xCD, 0x17, 0xCE, 0x59, 0xD6, 0x9D, 0xFF, 0x13, 0xA5, 
	0x40, 0x08, 0xFF, 0xFF, 0x92, 0x00, 0x00, 0x00, 0x28, 0x4A, 0x58, 0xD6, 0x5D, 0xF7, 0x38, 0xCE, 
	0x18, 0xCE, 0x38, 0xCE, 0x18, 0xCE, 0x38, 0xCE, 0xF7, 0xC5, 0xF7, 0xC5, 0xBA, 0xD6, 0xFF, 0xFF, 
	0x1C, 0x00, 0xDB, 0xDE, 0xDB, 0xD6, 0x7A, 0xCE, 0xD7, 0xBD, 0xF7, 0xC5, 0xFF, 0xFF, 0x03, 0x00, 
	0x18, 0xCE, 0x38, 0xCE, 0x17, 0xCE, 0x17, 0xCE, 0x38, 0xD6, 0xBE, 0xFF, 0xBA, 0xDE, 0xE3, 0x18, 
	0xFF, 0xFF, 0x93, 0x00, 0x00, 0x00, 0x61, 0x08, 0x92, 0x94, 0xFE, 0xFF, 0x3C, 0xEF, 0x99, 0xD6, 
	0x9A, 0xDE, 0xBA, 0xDE, 0x99, 0xD6, 0x99, 0xD6, 0x7A, 0xD6, 0xBB, 0xD6, 0xFF, 0xFF, 0x30, 0x00, 
	0xDB, 0xDE, 0xBB, 0xD6, 0x96, 0xB5, 0x54, 0xAD, 0x18, 0xCE, 0x38, 0xCE, 0x18, 0xCE, 0x18, 0xCE, 
	0x38, 0xCE, 0x18, 0xCE, 0x38, 0xCE, 0x38, 0xCE, 0x59, 0xD6, 0x9E, 0xFF, 0x79, 0xD6, 0x04, 0x21, 
	0xFF, 0xFF, 0x92, 0x00, 0x00, 0x00, 0xC7, 0x39, 0xF7, 0xC5, 0xBE, 0xFF, 0xBB, 0xE6, 0x59, 0xD6, 
	0x79, 0xDE, 0x79, 0xD6, 0x79, 0xD6, 0x79, 0xD6, 0x59, 0xD6, 0x9A, 0xD6, 0xFF, 0xFF, 0x28, 0x00, 
	0xDB, 0xDE, 0x9A, 0xCE, 0x39, 0xC6, 0x35, 0xA5, 0x55, 0xAD, 0xF7, 0xC5, 0x17, 0xCE, 0x17, 0xCE, 
	0x17, 0xC6, 0x38, 0xCE, 0x18, 0xCE, 0x18, 0xCE, 0x18, 0xCE, 0x79, 0xD6, 0x9D, 0xFF, 0xF3, 0x9C, 
	0x40, 0x08, 0xFF, 0xFF, 0x92, 0x00, 0x00, 0x00, 0x69, 0x4A, 0x59, 0xD6, 0x5C, 0xF7, 0x38, 0xCE, 
	0x18, 0xCE, 0x38, 0xCE, 0x38, 0xD6, 0x38, 0xD6, 0x18, 0xCE, 0xF7, 0xC5, 0xBA, 0xD6, 0xFF, 0xFF, 
	0x1C, 0x00, 0xDB, 0xDE, 0xDB, 0xD6, 0x7A, 0xCE, 0xB7, 0xB5, 0xD6, 0xBD, 0xFF, 0xFF, 0x03, 0x00, 
	0x18, 0xCE, 0x38, 0xCE, 0x38, 0xCE, 0x18, 0xCE, 0x38, 0xCE, 0x9E, 0xFF, 0xFB, 0xE6, 0x45, 0x29, 
	0xFF, 0xFF, 0x94, 0x00, 0x00, 0x00, 0xAE, 0x73, 0xFE, 0xFF, 0x7D, 0xF7, 0x79, 0xD6, 0x9A, 0xDE, 
	0xBA, 0xDE, 0x99, 0xD6, 0x79, 0xDE, 0x9A, 0xDE, 0xBB, 0xD6, 0xFF, 0xFF, 0x30, 0x00, 0xDB, 0xDE, 
	0xBB, 0xD6, 0x96, 0xB5, 0x75, 0xAD, 0x18, 0xCE, 0x38, 0xCE, 0x18, 0xCE, 0x18, 0xCE, 0xFF, 0xFF, 
	0x03, 0x00, 0x38, 0xCE, 0x38, 0xD6, 0xBE, 0xFF, 0xBA, 0xDE, 0x04, 0x21, 0xFF, 0xFF, 0x92, 0x00, 
	0x00, 0x00, 0x85, 0x31, 0x95, 0xB5, 0xDF, 0xFF, 0xDB, 0xE6, 0x59, 0xD6, 0xFF, 0xFF, 0x03, 0x00, 
	0x79, 0xD6, 0x59, 0xD6, 0x99, 0xD6, 0xFF, 0xFF, 0x28, 0x00, 0xDB, 0xDE, 0x9A, 0xD6, 0x59, 0xC6, 
	0x55, 0xAD, 0x55, 0xAD, 0xF7, 0xC5, 0xF7, 0xCD, 0xF7, 0xCD, 0x17, 0xC6, 0x38, 0xCE, 0x18, 0xCE, 
	0x18, 0xCE, 0x18, 0xCE, 0x79, 0xDE, 0x7D, 0xF7, 0xD2, 0x9C, 0x20, 0x00, 0xFF, 0xFF, 0x92, 0x00, 
	0x00, 0x00, 0xAA, 0x52, 0x79, 0xD6, 0x3C, 0xEF, 0x38, 0xCE, 0x17, 0xCE, 0x18, 0xCE, 0x38, 0xCE, 
	0x38, 0xCE, 0x17, 0xCE, 0x18, 0xCE, 0xBB, 0xDE, 0xFF, 0xFF, 0x1C, 0x00, 0xDB, 0xDE, 0xDB, 0xD6, 
	0x7A, 0xCE, 0xB7, 0xB5, 0xD6, 0xBD, 0x38, 0xCE, 0x18, 0xCE, 0xF7, 0xCD, 0x18, 0xCE, 0xFF, 0xFF, 
	0x03, 0x00, 0x38, 0xCE, 0x7D, 0xF7, 0x3C, 0xEF, 0x28, 0x42, 0xFF, 0xFF, 0x94, 0x00, 0x00, 0x00, 
	0xEB, 0x5A, 0xFE, 0xFF, 0x9D, 0xF7, 0x99, 0xD6, 0x9A, 0xD6, 0x9A, 0xDE, 0x99, 0xDE, 0x99, 0xDE, 
	0x9A, 0xDE, 0xBB, 0xD6, 0xFF, 0xFF, 0x30, 0x00, 0xDB, 0xDE, 0xBB, 0xD6, 0xB6, 0xB5, 0x75, 0xAD, 
	0xF7, 0xCD, 0x38, 0xD6, 0x18, 0xCE, 0x18, 0xCE, 0x18, 0xCE, 0x38, 0xCE, 0x38, 0xCE, 0x38, 0xCE, 
	0x38, 0xD6, 0xBE, 0xFF, 0xBB, 0xDE, 0x04, 0x21, 0xFF, 0xFF, 0x92, 0x00, 0x00, 0x00, 0x03, 0x21, 
	0x14, 0xA5, 0xFE, 0xFF, 0xFC, 0xEE, 0x59, 0xD6, 0x79, 0xD6, 0x79, 0xD6, 0x79, 0xD6, 0x78, 0xD6, 
	0x78, 0xD6, 0x99, 0xD6, 0xFF, 0xFF, 0x28, 0x00, 0xDB, 0xDE, 0xBA, 0xD6, 0x59, 0xC6, 0x75, 0xAD, 
	0x75, 0xB5, 0xF7, 0xC5, 0x17, 0xCE, 0xF7, 0xCD, 0x17, 0xCE, 0x38, 0xCE, 0x18, 0xCE, 0x18, 0xCE, 
	0x38, 0xCE, 0x99, 0xDE, 0x5D, 0xF7, 0x92, 0x94, 0x20, 0x00, 0xFF, 0xFF, 0x92, 0x00, 0x00, 0x00, 
	0xCB, 0x5A, 0x7A, 0xDE, 0x1C, 0xEF, 0x39, 0xD6, 0xFF, 0xFF, 0x03, 0x00, 0x18, 0xCE, 0x17, 0xCE, 
	0x38, 0xCE, 0xFF, 0xFF, 0x1E, 0x00, 0xDB, 0xDE, 0x9A, 0xD6, 0xF7, 0xBD, 0xB6, 0xB5, 0x38, 0xCE, 
	0x18, 0xCE, 0x17, 0xCE, 0x38, 0xCE, 0x58, 0xCE, 0x38, 0xCE, 0x18, 0xCE, 0x18, 0xCE, 0xFB, 0xEE, 
	0x3C, 0xEF, 0x4D, 0x6B, 0xFF, 0xFF, 0x94, 0x00, 0x00, 0x00, 0x49, 0x4A, 0xDF, 0xFF, 0xBE, 0xFF, 
	0xBA, 0xDE, 0x9A, 0xD6, 0x99, 0xD6, 0x99, 0xDE, 0x99, 0xDE, 0x7A, 0xD6, 0xBB, 0xD6, 0xFF, 0xFF, 
	0x30, 0x00, 0xDB, 0xDE, 0xBB, 0xD6, 0xB6, 0xB5, 0x75, 0xAD, 0xF7, 0xC5, 0x38, 0xD6, 0x38, 0xCE, 
	0x18, 0xCE, 0xFF, 0xFF, 0x03, 0x00, 0x38, 0xCE, 0x38, 0xD6, 0xBE, 0xFF, 0xDB, 0xDE, 0x24, 0x21, 
	0xFF, 0xFF, 0x92, 0x00, 0x00, 0x00, 0xC2, 0x18, 0xB2, 0x9C, 0xFE, 0xFF, 0x1C, 0xEF, 0x59, 0xD6, 
	0x7A, 0xD6, 0xFF, 0xFF, 0x03, 0x00, 0x79, 0xD6, 0x99, 0xD6, 0xFF, 0xFF, 0x28, 0x00, 0xDB, 0xDE, 
	0xBA, 0xD6, 0x7A, 0xCE, 0x76, 0xAD, 0x75, 0xB5, 0xF7, 0xCD, 0x18, 0xCE, 0x17, 0xCE, 0x17, 0xCE, 
	0x38, 0xCE, 0x38, 0xCE, 0x18, 0xCE, 0x38, 0xD6, 0x99, 0xDE, 0x5C, 0xF7, 0x91, 0x94, 0x20, 0x00, 
	0xFF, 0xFF, 0x92, 0x00, 0x00, 0x00, 0x0C, 0x63, 0x9A, 0xDE, 0x3C, 0xEF, 0x59, 0xD6, 0xFF, 0xFF, 
	0x03, 0x00, 0x18, 0xCE, 0x17, 0xCE, 0x38, 0xCE, 0xFF, 0xFF, 0x1E, 0x00, 0xDB, 0xDE, 0xBB, 0xD6, 
	0x18, 0xC6, 0xB6, 0xB5, 0x38, 0xCE, 0x38, 0xCE, 0x18, 0xCE, 0x38, 0xCE, 0x58, 0xCE, 0x38, 0xCE, 
	0x18, 0xCE, 0xF7, 0xCD, 0xBA, 0xE6, 0x1C, 0xEF, 0x71, 0x8C, 0x61, 0x10, 0xFF, 0xFF, 0x93, 0x00, 
	0x00, 0x00, 0x08, 0x42, 0x7D, 0xF7, 0xDE, 0xFF, 0xDB, 0xE6, 0x9A, 0xD6, 0x9A, 0xD6, 0x9A, 0xDE, 
	0x9A, 0xDE, 0x7A, 0xD6, 0x9A, 0xD6, 0xFF, 0xFF, 0x30, 0x00, 0xDB, 0xDE, 0xDB, 0xD6, 0xF7, 0xBD, 
	0x75, 0xAD, 0xF7, 0xC5, 0x38, 0xCE, 0x38, 0xCE, 0x38, 0xCE, 0x18, 0xCE, 0x38, 0xCE, 0x38, 0xCE, 
	0x38, 0xCE, 0x38, 0xD6, 0xBF, 0xFF, 0xDB, 0xDE, 0x24, 0x21, 0xFF, 0xFF, 0x92, 0x00, 0x00, 0x00, 
	0x61, 0x08, 0x71, 0x94, 0xFE, 0xFF, 0x1C, 0xEF, 0x79, 0xD6, 0x9A, 0xD6, 0xFF, 0xFF, 0x03, 0x00, 
	0x79, 0xD6, 0x99, 0xD6, 0xFF, 0xFF, 0x28, 0x00, 0xDB, 0xDE, 0xBB, 0xD6, 0x59, 0xCE, 0x75, 0xAD, 
	0x95, 0xB5, 0x17, 0xCE, 0x18, 0xCE, 0x18, 0xCE, 0x18, 0xCE, 0x38, 0xCE, 0x38, 0xCE, 0x18, 0xCE, 
	0x38, 0xD6, 0x9A, 0xDE, 0x3C, 0xEF, 0x71, 0x94, 0x20, 0x00, 0xFF, 0xFF, 0x92, 0x00, 0x00, 0x00, 
	0x4D, 0x6B, 0xDB, 0xE6, 0x1C, 0xEF, 0x59, 0xD6, 0x38, 0xCE, 0x38, 0xCE, 0x38, 0xCE, 0x18, 0xCE, 
	0x17, 0xCE, 0x59, 0xCE, 0xFF, 0xFF, 0x1E, 0x00, 0xDB, 0xDE, 0xBB, 0xD6, 0x39, 0xC6, 0xB6, 0xB5, 
	0x58, 0xCE, 0x18, 0xCE, 0x18, 0xCE, 0x38, 0xCE, 0x38, 0xCE, 0x38, 0xCE, 0x38, 0xD6, 0x18, 0xCE, 
	0x79, 0xDE, 0x3C, 0xEF, 0x55, 0xAD, 0xC3, 0x18, 0xFF, 0xFF, 0x93, 0x00, 0x00, 0x00, 0xE7, 0x39, 
	0x3C, 0xE7, 0xDE, 0xFF, 0xFB, 0xE6, 0xBA, 0xDE, 0xBA, 0xDE, 0x9A, 0xDE, 0x9A, 0xDE, 0x9A, 0xDE, 
	0x99, 0xD6, 0xFF, 0xFF, 0x30, 0x00, 0xDB, 0xDE, 0xDB, 0xD6, 0x38, 0xC6, 0x96, 0xB5, 0xF7, 0xC5, 
	0x38, 0xCE, 0x38, 0xCE, 0x38, 0xCE, 0x18, 0xCE, 0x18, 0xCE, 0x38, 0xCE, 0x18, 0xCE, 0x38, 0xD6, 
	0xBE, 0xFF, 0xFB, 0xE6, 0x24, 0x21, 0xFF, 0xFF, 0x92, 0x00, 0x00, 0x00, 0x20, 0x00, 0x30, 0x8C, 
	0xFE, 0xFF, 0x3C, 0xEF, 0x79, 0xD6, 0x9A, 0xD6, 0xFF, 0xFF, 0x03, 0x00, 0x79, 0xD6, 0x9A, 0xD6, 
	0xFF, 0xFF, 0x28, 0x00, 0xDB, 0xDE, 0xBB, 0xD6, 0x59, 0xCE, 0x75, 0xAD, 0x95, 0xB5, 0x17, 0xCE, 
	0x17, 0xCE, 0x18, 0xCE, 0x18, 0xCE, 0x38, 0xCE, 0x18, 0xCE, 0x18, 0xCE, 0x38, 0xD6, 0x9A, 0xDE, 
	0x3C, 0xEF, 0x50, 0x8C, 0x20, 0x00, 0xFF, 0xFF, 0x92, 0x00, 0x00, 0x00, 0x6D, 0x73, 0xFB, 0xE6, 
	0x1C, 0xEF, 0x59, 0xD6, 0x38, 0xD6, 0x38, 0xD6, 0x38, 0xCE, 0x17, 0xCE, 0x18, 0xCE, 0x79, 0xD6, 
	0xFF, 0xFF, 0x1E, 0x00, 0xDB, 0xDE, 0xDB, 0xD6, 0x59, 0xCE, 0xB6, 0xB5, 0x38, 0xCE, 0x38, 0xD6, 
	0x18, 0xCE, 0x38, 0xCE, 0x38, 0xCE, 0x38, 0xCE, 0x38, 0xD6, 0x38, 0xD6, 0x59, 0xD6, 0x3D, 0xF7, 
	0x38, 0xCE, 0x24, 0x21, 0xFF, 0xFF, 0x93, 0x00, 0x00, 0x00, 0x86, 0x31, 0x9A, 0xD6, 0xFE, 0xFF, 
	0x1C, 0xE7, 0xBA, 0xDE, 0xBA, 0xDE, 0x9A, 0xD6, 0x9A, 0xDE, 0x9A, 0xDE, 0x99, 0xD6, 0xBB, 0xDE, 
	0xFF, 0xFF, 0x30, 0x00, 0xDB, 0xDE, 0x59, 0xCE, 0xB6, 0xB5, 0xF7, 0xC5, 0x58, 0xD6, 0x38, 0xCE, 
	0x38, 0xCE, 0x38, 0xCE, 0x18, 0xCE, 0x38, 0xCE, 0x38, 0xCE, 0x38, 0xCE, 0x9E, 0xFF, 0xFC, 0xE6, 
	0x45, 0x29, 0xFF, 0xFF, 0x93, 0x00, 0x00, 0x00, 0xEF, 0x7B, 0xFE, 0xFF, 0x5C, 0xEF, 0x99, 0xD6, 
	0x99, 0xD6, 0x99, 0xD6, 0x79, 0xD6, 0x79, 0xD6, 0x59, 0xD6, 0x9A, 0xD6, 0xFF, 0xFF, 0x28, 0x00, 
	0xDB, 0xDE, 0xBB, 0xD6, 0x59, 0xC6, 0x55, 0xAD, 0x96, 0xB5, 0x18, 0xCE, 0x17, 0xCE, 0x17, 0xCE, 
	0x18, 0xCE, 0x38, 0xCE, 0x38, 0xCE, 0x18, 0xCE, 0x38, 0xCE, 0xBA, 0xDE, 0x3C, 0xEF, 0x30, 0x8C, 
	0x20, 0x00, 0xFF, 0xFF, 0x92, 0x00, 0x00, 0x00, 0xCE, 0x7B, 0x1C, 0xEF, 0xFB, 0xEE, 0x58, 0xD6, 
	0x38, 0xCE, 0x38, 0xD6, 0x38, 0xCE, 0xF7, 0xCD, 0x38, 0xCE, 0x9A, 0xD6, 0xFF, 0xFF, 0x1F, 0x00, 
	0xDB, 0xDE, 0x7A, 0xCE, 0x96, 0xB5, 0x18, 0xCE, 0x58, 0xD6, 0x18, 0xCE, 0x38, 0xCE, 0x38, 0xCE, 
	0x18, 0xCE, 0x38, 0xCE, 0x38, 0xCE, 0x38, 0xCE, 0x5D, 0xF7, 0xFB, 0xE6, 0x45, 0x29, 0xFF, 0xFF, 
	0x93, 0x00, 0x00, 0x00, 0x24, 0x21, 0xD6, 0xBD, 0xFE, 0xFF, 0x5C, 0xEF, 0x9A, 0xDE, 0x9A, 0xDE, 
	0x9A, 0xD6, 0x9A, 0xD6, 0x9A, 0xDE, 0xB9, 0xDE, 0xBA, 0xDE, 0xFF, 0xFF, 0x30, 0x00, 0xDB, 0xDE, 
	0x7A, 0xCE, 0xB7, 0xB5, 0xD7, 0xC5, 0x38, 0xCE, 0x38, 0xCE, 0x38, 0xCE, 0x18, 0xCE, 0x38, 0xCE, 
	0x38, 0xCE, 0x38, 0xCE, 0x59, 0xD6, 0x9E, 0xFF, 0x1C, 0xEF, 0xC7, 0x39, 0x00, 0x00, 0x00, 0x00, 
	0x20, 0x00, 0xFF, 0xFF, 0x90, 0x00, 0x00, 0x00, 0xAE, 0x7B, 0xFE, 0xFF, 0x5C, 0xF7, 0x99, 0xDE, 
	0x9A, 0xD6, 0x9A, 0xD6, 0x9A, 0xD6, 0x79, 0xD6, 0x59, 0xD6, 0x9A, 0xD6, 0xFF, 0xFF, 0x28, 0x00, 
	0xDB, 0xDE, 0xDB, 0xD6, 0x59, 0xC6, 0x75, 0xAD, 0xB6, 0xBD, 0x18, 0xCE, 0x17, 0xCE, 0x18, 0xCE, 
	0x38, 0xCE, 0x58, 0xCE, 0x38, 0xCE, 0x18, 0xCE, 0x38, 0xCE, 0xBA, 0xE6, 0x1B, 0xEF, 0xEF, 0x83, 
	0x20, 0x00, 0xFF, 0xFF, 0x92, 0x00, 0x00, 0x00, 0x0F, 0x84, 0x3C, 0xF7, 0xFB, 0xE6, 0x38, 0xD6, 
	0x38, 0xCE, 0x38, 0xD6, 0x59, 0xD6, 0x18, 0xCE, 0x39, 0xCE, 0x9B, 0xD6, 0xFF, 0xFF, 0x1F, 0x00, 
	0xDB, 0xDE, 0x7A, 0xCE, 0xB6, 0xBD, 0xF7, 0xCD, 0x38, 0xD6, 0x18, 0xCE, 0x38, 0xD6, 0x38, 0xCE, 
	0x18, 0xCE, 0x18, 0xCE, 0x38, 0xCE, 0x38, 0xCE, 0x7D, 0xF7, 0x3C, 0xEF, 0x65, 0x29, 0xFF, 0xFF, 
	0x93, 0x00, 0x00, 0x00, 0xA2, 0x10, 0xB2, 0x94, 0xDE, 0xF7, 0x7D, 0xF7, 0xFF, 0xFF, 0x03, 0x00, 
	0x9A, 0xDE, 0xBA, 0xDE, 0x99, 0xD6, 0xBA, 0xDE, 0xFF, 0xFF, 0x30, 0x00, 0xDB, 0xDE, 0x7A, 0xCE, 
	0xD7, 0xBD, 0xD7, 0xBD, 0x58, 0xCE, 0x38, 0xCE, 0x38, 0xCE, 0x18, 0xCE, 0x38, 0xCE, 0x38, 0xCE, 
	0x38, 0xCE, 0x59, 0xD6, 0x7D, 0xFF, 0x1C, 0xEF, 0x69, 0x52, 0x00, 0x00, 0x00, 0x00, 0x20, 0x00, 
	0xFF, 0xFF, 0x90, 0x00, 0x00, 0x00, 0x6D, 0x6B, 0xFE, 0xFF, 0x5D, 0xF7, 0x99, 0xDE, 0xBA, 0xDE, 
	0x9A, 0xDE, 0x9A, 0xD6, 0x79, 0xD6, 0x59, 0xD6, 0x9A, 0xD6, 0xFF, 0xFF, 0x28, 0x00, 0xDB, 0xDE, 
	0xDB, 0xD6, 0x59, 0xC6, 0x75, 0xAD, 0xD6, 0xBD, 0x38, 0xD6, 0x38, 0xCE, 0x38, 0xCE, 0x38, 0xCE, 
	0x58, 0xCE, 0x38, 0xCE, 0x38, 0xCE, 0x38, 0xCE, 0xDB, 0xE6, 0xFB, 0xE6, 0xAE, 0x7B, 0xFF, 0xFF, 
	0x92, 0x00, 0x00, 0x00, 0x20, 0x00, 0x50, 0x8C, 0x7D, 0xF7, 0xDB, 0xE6, 0x58, 0xD6, 0x38, 0xD6, 
	0x38, 0xD6, 0x59, 0xD6, 0x38, 0xD6, 0x38, 0xCE, 0x9A, 0xD6, 0xFF, 0xFF, 0x1F, 0x00, 0xDB, 0xDE, 
	0x7A, 0xCE, 0xB7, 0xBD, 0xF7, 0xC5, 0x38, 0xD6, 0xFF, 0xFF, 0x03, 0x00, 0x38, 0xCE, 0x18, 0xCE, 
	0x18, 0xCE, 0x18, 0xCE, 0x7D, 0xF7, 0x7D, 0xEF, 0xC7, 0x39, 0xFF, 0xFF, 0x93, 0x00, 0x00, 0x00, 
	0x20, 0x00, 0x6D, 0x6B, 0xBE, 0xF7, 0xBE, 0xF7, 0x9A, 0xDE, 0x9A, 0xDE, 0xBA, 0xDE, 0x9A, 0xDE, 
	0x9A, 0xDE, 0x99, 0xD6, 0x9A, 0xD6, 0xFF, 0xFF, 0x30, 0x00, 0xDB, 0xDE, 0x7A, 0xCE, 0xD7, 0xBD, 
	0xD6, 0xBD, 0xFF, 0xFF, 0x06, 0x00, 0x38, 0xCE, 0x39, 0xD6, 0x5D, 0xF7, 0x3C, 0xEF, 0xAA, 0x5A, 
	0x00, 0x00, 0x00, 0x00, 0x20, 0x00, 0xFF, 0xFF, 0x90, 0x00, 0x00, 0x00, 0x2C, 0x6B, 0xFE, 0xFF, 
	0x7D, 0xF7, 0x99, 0xDE, 0xBA, 0xDE, 0xBA, 0xDE, 0x9A, 0xDE, 0x79, 0xDE, 0x59, 0xD6, 0x9A, 0xD6, 
	0xFF, 0xFF, 0x28, 0x00, 0xDB, 0xDE, 0xDB, 0xD6, 0x59, 0xC6, 0x96, 0xB5, 0xD6, 0xBD, 0x38, 0xD6, 
	0x38, 0xD6, 0xFF, 0xFF, 0x03, 0x00, 0x38, 0xCE, 0x18, 0xCE, 0x38, 0xD6, 0xFB, 0xE6, 0xDB, 0xE6, 
	0x8D, 0x73, 0x20, 0x00, 0xFF, 0xFF, 0x91, 0x00, 0x00, 0x00, 0x20, 0x00, 0x92, 0x94, 0x7D, 0xFF, 
	0xDA, 0xE6, 0x59, 0xD6, 0x38, 0xD6, 0x38, 0xD6, 0x58, 0xD6, 0x38, 0xD6, 0x38, 0xCE, 0x9A, 0xD6, 
	0xFF, 0xFF, 0x1F, 0x00, 0xDB, 0xDE, 0x7A, 0xCE, 0xB7, 0xB5, 0xD7, 0xC5, 0x38, 0xD6, 0x38, 0xCE, 
	0x38, 0xCE, 0x38, 0xCE, 0x18, 0xCE, 0x18, 0xCE, 0x38, 0xCE, 0x18, 0xCE, 0x3C, 0xEF, 0x9E, 0xF7, 
	0x69, 0x4A, 0xFF, 0xFF, 0x94, 0x00, 0x00, 0x00, 0x8A, 0x52, 0xBE, 0xF7, 0xDE, 0xFF, 0xBA, 0xDE, 
	0x9A, 0xDE, 0xBA, 0xDE, 0xBA, 0xDE, 0x9A, 0xDE, 0x99, 0xD6, 0x9A, 0xD6, 0xFF, 0xFF, 0x30, 0x00, 
	0xDB, 0xDE, 0x7A, 0xCE, 0xD7, 0xBD, 0xD6, 0xBD, 0x58, 0xCE, 0x58, 0xD6, 0x38, 0xD6, 0xFF, 0xFF, 
	0x04, 0x00, 0x38, 0xCE, 0x3C, 0xF7, 0x5C, 0xF7, 0x0C, 0x63, 0xFF, 0xFF, 0x93, 0x00, 0x00, 0x00, 
	0x0C, 0x63, 0xFE, 0xFF, 0x7D, 0xF7, 0x99, 0xD6, 0xBA, 0xDE, 0x9A, 0xDE, 0x9A, 0xDE, 0x9A, 0xD6, 
	0x79, 0xD6, 0x9A, 0xD6, 0xFF, 0xFF, 0x28, 0x00, 0xDB, 0xDE, 0xDB, 0xD6, 0x59, 0xC6, 0x96, 0xB5, 
	0xD6, 0xBD, 0x38, 0xCE, 0x18, 0xCE, 0x38, 0xCE, 0x38, 0xCE, 0x38, 0xCE, 0x18, 0xCE, 0x18, 0xCE, 
	0x39, 0xD6, 0x1C, 0xEF, 0xBB, 0xDE, 0x2C, 0x6B, 0xFF, 0xFF, 0x92, 0x00, 0x00, 0x00, 0x20, 0x00, 
	0xB2, 0x9C, 0x9D, 0xFF, 0xBA, 0xE6, 0x59, 0xD6, 0x39, 0xD6, 0x38, 0xCE, 0x38, 0xD6, 0x38, 0xD6, 
	0x38, 0xCE, 0x9A, 0xD6, 0xFF, 0xFF, 0x1F, 0x00, 0xDB, 0xDE, 0x7A, 0xCE, 0xB6, 0xB5, 0xD6, 0xBD, 
	0x58, 0xD6, 0x38, 0xD6, 0x38, 0xCE, 0x38, 0xCE, 0x38, 0xCE, 0x18, 0xCE, 0x38, 0xCE, 0x18, 0xCE, 
	0x1B, 0xEF, 0x7D, 0xF7, 0x4C, 0x6B, 0x20, 0x00, 0xFF, 0xFF, 0x93, 0x00, 0x00, 0x00, 0x08, 0x42, 
	0x7D, 0xF7, 0xDF, 0xFF, 0xBA, 0xDE, 0x9A, 0xDE, 0x9A, 0xDE, 0xBA, 0xDE, 0xBA, 0xDE, 0x99, 0xD6, 
	0x9A, 0xD6, 0xFF, 0xFF, 0x30, 0x00, 0xDB, 0xDE, 0x7A, 0xCE, 0xD7, 0xB5, 0xD6, 0xBD, 0x58, 0xCE, 
	0x58, 0xD6, 0xFF, 0xFF, 0x05, 0x00, 0x38, 0xCE, 0x3C, 0xF7, 0x5D, 0xF7, 0x6D, 0x73, 0xFF, 0xFF, 
	0x93, 0x00, 0x00, 0x00, 0x0C, 0x63, 0xFE, 0xFF, 0x9D, 0xF7, 0x99, 0xDE, 0x9A, 0xDE, 0x9A, 0xDE, 
	0x9A, 0xDE, 0x9A, 0xD6, 0x79, 0xD6, 0x9A, 0xD6, 0xFF, 0xFF, 0x28, 0x00, 0xDB, 0xDE, 0xDB, 0xD6, 
	0x59, 0xC6, 0x96, 0xB5, 0xD7, 0xBD, 0x58, 0xD6, 0xFF, 0xFF, 0x03, 0x00, 0x38, 0xCE, 0x18, 0xCE, 
	0x38, 0xCE, 0x59, 0xD6, 0x1C, 0xEF, 0xBA, 0xDE, 0x0C, 0x63, 0xFF, 0xFF, 0x92, 0x00, 0x00, 0x00, 
	0x20, 0x00, 0xD2, 0xA4, 0x9E, 0xFF, 0xDA, 0xE6, 0x59, 0xD6, 0x58, 0xD6, 0x38, 0xCE, 0x58, 0xD6, 
	0x38, 0xD6, 0x38, 0xCE, 0xBB, 0xD6, 0xFF, 0xFF, 0x1F, 0x00, 0xDB, 0xDE, 0x9A, 0xCE, 0xD7, 0xBD, 
	0xD6, 0xBD, 0x58, 0xD6, 0x58, 0xD6, 0x38, 0xCE, 0x38, 0xCE, 0x18, 0xCE, 0x18, 0xCE, 0x39, 0xD6, 
	0x18, 0xCE, 0xDB, 0xE6, 0x7D, 0xF7, 0x30, 0x84, 0x82, 0x10, 0xFF, 0xFF, 0x93, 0x00, 0x00, 0x00, 
	0xC7, 0x39, 0x3C, 0xE7, 0xDF, 0xFF, 0xDB, 0xE6, 0x9A, 0xDE, 0x9A, 0xDE, 0xBA, 0xDE, 0xBA, 0xDE, 
	0x99, 0xD6, 0x9A, 0xD6, 0xFF, 0xFF, 0x30, 0x00, 0xDB, 0xDE, 0x9A, 0xD6, 0xD7, 0xBD, 0xD6, 0xBD, 
	0x58, 0xCE, 0x58, 0xD6, 0x38, 0xD6, 0x18, 0xCE, 0xFF, 0xFF, 0x03, 0x00, 0x38, 0xCE, 0x1C, 0xEF, 
	0x7D, 0xF7, 0xEF, 0x83, 0x41, 0x08, 0xFF, 0xFF, 0x92, 0x00, 0x00, 0x00, 0xCB, 0x5A, 0xBE, 0xFF, 
	0x9E, 0xFF, 0xBA, 0xDE, 0x99, 0xD6, 0x9A, 0xDE, 0x9A, 0xDE, 0x9A, 0xDE, 0x79, 0xD6, 0x9A, 0xD6, 
	0xBB, 0xDE, 0xFF, 0xFF, 0x27, 0x00, 0xDB, 0xDE, 0xDB, 0xD6, 0x59, 0xC6, 0x75, 0xAD, 0xD7, 0xBD, 
	0x58, 0xD6, 0xFF, 0xFF, 0x03, 0x00, 0x38, 0xCE, 0x18, 0xCE, 0x18, 0xCE, 0x59, 0xD6, 0x3C, 0xF7, 
	0x9A, 0xD6, 0xCB, 0x5A, 0xFF, 0xFF, 0x92, 0x00, 0x00, 0x00, 0x20, 0x00, 0xF3, 0xA4, 0xBE, 0xFF, 
	0xDA, 0xE6, 0x79, 0xD6, 0x58, 0xD6, 0x58, 0xD6, 0x58, 0xD6, 0x38, 0xD6, 0x39, 0xCE, 0xBB, 0xD6, 
	0xFF, 0xFF, 0x1F, 0x00, 0xDB, 0xDE, 0xBB, 0xD6, 0x18, 0xBE, 0xB6, 0xBD, 0x58, 0xCE, 0x58, 0xD6, 
	0x38, 0xCE, 0x18, 0xCE, 0x18, 0xCE, 0x38, 0xCE, 0x38, 0xD6, 0x38, 0xCE, 0xBA, 0xE6, 0x7D, 0xF7, 
	0x34, 0xA5, 0x24, 0x21, 0xFF, 0xFF, 0x93, 0x00, 0x00, 0x00, 0x86, 0x31, 0xBA, 0xD6, 0xFE, 0xFF, 
	0x1C, 0xE7, 0xBA, 0xDE, 0x9A, 0xDE, 0xBA, 0xDE, 0xBA, 0xDE, 0xB9, 0xDE, 0x9A, 0xD6, 0xFF, 0xFF, 
	0x30, 0x00, 0xDB, 0xDE, 0xBB, 0xD6, 0xF7, 0xBD, 0xB6, 0xBD, 0x58, 0xCE, 0x58, 0xD6, 0x38, 0xCE, 
	0x38, 0xCE, 0x38, 0xCE, 0x58, 0xD6, 0x58, 0xD6, 0x58, 0xD6, 0xFB, 0xEE, 0x7D, 0xF7, 0x91, 0x94, 
	0x81, 0x10, 0xFF, 0xFF, 0x92, 0x00, 0x00, 0x00, 0xAA, 0x52, 0x9E, 0xF7, 0xBE, 0xFF, 0xBA, 0xDE, 
	0x99, 0xD6, 0x99, 0xD6, 0x9A, 0xD6, 0x9A, 0xDE, 0x99, 0xDE, 0x99, 0xD6, 0xBB, 0xDE, 0xFF, 0xFF, 
	0x27, 0x00, 0xDB, 0xDE, 0xDB, 0xD6, 0x39, 0xC6, 0x95, 0xB5, 0xF7, 0xC5, 0x58, 0xD6, 0xFF, 0xFF, 
	0x04, 0x00, 0x38, 0xCE, 0x18, 0xCE, 0x59, 0xD6, 0x5D, 0xF7, 0x7A, 0xD6, 0x8A, 0x52, 0xFF, 0xFF, 
	0x92, 0x00, 0x00, 0x00, 0x20, 0x00, 0x13, 0xA5, 0xDE, 0xFF, 0xDA, 0xE6, 0x59, 0xD6, 0x58, 0xD6, 
	0x59, 0xD6, 0x59, 0xD6, 0x38, 0xD6, 0x39, 0xCE, 0xBB, 0xD6, 0xFF, 0xFF, 0x1F, 0x00, 0xDB, 0xDE, 
	0xDB, 0xD6, 0x39, 0xC6, 0x96, 0xB5, 0x38, 0xCE, 0x58, 0xD6, 0x38, 0xCE, 0x18, 0xCE, 0x38, 0xCE, 
	0x59, 0xD6, 0x38, 0xCE, 0x18, 0xCE, 0x9A, 0xDE, 0x5D, 0xF7, 0xF7, 0xC5, 0xA6, 0x31, 0xFF, 0xFF, 
	0x93, 0x00, 0x00, 0x00, 0x45, 0x29, 0x18, 0xC6, 0xFE, 0xFF, 0x1C, 0xEF, 0x9A, 0xDE, 0x9A, 0xDE, 
	0xBA, 0xDE, 0xDA, 0xDE, 0xB9, 0xDE, 0x9A, 0xD6, 0xFF, 0xFF, 0x30, 0x00, 0xDB, 0xDE, 0xBB, 0xD6, 
	0x18, 0xC6, 0xD6, 0xBD, 0x58, 0xCE, 0x58, 0xD6, 0x38, 0xCE, 0x38, 0xCE, 0x58, 0xD6, 0x38, 0xCE, 
	0x58, 0xD6, 0x59, 0xD6, 0xFB, 0xE6, 0x7D, 0xF7, 0xF3, 0xA4, 0xA2, 0x10, 0xFF, 0xFF, 0x92, 0x00, 
	0x00, 0x00, 0x8A, 0x52, 0x7D, 0xF7, 0xBE, 0xFF, 0xBA, 0xE6, 0x99, 0xD6, 0x9A, 0xD6, 0x9A, 0xDE, 
	0x9A, 0xDE, 0x9A, 0xDE, 0x99, 0xD6, 0xBA, 0xDE, 0xFF, 0xFF, 0x27, 0x00, 0xDB, 0xDE, 0xDB, 0xD6, 
	0x38, 0xC6, 0x96, 0xB5, 0xF7, 0xC5, 0x58, 0xD6, 0x38, 0xD6, 0xFF, 0xFF, 0x03, 0x00, 0x38, 0xCE, 
	0x18, 0xCE, 0x59, 0xD6, 0x7D, 0xF7, 0x79, 0xD6, 0x49, 0x4A, 0xFF, 0xFF, 0x92, 0x00, 0x00, 0x00, 
	0x41, 0x08, 0x34, 0xAD, 0xFE, 0xFF, 0xBA, 0xE6, 0x79, 0xD6, 0x59, 0xD6, 0x59, 0xD6, 0x59, 0xD6, 
	0x38, 0xD6, 0x38, 0xCE, 0xBB, 0xD6, 0xFF, 0xFF, 0x20, 0x00, 0xDB, 0xDE, 0x59, 0xCE, 0xB6, 0xB5, 
	0x37, 0xC6, 0x38, 0xD6, 0x38, 0xCE, 0x38, 0xCE, 0x39, 0xD6, 0x39, 0xD6, 0x38, 0xCE, 0x38, 0xCE, 
	0x79, 0xD6, 0x5D, 0xF7, 0xBA, 0xDE, 0x07, 0x42, 0xFF, 0xFF, 0x93, 0x00, 0x00, 0x00, 0x04, 0x21, 
	0x75, 0xAD, 0xFE, 0xFF, 0x3C, 0xEF, 0x79, 0xD6, 0xBA, 0xDE, 0xBB, 0xDE, 0xBA, 0xDE, 0xBA, 0xDE, 
	0xBA, 0xDE, 0xBB, 0xDE, 0xFF, 0xFF, 0x2F, 0x00, 0xDB, 0xDE, 0xDB, 0xD6, 0x18, 0xC6, 0xD6, 0xBD, 
	0x58, 0xCE, 0x58, 0xD6, 0x38, 0xCE, 0x38, 0xCE, 0x58, 0xD6, 0x38, 0xCE, 0x38, 0xCE, 0x58, 0xD6, 
	0xDB, 0xE6, 0x7D, 0xF7, 0x75, 0xB5, 0xC3, 0x18, 0xFF, 0xFF, 0x92, 0x00, 0x00, 0x00, 0x69, 0x4A, 
	0x3C, 0xEF, 0xDE, 0xFF, 0xDA, 0xE6, 0x99, 0xD6, 0xBA, 0xDE, 0x9A, 0xDE, 0x9A, 0xDE, 0x9A, 0xDE, 
	0x99, 0xD6, 0xBA, 0xDE, 0xFF, 0xFF, 0x27, 0x00, 0xDB, 0xDE, 0xDB, 0xD6, 0x18, 0xC6, 0x96, 0xB5, 
	0xF7, 0xC5, 0x38, 0xD6, 0x18, 0xD6, 0x38, 0xCE, 0x38, 0xCE, 0x38, 0xCE, 0x39, 0xD6, 0x18, 0xCE, 
	0x59, 0xD6, 0x9E, 0xFF, 0x59, 0xD6, 0x28, 0x42, 0xFF, 0xFF, 0x92, 0x00, 0x00, 0x00, 0x40, 0x00, 
	0x55, 0xAD, 0xFE, 0xFF, 0xBA, 0xDE, 0x79, 0xD6, 0x59, 0xD6, 0x59, 0xD6, 0x59, 0xD6, 0x38, 0xD6, 
	0x39, 0xCE, 0xBB, 0xD6, 0xFF, 0xFF, 0x20, 0x00, 0xDB, 0xDE, 0x7A, 0xCE, 0xD6, 0xBD, 0x38, 0xC6, 
	0x38, 0xD6, 0x38, 0xCE, 0x38, 0xCE, 0x38, 0xD6, 0x38, 0xD6, 0x38, 0xCE, 0x38, 0xCE, 0x79, 0xD6, 
	0x7D, 0xF7, 0x3C, 0xEF, 0x48, 0x4A, 0xFF, 0xFF, 0x93, 0x00, 0x00, 0x00, 0xA2, 0x10, 0x92, 0x94, 
	0xDF, 0xFF, 0x7D, 0xF7, 0x99, 0xD6, 0xBA, 0xDE, 0xDB, 0xDE, 0xBA, 0xDE, 0xBA, 0xDE, 0xBA, 0xDE, 
	0xBB, 0xDE, 0xFF, 0xFF, 0x2F, 0x00, 0xDB, 0xDE, 0xDB, 0xD6, 0x39, 0xC6, 0xD7, 0xBD, 0x38, 0xCE, 
	0x38, 0xD6, 0x38, 0xCE, 0x38, 0xCE, 0x58, 0xD6, 0x38, 0xCE, 0x58, 0xD6, 0x58, 0xD6, 0xBA, 0xE6, 
	0x7D, 0xF7, 0xD6, 0xBD, 0xE3, 0x18, 0xFF, 0xFF, 0x92, 0x00, 0x00, 0x00, 0x28, 0x4A, 0xFB, 0xE6, 
	0xDF, 0xFF, 0xDB, 0xE6, 0x99, 0xD6, 0xBA, 0xDE, 0xBA, 0xDE, 0x9A, 0xDE, 0x99, 0xDE, 0x99, 0xD6, 
	0xBA, 0xDE, 0xFF, 0xFF, 0x27, 0x00, 0xDB, 0xDE, 0xDB, 0xD6, 0x18, 0xBE, 0xB6, 0xB5, 0x17, 0xC6, 
	0x38, 0xD6, 0x18, 0xD6, 0x38, 0xCE, 0x38, 0xCE, 0x38, 0xD6, 0x59, 0xD6, 0x18, 0xCE, 0x58, 0xD6, 
	0xBE, 0xFF, 0x58, 0xCE, 0xE7, 0x39, 0xFF, 0xFF, 0x92, 0x00, 0x00, 0x00, 0x41, 0x08, 0x75, 0xB5, 
	0xFE, 0xFF, 0xBA, 0xDE, 0x79, 0xD6, 0x59, 0xD6, 0x79, 0xD6, 0x79, 0xD6, 0x38, 0xD6, 0x39, 0xCE, 
	0xBB, 0xD6, 0xFF, 0xFF, 0x20, 0x00, 0xDB, 0xDE, 0x9A, 0xD6, 0xD7, 0xBD, 0x17, 0xC6, 0x38, 0xD6, 
	0x38, 0xD6, 0x18, 0xCE, 0x38, 0xCE, 0x38, 0xD6, 0x38, 0xCE, 0x38, 0xCE, 0x58, 0xD6, 0x5C, 0xEF, 
	0x7D, 0xF7, 0x89, 0x52, 0xFF, 0xFF, 0x93, 0x00, 0x00, 0x00, 0x41, 0x08, 0xAE, 0x73, 0x9E, 0xF7, 
	0xDE, 0xFF, 0xBA, 0xDE, 0x9A, 0xDE, 0xDB, 0xDE, 0xFF, 0xFF, 0x03, 0x00, 0xBA, 0xDE, 0xFF, 0xFF, 
	0x2F, 0x00, 0xDB, 0xDE, 0xDB, 0xD6, 0x39, 0xC6, 0xD7, 0xBD, 0x38, 0xCE, 0x38, 0xD6, 0x38, 0xCE, 
	0x39, 0xD6, 0x58, 0xD6, 0x58, 0xD6, 0x59, 0xD6, 0x58, 0xD6, 0xBA, 0xE6, 0x9E, 0xFF, 0x38, 0xCE, 
	0x04, 0x21, 0xFF, 0xFF, 0x92, 0x00, 0x00, 0x00, 0xE7, 0x39, 0x9A, 0xD6, 0xDF, 0xFF, 0xFB, 0xE6, 
	0x99, 0xD6, 0xBA, 0xDE, 0xBA, 0xDE, 0x9A, 0xDE, 0x9A, 0xDE, 0x99, 0xD6, 0xDA, 0xDE, 0xFF, 0xFF, 
	0x27, 0x00, 0xDB, 0xDE, 0xDB, 0xD6, 0xF7, 0xBD, 0xB6, 0xB5, 0x17, 0xC6, 0x38, 0xD6, 0x18, 0xCE, 
	0x38, 0xCE, 0x38, 0xCE, 0x39, 0xD6, 0x59, 0xD6, 0x18, 0xCE, 0x79, 0xD6, 0xBE, 0xFF, 0x17, 0xC6, 
	0xA6, 0x39, 0xFF, 0xFF, 0x92, 0x00, 0x00, 0x00, 0x61, 0x08, 0x96, 0xB5, 0xFE, 0xFF, 0xBA, 0xDE, 
	0x79, 0xD6, 0x79, 0xD6, 0x79, 0xD6, 0x79, 0xDE, 0x59, 0xD6, 0x39, 0xD6, 0xBB, 0xDE, 0xFF, 0xFF, 
	0x20, 0x00, 0xDB, 0xDE, 0x9A, 0xD6, 0xF7, 0xBD, 0x17, 0xC6, 0x58, 0xD6, 0x58, 0xD6, 0x18, 0xCE, 
	0x38, 0xCE, 0x38, 0xD6, 0x58, 0xD6, 0x58, 0xD6, 0x58, 0xD6, 0x5C, 0xEF, 0xBE, 0xFF, 0xEB, 0x5A, 
	0xFF, 0xFF, 0x94, 0x00, 0x00, 0x00, 0x49, 0x4A, 0x1C, 0xE7, 0xFE, 0xFF, 0xDA, 0xDE, 0x9A, 0xDE, 
	0xFF, 0xFF, 0x03, 0x00, 0xBA, 0xDE, 0xBA, 0xD6, 0xFF, 0xFF, 0x2F, 0x00, 0xDB, 0xDE, 0xDB, 0xD6, 
	0x39, 0xC6, 0xD7, 0xBD, 0x38, 0xCE, 0x39, 0xD6, 0x38, 0xCE, 0x38, 0xD6, 0x58, 0xCE, 0x58, 0xCE, 
	0x59, 0xD6, 0x58, 0xD6, 0x9A, 0xDE, 0xBE, 0xFF, 0xB9, 0xD6, 0x24, 0x21, 0xFF, 0xFF, 0x92, 0x00, 
	0x00, 0x00, 0x86, 0x31, 0x38, 0xC6, 0xFE, 0xFF, 0x1C, 0xEF, 0x99, 0xDE, 0xBA, 0xD6, 0xBA, 0xDE, 
	0x9A, 0xDE, 0x99, 0xDE, 0x99, 0xD6, 0xBA, 0xDE, 0xFF, 0xFF, 0x27, 0x00, 0xDB, 0xDE, 0xDB, 0xD6, 
	0x18, 0xBE, 0xB6, 0xB5, 0x17, 0xC6, 0x58, 0xD6, 0x38, 0xD6, 0x38, 0xCE, 0x38, 0xCE, 0x38, 0xCE, 
	0x59, 0xD6, 0x38, 0xCE, 0x79, 0xD6, 0xDF, 0xFF, 0xF7, 0xBD, 0x65, 0x29, 0xFF, 0xFF, 0x92, 0x00, 
	0x00, 0x00, 0x82, 0x10, 0xD6, 0xBD, 0xFE, 0xFF, 0xBA, 0xDE, 0x79, 0xD6, 0x79, 0xD6, 0x99, 0xD6, 
	0x79, 0xDE, 0x59, 0xD6, 0x58, 0xD6, 0xBB, 0xD6, 0xFF, 0xFF, 0x20, 0x00, 0xDB, 0xDE, 0x9A, 0xD6, 
	0xF8, 0xBD, 0xF7, 0xBD, 0x38, 0xD6, 0x59, 0xD6, 0x38, 0xCE, 0x38, 0xCE, 0x39, 0xD6, 0x59, 0xD6, 
	0x59, 0xD6, 0x58, 0xD6, 0x3C, 0xEF, 0xDE, 0xFF, 0xAE, 0x7B, 0x20, 0x00, 0xFF, 0xFF, 0x93, 0x00, 
	0x00, 0x00, 0x85, 0x29, 0xDB, 0xDE, 0xFE, 0xFF, 0xFB, 0xE6, 0xBA, 0xDE, 0xBB, 0xDE, 0xFF, 0xFF, 
	0x03, 0x00, 0xBA, 0xDE, 0xFF, 0xFF, 0x2F, 0x00, 0xDB, 0xDE, 0xDB, 0xD6, 0x59, 0xC6, 0xF7, 0xBD, 
	0x18, 0xCE, 0x38, 0xD6, 0x38, 0xD6, 0x38, 0xD6, 0x58, 0xCE, 0x58, 0xD6, 0x59, 0xD6, 0x59, 0xD6, 
	0x79, 0xDE, 0xBE, 0xFF, 0xFB, 0xE6, 0x45, 0x29, 0xFF, 0xFF, 0x92, 0x00, 0x00, 0x00, 0x45, 0x29, 
	0xB6, 0xBD, 0xFE, 0xFF, 0x3C, 0xEF, 0x99, 0xDE, 0xBA, 0xDE, 0xBA, 0xDE, 0x9A, 0xDE, 0x9A, 0xDE, 
	0x99, 0xD6, 0xBA, 0xDE, 0xFF, 0xFF, 0x27, 0x00, 0xDB, 0xDE, 0xDB, 0xD6, 0x18, 0xC6, 0xB6, 0xB5, 
	0x18, 0xC6, 0x59, 0xD6, 0x18, 0xD6, 0x38, 0xCE, 0x58, 0xCE, 0x58, 0xD6, 0x38, 0xD6, 0x18, 0xCE, 
	0x99, 0xDE, 0xFE, 0xFF, 0xB6, 0xB5, 0x04, 0x21, 0xFF, 0xFF, 0x92, 0x00, 0x00, 0x00, 0xA2, 0x10, 
	0xF7, 0xBD, 0xFE, 0xFF, 0xBA, 0xDE, 0x79, 0xD6, 0x79, 0xD6, 0x99, 0xD6, 0x79, 0xDE, 0x58, 0xD6, 
	0x38, 0xD6, 0xBB, 0xD6, 0xFF, 0xFF, 0x20, 0x00, 0xDB, 0xDE, 0xBB, 0xD6, 0x18, 0xC6, 0xF7, 0xBD, 
	0x38, 0xD6, 0x58, 0xD6, 0x38, 0xD6, 0x38, 0xD6, 0x59, 0xD6, 0x59, 0xD6, 0x59, 0xD6, 0x58, 0xD6, 
	0x1B, 0xE7, 0xDE, 0xFF, 0x91, 0x94, 0xA2, 0x10, 0x00, 0x00, 0x00, 0x00, 0x00, 0x00, 0x20, 0x00, 
	0x20, 0x00, 0xFF, 0xFF, 0x8E, 0x00, 0x00, 0x00, 0x24, 0x21, 0xBA, 0xD6, 0xFE, 0xFF, 0xFB, 0xE6, 
	0xFF, 0xFF, 0x05, 0x00, 0xBA, 0xDE, 0xFF, 0xFF, 0x30, 0x00, 0xDB, 0xDE, 0x59, 0xC6, 0xD7, 0xBD, 
	0x18, 0xCE, 0x39, 0xD6, 0x39, 0xD6, 0x39, 0xD6, 0x58, 0xCE, 0x59, 0xD6, 0x59, 0xD6, 0x59, 0xD6, 
	0x79, 0xDE, 0x9E, 0xFF, 0x3C, 0xEF, 0x65, 0x29, 0xFF, 0xFF, 0x92, 0x00, 0x00, 0x00, 0x04, 0x21, 
	0x54, 0xAD, 0xFE, 0xFF, 0x5D, 0xEF, 0xBA, 0xDE, 0xBA, 0xDE, 0xBA, 0xDE, 0x9A, 0xDE, 0x9A, 0xDE, 
	0x99, 0xD6, 0xBA, 0xDE, 0xFF, 0xFF, 0x27, 0x00, 0xDB, 0xDE, 0xDB, 0xD6, 0x18, 0xBE, 0xB6, 0xB5, 
	0x38, 0xCE, 0x59, 0xD6, 0x38, 0xD6, 0x38, 0xCE, 0x58, 0xCE, 0x38, 0xCE, 0x38, 0xCE, 0x38, 0xCE, 
	0xBA, 0xDE, 0xFE, 0xFF, 0x95, 0xAD, 0xC2, 0x18, 0xFF, 0xFF, 0x92, 0x00, 0x00, 0x00, 0xE3, 0x18, 
	0x18, 0xC6, 0xFE, 0xFF, 0xBA, 0xDE, 0x59, 0xCE, 0x79, 0xD6, 0x99, 0xD6, 0x79, 0xDE, 0x58, 0xD6, 
	0x38, 0xD6, 0xBB, 0xD6, 0xFF, 0xFF, 0x20, 0x00, 0xDB, 0xDE, 0xBB, 0xD6, 0x59, 0xC6, 0xF7, 0xBD, 
	0x38, 0xCE, 0x59, 0xD6, 0x38, 0xCE, 0x38, 0xCE, 0x59, 0xD6, 0x59, 0xD6, 0x58, 0xD6, 0x58, 0xD6, 
	0xFB, 0xE6, 0xDE, 0xFF, 0x55, 0xAD, 0x44, 0x29, 0xFF, 0xFF, 0x93, 0x00, 0x00, 0x00, 0x24, 0x21, 
	0xBA, 0xD6, 0xFE, 0xFF, 0xFB, 0xE6, 0xBA, 0xDE, 0xBA, 0xDE, 0xBA, 0xDE, 0xDA, 0xDE, 0xBA, 0xDE, 
	0xBB, 0xDE, 0xFF, 0xFF, 0x30, 0x00, 0xDB, 0xDE, 0x59, 0xCE, 0xD7, 0xBD, 0x18, 0xCE, 0x59, 0xD6, 
	0x59, 0xD6, 0x39, 0xD6, 0x58, 0xCE, 0x79, 0xD6, 0x59, 0xD6, 0x59, 0xD6, 0x79, 0xD6, 0xBE, 0xFF, 
	0x7D, 0xEF, 0x86, 0x31, 0xFF, 0xFF, 0x92, 0x00, 0x00, 0x00, 0xC2, 0x18, 0xF3, 0x9C, 0xFE, 0xFF, 
	0x7D, 0xF7, 0xBA, 0xDE, 0xBA, 0xDE, 0xBA, 0xDE, 0x9A, 0xDE, 0x9A, 0xDE, 0x99, 0xD6, 0xBA, 0xDE, 
	0xFF, 0xFF, 0x27, 0x00, 0xDB, 0xDE, 0xDB, 0xD6, 0x18, 0xBE, 0xD6, 0xB5, 0x38, 0xCE, 0x58, 0xD6, 
	0x18, 0xCE, 0x38, 0xCE, 0x58, 0xCE, 0x39, 0xD6, 0x38, 0xD6, 0x38, 0xCE, 0xBA, 0xDE, 0xFE, 0xFF, 
	0x55, 0xAD, 0x82, 0x10, 0xFF, 0xFF, 0x92, 0x00, 0x00, 0x00, 0x44, 0x21, 0x59, 0xCE, 0xFE, 0xFF, 
	0xBA, 0xDE, 0x79, 0xD6, 0x79, 0xD6, 0x99, 0xD6, 0x79, 0xDE, 0x58, 0xD6, 0x58, 0xD6, 0xBB, 0xD6, 
	0xFF, 0xFF, 0x20, 0x00, 0xDB, 0xDE, 0xBB, 0xD6, 0x59, 0xCE, 0xF8, 0xC5, 0x18, 0xCE, 0x59, 0xD6, 
	0x38, 0xCE, 0x38, 0xCE, 0x59, 0xD6, 0x59, 0xD6, 0x58, 0xD6, 0x58, 0xD6, 0xDA, 0xDE, 0xBE, 0xFF, 
	0x18, 0xC6, 0xC6, 0x39, 0xFF, 0xFF, 0x93, 0x00, 0x00, 0x00, 0x04, 0x21, 0x38, 0xC6, 0xFE, 0xFF, 
	0x1C, 0xE7, 0xBA, 0xDE, 0xBA, 0xDE, 0xBA, 0xDE, 0xDA, 0xDE, 0xBA, 0xDE, 0xBB, 0xDE, 0xFF, 0xFF, 
	0x30, 0x00, 0xDB, 0xDE, 0x59, 0xCE, 0xF7, 0xBD, 0x18, 0xC6, 0x39, 0xD6, 0x59, 0xD6, 0x59, 0xD6, 
	0x58, 0xCE, 0x79, 0xD6, 0x79, 0xD6, 0x59, 0xD6, 0x79, 0xD6, 0xBE, 0xFF, 0x7D, 0xEF, 0xA6, 0x31, 
	0xFF, 0xFF, 0x92, 0x00, 0x00, 0x00, 0x81, 0x10, 0x91, 0x94, 0xFE, 0xFF, 0x7D, 0xF7, 0xBA, 0xDE, 
	0xBA, 0xDE, 0xBA, 0xDE, 0x9A, 0xDE, 0x9A, 0xDE, 0x99, 0xD6, 0xDA, 0xDE, 0xFF, 0xFF, 0x27, 0x00, 
	0xDB, 0xDE, 0xDB, 0xD6, 0x18, 0xBE, 0xB6, 0xB5, 0x38, 0xCE, 0x59, 0xD6, 0x18, 0xCE, 0x38, 0xCE, 
	0x59, 0xD6, 0x59, 0xD6, 0x39, 0xD6, 0x38, 0xCE, 0xBA, 0xDE, 0xFE, 0xFF, 0x34, 0xA5, 0x61, 0x08, 
	0xFF, 0xFF, 0x92, 0x00, 0x00, 0x00, 0x86, 0x29, 0x79, 0xCE, 0xFE, 0xFF, 0xBB, 0xDE, 0x79, 0xD6, 
	0x79, 0xD6, 0x99, 0xD6, 0x79, 0xD6, 0x58, 0xD6, 0x59, 0xD6, 0xFF, 0xFF, 0x21, 0x00, 0xDB, 0xDE, 
	0xDB, 0xD6, 0x7A, 0xCE, 0x18, 0xC6, 0x18, 0xCE, 0x59, 0xD6, 0x39, 0xD6, 0xFF, 0xFF, 0x04, 0x00, 
	0x59, 0xD6, 0xBA, 0xDE, 0x7D, 0xF7, 0xBA, 0xD6, 0x49, 0x4A, 0xFF, 0xFF, 0x93, 0x00, 0x00, 0x00, 
	0xC3, 0x18, 0x75, 0xAD, 0xFE, 0xFF, 0x5D, 0xF7, 0xDB, 0xE6, 0xDB, 0xDE, 0xDA, 0xDE, 0xDA, 0xDE, 
	0xBA, 0xDE, 0xBB, 0xDE, 0xFF, 0xFF, 0x30, 0x00, 0xDB, 0xDE, 0x7A, 0xCE, 0xF7, 0xBD, 0x18, 0xC6, 
	0x59, 0xD6, 0x39, 0xD6, 0x38, 0xD6, 0x58, 0xD6, 0x58, 0xD6, 0x79, 0xD6, 0x79, 0xD6, 0x79, 0xD6, 
	0x9E, 0xFF, 0x9D, 0xF7, 0xA6, 0x31, 0xFF, 0xFF, 0x8F, 0x00, 0x00, 0x00, 0x20, 0x00, 0x00, 0x00, 
	0x00, 0x00, 0x40, 0x08, 0x10, 0x84, 0xFE, 0xFF, 0x7D, 0xF7, 0xFF, 0xFF, 0x03, 0x00, 0xBA, 0xDE, 
	0x9A, 0xDE, 0x99, 0xD6, 0xBA, 0xDE, 0xFF, 0xFF, 0x27, 0x00, 0xDB, 0xDE, 0xDB, 0xD6, 0x18, 0xBE, 
	0xD7, 0xBD, 0x38, 0xCE, 0x59, 0xD6, 0x38, 0xD6, 0x38, 0xCE, 0x58, 0xCE, 0x59, 0xD6, 0x59, 0xD6, 
	0x38, 0xCE, 0xBA, 0xDE, 0xFE, 0xFF, 0x13, 0x9D, 0x20, 0x00, 0xFF, 0xFF, 0x92, 0x00, 0x00, 0x00, 
	0xC7, 0x39, 0x9A, 0xD6, 0xFE, 0xFF, 0xBA, 0xDE, 0x99, 0xD6, 0x99, 0xD6, 0x99, 0xD6, 0x79, 0xD6, 
	0x79, 0xD6, 0x59, 0xD6, 0xFF, 0xFF, 0x22, 0x00, 0xDB, 0xDE, 0x7A, 0xCE, 0x18, 0xC6, 0x18, 0xCE, 
	0xFF, 0xFF, 0x06, 0x00, 0x59, 0xD6, 0x9A, 0xDE, 0x5C, 0xEF, 0x3C, 0xE7, 0xCA, 0x5A, 0x00, 0x00, 
	0x00, 0x00, 0x00, 0x00, 0x20, 0x00, 0xFF, 0xFF, 0x8F, 0x00, 0x00, 0x00, 0x61, 0x08, 0x51, 0x8C, 
	0xDF, 0xFF, 0xBE, 0xFF, 0xDB, 0xE6, 0xDB, 0xDE, 0xDA, 0xDE, 0xDA, 0xDE, 0xBA, 0xDE, 0xBA, 0xDE, 
	0xFF, 0xFF, 0x30, 0x00, 0xDB, 0xDE, 0x7A, 0xCE, 0xD7, 0xBD, 0x18, 0xC6, 0x79, 0xD6, 0x38, 0xD6, 
	0x38, 0xD6, 0x59, 0xD6, 0x59, 0xD6, 0x58, 0xD6, 0x79, 0xD6, 0x79, 0xD6, 0x9E, 0xF7, 0x9E, 0xF7, 
	0xA6, 0x31, 0xFF, 0xFF, 0x93, 0x00, 0x00, 0x00, 0x8D, 0x73, 0xFE, 0xFF, 0x9D, 0xF7, 0x99, 0xDE, 
	0xBA, 0xDE, 0xDB, 0xDE, 0xBA, 0xDE, 0xBA, 0xDE, 0x99, 0xD6, 0xBA, 0xD6, 0xFF, 0xFF, 0x27, 0x00, 
	0xDB, 0xDE, 0xDB, 0xD6, 0xF8, 0xBD, 0xF7, 0xBD, 0x38, 0xCE, 0x38, 0xD6, 0x38, 0xD6, 0x58, 0xD6, 
	0x58, 0xCE, 0x59, 0xD6, 0x59, 0xD6, 0x38, 0xCE, 0xDA, 0xDE, 0xFE, 0xFF, 0xB2, 0x94, 0xFF, 0xFF, 
	0x93, 0x00, 0x00, 0x00, 0x28, 0x42, 0xDB, 0xDE, 0xFE, 0xFF, 0xBA, 0xDE, 0x99, 0xD6, 0x99, 0xD6, 
	0x99, 0xD6, 0x79, 0xD6, 0x79, 0xD6, 0x79, 0xD6, 0xFF, 0xFF, 0x22, 0x00, 0xDB, 0xDE, 0x9A, 0xD6, 
	0x19, 0xC6, 0xF8, 0xC5, 0x59, 0xD6, 0x59, 0xD6, 0x38, 0xCE, 0x59, 0xD6, 0x59, 0xD6, 0x58, 0xD6, 
	0x59, 0xD6, 0x79, 0xD6, 0x3C, 0xEF, 0xBE, 0xF7, 0x0B, 0x63, 0xFF, 0xFF, 0x93, 0x00, 0x00, 0x00, 
	0x20, 0x00, 0x4D, 0x6B, 0x7D, 0xEF, 0xDF, 0xFF, 0xDB, 0xE6, 0xDB, 0xDE, 0xDB, 0xE6, 0xBA, 0xDE, 
	0xBA, 0xDE, 0xBA, 0xDE, 0xFF, 0xFF, 0x30, 0x00, 0xDB, 0xDE, 0x9A, 0xCE, 0xF7, 0xBD, 0x18, 0xC6, 
	0x79, 0xD6, 0x38, 0xD6, 0x38, 0xD6, 0x79, 0xD6, 0x58, 0xD6, 0x58, 0xD6, 0x79, 0xD6, 0x79, 0xD6, 
	0x9E, 0xF7, 0x9E, 0xF7, 0xC7, 0x39, 0xFF, 0xFF, 0x8E, 0x00, 0x00, 0x00, 0x20, 0x00, 0xFF, 0xFF, 
	0x03, 0x00, 0x00, 0x00, 0x2C, 0x63, 0xFE, 0xFF, 0x9E, 0xF7, 0x99, 0xD6, 0xBA, 0xDE, 0xBA, 0xDE, 
	0xBB, 0xDE, 0xBA, 0xDE, 0x99, 0xDE, 0xBA, 0xD6, 0xFF, 0xFF, 0x27, 0x00, 0xDB, 0xDE, 0xDB, 0xD6, 
	0xF7, 0xBD, 0xF7, 0xC5, 0x38, 0xCE, 0x38, 0xD6, 0x38, 0xD6, 0x58, 0xD6, 0x58, 0xCE, 0x79, 0xD6, 
	0x59, 0xD6, 0x58, 0xD6, 0xDA, 0xDE, 0xFE, 0xFF, 0xB2, 0x94, 0xFF, 0xFF, 0x93, 0x00, 0x00, 0x00, 
	0x69, 0x4A, 0xFB, 0xDE, 0xFE, 0xFF, 0xBA, 0xDE, 0x9A, 0xD6, 0x9A, 0xD6, 0x9A, 0xD6, 0x79, 0xD6, 
	0x79, 0xD6, 0x79, 0xD6, 0xFF, 0xFF, 0x22, 0x00, 0xDB, 0xDE, 0xBB, 0xD6, 0x39, 0xC6, 0xF7, 0xC5, 
	0x59, 0xD6, 0x59, 0xD6, 0x38, 0xCE, 0x59, 0xD6, 0x59, 0xD6, 0x59, 0xD6, 0x79, 0xD6, 0x79, 0xD6, 
	0x3C, 0xEF, 0xDF, 0xFF, 0x4D, 0x6B, 0xFF, 0xFF, 0x94, 0x00, 0x00, 0x00, 0x49, 0x4A, 0xFB, 0xDE, 
	0xFE, 0xFF, 0xFC, 0xE6, 0xDB, 0xDE, 0xDB, 0xDE, 0xBA, 0xDE, 0xBA, 0xDE, 0xBA, 0xDE, 0xFF, 0xFF, 
	0x30, 0x00, 0xDB, 0xDE, 0x9A, 0xD6, 0xF8, 0xBD, 0x18, 0xC6, 0x79, 0xD6, 0x38, 0xD6, 0x58, 0xD6, 
	0x59, 0xD6, 0x79, 0xD6, 0x59, 0xD6, 0x79, 0xD6, 0x79, 0xD6, 0x9D, 0xF7, 0xBE, 0xF7, 0x29, 0x4A, 
	0xFF, 0xFF, 0x93, 0x00, 0x00, 0x00, 0xEB, 0x5A, 0xFE, 0xFF, 0xBE, 0xF7, 0xBA, 0xDE, 0xBA, 0xDE, 
	0xDB, 0xDE, 0xBA, 0xDE, 0xBA, 0xDE, 0x99, 0xDE, 0xBA, 0xDE, 0xFF, 0xFF, 0x28, 0x00, 0xDB, 0xDE, 
	0xF7, 0xBD, 0xF7, 0xC5, 0x38, 0xCE, 0x38, 0xD6, 0x38, 0xD6, 0x58, 0xD6, 0x58, 0xCE, 0x79, 0xD6, 
	0x79, 0xD6, 0x79, 0xD6, 0xDB, 0xDE, 0xFE, 0xFF, 0xB2, 0x94, 0xFF, 0xFF, 0x93, 0x00, 0x00, 0x00, 
	0xAA, 0x52, 0x1C, 0xE7, 0xDF, 0xFF, 0xBA, 0xDE, 0x9A, 0xD6, 0x9A, 0xD6, 0x9A, 0xD6, 0x79, 0xDE, 
	0x79, 0xD6, 0x79, 0xD6, 0xFF, 0xFF, 0x22, 0x00, 0xDB, 0xDE, 0xBB, 0xD6, 0x59, 0xC6, 0xF7, 0xC5, 
	0x59, 0xCE, 0x59, 0xD6, 0x58, 0xD6, 0x59, 0xD6, 0x59, 0xD6, 0x59, 0xD6, 0x79, 0xDE, 0x79, 0xDE, 
	0x3C, 0xEF, 0xFE, 0xFF, 0x0F, 0x84, 0xFF, 0xFF, 0x94, 0x00, 0x00, 0x00, 0x45, 0x29, 0x79, 0xCE, 
	0xFE, 0xFF, 0x1C, 0xEF, 0xDB, 0xDE, 0xDB, 0xDE, 0xDB, 0xDE, 0xBA, 0xDE, 0xBA, 0xDE, 0xFF, 0xFF, 
	0x30, 0x00, 0xDB, 0xDE, 0x9A, 0xD6, 0x18, 0xBE, 0xF8, 0xC5, 0x79, 0xD6, 0x59, 0xD6, 0x58, 0xD6, 
	0x79, 0xD6, 0x79, 0xD6, 0x59, 0xD6, 0x59, 0xD6, 0x59, 0xD6, 0x7D, 0xF7, 0xBE, 0xFF, 0xAA, 0x5A, 
	0xFF, 0xFF, 0x93, 0x00, 0x00, 0x00, 0x89, 0x52, 0xDF, 0xFF, 0xDE, 0xFF, 0xBA, 0xDE, 0xBA, 0xDE, 
	0xBB, 0xDE, 0xDA, 0xDE, 0xBA, 0xDE, 0xBA, 0xDE, 0xBA, 0xDE, 0xFF, 0xFF, 0x28, 0x00, 0xDB, 0xDE, 
	0x18, 0xBE, 0xF7, 0xC5, 0x38, 0xCE, 0x38, 0xD6, 0x38, 0xD6, 0x58, 0xD6, 0x79, 0xD6, 0x79, 0xD6, 
	0x59, 0xD6, 0x79, 0xD6, 0xDB, 0xDE, 0xFE, 0xFF, 0xB2, 0x94, 0xFF, 0xFF, 0x93, 0x00, 0x00, 0x00, 
	0x0C, 0x63, 0x3C, 0xE7, 0xDF, 0xFF, 0xBA, 0xDE, 0x9A, 0xD6, 0x9A, 0xD6, 0x9A, 0xD6, 0x99, 0xDE, 
	0x79, 0xD6, 0x79, 0xD6, 0xFF, 0xFF, 0x22, 0x00, 0xDB, 0xDE, 0xDB, 0xD6, 0x59, 0xCE, 0xF7, 0xC5, 
	0x38, 0xCE, 0x59, 0xD6, 0x59, 0xD6, 0x79, 0xD6, 0x59, 0xD6, 0x79, 0xD6, 0x79, 0xDE, 0x79, 0xD6, 
	0x1B, 0xE7, 0xFE, 0xFF, 0xD3, 0x9C, 0x82, 0x10, 0xFF, 0xFF, 0x93, 0x00, 0x00, 0x00, 0x82, 0x10, 
	0x38, 0xC6, 0xFE, 0xFF, 0x1C, 0xE7, 0xDB, 0xDE, 0xDB, 0xE6, 0xDB, 0xDE, 0x9A, 0xDE, 0xBA, 0xDE, 
	0xFF, 0xFF, 0x30, 0x00, 0xDB, 0xDE, 0xBB, 0xD6, 0x18, 0xC6, 0x18, 0xC6, 0x59, 0xD6, 0x59, 0xD6, 
	0x58, 0xD6, 0xFF, 0xFF, 0x04, 0x00, 0x79, 0xD6, 0x7D, 0xF7, 0xDF, 0xFF, 0x2D, 0x6B, 0xFF, 0xFF, 
	0x93, 0x00, 0x00, 0x00, 0x48, 0x4A, 0xDE, 0xFF, 0xDE, 0xFF, 0xDA, 0xDE, 0xDA, 0xDE, 0xDB, 0xDE, 
	0xDA, 0xDE, 0xBA, 0xDE, 0xBA, 0xDE, 0xBA, 0xDE, 0xFF, 0xFF, 0x28, 0x00, 0xDB, 0xDE, 0x18, 0xBE, 
	0x18, 0xC6, 0x58, 0xD6, 0x38, 0xD6, 0x38, 0xD6, 0x58, 0xD6, 0x79, 0xD6, 0x79, 0xD6, 0x59, 0xD6, 
	0x99, 0xD6, 0xDB, 0xE6, 0xFE, 0xFF, 0x92, 0x94, 0xFF, 0xFF, 0x93, 0x00, 0x00, 0x00, 0x4D, 0x6B, 
	0x5D, 0xEF, 0xBE, 0xFF, 0x9A, 0xDE, 0x9A, 0xDE, 0x9A, 0xDE, 0x99, 0xD6, 0x99, 0xD6, 0x99, 0xD6, 
	0x79, 0xD6, 0xFF, 0xFF, 0x23, 0x00, 0xDB, 0xDE, 0x7A, 0xCE, 0xF8, 0xC5, 0x38, 0xCE, 0x79, 0xD6, 
	0x59, 0xD6, 0x59, 0xD6, 0x59, 0xD6, 0x79, 0xD6, 0x79, 0xD6, 0x79, 0xD6, 0xFB, 0xE6, 0xFE, 0xFF, 
	0xD6, 0xBD, 0x45, 0x29, 0xFF, 0xFF, 0x93, 0x00, 0x00, 0x00, 0x61, 0x08, 0x18, 0xC6, 0xFE, 0xFF, 
	0x3C, 0xEF, 0xDB, 0xE6, 0xDB, 0xE6, 0xDB, 0xE6, 0xBA, 0xDE, 0xBA, 0xDE, 0xFF, 0xFF, 0x30, 0x00, 
	0xDB, 0xDE, 0xBB, 0xD6, 0x38, 0xC6, 0x18, 0xC6, 0x59, 0xD6, 0x79, 0xDE, 0x59, 0xD6, 0x79, 0xD6, 
	0x99, 0xD6, 0x79, 0xDE, 0x79, 0xDE, 0x59, 0xD6, 0x5D, 0xEF, 0xDF, 0xFF, 0xAF, 0x73, 0x20, 0x00, 
	0xFF, 0xFF, 0x92, 0x00, 0x00, 0x00, 0x28, 0x42, 0xDE, 0xFF, 0xFE, 0xFF, 0xFB, 0xE6, 0xDA, 0xDE, 
	0xDB, 0xDE, 0xFF, 0xFF, 0x03, 0x00, 0xBA, 0xDE, 0xFF, 0xFF, 0x27, 0x00, 0xDB, 0xDE, 0xBB, 0xD6, 
	0xF7, 0xBD, 0x18, 0xC6, 0x59, 0xD6, 0x59, 0xD6, 0x38, 0xD6, 0x59, 0xD6, 0x79, 0xD6, 0x79, 0xD6, 
	0x59, 0xD6, 0x99, 0xD6, 0xFB, 0xE6, 0xFE, 0xFF, 0x71, 0x94, 0xFF, 0xFF, 0x92, 0x00, 0x00, 0x00, 
	0x20, 0x00, 0xAE, 0x73, 0x7D, 0xEF, 0xBE, 0xFF, 0x9A, 0xDE, 0x9A, 0xDE, 0xBA, 0xDE, 0x99, 0xD6, 
	0x99, 0xD6, 0x99, 0xD6, 0x79, 0xD6, 0xFF, 0xFF, 0x23, 0x00, 0xDB, 0xDE, 0x9A, 0xCE, 0xF7, 0xBD, 
	0x38, 0xCE, 0x79, 0xD6, 0x78, 0xD6, 0x59, 0xD6, 0x79, 0xD6, 0x79, 0xD6, 0x99, 0xD6, 0x59, 0xD6, 
	0xBA, 0xDE, 0xBE, 0xFF, 0x79, 0xD6, 0x08, 0x42, 0xFF, 0xFF, 0x93, 0x00, 0x00, 0x00, 0x61, 0x08, 
	0x18, 0xC6, 0xFE, 0xFF, 0x3C, 0xEF, 0xDB, 0xE6, 0xDB, 0xE6, 0xDB, 0xDE, 0xDB, 0xDE, 0xBA, 0xDE, 
	0xBB, 0xDE, 0xFF, 0xFF, 0x2F, 0x00, 0xDB, 0xDE, 0xBB, 0xD6, 0x39, 0xC6, 0x18, 0xC6, 0x59, 0xD6, 
	0x79, 0xDE, 0xFF, 0xFF, 0x04, 0x00, 0x79, 0xD6, 0x59, 0xD6, 0x5C, 0xEF, 0xDF, 0xFF, 0x10, 0x84, 
	0x61, 0x08, 0xFF, 0xFF, 0x92, 0x00, 0x00, 0x00, 0x28, 0x42, 0xBE, 0xF7, 0xFE, 0xFF, 0xFB, 0xE6, 
	0xDA, 0xDE, 0xBB, 0xDE, 0xFF, 0xFF, 0x03, 0x00, 0xBA, 0xDE, 0xFF, 0xFF, 0x27, 0x00, 0xDB, 0xDE, 
	0xBB, 0xD6, 0xF7, 0xBD, 0xF7, 0xC5, 0x59, 0xD6, 0x59, 0xD6, 0x38, 0xD6, 0xFF, 0xFF, 0x04, 0x00, 
	0x79, 0xD6, 0xFB, 0xE6, 0xDF, 0xFF, 0x51, 0x8C, 0xFF, 0xFF, 0x92, 0x00, 0x00, 0x00, 0x20, 0x00, 
	0xEF, 0x7B, 0x9E, 0xF7, 0x9E, 0xF7, 0x9A, 0xDE, 0x9A, 0xDE, 0xBA, 0xDE, 0x9A, 0xDE, 0x99, 0xD6, 
	0x99, 0xD6, 0x99, 0xD6, 0xFF, 0xFF, 0x23, 0x00, 0xDB, 0xDE, 0x9A, 0xD6, 0xF7, 0xBD, 0x38, 0xCE, 
	0x99, 0xDE, 0x79, 0xD6, 0x78, 0xD6, 0x79, 0xD6, 0x79, 0xD6, 0x79, 0xD6, 0x58, 0xD6, 0x9A, 0xDE, 
	0x7E, 0xFF, 0x1C, 0xE7, 0xCA, 0x5A, 0xFF, 0xFF, 0x93, 0x00, 0x00, 0x00, 0x41, 0x08, 0x96, 0xB5, 
	0xFE, 0xFF, 0x7D, 0xF7, 0xFB, 0xE6, 0xDB, 0xE6, 0xDB, 0xDE, 0xDB, 0xDE, 0xBA, 0xDE, 0xBA, 0xDE, 
	0xFF, 0xFF, 0x2F, 0x00, 0xDB, 0xDE, 0xBB, 0xD6, 0x39, 0xC6, 0x18, 0xC6, 0x79, 0xD6, 0x79, 0xDE, 
	0xFF, 0xFF, 0x05, 0x00, 0x79, 0xD6, 0x3C, 0xEF, 0xFE, 0xFF, 0x71, 0x8C, 0x82, 0x10, 0xFF, 0xFF, 
	0x92, 0x00, 0x00, 0x00, 0x07, 0x42, 0xBE, 0xF7, 0xFE, 0xFF, 0xFB, 0xE6, 0xDA, 0xDE, 0xBB, 0xDE, 
	0xFF, 0xFF, 0x03, 0x00, 0xBA, 0xDE, 0xFF, 0xFF, 0x27, 0x00, 0xDB, 0xDE, 0x9A, 0xD6, 0xF7, 0xBD, 
	0xF7, 0xC5, 0x59, 0xD6, 0x59, 0xD6, 0x38, 0xD6, 0xFF, 0xFF, 0x04, 0x00, 0x79, 0xD6, 0xFB, 0xE6, 
	0xBE, 0xFF, 0x30, 0x8C, 0xFF, 0xFF, 0x92, 0x00, 0x00, 0x00, 0x41, 0x08, 0x31, 0x8C, 0xBE, 0xFF, 
	0x7D, 0xF7, 0x9A, 0xD6, 0x9A, 0xDE, 0x9A, 0xDE, 0x99, 0xD6, 0x99, 0xD6, 0x99, 0xD6, 0x9A, 0xD6, 
	0xFF, 0xFF, 0x23, 0x00, 0xDB, 0xDE, 0x9A, 0xD6, 0xF8, 0xBD, 0x38, 0xCE, 0x7A, 0xDE, 0x79, 0xD6, 
	0x58, 0xD6, 0x79, 0xD6, 0x79, 0xD6, 0x79, 0xD6, 0x59, 0xD6, 0x9A, 0xDE, 0x5D, 0xF7, 0x9E, 0xF7, 
	0x2C, 0x6B, 0xFF, 0xFF, 0x93, 0x00, 0x00, 0x00, 0x20, 0x00, 0xD3, 0x9C, 0xFE, 0xFF, 0xBE, 0xFF, 
	0xFB, 0xE6, 0xDB, 0xE6, 0xDB, 0xE6, 0xDB, 0xE6, 0xBA, 0xDE, 0xBA, 0xDE, 0xFF, 0xFF, 0x2F, 0x00, 
	0xDB, 0xDE, 0xDB, 0xD6, 0x59, 0xC6, 0xF7, 0xBD, 0x59, 0xD6, 0x99, 0xDE, 0x79, 0xD6, 0x59, 0xD6, 
	0x99, 0xD6, 0x99, 0xD6, 0x79, 0xD6, 0x79, 0xD6, 0x3C, 0xEF, 0xFE, 0xFF, 0xB3, 0x9C, 0xC3, 0x18, 
	0xFF, 0xFF, 0x92, 0x00, 0x00, 0x00, 0xC7, 0x39, 0x9D, 0xF7, 0xFE, 0xFF, 0x1B, 0xEF, 0xDA, 0xE6, 
	0xFF, 0xFF, 0x04, 0x00, 0xBA, 0xDE, 0xFF, 0xFF, 0x27, 0x00, 0xDB, 0xDE, 0x9A, 0xD6, 0xD7, 0xBD, 
	0xF7, 0xC5, 0x79, 0xD6, 0x59, 0xD6, 0x59, 0xD6, 0x79, 0xD6, 0x79, 0xD6, 0x99, 0xDE, 0x79, 0xD6, 
	0x79, 0xD6, 0xFB, 0xE6, 0xBE, 0xFF, 0x10, 0x84, 0xFF, 0xFF, 0x92, 0x00, 0x00, 0x00, 0x41, 0x08, 
	0x92, 0x94, 0xBF, 0xFF, 0x7D, 0xF7, 0x9A, 0xDE, 0x9A, 0xD6, 0xBA, 0xDE, 0x9A, 0xD6, 0x99, 0xD6, 
	0x99, 0xD6, 0x9A, 0xD6, 0xFF, 0xFF, 0x23, 0x00, 0xDB, 0xDE, 0xBB, 0xD6, 0x18, 0xC6, 0x38, 0xCE, 
	0x79, 0xD6, 0x79, 0xD6, 0x59, 0xD6, 0x59, 0xD6, 0x79, 0xD6, 0x79, 0xD6, 0x59, 0xD6, 0x9A, 0xDE, 
	0x3C, 0xEF, 0xFE, 0xFF, 0xAE, 0x73, 0xFF, 0xFF, 0x94, 0x00, 0x00, 0x00, 0xAE, 0x73, 0x9D, 0xF7, 
	0xDF, 0xFF, 0x1B, 0xE7, 0xFB, 0xE6, 0xDB, 0xE6, 0xDB, 0xE6, 0xBB, 0xE6, 0xBA, 0xDE, 0xFF, 0xFF, 
	0x2F, 0x00, 0xDB, 0xDE, 0xDB, 0xD6, 0x59, 0xC6, 0xF7, 0xBD, 0x79, 0xD6, 0x9A, 0xDE, 0x79, 0xD6, 
	0x59, 0xD6, 0x79, 0xD6, 0x79, 0xD6, 0x79, 0xD6, 0x59, 0xD6, 0x1C, 0xEF, 0xDF, 0xFF, 0x55, 0xAD, 
	0x04, 0x21, 0x00, 0x00, 0x00, 0x00, 0x20, 0x00, 0xFF, 0xFF, 0x8F, 0x00, 0x00, 0x00, 0xA6, 0x31, 
	0x5C, 0xEF, 0xFE, 0xFF, 0x3C, 0xEF, 0xBA, 0xDE, 0xBA, 0xDE, 0xDB, 0xDE, 0xBA, 0xDE, 0xBA, 0xDE, 
	0xBA, 0xDE, 0xFF, 0xFF, 0x27, 0x00, 0xDB, 0xDE, 0x9A, 0xD6, 0xD7, 0xB5, 0x18, 0xC6, 0x79, 0xD6, 
	0x59, 0xD6, 0xFF, 0xFF, 0x04, 0x00, 0x79, 0xD6, 0x99, 0xD6, 0x1C, 0xEF, 0x7D, 0xF7, 0xCF, 0x7B, 
	0xFF, 0xFF, 0x92, 0x00, 0x00, 0x00, 0x41, 0x08, 0xD3, 0x9C, 0xDF, 0xFF, 0x7D, 0xF7, 0xBA, 0xDE, 
	0x9A, 0xD6, 0x9A, 0xDE, 0x9A, 0xDE, 0x99, 0xD6, 0x99, 0xD6, 0x9A, 0xD6, 0xFF, 0xFF, 0x23, 0x00, 
	0xDB, 0xDE, 0xBB, 0xD6, 0x59, 0xCE, 0x18, 0xC6, 0x59, 0xD6, 0x79, 0xDE, 0x79, 0xD6, 0x59, 0xD6, 
	0xFF, 0xFF, 0x03, 0x00, 0x79, 0xD6, 0x1C, 0xEF, 0xFE, 0xFF, 0xEF, 0x7B, 0xFF, 0xFF, 0x94, 0x00, 
	0x00, 0x00, 0x69, 0x4A, 0xFB, 0xDE, 0xFE, 0xFF, 0x1C, 0xEF, 0xFB, 0xE6, 0xDB, 0xE6, 0xBB, 0xE6, 
	0xDB, 0xE6, 0xDA, 0xDE, 0xBB, 0xD6, 0xFF, 0xFF, 0x2E, 0x00, 0xDB, 0xDE, 0xDB, 0xD6, 0x59, 0xCE, 
	0xF8, 0xBD, 0x79, 0xD6, 0x99, 0xDE, 0x59, 0xD6, 0x59, 0xD6, 0xFF, 0xFF, 0x03, 0x00, 0x79, 0xD6, 
	0xDB, 0xE6, 0xBE, 0xFF, 0x96, 0xB5, 0x24, 0x29, 0xFF, 0xFF, 0x92, 0x00, 0x00, 0x00, 0x86, 0x31, 
	0x1B, 0xE7, 0xFE, 0xFF, 0x3C, 0xEF, 0xBA, 0xDE, 0xDB, 0xDE, 0xDB, 0xDE, 0xBA, 0xDE, 0xB9, 0xDE, 
	0xBA, 0xDE, 0xFF, 0xFF, 0x26, 0x00, 0xDB, 0xDE, 0xDB, 0xD6, 0x9A, 0xCE, 0xB6, 0xB5, 0x18, 0xC6, 
	0x79, 0xD6, 0x59, 0xD6, 0xFF, 0xFF, 0x04, 0x00, 0x79, 0xD6, 0x9A, 0xD6, 0x1C, 0xEF, 0x5D, 0xEF, 
	0xAE, 0x73, 0xFF, 0xFF, 0x92, 0x00, 0x00, 0x00, 0x61, 0x08, 0x14, 0xA5, 0xFE, 0xFF, 0x5D, 0xF7, 
	0xBA, 0xDE, 0x9A, 0xD6, 0x99, 0xD6, 0x9A, 0xDE, 0x9A, 0xD6, 0x7A, 0xD6, 0x9A, 0xD6, 0xFF, 0xFF, 
	0x23, 0x00, 0xDB, 0xDE, 0xDB, 0xD6, 0x7A, 0xCE, 0x38, 0xC6, 0x59, 0xD6, 0x79, 0xDE, 0xFF, 0xFF, 
	0x03, 0x00, 0x79, 0xD6, 0x79, 0xDE, 0x79, 0xD6, 0x3C, 0xE7, 0xFE, 0xFF, 0x71, 0x94, 0xFF, 0xFF, 
	0x94, 0x00, 0x00, 0x00, 0x86, 0x31, 0x79, 0xCE, 0xFE, 0xFF, 0x3C, 0xEF, 0xDB, 0xE6, 0xDB, 0xE6, 
	0xDA, 0xE6, 0xDB, 0xDE, 0xDB, 0xDE, 0xBA, 0xDE, 0xFF, 0xFF, 0x2E, 0x00, 0xDB, 0xDE, 0xDB, 0xD6, 
	0x7A, 0xCE, 0xF8, 0xBD, 0x79, 0xD6, 0x99, 0xDE, 0x59, 0xD6, 0x79, 0xD6, 0x79, 0xD6, 0x79, 0xD6, 
	0x99, 0xD6, 0x79, 0xD6, 0xDB, 0xDE, 0x9E, 0xFF, 0xF7, 0xC5, 0x85, 0x31, 0xFF, 0xFF, 0x92, 0x00, 
	0x00, 0x00, 0x65, 0x29, 0xBA, 0xDE, 0xFE, 0xFF, 0x5C, 0xF7, 0xDA, 0xE6, 0xDB, 0xDE, 0xDB, 0xDE, 
	0xBA, 0xDE, 0xBA, 0xDE, 0xBA, 0xDE, 0xFF, 0xFF, 0x26, 0x00, 0xDB, 0xDE, 0xDB, 0xD6, 0x9A, 0xD6, 
	0xB6, 0xB5, 0x38, 0xCE, 0xFF, 0xFF, 0x06, 0x00, 0x79, 0xD6, 0x9A, 0xD6, 0x3C, 0xEF, 0x3C, 0xEF, 
	0x8D, 0x73, 0xFF, 0xFF, 0x92, 0x00, 0x00, 0x00, 0x61, 0x08, 0x54, 0xAD, 0xFE, 0xFF, 0x5D, 0xF7, 
	0xBA, 0xDE, 0x9A, 0xD6, 0x99, 0xD6, 0x9A, 0xDE, 0x9A, 0xDE, 0x9A, 0xD6, 0x9A, 0xD6, 0xFF, 0xFF, 
	0x23, 0x00, 0xDB, 0xDE, 0xDB, 0xD6, 0x9A, 0xCE, 0x39, 0xC6, 0x59, 0xD6, 0x79, 0xDE, 0xFF, 0xFF, 
	0x03, 0x00, 0x79, 0xD6, 0x59, 0xD6, 0x79, 0xD6, 0x3C, 0xE7, 0xFE, 0xFF, 0x13, 0xA5, 0x41, 0x08, 
	0xFF, 0xFF, 0x93, 0x00, 0x00, 0x00, 0x82, 0x10, 0xF7, 0xBD, 0xFE, 0xFF, 0x3C, 0xEF, 0xFF, 0xFF, 
	0x03, 0x00, 0xDB, 0xE6, 0xDB, 0xDE, 0xBA, 0xDE, 0xFF, 0xFF, 0x2E, 0x00, 0xDB, 0xDE, 0xDB, 0xD6, 
	0x7A, 0xCE, 0xF8, 0xBD, 0x59, 0xD6, 0x99, 0xDE, 0x59, 0xD6, 0x79, 0xD6, 0x79, 0xD6, 0x79, 0xD6, 
	0x9A, 0xD6, 0x99, 0xD6, 0xBA, 0xDE, 0x9E, 0xFF, 0x59, 0xD6, 0xC6, 0x39, 0xFF, 0xFF, 0x92, 0x00, 
	0x00, 0x00, 0x44, 0x29, 0x59, 0xCE, 0xFE, 0xFF, 0x5D, 0xF7, 0xDA, 0xE6, 0xDB, 0xDE, 0xDB, 0xDE, 
	0xBA, 0xDE, 0xBA, 0xDE, 0xBA, 0xDE, 0xFF, 0xFF, 0x26, 0x00, 0xDB, 0xDE, 0xDB, 0xD6, 0x9A, 0xD6, 
	0xB6, 0xB5, 0x38, 0xCE, 0xFF, 0xFF, 0x06, 0x00, 0x79, 0xD6, 0x9A, 0xDE, 0x5D, 0xEF, 0x1C, 0xE7, 
	0x4C, 0x6B, 0xFF, 0xFF, 0x92, 0x00, 0x00, 0x00, 0x81, 0x10, 0x95, 0xB5, 0xFE, 0xFF, 0x5D, 0xEF, 
	0xBA, 0xDE, 0x9A, 0xD6, 0x9A, 0xDE, 0x9A, 0xD6, 0x9A, 0xD6, 0x9A, 0xDE, 0xBA, 0xDE, 0xFF, 0xFF, 
	0x24, 0x00, 0xDB, 0xDE, 0x9A, 0xD6, 0x38, 0xC6, 0x59, 0xCE, 0x79, 0xDE, 0x79, 0xDE, 0x79, 0xD6, 
	0x79, 0xD6, 0x99, 0xD6, 0x79, 0xD6, 0x79, 0xD6, 0x1B, 0xE7, 0xFE, 0xFF, 0xD6, 0xBD, 0x24, 0x21, 
	0xFF, 0xFF, 0x93, 0x00, 0x00, 0x00, 0x20, 0x00, 0x75, 0xAD, 0xFE, 0xFF, 0x5C, 0xEF, 0xBB, 0xE6, 
	0xDB, 0xE6, 0xDB, 0xE6, 0xDB, 0xE6, 0xDB, 0xDE, 0xBA, 0xDE, 0xDA, 0xDE, 0xFF, 0xFF, 0x2D, 0x00, 
	0xDB, 0xDE, 0xDB, 0xD6, 0x7A, 0xCE, 0xF8, 0xBD, 0x59, 0xD6, 0x99, 0xDE, 0xFF, 0xFF, 0x03, 0x00, 
	0x79, 0xD6, 0x9A, 0xD6, 0x79, 0xD6, 0xBA, 0xDE, 0x9E, 0xFF, 0xBA, 0xDE, 0xE7, 0x39, 0xFF, 0xFF, 
	0x92, 0x00, 0x00, 0x00, 0x04, 0x21, 0xF7, 0xBD, 0xFE, 0xFF, 0x7D, 0xF7, 0xDB, 0xE6, 0xDB, 0xDE, 
	0xDB, 0xDE, 0xBA, 0xDE, 0x9A, 0xDE, 0xBA, 0xDE, 0xFF, 0xFF, 0x26, 0x00, 0xDB, 0xDE, 0xDB, 0xD6, 
	0x9A, 0xCE, 0xD6, 0xBD, 0x38, 0xCE, 0xFF, 0xFF, 0x06, 0x00, 0x79, 0xD6, 0xBA, 0xDE, 0x7D, 0xF7, 
	0xFB, 0xE6, 0x0B, 0x63, 0xFF, 0xFF, 0x92, 0x00, 0x00, 0x00, 0x82, 0x10, 0xB6, 0xB5, 0xFE, 0xFF, 
	0x3C, 0xEF, 0xBA, 0xDE, 0x9A, 0xDE, 0xBA, 0xDE, 0x9A, 0xDE, 0x9A, 0xD6, 0x9A, 0xDE, 0xBA, 0xDE, 
	0xFF, 0xFF, 0x24, 0x00, 0xDB, 0xDE, 0x9A, 0xD6, 0x18, 0xC6, 0x59, 0xCE, 0x79, 0xDE, 0x79, 0xDE, 
	0x79, 0xD6, 0x79, 0xD6, 0x99, 0xD6, 0x79, 0xD6, 0x79, 0xD6, 0xDB, 0xE6, 0xFE, 0xFF, 0x99, 0xD6, 
	0x28, 0x42, 0xFF, 0xFF, 0x94, 0x00, 0x00, 0x00, 0x55, 0xAD, 0xFE, 0xFF, 0x5D, 0xEF, 0xFF, 0xFF, 
	0x03, 0x00, 0xDB, 0xE6, 0xDB, 0xDE, 0xBA, 0xDE, 0xDA, 0xDE, 0xFF, 0xFF, 0x2D, 0x00, 0xDB, 0xDE, 
	0xDB, 0xD6, 0x7A, 0xCE, 0xF8, 0xBD, 0x59, 0xCE, 0x99, 0xDE, 0x79, 0xDE, 0x79, 0xD6, 0x79, 0xD6, 
	0x79, 0xD6, 0x99, 0xD6, 0x79, 0xD6, 0xBA, 0xDE, 0x9E, 0xFF, 0xFB, 0xE6, 0x28, 0x42, 0xFF, 0xFF, 
	0x92, 0x00, 0x00, 0x00, 0xC3, 0x18, 0x55, 0xAD, 0xFE, 0xFF, 0x9D, 0xFF, 0xDB, 0xE6, 0xDB, 0xDE, 
	0xFB, 0xE6, 0xBA, 0xDE, 0xBA, 0xDE, 0xBA, 0xDE, 0xFF, 0xFF, 0x26, 0x00, 0xDB, 0xDE, 0xDB, 0xD6, 
	0x9A, 0xCE, 0xD6, 0xBD, 0x38, 0xCE, 0xFF, 0xFF, 0x06, 0x00, 0x79, 0xD6, 0xBA, 0xDE, 0x9E, 0xFF, 
	0xBA, 0xDE, 0xAA, 0x52, 0xFF, 0xFF, 0x92, 0x00, 0x00, 0x00, 0x82, 0x10, 0xD7, 0xBD, 0xFE, 0xFF, 
	0x1C, 0xEF, 0x9A, 0xDE, 0x9A, 0xDE, 0xBA, 0xDE, 0x9A, 0xDE, 0x9A, 0xD6, 0x9A, 0xDE, 0xBA, 0xDE, 
	0xFF, 0xFF, 0x24, 0x00, 0xDB, 0xDE, 0x9A, 0xD6, 0x18, 0xC6, 0x38, 0xCE, 0x79, 0xDE, 0x79, 0xDE, 
	0x99, 0xD6, 0x99, 0xD6, 0x99, 0xD6, 0x79, 0xD6, 0x79, 0xD6, 0xBA, 0xDE, 0xBE, 0xFF, 0x5C, 0xEF, 
	0x2C, 0x63, 0xFF, 0xFF, 0x94, 0x00, 0x00, 0x00, 0x34, 0xA5, 0xFE, 0xFF, 0x7D, 0xF7, 0xFF, 0xFF, 
	0x03, 0x00, 0xDB, 0xE6, 0xDB, 0xDE, 0xDA, 0xDE, 0xBA, 0xDE, 0xFF, 0xFF, 0x2D, 0x00, 0xDB, 0xDE, 
	0xDB, 0xD6, 0x7A, 0xCE, 0xF8, 0xBD, 0x59, 0xCE, 0x79, 0xDE, 0x79, 0xD6, 0x79, 0xD6, 0x79, 0xD6, 
	0x99, 0xD6, 0x9A, 0xD6, 0x79, 0xD6, 0xBA, 0xDE, 0x9E, 0xFF, 0x3C, 0xEF, 0x48, 0x4A, 0xFF, 0xFF, 
	0x92, 0x00, 0x00, 0x00, 0xA2, 0x10, 0xF3, 0x9C, 0xFE, 0xFF, 0x9E, 0xFF, 0xDB, 0xE6, 0xDB, 0xE6, 
	0xFB, 0xE6, 0xBA, 0xDE, 0xBA, 0xDE, 0xBA, 0xDE, 0xFF, 0xFF, 0x26, 0x00, 0xDB, 0xDE, 0xDB, 0xD6, 
	0x9A, 0xCE, 0xD6, 0xBD, 0x38, 0xCE, 0x99, 0xDE, 0xFF, 0xFF, 0x05, 0x00, 0x79, 0xD6, 0xDB, 0xDE, 
	0xBE, 0xFF, 0x79, 0xD6, 0x69, 0x4A, 0xFF, 0xFF, 0x92, 0x00, 0x00, 0x00, 0x82, 0x10, 0x17, 0xC6, 
	0xFE, 0xFF, 0x1C, 0xEF, 0x9A, 0xDE, 0xBA, 0xDE, 0xBA, 0xDE, 0x9A, 0xDE, 0x9A, 0xDE, 0x9A, 0xDE, 
	0xBA, 0xDE, 0xFF, 0xFF, 0x24, 0x00, 0xDB, 0xDE, 0x9A, 0xD6, 0xF8, 0xBD, 0x38, 0xCE, 0x9A, 0xDE, 
	0x99, 0xDE, 0x99, 0xD6, 0x99, 0xD6, 0x79, 0xD6, 0x79, 0xD6, 0x79, 0xDE, 0x9A, 0xDE, 0x7D, 0xF7, 
	0xDE, 0xFF, 0xEF, 0x7B, 0xFF, 0xFF, 0x94, 0x00, 0x00, 0x00, 0x92, 0x8C, 0xFE, 0xFF, 0xDF, 0xFF, 
	0xFB, 0xE6, 0xDB, 0xE6, 0xFB, 0xE6, 0xDB, 0xE6, 0xDB, 0xDE, 0xDA, 0xDE, 0xBA, 0xDE, 0xFF, 0xFF, 
	0x2D, 0x00, 0xDB, 0xDE, 0xDB, 0xD6, 0x7A, 0xCE, 0xF8, 0xBD, 0x59, 0xCE, 0x79, 0xDE, 0xFF, 0xFF, 
	0x03, 0x00, 0x79, 0xD6, 0x9A, 0xD6, 0x9A, 0xD6, 0x9A, 0xDE, 0x7E, 0xFF, 0x5D, 0xF7, 0x49, 0x4A, 
	0xFF, 0xFF, 0x92, 0x00, 0x00, 0x00, 0x81, 0x10, 0x92, 0x94, 0xFE, 0xFF, 0x9E, 0xFF, 0xDB, 0xE6, 
	0xDB, 0xDE, 0xDB, 0xDE, 0xBA, 0xDE, 0xBA, 0xDE, 0xBA, 0xDE, 0xFF, 0xFF, 0x26, 0x00, 0xDB, 0xDE, 
	0xDB, 0xD6, 0x9A, 0xCE, 0xD7, 0xBD, 0x38, 0xCE, 0x99, 0xDE, 0x79, 0xD6, 0x79, 0xD6, 0x99, 0xD6, 
	0x79, 0xD6, 0x79, 0xD6, 0x9A, 0xD6, 0xDB, 0xDE, 0xBE, 0xFF, 0x59, 0xD6, 0x49, 0x4A, 0xFF, 0xFF, 
	0x92, 0x00, 0x00, 0x00, 0x82, 0x10, 0x38, 0xC6, 0xFE, 0xFF, 0x1C, 0xE7, 0xBA, 0xDE, 0xBA, 0xDE, 
	0xBA, 0xDE, 0x9A, 0xDE, 0x9A, 0xDE, 0x9A, 0xDE, 0xBA, 0xDE, 0xFF, 0xFF, 0x24, 0x00, 0xDB, 0xDE, 
	0x9A, 0xD6, 0xF8, 0xBD, 0x38, 0xCE, 0x9A, 0xDE, 0x99, 0xDE, 0x99, 0xD6, 0x79, 0xD6, 0x79, 0xD6, 
	0x9A, 0xD6, 0x7A, 0xDE, 0x7A, 0xDE, 0x5D, 0xF7, 0xFE, 0xFF, 0x71, 0x94, 0xFF, 0xFF, 0x94, 0x00, 
	0x00, 0x00, 0xAE, 0x73, 0xDF, 0xFF, 0xFE, 0xFF, 0x1C, 0xE7, 0xFB, 0xE6, 0xFB, 0xE6, 0xDB, 0xE6, 
	0xDB, 0xE6, 0xDA, 0xDE, 0xBA, 0xDE, 0xFF, 0xFF, 0x2E, 0x00, 0xDB, 0xDE, 0x7A, 0xCE, 0xF8, 0xBD, 
	0x59, 0xCE, 0x79, 0xDE, 0xFF, 0xFF, 0x03, 0x00, 0x79, 0xD6, 0x9A, 0xD6, 0x9A, 0xD6, 0x79, 0xDE, 
	0x7E, 0xFF, 0x9E, 0xFF, 0x69, 0x52, 0xFF, 0xFF, 0x92, 0x00, 0x00, 0x00, 0x41, 0x08, 0x30, 0x8C, 
	0xFE, 0xFF, 0x9E, 0xFF, 0xDB, 0xE6, 0xFB, 0xE6, 0xFB, 0xE6, 0xDA, 0xE6, 0xBA, 0xE6, 0xBA, 0xDE, 
	0xFF, 0xFF, 0x26, 0x00, 0xDB, 0xDE, 0xDB, 0xD6, 0x7A, 0xCE, 0xD7, 0xBD, 0x58, 0xCE, 0x99, 0xDE, 
	0x79, 0xDE, 0x79, 0xD6, 0x99, 0xD6, 0x79, 0xD6, 0x79, 0xD6, 0x79, 0xD6, 0xDB, 0xDE, 0xBE, 0xFF, 
	0x18, 0xCE, 0x08, 0x42, 0xFF, 0xFF, 0x92, 0x00, 0x00, 0x00, 0xA2, 0x10, 0x58, 0xCE, 0xFE, 0xFF, 
	0xFB, 0xE6, 0xFF, 0xFF, 0x03, 0x00, 0xBA, 0xDE, 0x9A, 0xDE, 0x9A, 0xDE, 0xBA, 0xDE, 0xFF, 0xFF, 
	0x24, 0x00, 0xDB, 0xDE, 0xBB, 0xD6, 0x18, 0xC6, 0x38, 0xCE, 0x99, 0xDE, 0x79, 0xDE, 0x99, 0xD6, 
	0x79, 0xD6, 0x99, 0xD6, 0x9A, 0xDE, 0x99, 0xDE, 0x7A, 0xDE, 0x3C, 0xEF, 0xFE, 0xFF, 0xD2, 0x9C, 
	0xFF, 0xFF, 0x94, 0x00, 0x00, 0x00, 0xCB, 0x5A, 0x3C, 0xE7, 0xFE, 0xFF, 0x1C, 0xE7, 0xFB, 0xE6, 
	0xFB, 0xE6, 0xDB, 0xE6, 0xDB, 0xE6, 0xDA, 0xDE, 0xBA, 0xDE, 0xFF, 0xFF, 0x2E, 0x00, 0xDB, 0xDE, 
	0x7A, 0xCE, 0xF8, 0xBD, 0x38, 0xCE, 0x99, 0xDE, 0x99, 0xD6, 0x99, 0xD6, 0x99, 0xD6, 0x99, 0xDE, 
	0x9A, 0xDE, 0x79, 0xD6, 0x79, 0xD6, 0x7D, 0xF7, 0xDF, 0xFF, 0x8A, 0x52, 0xFF, 0xFF, 0x93, 0x00, 
	0x00, 0x00, 0xAE, 0x73, 0xDF, 0xFF, 0xDF, 0xFF, 0xFB, 0xE6, 0xDB, 0xE6, 0xDB, 0xE6, 0xDB, 0xE6, 
	0xBA, 0xDE, 0xBA, 0xDE, 0xBA, 0xDE, 0xFF, 0xFF, 0x25, 0x00, 0xDB, 0xDE, 0xDB, 0xD6, 0x59, 0xCE, 
	0xF7, 0xBD, 0x79, 0xD6, 0x99, 0xDE, 0x79, 0xDE, 0xFF, 0xFF, 0x04, 0x00, 0x79, 0xD6, 0xDB, 0xE6, 
	0xFE, 0xFF, 0xD7, 0xBD, 0xA6, 0x31, 0xFF, 0xFF, 0x92, 0x00, 0x00, 0x00, 0xA2, 0x10, 0x79, 0xCE, 
	0xFE, 0xFF, 0xDB, 0xE6, 0xBA, 0xDE, 0xBA, 0xDE, 0xBA, 0xDE, 0x9A, 0xDE, 0x9A, 0xDE, 0x9A, 0xD6, 
	0xBA, 0xDE, 0xFF, 0xFF, 0x24, 0x00, 0xDB, 0xDE, 0xBB, 0xD6, 0x39, 0xC6, 0x18, 0xC6, 0x99, 0xD6, 
	0xBA, 0xDE, 0x79, 0xD6, 0x58, 0xD6, 0x99, 0xD6, 0x99, 0xD6, 0x9A, 0xDE, 0x9A, 0xDE, 0xFB, 0xE6, 
	0xFE, 0xFF, 0x14, 0xA5, 0xFF, 0xFF, 0x94, 0x00, 0x00, 0x00, 0xA6, 0x31, 0x38, 0xC6, 0xFE, 0xFF, 
	0x3C, 0xEF, 0xDB, 0xE6, 0xDB, 0xE6, 0xDB, 0xE6, 0xDB, 0xDE, 0xDB, 0xE6, 0xBA, 0xDE, 0xFF, 0xFF, 
	0x2E, 0x00, 0xDB, 0xDE, 0x9A, 0xCE, 0x18, 0xC6, 0x38, 0xCE, 0x99, 0xDE, 0x99, 0xDE, 0x99, 0xD6, 
	0x99, 0xD6, 0x79, 0xD6, 0x9A, 0xDE, 0x9A, 0xD6, 0x79, 0xD6, 0x7D, 0xF7, 0xFE, 0xFF, 0xAA, 0x52, 
	0xFF, 0xFF, 0x93, 0x00, 0x00, 0x00, 0x2C, 0x63, 0xBE, 0xF7, 0xFE, 0xFF, 0xFB, 0xE6, 0xDB, 0xE6, 
	0xDB, 0xE6, 0xDB, 0xE6, 0xBA, 0xDE, 0xBA, 0xDE, 0xBA, 0xDE, 0xFF, 0xFF, 0x25, 0x00, 0xDB, 0xDE, 
	0xDB, 0xD6, 0x59, 0xCE, 0xF7, 0xBD, 0x79, 0xD6, 0x99, 0xDE, 0x79, 0xDE, 0xFF, 0xFF, 0x04, 0x00, 
	0x79, 0xD6, 0xFB, 0xE6, 0xFE, 0xFF, 0xB6, 0xBD, 0x65, 0x29, 0xFF, 0xFF, 0x92, 0x00, 0x00, 0x00, 
	0xC3, 0x18, 0x9A, 0xD6, 0xFE, 0xFF, 0xDB, 0xE6, 0xBA, 0xDE, 0xBA, 0xDE, 0xBA, 0xDE, 0x9A, 0xDE, 
	0x9A, 0xDE, 0x9A, 0xD6, 0xBA, 0xD6, 0xFF, 0xFF, 0x24, 0x00, 0xDB, 0xDE, 0xDB, 0xD6, 0x59, 0xCE, 
	0x17, 0xC6, 0x79, 0xD6, 0xBA, 0xDE, 0x79, 0xDE, 0x59, 0xD6, 0x99, 0xD6, 0x99, 0xD6, 0x79, 0xD6, 
	0x79, 0xD6, 0xFB, 0xE6, 0xFE, 0xFF, 0x96, 0xB5, 0x61, 0x08, 0xFF, 0xFF, 0x93, 0x00, 0x00, 0x00, 
	0xA2, 0x10, 0x96, 0xB5, 0xFE, 0xFF, 0x5C, 0xEF, 0xFF, 0xFF, 0x03, 0x00, 0xDB, 0xE6, 0xDA, 0xDE, 
	0xBA, 0xDE, 0xFF, 0xFF, 0x2E, 0x00, 0xDB, 0xDE, 0x9A, 0xCE, 0x18, 0xC6, 0x18, 0xCE, 0x99, 0xDE, 
	0x99, 0xDE, 0x99, 0xD6, 0x79, 0xD6, 0x79, 0xD6, 0x7A, 0xDE, 0x9A, 0xD6, 0x9A, 0xD6, 0x7D, 0xF7, 
	0xFE, 0xFF, 0xCB, 0x5A, 0xFF, 0xFF, 0x93, 0x00, 0x00, 0x00, 0xCB, 0x5A, 0xBE, 0xF7, 0xFE, 0xFF, 
	0xFB, 0xE6, 0xDB, 0xE6, 0xDB, 0xE6, 0xDB, 0xE6, 0xBA, 0xDE, 0xBA, 0xDE, 0xBA, 0xDE, 0xFF, 0xFF, 
	0x25, 0x00, 0xDB, 0xDE, 0xDB, 0xD6, 0x59, 0xCE, 0xF7, 0xBD, 0x79, 0xD6, 0x99, 0xDE, 0x79, 0xDE, 
	0x79, 0xD6, 0x79, 0xD6, 0x79, 0xD6, 0x9A, 0xDE, 0x79, 0xD6, 0xFB, 0xE6, 0xFE, 0xFF, 0x95, 0xB5, 
	0x44, 0x29, 0xFF, 0xFF, 0x92, 0x00, 0x00, 0x00, 0xE3, 0x18, 0xBA, 0xD6, 0xFE, 0xFF, 0xDB, 0xE6, 
	0xBA, 0xDE, 0xBA, 0xDE, 0xBA, 0xDE, 0x9A, 0xDE, 0x9A, 0xDE, 0x9A, 0xDE, 0xBA, 0xD6, 0xFF, 0xFF, 
	0x24, 0x00, 0xDB, 0xDE, 0xDB, 0xD6, 0x7A, 0xCE, 0xF7, 0xBD, 0x59, 0xCE, 0x9A, 0xDE, 0x79, 0xDE, 
	0x79, 0xD6, 0x99, 0xD6, 0x79, 0xD6, 0x79, 0xD6, 0x79, 0xD6, 0xDB, 0xE6, 0xFE, 0xFF, 0x17, 0xC6, 
	0x24, 0x21, 0xFF, 0xFF, 0x93, 0x00, 0x00, 0x00, 0x20, 0x00, 0xF3, 0x9C, 0xFE, 0xFF, 0x7D, 0xF7, 
	0xFB, 0xE6, 0xDB, 0xE6, 0xDB, 0xE6, 0xFB, 0xE6, 0xDB, 0xE6, 0xDA, 0xDE, 0xFF, 0xFF, 0x2E, 0x00, 
	0xDB, 0xDE, 0x9A, 0xD6, 0x18, 0xC6, 0x18, 0xCE, 0x9A, 0xDE, 0x99, 0xDE, 0x99, 0xD6, 0x79, 0xD6, 
	0x99, 0xDE, 0x7A, 0xDE, 0x9A, 0xD6, 0x9A, 0xDE, 0x7D, 0xF7, 0xFE, 0xFF, 0x0C, 0x63, 0xFF, 0xFF, 
	0x93, 0x00, 0x00, 0x00, 0x49, 0x4A, 0x9E, 0xF7, 0xFE, 0xFF, 0xFB, 0xE6, 0xDB, 0xE6, 0xDB, 0xE6, 
	0xDB, 0xE6, 0xBA, 0xDE, 0xBA, 0xDE, 0xBA, 0xDE, 0xFF, 0xFF, 0x25, 0x00, 0xDB, 0xDE, 0xDB, 0xD6, 
	0x59, 0xCE, 0xF7, 0xBD, 0x79, 0xD6, 0x99, 0xDE, 0x79, 0xDE, 0x79, 0xD6, 0x79, 0xD6, 0x79, 0xD6, 
	0x9A, 0xDE, 0x79, 0xD6, 0xFB, 0xE6, 0xFE, 0xFF, 0x55, 0xAD, 0x03, 0x21, 0xFF, 0xFF, 0x92, 0x00, 
	0x00, 0x00, 0xE3, 0x18, 0xDB, 0xDE, 0xFE, 0xFF, 0xDB, 0xE6, 0xBA, 0xDE, 0xBA, 0xDE, 0xBA, 0xDE, 
	0x9A, 0xDE, 0x9A, 0xDE, 0x9A, 0xD6, 0xFF, 0xFF, 0x26, 0x00, 0xDB, 0xDE, 0x7A, 0xCE, 0xF7, 0xBD, 
	0x58, 0xCE, 0x99, 0xDE, 0x79, 0xDE, 0x99, 0xDE, 0x79, 0xD6, 0x99, 0xD6, 0x9A, 0xD6, 0x9A, 0xD6, 
	0xDB, 0xDE, 0xDF, 0xFF, 0x79, 0xD6, 0x28, 0x42, 0xFF, 0xFF, 0x94, 0x00, 0x00, 0x00, 0x71, 0x8C, 
	0xFE, 0xFF, 0x7D, 0xF7, 0xFB, 0xE6, 0xDB, 0xE6, 0xDB, 0xE6, 0xFB, 0xE6, 0xDB, 0xDE, 0xBB, 0xDE, 
	0xFF, 0xFF, 0x2E, 0x00, 0xDB, 0xDE, 0xBB, 0xD6, 0x39, 0xC6, 0x18, 0xCE, 0x99, 0xDE, 0x99, 0xDE, 
	0x79, 0xD6, 0x79, 0xD6, 0x7A, 0xDE, 0x7A, 0xDE, 0x9A, 0xD6, 0x9A, 0xDE, 0x5D, 0xEF, 0xFE, 0xFF, 
	0x6D, 0x6B, 0xFF, 0xFF, 0x93, 0x00, 0x00, 0x00, 0xC7, 0x39, 0x7D, 0xEF, 0xFE, 0xFF, 0xFB, 0xE6, 
	0xFB, 0xE6, 0xDB, 0xE6, 0xDB, 0xE6, 0xDB, 0xDE, 0xBA, 0xDE, 0xBA, 0xDE, 0xFF, 0xFF, 0x25, 0x00, 
	0xDB, 0xDE, 0xDB, 0xD6, 0x59, 0xCE, 0xF7, 0xBD, 0x79, 0xD6, 0x99, 0xDE, 0x79, 0xDE, 0x79, 0xD6, 
	0x79, 0xD6, 0x9A, 0xD6, 0x7A, 0xDE, 0x79, 0xD6, 0xFB, 0xE6, 0xFE, 0xFF, 0x34, 0xA5, 0xC2, 0x18, 
	0xFF, 0xFF, 0x92, 0x00, 0x00, 0x00, 0x04, 0x21, 0xDB, 0xDE, 0xFE, 0xFF, 0xFB, 0xE6, 0xBA, 0xDE, 
	0xBA, 0xDE, 0xBA, 0xDE, 0x9A, 0xDE, 0x9A, 0xDE, 0x9A, 0xDE, 0xFF, 0xFF, 0x26, 0x00, 0xDB, 0xDE, 
	0x9A, 0xCE, 0xF7, 0xBD, 0x58, 0xCE, 0x9A, 0xDE, 0x79, 0xDE, 0x79, 0xD6, 0x79, 0xD6, 0x9A, 0xD6, 
	0x9A, 0xD6, 0x9A, 0xDE, 0x9A, 0xDE, 0x9D, 0xF7, 0xFB, 0xE6, 0x0C, 0x63, 0xFF, 0xFF, 0x94, 0x00, 
	0x00, 0x00, 0x51, 0x8C, 0xFE, 0xFF, 0x9D, 0xF7, 0xDB, 0xE6, 0xDB, 0xE6, 0xFB, 0xE6, 0xFB, 0xE6, 
	0xFF, 0xFF, 0x30, 0x00, 0xDB, 0xDE, 0xDB, 0xD6, 0x59, 0xCE, 0x18, 0xCE, 0x9A, 0xDE, 0x99, 0xDE, 
	0x79, 0xD6, 0x99, 0xD6, 0x7A, 0xDE, 0x9A, 0xDE, 0x9A, 0xDE, 0x9A, 0xDE, 0x5C, 0xEF, 0xFE, 0xFF, 
	0xEF, 0x7B, 0x20, 0x00, 0xFF, 0xFF, 0x92, 0x00, 0x00, 0x00, 0xA6, 0x31, 0x7D, 0xEF, 0xFE, 0xFF, 
	0xFB, 0xE6, 0xFB, 0xE6, 0xDB, 0xE6, 0xDB, 0xE6, 0xDB, 0xDE, 0xDB, 0xDE, 0xBA, 0xDE, 0xFF, 0xFF, 
	0x25, 0x00, 0xDB, 0xDE, 0xBB, 0xD6, 0x59, 0xCE, 0x17, 0xC6, 0x99, 0xD6, 0x9A, 0xDE, 0x79, 0xD6, 
	0x79, 0xD6, 0x79, 0xD6, 0x9A, 0xD6, 0x7A, 0xDE, 0x79, 0xD6, 0x1C, 0xE7, 0xFE, 0xFF, 0xF3, 0x9C, 
	0x81, 0x10, 0xFF, 0xFF, 0x92, 0x00, 0x00, 0x00, 0x45, 0x29, 0xFB, 0xDE, 0xFE, 0xFF, 0xFB, 0xE6, 
	0xBA, 0xDE, 0xDA, 0xDE, 0xBA, 0xDE, 0xBA, 0xDE, 0x9A, 0xDE, 0xBA, 0xDE, 0xDB, 0xDE, 0xFB, 0xDE, 
	0xFF, 0xFF, 0x24, 0x00, 0xDB, 0xDE, 0x9A, 0xD6, 0x18, 0xC6, 0x38, 0xCE, 0x9A, 0xDE, 0x79, 0xD6, 
	0x79, 0xD6, 0x99, 0xD6, 0x9A, 0xD6, 0x9A, 0xDE, 0x9A, 0xDE, 0x9A, 0xDE, 0x3C, 0xEF, 0x9E, 0xF7, 
	0x50, 0x8C, 0x20, 0x00, 0xFF, 0xFF, 0x93, 0x00, 0x00, 0x00, 0xEF, 0x7B, 0xFE, 0xFF, 0xBE, 0xFF, 
	0xDB, 0xE6, 0xDB, 0xE6, 0xFC, 0xEE, 0xFB, 0xE6, 0xFF, 0xFF, 0x30, 0x00, 0xDB, 0xDE, 0xDB, 0xD6, 
	0x7A, 0xCE, 0x18, 0xCE, 0x9A, 0xDE, 0xBA, 0xDE, 0x79, 0xD6, 0x99, 0xD6, 0x7A, 0xDE, 0x9A, 0xDE, 
	0x9A, 0xDE, 0x9A, 0xD6, 0x3C, 0xEF, 0xDF, 0xFF, 0x71, 0x8C, 0x82, 0x10, 0xFF, 0xFF, 0x92, 0x00, 
	0x00, 0x00, 0x86, 0x31, 0x5D, 0xEF, 0xFE, 0xFF, 0xFB, 0xE6, 0xFB, 0xE6, 0xDB, 0xE6, 0xDB, 0xE6, 
	0xFF, 0xFF, 0x28, 0x00, 0xDB, 0xDE, 0xBB, 0xD6, 0x59, 0xC6, 0x17, 0xC6, 0x99, 0xD6, 0x9A, 0xDE, 
	0x79, 0xD6, 0x79, 0xD6, 0x79, 0xD6, 0x9A, 0xD6, 0x7A, 0xDE, 0x79, 0xD6, 0x1C, 0xE7, 0xFE, 0xFF, 
	0x92, 0x94, 0x20, 0x00, 0xFF, 0xFF, 0x92, 0x00, 0x00, 0x00, 0x86, 0x31, 0xFB, 0xDE, 0xFE, 0xFF, 
	0xFB, 0xE6, 0xBA, 0xDE, 0xDA, 0xDE, 0xFF, 0xFF, 0x03, 0x00, 0xBA, 0xDE, 0xFF, 0xFF, 0x26, 0x00, 
	0xDB, 0xDE, 0xBB, 0xD6, 0x38, 0xC6, 0x38, 0xCE, 0x99, 0xDE, 0x79, 0xD6, 0x79, 0xD6, 0x99, 0xD6, 
	0xBA, 0xDE, 0x9A, 0xDE, 0x9A, 0xDE, 0xBA, 0xDE, 0x1C, 0xEF, 0xFE, 0xFF, 0x54, 0xAD, 0x20, 0x00, 
	0xFF, 0xFF, 0x93, 0x00, 0x00, 0x00, 0x2C, 0x63, 0xBE, 0xF7, 0xFE, 0xFF, 0xFB, 0xE6, 0xDB, 0xE6, 
	0x1C, 0xEF, 0xFB, 0xE6, 0xFF, 0xFF, 0x30, 0x00, 0xDB, 0xDE, 0xDB, 0xD6, 0x7A, 0xCE, 0x18, 0xC6, 
	0x9A, 0xDE, 0xBA, 0xDE, 0x79, 0xD6, 0x99, 0xD6, 0x9A, 0xDE, 0x9A, 0xDE, 0x9A, 0xD6, 0x79, 0xD6, 
	0x3C, 0xEF, 0xFE, 0xFF, 0xD3, 0x9C, 0xE3, 0x18, 0xFF, 0xFF, 0x92, 0x00, 0x00, 0x00, 0x86, 0x31, 
	0x5D, 0xEF, 0xFE, 0xFF, 0xFB, 0xE6, 0xFB, 0xE6, 0xDB, 0xE6, 0xDB, 0xE6, 0xFF, 0xFF, 0x28, 0x00, 
	0xDB, 0xDE, 0xBB, 0xD6, 0x39, 0xC6, 0xF7, 0xBD, 0x99, 0xD6, 0x99, 0xDE, 0x79, 0xD6, 0x79, 0xD6, 
	0x99, 0xD6, 0x9A, 0xD6, 0x7A, 0xDE, 0x79, 0xD6, 0x1C, 0xE7, 0xFE, 0xFF, 0x71, 0x8C, 0xFF, 0xFF, 
	0x93, 0x00, 0x00, 0x00, 0xC7, 0x39, 0x1C, 0xE7, 0xFE, 0xFF, 0xDB, 0xE6, 0xBA, 0xDE, 0xDA, 0xDE, 
	0xFF, 0xFF, 0x03, 0x00, 0xBA, 0xDE, 0xFF, 0xFF, 0x26, 0x00, 0xDB, 0xDE, 0xDB, 0xD6, 0x59, 0xC6, 
	0x18, 0xC6, 0x99, 0xDE, 0x79, 0xDE, 0x79, 0xD6, 0x99, 0xD6, 0x9A, 0xD6, 0x9A, 0xDE, 0x9A, 0xDE, 
	0x9A, 0xDE, 0xDB, 0xE6, 0xFE, 0xFF, 0xB6, 0xB5, 0x41, 0x08, 0xFF, 0xFF, 0x93, 0x00, 0x00, 0x00, 
	0x89, 0x52, 0xFB, 0xDE, 0xFE, 0xFF, 0x1C, 0xEF, 0xDB, 0xE6, 0xFB, 0xEE, 0xDB, 0xE6, 0xDB, 0xE6, 
	0xFF, 0xFF, 0x30, 0x00, 0xDB, 0xDE, 0x9A, 0xD6, 0x18, 0xC6, 0x99, 0xDE, 0xBA, 0xDE, 0x79, 0xD6, 
	0x99, 0xD6, 0x7A, 0xD6, 0x9A, 0xDE, 0x9A, 0xDE, 0x59, 0xD6, 0x1C, 0xEF, 0xFE, 0xFF, 0x34, 0xA5, 
	0x04, 0x21, 0xFF, 0xFF, 0x92, 0x00, 0x00, 0x00, 0x86, 0x31, 0x5D, 0xEF, 0xFE, 0xFF, 0x1C, 0xE7, 
	0xFB, 0xE6, 0xDB, 0xE6, 0xDB, 0xE6, 0xDB, 0xDE, 0xDB, 0xDE, 0xDA, 0xDE, 0xFF, 0xFF, 0x25, 0x00, 
	0xDB, 0xDE, 0xBB, 0xD6, 0x18, 0xC6, 0xF7, 0xC5, 0x99, 0xD6, 0xBA, 0xDE, 0x79, 0xD6, 0x79, 0xD6, 
	0x99, 0xD6, 0x9A, 0xDE, 0xBA, 0xDE, 0x99, 0xD6, 0x1C, 0xE7, 0xFE, 0xFF, 0x30, 0x84, 0xFF, 0xFF, 
	0x93, 0x00, 0x00, 0x00, 0x08, 0x3A, 0x1C, 0xE7, 0xFE, 0xFF, 0xDB, 0xE6, 0xBA, 0xDE, 0xDA, 0xDE, 
	0xBB, 0xE6, 0xBA, 0xDE, 0xBA, 0xDE, 0xBA, 0xDE, 0xFF, 0xFF, 0x27, 0x00, 0xDB, 0xDE, 0x7A, 0xCE, 
	0x18, 0xC6, 0x99, 0xDE, 0x99, 0xDE, 0x79, 0xD6, 0x9A, 0xDE, 0x9A, 0xD6, 0x9A, 0xDE, 0xBA, 0xDE, 
	0x79, 0xD6, 0xDB, 0xDE, 0xFE, 0xFF, 0xD7, 0xBD, 0x41, 0x08, 0xFF, 0xFF, 0x93, 0x00, 0x00, 0x00, 
	0xE7, 0x39, 0x38, 0xC6, 0xFE, 0xFF, 0x3C, 0xEF, 0xDB, 0xDE, 0xFB, 0xE6, 0xDB, 0xE6, 0xFB, 0xE6, 
	0xFF, 0xFF, 0x30, 0x00, 0xDB, 0xDE, 0x9A, 0xD6, 0xF8, 0xC5, 0x99, 0xD6, 0xBA, 0xDE, 0x79, 0xD6, 
	0x99, 0xD6, 0x9A, 0xD6, 0x9A, 0xDE, 0x9A, 0xDE, 0x59, 0xD6, 0xFB, 0xE6, 0xFE, 0xFF, 0x95, 0xB5, 
	0x65, 0x29, 0xFF, 0xFF, 0x92, 0x00, 0x00, 0x00, 0x86, 0x31, 0x3C, 0xE7, 0xFE, 0xFF, 0x1C, 0xE7, 
	0xDB, 0xE6, 0xFB, 0xE6, 0xFB, 0xE6, 0xDB, 0xE6, 0xDB, 0xDE, 0xBA, 0xDE, 0xFF, 0xFF, 0x25, 0x00, 
	0xDB, 0xDE, 0x9A, 0xD6, 0x18, 0xBE, 0xF7, 0xC5, 0x99, 0xD6, 0x99, 0xDE, 0x79, 0xD6, 0x79, 0xD6, 
	0x9A, 0xD6, 0x9A, 0xDE, 0xBA, 0xDE, 0x99, 0xD6, 0x3C, 0xEF, 0xFE, 0xFF, 0xEF, 0x7B, 0xFF, 0xFF, 
	0x93, 0x00, 0x00, 0x00, 0xAA, 0x52, 0x5D, 0xEF, 0xFE, 0xFF, 0xDB, 0xE6, 0xBA, 0xDE, 0xDA, 0xDE, 
	0xFF, 0xFF, 0x03, 0x00, 0xBA, 0xDE, 0xFF, 0xFF, 0x27, 0x00, 0xDB, 0xDE, 0x9A, 0xCE, 0x18, 0xC6, 
	0x79, 0xD6, 0x9A, 0xDE, 0x99, 0xDE, 0x79, 0xD6, 0x9A, 0xD6, 0x9A, 0xDE, 0x9A, 0xDE, 0x9A, 0xD6, 
	0xBA, 0xDE, 0xFE, 0xFF, 0xD7, 0xBD, 0x41, 0x08, 0xFF, 0xFF, 0x93, 0x00, 0x00, 0x00, 0x04, 0x21, 
	0x55, 0xAD, 0xFE, 0xFF, 0x7D, 0xF7, 0xDB, 0xDE, 0xFB, 0xE6, 0xDB, 0xE6, 0xFF, 0xFF, 0x31, 0x00, 
	0xDB, 0xDE, 0x9A, 0xD6, 0xF8, 0xC5, 0x99, 0xD6, 0xBA, 0xDE, 0x79, 0xD6, 0x99, 0xD6, 0x9A, 0xDE, 
	0x9A, 0xDE, 0x9A, 0xDE, 0x59, 0xD6, 0xFB, 0xE6, 0xFE, 0xFF, 0xD7, 0xBD, 0xA6, 0x31, 0xFF, 0xFF, 
	0x92, 0x00, 0x00, 0x00, 0x65, 0x29, 0xFB, 0xDE, 0xFE, 0xFF, 0x3C, 0xE7, 0xDB, 0xE6, 0xFB, 0xE6, 
	0xFB, 0xE6, 0xDB, 0xE6, 0xDB, 0xE6, 0xBB, 0xDE, 0xBA, 0xDE, 0xFF, 0xFF, 0x24, 0x00, 0xDB, 0xDE, 
	0x9A, 0xD6, 0xF7, 0xBD, 0x17, 0xC6, 0x99, 0xDE, 0x99, 0xD6, 0x79, 0xD6, 0x9A, 0xD6, 0x9A, 0xD6, 
	0x9A, 0xDE, 0xBA, 0xDE, 0x99, 0xD6, 0x1C, 0xEF, 0xFE, 0xFF, 0xCF, 0x7B, 0xFF, 0xFF, 0x93, 0x00, 
	0x00, 0x00, 0xEB, 0x5A, 0x5D, 0xEF, 0xFE, 0xFF, 0xFB, 0xE6, 0xDB, 0xDE, 0xDA, 0xDE, 0xBA, 0xDE, 
	0xBA, 0xE6, 0xBA, 0xDE, 0xBA, 0xDE, 0xFF, 0xFF, 0x27, 0x00, 0xDB, 0xDE, 0x9A, 0xD6, 0x38, 0xC6, 
	0x79, 0xCE, 0xBA, 0xDE, 0x99, 0xDE, 0x79, 0xD6, 0x9A, 0xD6, 0x9A, 0xDE, 0x9A, 0xDE, 0x99, 0xD6, 
	0xBA, 0xD6, 0xFE, 0xFF, 0x38, 0xC6, 0xE3, 0x18, 0xFF, 0xFF, 0x93, 0x00, 0x00, 0x00, 0x41, 0x08, 
	0x71, 0x8C, 0xFE, 0xFF, 0x9D, 0xF7, 0xDB, 0xDE, 0xFB, 0xE6, 0xFB, 0xE6, 0xFB, 0xE6, 0xFB, 0xDE, 
	0xFF, 0xFF, 0x2F, 0x00, 0xDB, 0xDE, 0x9A, 0xD6, 0xF8, 0xC5, 0x99, 0xD6, 0xBA, 0xDE, 0x99, 0xD6, 
	0x9A, 0xD6, 0x9A, 0xDE, 0x9A, 0xDE, 0x9A, 0xDE, 0x59, 0xD6, 0xFB, 0xE6, 0xFE, 0xFF, 0x18, 0xC6, 
	0xC7, 0x39, 0xFF, 0xFF, 0x92, 0x00, 0x00, 0x00, 0x44, 0x29, 0x9A, 0xD6, 0xFE, 0xFF, 0x5C, 0xEF, 
	0xFF, 0xFF, 0x04, 0x00, 0xDB, 0xE6, 0xBB, 0xDE, 0xBA, 0xDE, 0xFF, 0xFF, 0x24, 0x00, 0xDB, 0xDE, 
	0x9A, 0xD6, 0xF7, 0xBD, 0x17, 0xC6, 0x99, 0xDE, 0x99, 0xDE, 0x79, 0xD6, 0x9A, 0xD6, 0x9A, 0xD6, 
	0x9A, 0xDE, 0xBA, 0xDE, 0x99, 0xD6, 0x3C, 0xEF, 0xFE, 0xFF, 0xCE, 0x7B, 0xFF, 0xFF, 0x93, 0x00, 
	0x00, 0x00, 0x2C, 0x63, 0x7D, 0xEF, 0xFE, 0xFF, 0xDB, 0xE6, 0xDB, 0xDE, 0xDB, 0xDE, 0xBA, 0xDE, 
	0xBA, 0xE6, 0xBA, 0xDE, 0xBA, 0xD6, 0xFF, 0xFF, 0x27, 0x00, 0xDB, 0xDE, 0xBB, 0xD6, 0x38, 0xC6, 
	0x59, 0xCE, 0xBA, 0xDE, 0x79, 0xDE, 0x79, 0xDE, 0x9A, 0xDE, 0x9A, 0xDE, 0x9A, 0xDE, 0x79, 0xD6, 
	0x9A, 0xD6, 0xFE, 0xFF, 0xBA, 0xD6, 0x08, 0x3A, 0xFF, 0xFF, 0x94, 0x00, 0x00, 0x00, 0xCF, 0x7B, 
	0xFE, 0xFF, 0x9E, 0xF7, 0xDA, 0xDE, 0xFB, 0xE6, 0x1C, 0xE7, 0xFB, 0xE6, 0xFF, 0xFF, 0x30, 0x00, 
	0xDB, 0xDE, 0x9A, 0xD6, 0xF8, 0xC5, 0x79, 0xD6, 0xBA, 0xDE, 0x99, 0xD6, 0x9A, 0xD6, 0x9A, 0xDE, 
	0x9A, 0xDE, 0x9A, 0xDE, 0x79, 0xD6, 0xFB, 0xE6, 0xDF, 0xFF, 0x79, 0xCE, 0x08, 0x42, 0xFF, 0xFF, 
	0x92, 0x00, 0x00, 0x00, 0x24, 0x21, 0x38, 0xCE, 0xFE, 0xFF, 0x7D, 0xEF, 0xFB, 0xE6, 0xFF, 0xFF, 
	0x03, 0x00, 0xDB, 0xE6, 0xBB, 0xDE, 0xFF, 0xFF, 0x25, 0x00, 0xDB, 0xDE, 0x9A, 0xCE, 0xF7, 0xBD, 
	0x17, 0xCE, 0x99, 0xDE, 0x99, 0xD6, 0x79, 0xD6, 0x9A, 0xD6, 0x9A, 0xDE, 0x9A, 0xDE, 0x99, 0xD6, 
	0x99, 0xD6, 0x5C, 0xEF, 0xFE, 0xFF, 0xCE, 0x7B, 0xFF, 0xFF, 0x93, 0x00, 0x00, 0x00, 0x8E, 0x6B, 
	0x9E, 0xF7, 0xDF, 0xFF, 0xDB, 0xE6, 0xDB, 0xDE, 0xDB, 0xDE, 0xFF, 0xFF, 0x03, 0x00, 0xBA, 0xDE, 
	0xFF, 0xFF, 0x27, 0x00, 0xDB, 0xDE, 0xBB, 0xD6, 0x18, 0xC6, 0x38, 0xCE, 0x9A, 0xDE, 0x99, 0xDE, 
	0x99, 0xDE, 0x9A, 0xDE, 0x9A, 0xDE, 0x9A, 0xDE, 0x79, 0xD6, 0x99, 0xD6, 0xBE, 0xF7, 0x3C, 0xE7, 
	0x0C, 0x63, 0x20, 0x00, 0xFF, 0xFF, 0x93, 0x00, 0x00, 0x00, 0x8E, 0x73, 0xFE, 0xFF, 0xBE, 0xFF, 
	0xFB, 0xE6, 0xFB, 0xE6, 0xFC, 0xE6, 0xFF, 0xFF, 0x31, 0x00, 0xDB, 0xDE, 0x9A, 0xD6, 0xF8, 0xC5, 
	0x79, 0xD6, 0x99, 0xDE, 0x99, 0xD6, 0x9A, 0xD6, 0x9A, 0xDE, 0x9A, 0xDE, 0x9A, 0xDE, 0x79, 0xD6, 
	0xDB, 0xDE, 0xDF, 0xFF, 0xBA, 0xDE, 0x49, 0x4A, 0xFF, 0xFF, 0x92, 0x00, 0x00, 0x00, 0x04, 0x21, 
	0xD6, 0xBD, 0xFE, 0xFF, 0x9D, 0xF7, 0xDB, 0xE6, 0xDB, 0xE6, 0xFB, 0xE6, 0xDB, 0xE6, 0xDB, 0xE6, 
	0xBB, 0xDE, 0xFF, 0xFF, 0x25, 0x00, 0xDB, 0xDE, 0x9A, 0xCE, 0xF7, 0xBD, 0x38, 0xCE, 0x99, 0xDE, 
	0x99, 0xD6, 0x99, 0xD6, 0x9A, 0xD6, 0x9A, 0xDE, 0x9A, 0xDE, 0x99, 0xD6, 0x99, 0xD6, 0x5C, 0xEF, 
	0xFE, 0xFF, 0xCF, 0x7B, 0xFF, 0xFF, 0x92, 0x00, 0x00, 0x00, 0x20, 0x00, 0x0F, 0x7C, 0xBE, 0xF7, 
	0xDF, 0xFF, 0xDB, 0xE6, 0xDB, 0xDE, 0xDB, 0xDE, 0xBA, 0xDE, 0xBA, 0xE6, 0xBA, 0xDE, 0xDA, 0xDE, 
	0xFF, 0xFF, 0x27, 0x00, 0xDB, 0xDE, 0xBB, 0xD6, 0x38, 0xC6, 0x38, 0xCE, 0x9A, 0xDE, 0x99, 0xDE, 
	0x9A, 0xDE, 0x9A, 0xD6, 0x9A, 0xD6, 0x9A, 0xDE, 0x9A, 0xDE, 0x99, 0xD6, 0x7D, 0xF7, 0x7D, 0xEF, 
	0xEF, 0x7B, 0x61, 0x08, 0xFF, 0xFF, 0x93, 0x00, 0x00, 0x00, 0x6D, 0x6B, 0xFE, 0xFF, 0xDF, 0xFF, 
	0xFB, 0xE6, 0xFB, 0xE6, 0xFB, 0xE6, 0xBA, 0xDE, 0xDB, 0xDE, 0xFB, 0xDE, 0xFF, 0xFF, 0x2E, 0x00, 
	0xDB, 0xDE, 0x9A, 0xD6, 0xF7, 0xBD, 0x58, 0xCE, 0x99, 0xD6, 0x99, 0xD6, 0x9A, 0xD6, 0x9A, 0xD6, 
	0x9A, 0xDE, 0x9A, 0xDE, 0x79, 0xD6, 0xDB, 0xDE, 0xBE, 0xFF, 0x1B, 0xE7, 0x8A, 0x52, 0xFF, 0xFF, 
	0x92, 0x00, 0x00, 0x00, 0xE3, 0x18, 0x75, 0xB5, 0xFE, 0xFF, 0x9E, 0xF7, 0xFF, 0xFF, 0x04, 0x00, 
	0xDB, 0xE6, 0xBA, 0xDE, 0xBB, 0xDE, 0xFF, 0xFF, 0x24, 0x00, 0xDB, 0xDE, 0x9A, 0xCE, 0xF7, 0xBD, 
	0x58, 0xCE, 0x9A, 0xDE, 0x99, 0xDE, 0x9A, 0xD6, 0x9A, 0xD6, 0x9A, 0xD6, 0x9A, 0xDE, 0x99, 0xDE, 
	0x99, 0xD6, 0x7D, 0xF7, 0xFE, 0xFF, 0xCE, 0x7B, 0xFF, 0xFF, 0x92, 0x00, 0x00, 0x00, 0x41, 0x08, 
	0x71, 0x8C, 0xDF, 0xFF, 0xBE, 0xFF, 0xFB, 0xE6, 0xDB, 0xDE, 0xDB, 0xDE, 0xBA, 0xDE, 0xBA, 0xDE, 
	0xBA, 0xDE, 0xFF, 0xFF, 0x28, 0x00, 0xDB, 0xDE, 0xBB, 0xD6, 0x39, 0xC6, 0x18, 0xC6, 0x99, 0xDE, 
	0x99, 0xDE, 0x9A, 0xDE, 0x9A, 0xD6, 0x79, 0xD6, 0x9A, 0xDE, 0x9A, 0xDE, 0x99, 0xD6, 0x3C, 0xEF, 
	0xBE, 0xF7, 0xF3, 0x9C, 0xA2, 0x10, 0xFF, 0xFF, 0x93, 0x00, 0x00, 0x00, 0xEB, 0x5A, 0x7D, 0xF7, 
	0xDF, 0xFF, 0x1C, 0xE7, 0xDB, 0xE6, 0xFB, 0xE6, 0xBA, 0xDE, 0xDB, 0xDE, 0xFB, 0xE6, 0xFF, 0xFF, 
	0x2E, 0x00, 0xDB, 0xDE, 0x9A, 0xD6, 0xF7, 0xBD, 0x58, 0xCE, 0xB9, 0xD6, 0x99, 0xD6, 0x79, 0xD6, 
	0x9A, 0xD6, 0x9A, 0xDE, 0x9A, 0xDE, 0x9A, 0xDE, 0xBA, 0xDE, 0x9E, 0xF7, 0x5C, 0xEF, 0xCB, 0x5A, 
	0xFF, 0xFF, 0x92, 0x00, 0x00, 0x00, 0xC2, 0x18, 0xD3, 0x9C, 0xFE, 0xFF, 0xBE, 0xF7, 0xFF, 0xFF, 
	0x04, 0x00, 0xDB, 0xE6, 0xBA, 0xDE, 0xBA, 0xDE, 0xFF, 0xFF, 0x24, 0x00, 0xDB, 0xDE, 0x9A, 0xCE, 
	0xF7, 0xBD, 0x58, 0xCE, 0x9A, 0xDE, 0x99, 0xDE, 0x9A, 0xD6, 0x9A, 0xDE, 0x9A, 0xD6, 0x99, 0xDE, 
	0x99, 0xD6, 0x99, 0xD6, 0x7D, 0xEF, 0xFE, 0xFF, 0xAE, 0x73, 0xFF, 0xFF, 0x92, 0x00, 0x00, 0x00, 
	0x61, 0x08, 0xD3, 0x9C, 0xFE, 0xFF, 0xBE, 0xFF, 0xFB, 0xE6, 0xDB, 0xE6, 0xDB, 0xDE, 0xBA, 0xDE, 
	0xBA, 0xDE, 0xBA, 0xDE, 0xFF, 0xFF, 0x28, 0x00, 0xDB, 0xDE, 0xDB, 0xD6, 0x59, 0xCE, 0x17, 0xC6, 
	0x99, 0xDE, 0x99, 0xDE, 0x99, 0xDE, 0x9A, 0xDE, 0x9A, 0xDE, 0x9A, 0xDE, 0x79, 0xDE, 0x99, 0xD6, 
	0x1B, 0xE7, 0xFE, 0xFF, 0xD7, 0xBD, 0xC3, 0x18, 0xFF, 0xFF, 0x93, 0x00, 0x00, 0x00, 0x49, 0x4A, 
	0xDB, 0xDE, 0xFE, 0xFF, 0x1C, 0xEF, 0xDB, 0xDE, 0xFB, 0xE6, 0xFB, 0xE6, 0xBB, 0xDE, 0xDA, 0xDE, 
	0xFF, 0xFF, 0x2E, 0x00, 0xDB, 0xDE, 0x9A, 0xD6, 0xF7, 0xBD, 0x58, 0xCE, 0x99, 0xD6, 0x99, 0xD6, 
	0x99, 0xD6, 0x9A, 0xD6, 0x9A, 0xDE, 0x9A, 0xDE, 0x9A, 0xDE, 0xBA, 0xDE, 0x7D, 0xF7, 0x9D, 0xF7, 
	0x0C, 0x63, 0xFF, 0xFF, 0x92, 0x00, 0x00, 0x00, 0x82, 0x10, 0x71, 0x94, 0xBE, 0xF7, 0xBE, 0xFF, 
	0xDB, 0xDE, 0xFF, 0xFF, 0x03, 0x00, 0xDB, 0xE6, 0xBA, 0xDE, 0xDA, 0xDE, 0xFF, 0xFF, 0x24, 0x00, 
	0xDB, 0xDE, 0x9A, 0xCE, 0xF7, 0xBD, 0x58, 0xCE, 0xB9, 0xDE, 0x79, 0xD6, 0x9A, 0xD6, 0xBA, 0xDE, 
	0x9A, 0xDE, 0x9A, 0xDE, 0x99, 0xDE, 0x99, 0xD6, 0x7D, 0xF7, 0xFE, 0xFF, 0xAE, 0x73, 0xFF, 0xFF, 
	0x92, 0x00, 0x00, 0x00, 0x61, 0x08, 0x14, 0xA5, 0xFE, 0xFF, 0x9E, 0xFF, 0xFB, 0xE6, 0xDB, 0xE6, 
	0xDB, 0xDE, 0xDA, 0xDE, 0xBA, 0xDE, 0xBA, 0xDE, 0xFF, 0xFF, 0x28, 0x00, 0xDB, 0xDE, 0xDB, 0xD6, 
	0x79, 0xCE, 0x18, 0xC6, 0x99, 0xDE, 0x9A, 0xDE, 0x79, 0xDE, 0x9A, 0xDE, 0x9A, 0xDE, 0x9A, 0xDE, 
	0x79, 0xD6, 0x79, 0xD6, 0xDB, 0xE6, 0xFE, 0xFF, 0x79, 0xCE, 0xE3, 0x18, 0xFF, 0xFF, 0x93, 0x00, 
	0x00, 0x00, 0xA6, 0x31, 0xF7, 0xBD, 0xFE, 0xFF, 0x5C, 0xEF, 0xDB, 0xE6, 0xFB, 0xE6, 0xFB, 0xE6, 
	0xDB, 0xDE, 0xBA, 0xDE, 0xFF, 0xFF, 0x2E, 0x00, 0xDB, 0xDE, 0x9A, 0xD6, 0xF7, 0xBD, 0x38, 0xCE, 
	0x9A, 0xDE, 0x99, 0xDE, 0x99, 0xD6, 0x9A, 0xD6, 0xFF, 0xFF, 0x03, 0x00, 0x9A, 0xDE, 0x7D, 0xF7, 
	0xBE, 0xF7, 0x2C, 0x63, 0xFF, 0xFF, 0x92, 0x00, 0x00, 0x00, 0x61, 0x08, 0xF0, 0x83, 0xBE, 0xF7, 
	0xDE, 0xFF, 0xDB, 0xDE, 0xDB, 0xE6, 0xFB, 0xE6, 0xDB, 0xE6, 0xDA, 0xE6, 0xBA, 0xDE, 0xBA, 0xDE, 
	0xFF, 0xFF, 0x24, 0x00, 0xDB, 0xDE, 0x9A, 0xCE, 0xF7, 0xBD, 0x59, 0xD6, 0x99, 0xDE, 0x99, 0xD6, 
	0x9A, 0xD6, 0x9A, 0xDE, 0x9A, 0xDE, 0xBA, 0xDE, 0xBA, 0xDE, 0x99, 0xD6, 0x7D, 0xF7, 0xFE, 0xFF, 
	0x8E, 0x73, 0xFF, 0xFF, 0x92, 0x00, 0x00, 0x00, 0x82, 0x10, 0x55, 0xAD, 0xFE, 0xFF, 0x9E, 0xFF, 
	0xDB, 0xE6, 0xDB, 0xDE, 0xDB, 0xDE, 0xDA, 0xDE, 0xBA, 0xDE, 0xBA, 0xDE, 0xFF, 0xFF, 0x29, 0x00, 
	0xDB, 0xDE, 0x7A, 0xCE, 0x18, 0xC6, 0x79, 0xD6, 0x9A, 0xDE, 0x99, 0xDE, 0x9A, 0xDE, 0x9A, 0xDE, 
	0x9A, 0xDE, 0x7A, 0xDE, 0x79, 0xDE, 0xBA, 0xDE, 0xFE, 0xFF, 0x9A, 0xD6, 0x04, 0x21, 0xFF, 0xFF, 
	0x93, 0x00, 0x00, 0x00, 0x24, 0x21, 0x14, 0xA5, 0xFE, 0xFF, 0x7D, 0xF7, 0xDB, 0xDE, 0xDB, 0xDE, 
	0xDB, 0xE6, 0xFB, 0xE6, 0xDA, 0xDE, 0xFF, 0xFF, 0x2E, 0x00, 0xDB, 0xDE, 0x9A, 0xD6, 0xF8, 0xBD, 
	0x58, 0xCE, 0x9A, 0xDE, 0x99, 0xD6, 0x99, 0xDE, 0x9A, 0xD6, 0x9A, 0xDE, 0x9A, 0xDE, 0x7A, 0xDE, 
	0x9A, 0xDE, 0x5D, 0xF7, 0xFE, 0xFF, 0x6D, 0x6B, 0xFF, 0xFF, 0x92, 0x00, 0x00, 0x00, 0x41, 0x08, 
	0x8E, 0x73, 0x9E, 0xF7, 0xDF, 0xFF, 0xFF, 0xFF, 0x03, 0x00, 0xDB, 0xE6, 0xDA, 0xDE, 0xDA, 0xDE, 
	0xBA, 0xDE, 0xFF, 0xFF, 0x23, 0x00, 0xDB, 0xDE, 0xDB, 0xD6, 0x7A, 0xCE, 0xD7, 0xBD, 0x59, 0xD6, 
	0x99, 0xDE, 0x99, 0xDE, 0x9A, 0xD6, 0x9A, 0xD6, 0x9A, 0xDE, 0xBA, 0xDE, 0x9A, 0xD6, 0x9A, 0xDE, 
	0x7D, 0xF7, 0xFE, 0xFF, 0x6D, 0x6B, 0xFF, 0xFF, 0x92, 0x00, 0x00, 0x00, 0x82, 0x10, 0xB6, 0xB5, 
	0xFE, 0xFF, 0x9D, 0xFF, 0xFB, 0xE6, 0xDB, 0xDE, 0xDB, 0xE6, 0xDA, 0xDE, 0xBA, 0xDE, 0xBA, 0xDE, 
	0xFF, 0xFF, 0x29, 0x00, 0xDB, 0xDE, 0x9A, 0xCE, 0x18, 0xC6, 0x79, 0xD6, 0x9A, 0xDE, 0x9A, 0xDE, 
	0x99, 0xD6, 0x99, 0xD6, 0x9A, 0xDE, 0xBA, 0xDE, 0xBA, 0xDE, 0x9A, 0xDE, 0xFE, 0xFF, 0xDB, 0xDE, 
	0x65, 0x29, 0xFF, 0xFF, 0x93, 0x00, 0x00, 0x00, 0x61, 0x08, 0x30, 0x84, 0xFE, 0xFF, 0x9E, 0xF7, 
	0xDB, 0xE6, 0xDB, 0xE6, 0xDB, 0xDE, 0xFB, 0xE6, 0xDB, 0xE6, 0xBA, 0xDE, 0xFF, 0xFF, 0x2D, 0x00, 
	0xDB, 0xDE, 0x9A, 0xD6, 0xF8, 0xBD, 0x38, 0xC6, 0x9A, 0xDE, 0x99, 0xDE, 0x99, 0xDE, 0x9A, 0xD6, 
	0xBA, 0xDE, 0x9A, 0xDE, 0x79, 0xD6, 0xBA, 0xDE, 0x5D, 0xEF, 0xFE, 0xFF, 0x8E, 0x73, 0x00, 0x00, 
	0x00, 0x00, 0x20, 0x00, 0xFF, 0xFF, 0x8F, 0x00, 0x00, 0x00, 0x20, 0x00, 0x2C, 0x63, 0x7D, 0xEF, 
	0xFE, 0xFF, 0xDB, 0xE6, 0xDB, 0xE6, 0xFB, 0xE6, 0xDB, 0xE6, 0xDA, 0xDE, 0xDA, 0xDE, 0xBA, 0xDE, 
	0xFF, 0xFF, 0x23, 0x00, 0xDB, 0xDE, 0xDB, 0xD6, 0x7A, 0xCE, 0xD7, 0xBD, 0x58, 0xD6, 0x99, 0xDE, 
	0x99, 0xDE, 0x9A, 0xD6, 0x9A, 0xD6, 0x9A, 0xDE, 0xBA, 0xDE, 0x9A, 0xD6, 0xBA, 0xDE, 0x7D, 0xF7, 
	0xDF, 0xFF, 0x4C, 0x6B, 0xFF, 0xFF, 0x92, 0x00, 0x00, 0x00, 0xA2, 0x10, 0xF7, 0xBD, 0xFE, 0xFF, 
	0x7D, 0xF7, 0xFB, 0xE6, 0xDB, 0xE6, 0xDB, 0xDE, 0xBA, 0xDE, 0xBA, 0xDE, 0xBA, 0xDE, 0xFF, 0xFF, 
	0x29, 0x00, 0xDB, 0xDE, 0x9A, 0xD6, 0x18, 0xC6, 0x38, 0xCE, 0x9A, 0xDE, 0x9A, 0xDE, 0x99, 0xD6, 
	0x99, 0xD6, 0x9A, 0xDE, 0xBA, 0xDE, 0x9A, 0xD6, 0x9A, 0xDE, 0xFE, 0xFF, 0x1B, 0xE7, 0xE7, 0x39, 
	0xFF, 0xFF, 0x94, 0x00, 0x00, 0x00, 0x6D, 0x6B, 0xFE, 0xFF, 0x9E, 0xF7, 0xDB, 0xDE, 0xFB, 0xE6, 
	0xDB, 0xDE, 0xFB, 0xE6, 0xFB, 0xE6, 0xBA, 0xDE, 0xFF, 0xFF, 0x2D, 0x00, 0xDB, 0xDE, 0x9A, 0xD6, 
	0xF8, 0xBD, 0x38, 0xC6, 0x79, 0xDE, 0x79, 0xDE, 0x99, 0xDE, 0xBA, 0xD6, 0x9A, 0xD6, 0x9A, 0xDE, 
	0x79, 0xD6, 0x9A, 0xD6, 0x5D, 0xEF, 0xFE, 0xFF, 0xAE, 0x73, 0xFF, 0xFF, 0x93, 0x00, 0x00, 0x00, 
	0xCB, 0x5A, 0x5D, 0xEF, 0xFE, 0xFF, 0xDB, 0xE6, 0xDB, 0xE6, 0xFB, 0xE6, 0xFB, 0xE6, 0xDA, 0xDE, 
	0xDA, 0xDE, 0xBA, 0xDE, 0xFF, 0xFF, 0x23, 0x00, 0xDB, 0xDE, 0xDB, 0xD6, 0x7A, 0xCE, 0xD7, 0xBD, 
	0x59, 0xD6, 0x9A, 0xDE, 0x99, 0xDE, 0x7A, 0xDE, 0x7A, 0xDE, 0xBA, 0xDE, 0x9A, 0xD6, 0x9A, 0xD6, 
	0xBA, 0xDE, 0x7D, 0xF7, 0x9E, 0xF7, 0x0C, 0x63, 0xFF, 0xFF, 0x92, 0x00, 0x00, 0x00, 0xC2, 0x18, 
	0x38, 0xCE, 0xFE, 0xFF, 0x5D, 0xF7, 0xFB, 0xE6, 0xDB, 0xE6, 0xDB, 0xDE, 0xDA, 0xDE, 0xBA, 0xDE, 
	0xBA, 0xDE, 0xFF, 0xFF, 0x29, 0x00, 0xDB, 0xDE, 0xBB, 0xD6, 0x18, 0xC6, 0x38, 0xCE, 0xBA, 0xDE, 
	0xBA, 0xDE, 0x99, 0xD6, 0x99, 0xD6, 0x9A, 0xDE, 0xBA, 0xDE, 0x99, 0xD6, 0x9A, 0xD6, 0xDF, 0xFF, 
	0x5D, 0xEF, 0xCB, 0x5A, 0x20, 0x00, 0xFF, 0xFF, 0x93, 0x00, 0x00, 0x00, 0xCB, 0x5A, 0xFE, 0xFF, 
	0x9E, 0xF7, 0xBA, 0xDE, 0xDB, 0xE6, 0xDB, 0xE6, 0xFB, 0xE6, 0xFB, 0xE6, 0xBA, 0xDE, 0xDA, 0xDE, 
	0xFF, 0xFF, 0x2C, 0x00, 0xDB, 0xDE, 0xBB, 0xD6, 0x18, 0xBE, 0x18, 0xC6, 0x79, 0xDE, 0x99, 0xDE, 
	0x99, 0xDE, 0x9A, 0xD6, 0x9A, 0xD6, 0x9A, 0xDE, 0x79, 0xD6, 0x9A, 0xD6, 0x5D, 0xEF, 0xFE, 0xFF, 
	0xAE, 0x73, 0xFF, 0xFF, 0x93, 0x00, 0x00, 0x00, 0x28, 0x42, 0x3C, 0xE7, 0xFE, 0xFF, 0xDB, 0xE6, 
	0xDB, 0xE6, 0xFB, 0xE6, 0xDB, 0xE6, 0xFA, 0xDE, 0xDA, 0xDE, 0xBA, 0xDE, 0xFF, 0xFF, 0x23, 0x00, 
	0xDB, 0xDE, 0xDB, 0xD6, 0x7A, 0xCE, 0xF7, 0xBD, 0x59, 0xD6, 0xFF, 0xFF, 0x04, 0x00, 0x9A, 0xDE, 
	0x99, 0xD6, 0x9A, 0xD6, 0xDB, 0xDE, 0x9E, 0xF7, 0x5D, 0xF7, 0xEB, 0x5A, 0xFF, 0xFF, 0x92, 0x00, 
	0x00, 0x00, 0xC3, 0x18, 0x79, 0xCE, 0xFE, 0xFF, 0x5C, 0xEF, 0xFB, 0xE6, 0xFB, 0xE6, 0xDB, 0xDE, 
	0xDB, 0xE6, 0xDA, 0xDE, 0xDA, 0xDE, 0xFF, 0xFF, 0x29, 0x00, 0xDB, 0xDE, 0xBB, 0xD6, 0x18, 0xBE, 
	0x18, 0xC6, 0xBA, 0xDE, 0x9A, 0xDE, 0x99, 0xDE, 0x99, 0xD6, 0xBA, 0xDE, 0xBA, 0xDE, 0x99, 0xD6, 
	0x9A, 0xD6, 0xBE, 0xF7, 0x9E, 0xF7, 0x0F, 0x84, 0x61, 0x08, 0xFF, 0xFF, 0x93, 0x00, 0x00, 0x00, 
	0x69, 0x4A, 0xDF, 0xFF, 0xDF, 0xFF, 0xFB, 0xE6, 0xDB, 0xE6, 0xFB, 0xE6, 0xFB, 0xE6, 0xDA, 0xDE, 
	0xBA, 0xDE, 0xDA, 0xDE, 0xFF, 0xFF, 0x2C, 0x00, 0xDB, 0xDE, 0xBB, 0xD6, 0x18, 0xC6, 0x18, 0xC6, 
	0x7A, 0xDE, 0x9A, 0xDE, 0x99, 0xDE, 0xBA, 0xD6, 0x9A, 0xD6, 0x9A, 0xDE, 0x9A, 0xDE, 0x9A, 0xD6, 
	0x5D, 0xEF, 0xFE, 0xFF, 0xEF, 0x7B, 0xFF, 0xFF, 0x93, 0x00, 0x00, 0x00, 0xC7, 0x39, 0xFB, 0xDE, 
	0xFE, 0xFF, 0xFB, 0xE6, 0xDB, 0xE6, 0xFB, 0xE6, 0xDB, 0xE6, 0xFA, 0xDE, 0xDA, 0xDE, 0xBA, 0xDE, 
	0xFF, 0xFF, 0x23, 0x00, 0xDB, 0xDE, 0xDB, 0xD6, 0x7A, 0xCE, 0xF7, 0xBD, 0x79, 0xD6, 0x9A, 0xDE, 
	0x7A, 0xDE, 0x9A, 0xD6, 0x9A, 0xD6, 0x9A, 0xDE, 0x99, 0xDE, 0x9A, 0xD6, 0xDB, 0xDE, 0xBE, 0xFF, 
	0x1C, 0xEF, 0xAA, 0x52, 0xFF, 0xFF, 0x92, 0x00, 0x00, 0x00, 0xE3, 0x18, 0xBA, 0xD6, 0xFE, 0xFF, 
	0x3C, 0xEF, 0xDB, 0xE6, 0xFB, 0xE6, 0xDB, 0xE6, 0xDB, 0xE6, 0xDA, 0xDE, 0xBA, 0xDE, 0xFF, 0xFF, 
	0x29, 0x00, 0xDB, 0xDE, 0xBB, 0xD6, 0xF8, 0xBD, 0x17, 0xC6, 0xBA, 0xDE, 0x9A, 0xDE, 0x79, 0xDE, 
	0x99, 0xD6, 0xBA, 0xDE, 0xBA, 0xDE, 0x9A, 0xD6, 0x9A, 0xD6, 0x5D, 0xEF, 0xDE, 0xFF, 0xF3, 0xA4, 
	0xC2, 0x18, 0xFF, 0xFF, 0x93, 0x00, 0x00, 0x00, 0x49, 0x4A, 0x7D, 0xEF, 0xFE, 0xFF, 0x1C, 0xE7, 
	0xBA, 0xDE, 0xDB, 0xE6, 0xFB, 0xE6, 0xDA, 0xDE, 0xBA, 0xDE, 0xBA, 0xDE, 0xFF, 0xFF, 0x2C, 0x00, 
	0xDB, 0xDE, 0xBB, 0xD6, 0x38, 0xC6, 0x18, 0xC6, 0x79, 0xD6, 0x9A, 0xDE, 0x99, 0xDE, 0xBA, 0xD6, 
	0xBA, 0xD6, 0x9A, 0xDE, 0x9A, 0xDE, 0x79, 0xD6, 0x3C, 0xEF, 0xFE, 0xFF, 0x30, 0x84, 0xFF, 0xFF, 
	0x93, 0x00, 0x00, 0x00, 0x65, 0x29, 0xDB, 0xDE, 0xFE, 0xFF, 0xFB, 0xE6, 0xDB, 0xE6, 0xDB, 0xE6, 
	0xDB, 0xE6, 0xDA, 0xE6, 0xDA, 0xDE, 0xBA, 0xDE, 0xFF, 0xFF, 0x23, 0x00, 0xDB, 0xDE, 0xDB, 0xD6, 
	0x7A, 0xCE, 0xF7, 0xBD, 0x79, 0xCE, 0xBA, 0xDE, 0x7A, 0xDE, 0x9A, 0xD6, 0xBA, 0xD6, 0xBA, 0xDE, 
	0x99, 0xDE, 0x9A, 0xD6, 0xDB, 0xE6, 0xDF, 0xFF, 0xDB, 0xE6, 0x69, 0x4A, 0xFF, 0xFF, 0x92, 0x00, 
	0x00, 0x00, 0x03, 0x21, 0xDB, 0xDE, 0xFE, 0xFF, 0x3C, 0xEF, 0xDB, 0xE6, 0xFB, 0xE6, 0xDB, 0xDE, 
	0xDB, 0xE6, 0xDA, 0xDE, 0xDA, 0xDE, 0xFF, 0xFF, 0x29, 0x00, 0xDB, 0xDE, 0xBB, 0xD6, 0x18, 0xBE, 
	0xF7, 0xBD, 0xBA, 0xDE, 0x9A, 0xDE, 0x79, 0xDE, 0x99, 0xD6, 0xBA, 0xDE, 0xBA, 0xDE, 0x9A, 0xDE, 
	0x7A, 0xDE, 0x3C, 0xEF, 0xDF, 0xFF, 0xF7, 0xBD, 0x04, 0x21, 0xFF, 0xFF, 0x93, 0x00, 0x00, 0x00, 
	0xE7, 0x39, 0xDB, 0xDE, 0xFE, 0xFF, 0x3C, 0xEF, 0xDB, 0xE6, 0xDB, 0xE6, 0xFB, 0xE6, 0xDA, 0xDE, 
	0xBA, 0xDE, 0xBA, 0xDE, 0xFF, 0xFF, 0x2D, 0x00, 0xDB, 0xDE, 0x39, 0xC6, 0x18, 0xC6, 0x79, 0xD6, 
	0x9A, 0xDE, 0xBA, 0xDE, 0xBA, 0xD6, 0x9A, 0xD6, 0x9A, 0xDE, 0x9A, 0xD6, 0x9A, 0xD6, 0x3C, 0xEF, 
	0xFE, 0xFF, 0x92, 0x94, 0x41, 0x08, 0xFF, 0xFF, 0x92, 0x00, 0x00, 0x00, 0x24, 0x21, 0xBA, 0xD6, 
	0xFE, 0xFF, 0xFB, 0xE6, 0xDB, 0xE6, 0xFB, 0xE6, 0xDB, 0xE6, 0xFB, 0xE6, 0xDA, 0xDE, 0xBA, 0xDE, 
	0xFF, 0xFF, 0x23, 0x00, 0xDB, 0xDE, 0xDB, 0xD6, 0x59, 0xCE, 0xF7, 0xC5, 0x79, 0xD6, 0xBA, 0xDE, 
	0x99, 0xD6, 0x9A, 0xD6, 0xBA, 0xDE, 0xBA, 0xDE, 0x99, 0xD6, 0x9A, 0xD6, 0xFB, 0xE6, 0xDF, 0xFF, 
	0x9A, 0xD6, 0x08, 0x42, 0xFF, 0xFF, 0x92, 0x00, 0x00, 0x00, 0x04, 0x21, 0xFB, 0xDE, 0xFE, 0xFF, 
	0x3C, 0xEF, 0xFB, 0xE6, 0xDB, 0xE6, 0xDB, 0xDE, 0xDA, 0xDE, 0xDA, 0xDE, 0xDA, 0xDE, 0xFF, 0xFF, 
	0x29, 0x00, 0xDB, 0xDE, 0xDB, 0xD6, 0x18, 0xC6, 0xF7, 0xBD, 0x79, 0xD6, 0x9A, 0xDE, 0x99, 0xDE, 
	0x99, 0xD6, 0xB9, 0xD6, 0x9A, 0xDE, 0x9A, 0xDE, 0x9A, 0xDE, 0xFB, 0xE6, 0xFE, 0xFF, 0x9A, 0xD6, 
	0x45, 0x29, 0xFF, 0xFF, 0x93, 0x00, 0x00, 0x00, 0x65, 0x29, 0xF7, 0xBD, 0xFE, 0xFF, 0x5D, 0xEF, 
	0xFB, 0xE6, 0xDB, 0xDE, 0xDB, 0xDE, 0xDB, 0xE6, 0xBA, 0xDE, 0xBA, 0xDE, 0xFF, 0xFF, 0x2D, 0x00, 
	0xDB, 0xDE, 0x59, 0xC6, 0x18, 0xC6, 0x79, 0xD6, 0xBA, 0xDE, 0xBA, 0xDE, 0xBA, 0xD6, 0x9A, 0xD6, 
	0x9A, 0xDE, 0x9A, 0xD6, 0x9A, 0xD6, 0x3C, 0xEF, 0xFE, 0xFF, 0xF3, 0x9C, 0xA2, 0x10, 0xFF, 0xFF, 
	0x92, 0x00, 0x00, 0x00, 0x04, 0x21, 0x9A, 0xD6, 0xFE, 0xFF, 0xFB, 0xE6, 0xFB, 0xE6, 0xFB, 0xE6, 
	0xDB, 0xE6, 0xFB, 0xE6, 0xDA, 0xDE, 0xBA, 0xDE, 0xFF, 0xFF, 0x23, 0x00, 0xDB, 0xDE, 0xDB, 0xD6, 
	0x59, 0xCE, 0xF7, 0xBD, 0x79, 0xD6, 0xBA, 0xDE, 0x99, 0xD6, 0x9A, 0xD6, 0xBA, 0xDE, 0x9A, 0xDE, 
	0x99, 0xD6, 0x99, 0xD6, 0xFB, 0xE6, 0xFE, 0xFF, 0x59, 0xCE, 0xC7, 0x39, 0xFF, 0xFF, 0x92, 0x00, 
	0x00, 0x00, 0x24, 0x21, 0x1C, 0xE7, 0xFE, 0xFF, 0x3C, 0xEF, 0xDB, 0xE6, 0xDB, 0xE6, 0xDB, 0xE6, 
	0xFB, 0xE6, 0xDA, 0xDE, 0xFF, 0xFF, 0x2A, 0x00, 0xDB, 0xDE, 0xDB, 0xD6, 0x59, 0xC6, 0xF7, 0xBD, 
	0x59, 0xD6, 0x9A, 0xDE, 0x99, 0xDE, 0x99, 0xDE, 0xBA, 0xDE, 0x99, 0xDE, 0x9A, 0xDE, 0x9A, 0xDE, 
	0xDB, 0xDE, 0xFE, 0xFF, 0x1C, 0xE7, 0x86, 0x31, 0xFF, 0xFF, 0x93, 0x00, 0x00, 0x00, 0xC3, 0x18, 
	0xF3, 0x9C, 0xFE, 0xFF, 0x9E, 0xF7, 0xFB, 0xE6, 0xDB, 0xDE, 0xDB, 0xDE, 0xDA, 0xDE, 0xBA, 0xDE, 
	0xBA, 0xDE, 0xFF, 0xFF, 0x2C, 0x00, 0xDB, 0xDE, 0xDB, 0xD6, 0x39, 0xC6, 0xF7, 0xBD, 0x79, 0xD6, 
	0xBA, 0xDE, 0x9A, 0xDE, 0x9A, 0xD6, 0x9A, 0xDE, 0x9A, 0xDE, 0x79, 0xD6, 0x79, 0xD6, 0x3C, 0xEF, 
	0xFE, 0xFF, 0x55, 0xAD, 0x04, 0x21, 0xFF, 0xFF, 0x92, 0x00, 0x00, 0x00, 0x04, 0x21, 0x9A, 0xD6, 
	0xFE, 0xFF, 0xFB, 0xE6, 0xFB, 0xE6, 0xDB, 0xE6, 0xDB, 0xE6, 0xDB, 0xE6, 0xDA, 0xDE, 0xBA, 0xDE, 
	0xFF, 0xFF, 0x23, 0x00, 0xDB, 0xDE, 0xDB, 0xD6, 0x59, 0xCE, 0xD7, 0xBD, 0x79, 0xD6, 0xBA, 0xDE, 
	0x99, 0xD6, 0x9A, 0xD6, 0x9A, 0xDE, 0x9A, 0xDE, 0x9A, 0xDE, 0x9A, 0xD6, 0xFB, 0xE6, 0xFE, 0xFF, 
	0x38, 0xC6, 0xA6, 0x31, 0xFF, 0xFF, 0x92, 0x00, 0x00, 0x00, 0x24, 0x21, 0x1C, 0xE7, 0xFE, 0xFF, 
	0x3C, 0xEF, 0xFB, 0xE6, 0xDB, 0xE6, 0xDB, 0xDE, 0xDB, 0xE6, 0xDA, 0xDE, 0xFF, 0xFF, 0x2A, 0x00, 
	0xDB, 0xDE, 0xDB, 0xD6, 0x59, 0xCE, 0xF7, 0xBD, 0x59, 0xCE, 0x9A, 0xDE, 0x99, 0xDE, 0x9A, 0xDE, 
	0xBA, 0xDE, 0x99, 0xDE, 0x9A, 0xDE, 0x9A, 0xDE, 0xBA, 0xDE, 0xFE, 0xFF, 0x7D, 0xEF, 0x86, 0x31, 
	0xFF, 0xFF, 0x93, 0x00, 0x00, 0x00, 0x41, 0x08, 0xEF, 0x7B, 0xFE, 0xFF, 0xBE, 0xF7, 0xDB, 0xDE, 
	0xFB, 0xE6, 0xDB, 0xE6, 0xBA, 0xDE, 0xBA, 0xDE, 0xBA, 0xDE, 0xFF, 0xFF, 0x2C, 0x00, 0xDB, 0xDE, 
	0xDB, 0xD6, 0x59, 0xC6, 0xF7, 0xBD, 0x79, 0xD6, 0xBA, 0xDE, 0x99, 0xDE, 0x9A, 0xD6, 0x9A, 0xDE, 
	0x9A, 0xDE, 0x9A, 0xDE, 0x79, 0xD6, 0x1B, 0xE7, 0xFE, 0xFF, 0xD7, 0xBD, 0x65, 0x29, 0xFF, 0xFF, 
	0x92, 0x00, 0x00, 0x00, 0x04, 0x21, 0x9A, 0xD6, 0xFE, 0xFF, 0x1C, 0xE7, 0xDB, 0xE6, 0xDB, 0xDE, 
	0xDB, 0xE6, 0xFB, 0xE6, 0xBA, 0xDE, 0xBA, 0xDE, 0xFF, 0xFF, 0x23, 0x00, 0xDB, 0xDE, 0xDB, 0xD6, 
	0x79, 0xCE, 0xD7, 0xBD, 0x79, 0xD6, 0xBA, 0xDE, 0x7A, 0xDE, 0x9A, 0xD6, 0xBA, 0xDE, 0x9A, 0xDE, 
	0x7A, 0xDE, 0x79, 0xD6, 0x3C, 0xE7, 0xFE, 0xFF, 0xD7, 0xBD, 0x65, 0x29, 0xFF, 0xFF, 0x92, 0x00, 
	0x00, 0x00, 0x24, 0x21, 0x1C, 0xE7, 0xFE, 0xFF, 0x1C, 0xEF, 0xDB, 0xE6, 0xDB, 0xDE, 0xDB, 0xDE, 
	0xDB, 0xE6, 0xDA, 0xDE, 0xFF, 0xFF, 0x2B, 0x00, 0xDB, 0xDE, 0x7A, 0xCE, 0xF7, 0xBD, 0x38, 0xCE, 
	0x99, 0xDE, 0xBA, 0xDE, 0x9A, 0xDE, 0x9A, 0xDE, 0x9A, 0xDE, 0xBA, 0xDE, 0x9A, 0xDE, 0x9A, 0xDE, 
	0xDF, 0xFF, 0x7D, 0xF7, 0x08, 0x42, 0xFF, 0xFF, 0x94, 0x00, 0x00, 0x00, 0xAA, 0x52, 0xBE, 0xF7, 
	0xDE, 0xFF, 0xBA, 0xDE, 0xFB, 0xE6, 0xDB, 0xE6, 0x9A, 0xDE, 0xBA, 0xDE, 0xBA, 0xDE, 0xBA, 0xDE, 
	0xFF, 0xFF, 0x2B, 0x00, 0xDB, 0xDE, 0xDB, 0xD6, 0x39, 0xC6, 0xD7, 0xBD, 0x79, 0xD6, 0xBA, 0xDE, 
	0x79, 0xDE, 0x9A, 0xD6, 0x9A, 0xDE, 0x9A, 0xDE, 0x9A, 0xDE, 0x9A, 0xD6, 0xDB, 0xE6, 0xFE, 0xFF, 
	0x38, 0xC6, 0xC7, 0x39, 0xFF, 0xFF, 0x92, 0x00, 0x00, 0x00, 0x04, 0x21, 0x9A, 0xD6, 0xFE, 0xFF, 
	0x3C, 0xEF, 0xDB, 0xDE, 0xBA, 0xDE, 0xFB, 0xE6, 0xDB, 0xE6, 0xBA, 0xDE, 0xBA, 0xDE, 0xFF, 0xFF, 
	0x23, 0x00, 0xDB, 0xDE, 0xDB, 0xD6, 0x7A, 0xCE, 0xF8, 0xBD, 0x9A, 0xD6, 0x9A, 0xDE, 0x79, 0xD6, 
	0x9A, 0xD6, 0xBA, 0xDE, 0x9A, 0xDE, 0x7A, 0xDE, 0x79, 0xD6, 0x3C, 0xE7, 0xFE, 0xFF, 0x75, 0xAD, 
	0x04, 0x21, 0xFF, 0xFF, 0x92, 0x00, 0x00, 0x00, 0x24, 0x21, 0x1C, 0xE7, 0xFE, 0xFF, 0x1B, 0xE7, 
	0xFB, 0xE6, 0xDB, 0xE6, 0xDB, 0xDE, 0xDB, 0xE6, 0xDA, 0xDE, 0xDA, 0xDE, 0xFF, 0xFF, 0x2A, 0x00, 
	0xDB, 0xDE, 0x9A, 0xCE, 0xF8, 0xBD, 0x38, 0xCE, 0xBA, 0xDE, 0xDA, 0xDE, 0x99, 0xD6, 0x79, 0xD6, 
	0xBA, 0xDE, 0xBA, 0xDE, 0x9A, 0xDE, 0x9A, 0xDE, 0xBE, 0xFF, 0xBE, 0xF7, 0x0B, 0x63, 0xFF, 0xFF, 
	0x94, 0x00, 0x00, 0x00, 0xC7, 0x39, 0x9E, 0xF7, 0xFE, 0xFF, 0xDB, 0xE6, 0xDB, 0xDE, 0xDB, 0xE6, 
	0xFF, 0xFF, 0x03, 0x00, 0xBA, 0xDE, 0xFF, 0xFF, 0x2B, 0x00, 0xDB, 0xDE, 0xDB, 0xD6, 0x39, 0xC6, 
	0xD7, 0xBD, 0x79, 0xD6, 0xBA, 0xDE, 0x79, 0xDE, 0x7A, 0xDE, 0x9A, 0xDE, 0x9A, 0xDE, 0x9A, 0xDE, 
	0x7A, 0xD6, 0xDB, 0xE6, 0xFE, 0xFF, 0x59, 0xCE, 0xE7, 0x39, 0xFF, 0xFF, 0x92, 0x00, 0x00, 0x00, 
	0x04, 0x21, 0x79, 0xCE, 0xFE, 0xFF, 0x3C, 0xEF, 0xDB, 0xDE, 0xDB, 0xDE, 0xDB, 0xE6, 0xDB, 0xDE, 
	0xDB, 0xE6, 0xFF, 0xFF, 0x24, 0x00, 0xDB, 0xDE, 0xDB, 0xD6, 0x7A, 0xCE, 0xF8, 0xBD, 0x9A, 0xD6, 
	0x9A, 0xDE, 0x7A, 0xDE, 0x99, 0xD6, 0x9A, 0xDE, 0x9A, 0xDE, 0x7A, 0xDE, 0x9A, 0xD6, 0x3C, 0xE7, 
	0xFE, 0xFF, 0x34, 0xA5, 0xC3, 0x18, 0xFF, 0xFF, 0x92, 0x00, 0x00, 0x00, 0x45, 0x29, 0x1C, 0xE7, 
	0xFE, 0xFF, 0x1B, 0xE7, 0xFB, 0xE6, 0xFB, 0xE6, 0xDB, 0xE6, 0xFB, 0xE6, 0xDB, 0xDE, 0xBA, 0xDE, 
	0xFF, 0xFF, 0x2A, 0x00, 0xDB, 0xDE, 0x9B, 0xD6, 0x18, 0xC6, 0x18, 0xC6, 0xDA, 0xDE, 0xDA, 0xDE, 
	0x9A, 0xDE, 0x9A, 0xD6, 0x9A, 0xD6, 0x9A, 0xDE, 0x9A, 0xDE, 0x9A, 0xD6, 0x9E, 0xF7, 0xDF, 0xFF, 
	0x10, 0x84, 0x20, 0x00, 0xFF, 0xFF, 0x93, 0x00, 0x00, 0x00, 0xA6, 0x31, 0x9D, 0xF7, 0xFE, 0xFF, 
	0xDB, 0xE6, 0xBA, 0xDE, 0xDB, 0xE6, 0xBB, 0xE6, 0xBA, 0xDE, 0xDA, 0xDE, 0xBA, 0xD6, 0xDA, 0xDE, 
	0xFF, 0xFF, 0x2A, 0x00, 0xDB, 0xDE, 0xDB, 0xD6, 0x39, 0xC6, 0xD7, 0xBD, 0x59, 0xD6, 0x9A, 0xDE, 
	0x79, 0xDE, 0x7A, 0xDE, 0xBA, 0xDE, 0xBA, 0xDE, 0x9A, 0xDE, 0x79, 0xD6, 0xDB, 0xDE, 0xDF, 0xFF, 
	0xBA, 0xD6, 0x49, 0x4A, 0xFF, 0xFF, 0x92, 0x00, 0x00, 0x00, 0xE3, 0x18, 0x38, 0xC6, 0xFE, 0xFF, 
	0x3C, 0xEF, 0xFB, 0xE6, 0xDB, 0xE6, 0xDB, 0xDE, 0xBA, 0xDE, 0xDB, 0xE6, 0xBB, 0xDE, 0xFF, 0xFF, 
	0x23, 0x00, 0xDB, 0xDE, 0xDB, 0xD6, 0x7A, 0xCE, 0xF8, 0xBD, 0x7A, 0xD6, 0xBB, 0xDE, 0x9A, 0xDE, 
	0x99, 0xD6, 0x9A, 0xDE, 0x7A, 0xDE, 0x7A, 0xDE, 0x9A, 0xDE, 0x3C, 0xEF, 0xFE, 0xFF, 0xD3, 0x9C, 
	0x82, 0x10, 0xFF, 0xFF, 0x92, 0x00, 0x00, 0x00, 0x65, 0x29, 0x3C, 0xE7, 0xFE, 0xFF, 0x1B, 0xE7, 
	0xFB, 0xE6, 0xFB, 0xE6, 0xDB, 0xE6, 0xDB, 0xE6, 0xDA, 0xDE, 0xBA, 0xDE, 0xFF, 0xFF, 0x2A, 0x00, 
	0xDB, 0xDE, 0xBB, 0xD6, 0x39, 0xC6, 0xF8, 0xC5, 0xDA, 0xDE, 0xBA, 0xDE, 0x9A, 0xD6, 0x9A, 0xDE, 
	0x9A, 0xDE, 0x9A, 0xDE, 0x9A, 0xD6, 0x9A, 0xD6, 0x5D, 0xF7, 0xFE, 0xFF, 0x34, 0xA5, 0xC2, 0x18, 
	0xFF, 0xFF, 0x93, 0x00, 0x00, 0x00, 0x86, 0x31, 0x7D, 0xEF, 0xFE, 0xFF, 0xFB, 0xE6, 0xBA, 0xDE, 
	0xBA, 0xDE, 0xBB, 0xE6, 0xBB, 0xE6, 0xDA, 0xDE, 0xBA, 0xDE, 0xBA, 0xD6, 0xFF, 0xFF, 0x2A, 0x00, 
	0xDB, 0xDE, 0xDB, 0xD6, 0x39, 0xC6, 0xB7, 0xB5, 0x59, 0xCE, 0x9A, 0xDE, 0x7A, 0xDE, 0x9A, 0xDE, 
	0xBA, 0xDE, 0xBA, 0xDE, 0x9A, 0xDE, 0x79, 0xD6, 0xDB, 0xDE, 0xDF, 0xFF, 0xFB, 0xE6, 0x8A, 0x52, 
	0xFF, 0xFF, 0x92, 0x00, 0x00, 0x00, 0xC3, 0x18, 0xD7, 0xBD, 0xFE, 0xFF, 0x3C, 0xEF, 0xFB, 0xE6, 
	0xDB, 0xE6, 0xDB, 0xE6, 0xDB, 0xDE, 0xBB, 0xE6, 0xBB, 0xDE, 0xFF, 0xFF, 0x23, 0x00, 0xDB, 0xDE, 
	0xBB, 0xD6, 0x59, 0xC6, 0xF7, 0xBD, 0x7A, 0xDE, 0x9A, 0xDE, 0x7A, 0xDE, 0x99, 0xD6, 0x9A, 0xDE, 
	0x7A, 0xDE, 0x7A, 0xDE, 0x9A, 0xD6, 0x5C, 0xEF, 0xFE, 0xFF, 0x92, 0x94, 0x41, 0x08, 0xFF, 0xFF, 
	0x92, 0x00, 0x00, 0x00, 0xA6, 0x31, 0x3C, 0xE7, 0xFE, 0xFF, 0xFB, 0xE6, 0xDB, 0xE6, 0xDB, 0xE6, 
	0xDB, 0xE6, 0xFB, 0xE6, 0xDB, 0xDE, 0xBA, 0xDE, 0xFF, 0xFF, 0x2B, 0x00, 0xDB, 0xDE, 0x59, 0xCE, 
	0x18, 0xC6, 0xBA, 0xDE, 0xBA, 0xDE, 0x79, 0xD6, 0x9A, 0xD6, 0x9A, 0xD6, 0x9A, 0xDE, 0xBA, 0xDE, 
	0x9A, 0xD6, 0x1C, 0xE7, 0xFE, 0xFF, 0x38, 0xC6, 0x24, 0x21, 0xFF, 0xFF, 0x93, 0x00, 0x00, 0x00, 
	0x45, 0x29, 0x1B, 0xE7, 0xFE, 0xFF, 0x3C, 0xEF, 0xDB, 0xE6, 0xBA, 0xDE, 0x9A, 0xDE, 0xBA, 0xDE, 
	0xDA, 0xDE, 0xBA, 0xDE, 0xBA, 0xD6, 0xFF, 0xFF, 0x2A, 0x00, 0xDB, 0xDE, 0xDB, 0xD6, 0x59, 0xC6, 
	0xB6, 0xB5, 0x59, 0xCE, 0xFF, 0xFF, 0x05, 0x00, 0x9A, 0xDE, 0x79, 0xD6, 0xDB, 0xE6, 0xBE, 0xFF, 
	0x3C, 0xEF, 0xEB, 0x5A, 0xFF, 0xFF, 0x92, 0x00, 0x00, 0x00, 0xA2, 0x10, 0x75, 0xB5, 0xFE, 0xFF, 
	0x5D, 0xEF, 0xFB, 0xE6, 0xFF, 0xFF, 0x03, 0x00, 0xDB, 0xE6, 0xBB, 0xDE, 0xFF, 0xFF, 0x23, 0x00, 
	0xDB, 0xDE, 0x9A, 0xD6, 0x39, 0xC6, 0xF8, 0xBD, 0x9A, 0xD6, 0xBA, 0xDE, 0x9A, 0xDE, 0x9A, 0xD6, 
	0x9A, 0xDE, 0x7A, 0xDE, 0x7A, 0xDE, 0x9A, 0xD6, 0x5D, 0xEF, 0xFE, 0xFF, 0x71, 0x8C, 0x20, 0x00, 
	0xFF, 0xFF, 0x92, 0x00, 0x00, 0x00, 0xE7, 0x39, 0x5D, 0xE7, 0xFE, 0xFF, 0xFB, 0xE6, 0xDA, 0xDE, 
	0xDB, 0xE6, 0xDB, 0xDE, 0xFB, 0xE6, 0xDA, 0xDE, 0xDA, 0xDE, 0xFF, 0xFF, 0x2B, 0x00, 0xDB, 0xDE, 
	0x59, 0xCE, 0xF7, 0xBD, 0x9A, 0xD6, 0xBA, 0xDE, 0x9A, 0xDE, 0x9A, 0xD6, 0x7A, 0xDE, 0x9A, 0xDE, 
	0x9A, 0xDE, 0xBA, 0xDE, 0xDB, 0xE6, 0xDF, 0xFF, 0xDA, 0xDE, 0x86, 0x31, 0xFF, 0xFF, 0x93, 0x00, 
	0x00, 0x00, 0xE3, 0x18, 0x38, 0xC6, 0xFE, 0xFF, 0x5D, 0xF7, 0xFB, 0xE6, 0xBA, 0xDE, 0x9A, 0xDE, 
	0x9A, 0xDE, 0xBA, 0xDE, 0xBA, 0xDE, 0xBA, 0xDE, 0xFF, 0xFF, 0x2A, 0x00, 0xDB, 0xDE, 0xDB, 0xD6, 
	0x59, 0xC6, 0xB6, 0xB5, 0x59, 0xCE, 0x9A, 0xDE, 0x9A, 0xDE, 0x9A, 0xDE, 0x7A, 0xDE, 0x9A, 0xDE, 
	0x9A, 0xDE, 0x7A, 0xDE, 0xDB, 0xDE, 0x9E, 0xFF, 0x7D, 0xF7, 0x2D, 0x6B, 0xFF, 0xFF, 0x92, 0x00, 
	0x00, 0x00, 0xA2, 0x10, 0x14, 0xA5, 0xFE, 0xFF, 0x7D, 0xF7, 0xDB, 0xE6, 0xDB, 0xDE, 0xDB, 0xE6, 
	0xDB, 0xE6, 0xDB, 0xE6, 0xBB, 0xDE, 0xFF, 0xFF, 0x23, 0x00, 0xDB, 0xDE, 0x9A, 0xCE, 0x18, 0xBE, 
	0xF8, 0xC5, 0x9A, 0xD6, 0xBA, 0xDE, 0x9A, 0xDE, 0x9A, 0xD6, 0x9A, 0xDE, 0x9A, 0xDE, 0x7A, 0xDE, 
	0x79, 0xD6, 0x5D, 0xEF, 0xFE, 0xFF, 0x30, 0x84, 0xFF, 0xFF, 0x93, 0x00, 0x00, 0x00, 0x49, 0x4A, 
	0x5D, 0xEF, 0xFE, 0xFF, 0xFB, 0xE6, 0xDB, 0xE6, 0xDB, 0xE6, 0xDB, 0xDE, 0xFB, 0xE6, 0xDA, 0xDE, 
	0xDA, 0xDE, 0xFF, 0xFF, 0x2B, 0x00, 0xDB, 0xDE, 0x59, 0xCE, 0xF7, 0xBD, 0x79, 0xD6, 0xBA, 0xDE, 
	0x99, 0xD6, 0xFF, 0xFF, 0x03, 0x00, 0x9A, 0xDE, 0xBA, 0xDE, 0xBA, 0xDE, 0xDE, 0xFF, 0x7D, 0xEF, 
	0xC7, 0x39, 0xFF, 0xFF, 0x93, 0x00, 0x00, 0x00, 0x82, 0x10, 0x14, 0xA5, 0xFE, 0xFF, 0x7D, 0xF7, 
	0xDA, 0xDE, 0xBA, 0xDE, 0xBB, 0xE6, 0xBA, 0xDE, 0xBA, 0xDE, 0xBA, 0xDE, 0xFF, 0xFF, 0x2B, 0x00, 
	0xDB, 0xDE, 0xDB, 0xD6, 0x79, 0xCE, 0xB6, 0xB5, 0x38, 0xCE, 0x9A, 0xDE, 0x9A, 0xDE, 0x7A, 0xDE, 
	0x79, 0xD6, 0x9A, 0xDE, 0x9A, 0xDE, 0x79, 0xD6, 0xBA, 0xDE, 0x7D, 0xF7, 0xBE, 0xF7, 0x6E, 0x73, 
	0xFF, 0xFF, 0x92, 0x00, 0x00, 0x00, 0x82, 0x10, 0x92, 0x94, 0xDE, 0xFF, 0x9E, 0xFF, 0xDB, 0xE6, 
	0xBA, 0xDE, 0xFB, 0xE6, 0xDB, 0xE6, 0xDB, 0xE6, 0xBB, 0xDE, 0xFF, 0xFF, 0x23, 0x00, 0xDB, 0xDE, 
	0x9A, 0xCE, 0xF8, 0xBD, 0x18, 0xC6, 0x7A, 0xD6, 0xBA, 0xDE, 0x9A, 0xDE, 0x9A, 0xD6, 0x9A, 0xDE, 
	0x9A, 0xDE, 0x9A, 0xDE, 0x9A, 0xD6, 0x5D, 0xEF, 0xFE, 0xFF, 0xCF, 0x7B, 0xFF, 0xFF, 0x93, 0x00, 
	0x00, 0x00, 0x69, 0x4A, 0x7D, 0xEF, 0xFE, 0xFF, 0xFB, 0xE6, 0xDA, 0xDE, 0xDB, 0xE6, 0xDB, 0xDE, 
	0xFB, 0xE6, 0xDB, 0xDE, 0xBA, 0xDE, 0xFF, 0xFF, 0x2B, 0x00, 0xDB, 0xDE, 0x79, 0xCE, 0xD7, 0xBD, 
	0x38, 0xCE, 0xBA, 0xDE, 0x9A, 0xD6, 0x9A, 0xD6, 0x9A, 0xDE, 0x9A, 0xDE, 0x9A, 0xDE, 0x9A, 0xD6, 
	0xBA, 0xDE, 0xBE, 0xFF, 0xBE, 0xF7, 0x28, 0x42, 0xFF, 0xFF, 0x93, 0x00, 0x00, 0x00, 0x20, 0x00, 
	0xEF, 0x7B, 0xDE, 0xFF, 0xBE, 0xFF, 0xBA, 0xDE, 0xBA, 0xDE, 0xBB, 0xDE, 0xBA, 0xDE, 0xBA, 0xDE, 
	0xBA, 0xDE, 0xDA, 0xDE, 0xFF, 0xFF, 0x2A, 0x00, 0xDB, 0xDE, 0xDB, 0xD6, 0x7A, 0xCE, 0xB7, 0xB5, 
	0x38, 0xCE, 0x9A, 0xDE, 0x9A, 0xDE, 0x7A, 0xDE, 0x9A, 0xD6, 0x9A, 0xDE, 0x9A, 0xDE, 0x79, 0xD6, 
	0xBA, 0xDE, 0x7D, 0xF7, 0xDF, 0xFF, 0xAE, 0x73, 0xFF, 0xFF, 0x92, 0x00, 0x00, 0x00, 0x61, 0x08, 
	0x10, 0x84, 0x9E, 0xF7, 0xBE, 0xFF, 0xDB, 0xE6, 0xDB, 0xDE, 0xFB, 0xE6, 0xDB, 0xE6, 0xBA, 0xDE, 
	0xBA, 0xDE, 0xFF, 0xFF, 0x23, 0x00, 0xDB, 0xDE, 0x9A, 0xCE, 0xF7, 0xBD, 0x18, 0xC6, 0x7A, 0xD6, 
	0xBA, 0xDE, 0x9A, 0xDE, 0x9A, 0xD6, 0xFF, 0xFF, 0x03, 0x00, 0x9A, 0xDE, 0x7D, 0xEF, 0xFE, 0xFF, 
	0x8D, 0x73, 0xFF, 0xFF, 0x93, 0x00, 0x00, 0x00, 0x8A, 0x52, 0x7D, 0xEF, 0xFE, 0xFF, 0xFB, 0xE6, 
	0xDA, 0xDE, 0xDB, 0xE6, 0xDB, 0xE6, 0xFB, 0xE6, 0xDA, 0xDE, 0xBA, 0xDE, 0xFF, 0xFF, 0x2B, 0x00, 
	0xDB, 0xDE, 0x7A, 0xCE, 0xF7, 0xBD, 0x18, 0xC6, 0xBA, 0xDE, 0x9A, 0xDE, 0x79, 0xD6, 0x9A, 0xDE, 
	0xBA, 0xDE, 0x9A, 0xDE, 0x9A, 0xD6, 0xBA, 0xDE, 0xBE, 0xF7, 0xDF, 0xFF, 0x8A, 0x52, 0xFF, 0xFF, 
	0x94, 0x00, 0x00, 0x00, 0xCB, 0x5A, 0x9D, 0xF7, 0xDF, 0xFF, 0xDB, 0xDE, 0x9A, 0xDE, 0xBA, 0xDE, 
	0xBB, 0xE6, 0xBA, 0xDE, 0xBA, 0xDE, 0xBA, 0xD6, 0xFF, 0xFF, 0x2A, 0x00, 0xDB, 0xDE, 0xDB, 0xD6, 
	0x7A, 0xCE, 0xB7, 0xB5, 0x38, 0xCE, 0x9A, 0xDE, 0x9A, 0xDE, 0x9A, 0xDE, 0x9A, 0xD6, 0x9A, 0xDE, 
	0x9A, 0xDE, 0x79, 0xD6, 0x9A, 0xDE, 0x7D, 0xF7, 0xFE, 0xFF, 0xEF, 0x7B, 0xFF, 0xFF, 0x92, 0x00, 
	0x00, 0x00, 0x20, 0x00, 0x8D, 0x73, 0x5D, 0xEF, 0xDF, 0xFF, 0xFB, 0xE6, 0xDB, 0xE6, 0xFB, 0xE6, 
	0xBB, 0xE6, 0x9A, 0xDE, 0x9A, 0xDE, 0xFF, 0xFF, 0x23, 0x00, 0xDB, 0xDE, 0x7A, 0xCE, 0xD7, 0xB5, 
	0x18, 0xC6, 0x7A, 0xD6, 0x9A, 0xDE, 0x99, 0xD6, 0x99, 0xD6, 0xFF, 0xFF, 0x03, 0x00, 0x9A, 0xDE, 
	0x7D, 0xEF, 0xFE, 0xFF, 0x4C, 0x6B, 0xFF, 0xFF, 0x93, 0x00, 0x00, 0x00, 0xEB, 0x5A, 0x9E, 0xF7, 
	0xDF, 0xFF, 0xFB, 0xE6, 0xFB, 0xE6, 0xDB, 0xE6, 0xDB, 0xE6, 0xFB, 0xE6, 0xDA, 0xDE, 0xBB, 0xDE, 
	0xFF, 0xFF, 0x2B, 0x00, 0xDB, 0xDE, 0x9A, 0xD6, 0xF7, 0xBD, 0x18, 0xC6, 0x9A, 0xDE, 0x9A, 0xDE, 
	0x79, 0xD6, 0x9A, 0xDE, 0xBA, 0xDE, 0x9A, 0xDE, 0x9A, 0xD6, 0x9A, 0xDE, 0x9D, 0xF7, 0xFE, 0xFF, 
	0x4D, 0x63, 0xFF, 0xFF, 0x94, 0x00, 0x00, 0x00, 0xA6, 0x31, 0x3C, 0xE7, 0xFE, 0xFF, 0xFB, 0xE6, 
	0xFF, 0xFF, 0x04, 0x00, 0xBA, 0xDE, 0xBA, 0xD6, 0xFF, 0xFF, 0x2A, 0x00, 0xDB, 0xDE, 0xDB, 0xD6, 
	0x7A, 0xCE, 0xB7, 0xB5, 0x18, 0xC6, 0x9A, 0xDE, 0x7A, 0xDE, 0x9A, 0xD6, 0x9A, 0xDE, 0x9A, 0xDE, 
	0x9A, 0xDE, 0x79, 0xD6, 0x9A, 0xDE, 0x5D, 0xEF, 0xFE, 0xFF, 0x10, 0x84, 0xFF, 0xFF, 0x92, 0x00, 
	0x00, 0x00, 0x20, 0x00, 0x0C, 0x63, 0x3C, 0xE7, 0xFE, 0xFF, 0xFB, 0xE6, 0xDB, 0xE6, 0xDB, 0xE6, 
	0xBB, 0xE6, 0x9A, 0xDE, 0xBA, 0xDE, 0xBB, 0xDE, 0xFF, 0xFF, 0x22, 0x00, 0xDB, 0xDE, 0x7A, 0xCE, 
	0xD7, 0xB5, 0x18, 0xC6, 0x9A, 0xDE, 0x9A, 0xDE, 0x99, 0xD6, 0x9A, 0xD6, 0x9A, 0xDE, 0x9A, 0xDE, 
	0x9A, 0xDE, 0x9A, 0xD6, 0x7D, 0xF7, 0xFE, 0xFF, 0x2C, 0x63, 0xFF, 0xFF, 0x92, 0x00, 0x00, 0x00, 
	0x20, 0x00, 0x4D, 0x6B, 0x9E, 0xF7, 0xDF, 0xFF, 0xFB, 0xE6, 0xFB, 0xE6, 0xFB, 0xE6, 0xDB, 0xE6, 
	0xFB, 0xE6, 0xDA, 0xDE, 0xBB, 0xDE, 0xFF, 0xFF, 0x2B, 0x00, 0xDB, 0xDE, 0xBB, 0xD6, 0x18, 0xC6, 
	0x18, 0xC6, 0x7A, 0xDE, 0x9A, 0xDE, 0x99, 0xD6, 0xBA, 0xDE, 0x9A, 0xDE, 0x9A, 0xDE, 0x9A, 0xD6, 
	0x79, 0xD6, 0x5D, 0xEF, 0xFE, 0xFF, 0x30, 0x84, 0x41, 0x08, 0xFF, 0xFF, 0x93, 0x00, 0x00, 0x00, 
	0x24, 0x21, 0xFB, 0xDE, 0xFE, 0xFF, 0xFB, 0xE6, 0x9A, 0xDE, 0xFF, 0xFF, 0x03, 0x00, 0xBA, 0xDE, 
	0xBA, 0xD6, 0xFF, 0xFF, 0x2A, 0x00, 0xDB, 0xDE, 0xDB, 0xD6, 0x7A, 0xCE, 0xB7, 0xB5, 0x18, 0xC6, 
	0x9A, 0xD6, 0x7A, 0xDE, 0x9A, 0xD6, 0x9A, 0xD6, 0x9A, 0xDE, 0xBA, 0xDE, 0x79, 0xD6, 0x9A, 0xDE, 
	0x5D, 0xEF, 0xFE, 0xFF, 0x10, 0x84, 0xFF, 0xFF, 0x93, 0x00, 0x00, 0x00, 0xAA, 0x52, 0xFB, 0xDE, 
	0xFE, 0xFF, 0xFB, 0xE6, 0xBB, 0xE6, 0xBB, 0xE6, 0xBB, 0xE6, 0xBA, 0xDE, 0xBA, 0xDE, 0xBA, 0xDE, 
	0xFF, 0xFF, 0x22, 0x00, 0xDB, 0xDE, 0x7A, 0xCE, 0xD7, 0xBD, 0x18, 0xC6, 0x9A, 0xDE, 0x9A, 0xDE, 
	0x99, 0xD6, 0xB9, 0xD6, 0x9A, 0xDE, 0x9A, 0xDE, 0x99, 0xDE, 0x9A, 0xD6, 0x9D, 0xF7, 0xFE, 0xFF, 
	0xEB, 0x5A, 0xFF, 0xFF, 0x92, 0x00, 0x00, 0x00, 0x20, 0x08, 0x8E, 0x73, 0xBE, 0xF7, 0xDF, 0xFF, 
	0xFF, 0xFF, 0x04, 0x00, 0xFB, 0xE6, 0xDA, 0xDE, 0xFF, 0xFF, 0x2C, 0x00, 0xDB, 0xDE, 0xBB, 0xD6, 
	0x39, 0xC6, 0xF8, 0xC5, 0x99, 0xDE, 0xBA, 0xDE, 0x99, 0xD6, 0x9A, 0xD6, 0x9A, 0xDE, 0x9A, 0xD6, 
	0x9A, 0xD6, 0x79, 0xD6, 0x5C, 0xEF, 0xFE, 0xFF, 0x14, 0xA5, 0xE3, 0x18, 0xFF, 0xFF, 0x93, 0x00, 
	0x00, 0x00, 0x24, 0x21, 0x1C, 0xE7, 0xFE, 0xFF, 0xFB, 0xE6, 0x9A, 0xDE, 0xFF, 0xFF, 0x03, 0x00, 
	0xBA, 0xDE, 0xBA, 0xD6, 0xDA, 0xD6, 0xFF, 0xFF, 0x2A, 0x00, 0xDB, 0xDE, 0x7A, 0xCE, 0xD7, 0xBD, 
	0x18, 0xC6, 0x9A, 0xD6, 0x9A, 0xDE, 0x99, 0xD6, 0x99, 0xD6, 0x9A, 0xDE, 0x9A, 0xDE, 0x79, 0xD6, 
	0x9A, 0xD6, 0x3C, 0xEF, 0xFE, 0xFF, 0x31, 0x8C, 0xFF, 0xFF, 0x93, 0x00, 0x00, 0x00, 0x48, 0x4A, 
	0xBA, 0xD6, 0xFE, 0xFF, 0x1B, 0xE7, 0xDB, 0xE6, 0xBB, 0xE6, 0xBA, 0xDE, 0xDA, 0xDE, 0xDB, 0xDE, 
	0xBA, 0xDE, 0xFF, 0xFF, 0x22, 0x00, 0xDB, 0xDE, 0x7A, 0xCE, 0xD7, 0xB5, 0x18, 0xC6, 0x99, 0xDE, 
	0x9A, 0xDE, 0x99, 0xD6, 0x99, 0xD6, 0x9A, 0xDE, 0x9A, 0xDE, 0x99, 0xDE, 0x9A, 0xD6, 0x9D, 0xF7, 
	0xFE, 0xFF, 0xCA, 0x5A, 0xFF, 0xFF, 0x92, 0x00, 0x00, 0x00, 0x41, 0x08, 0xEF, 0x83, 0xDF, 0xFF, 
	0xBE, 0xFF, 0xFB, 0xE6, 0xFB, 0xE6, 0xFB, 0xE6, 0xDB, 0xE6, 0xFB, 0xE6, 0xDA, 0xDE, 0xFF, 0xFF, 
	0x2C, 0x00, 0xDB, 0xDE, 0xDB, 0xD6, 0x39, 0xC6, 0xF7, 0xC5, 0x9A, 0xDE, 0xBA, 0xDE, 0x99, 0xD6, 
	0x99, 0xD6, 0x9A, 0xDE, 0x9A, 0xD6, 0x9A, 0xD6, 0x9A, 0xD6, 0x1C, 0xE7, 0xFE, 0xFF, 0x17, 0xC6, 
	0x86, 0x31, 0xFF, 0xFF, 0x93, 0x00, 0x00, 0x00, 0x24, 0x21, 0x1C, 0xE7, 0xFE, 0xFF, 0x1C, 0xE7, 
	0xFF, 0xFF, 0x04, 0x00, 0xBA, 0xDE, 0xBA, 0xD6, 0xFF, 0xFF, 0x2B, 0x00, 0xDB, 0xDE, 0x9A, 0xD6, 
	0xF8, 0xBD, 0x18, 0xC6, 0x79, 0xD6, 0x9A, 0xDE, 0x99, 0xD6, 0x99, 0xD6, 0x9A, 0xDE, 0xBA, 0xDE, 
	0x9A, 0xD6, 0x9A, 0xD6, 0x3C, 0xEF, 0xFE, 0xFF, 0x92, 0x94, 0xFF, 0xFF, 0x93, 0x00, 0x00, 0x00, 
	0xC6, 0x39, 0x9A, 0xD6, 0xFE, 0xFF, 0x1C, 0xE7, 0xDB, 0xE6, 0xFF, 0xFF, 0x04, 0x00, 0xBA, 0xDE, 
	0xFF, 0xFF, 0x22, 0x00, 0xDB, 0xDE, 0x7A, 0xCE, 0xB7, 0xB5, 0x38, 0xCE, 0x9A, 0xDE, 0x7A, 0xDE, 
	0x99, 0xD6, 0x99, 0xD6, 0xFF, 0xFF, 0x03, 0x00, 0x9A, 0xDE, 0x9E, 0xF7, 0xFE, 0xFF, 0xCB, 0x5A, 
	0xFF, 0xFF, 0x92, 0x00, 0x00, 0x00, 0x82, 0x10, 0x71, 0x8C, 0xDF, 0xFF, 0xBE, 0xFF, 0xDB, 0xE6, 
	0xFB, 0xE6, 0xFB, 0xE6, 0xDB, 0xE6, 0xDB, 0xE6, 0xDA, 0xDE, 0xBB, 0xDE, 0xFF, 0xFF, 0x2B, 0x00, 
	0xDB, 0xDE, 0xDB, 0xD6, 0x59, 0xC6, 0xD7, 0xBD, 0x99, 0xD6, 0xDA, 0xE6, 0x99, 0xDE, 0x99, 0xD6, 
	0x9A, 0xDE, 0x9A, 0xD6, 0x9A, 0xD6, 0x99, 0xD6, 0xFB, 0xE6, 0xDE, 0xFF, 0xDB, 0xDE, 0x28, 0x42, 
	0xFF, 0xFF, 0x93, 0x00, 0x00, 0x00, 0xE3, 0x18, 0x79, 0xD6, 0xFE, 0xFF, 0x3C, 0xEF, 0xFF, 0xFF, 
	0x04, 0x00, 0xBA, 0xDE, 0xBA, 0xD6, 0xBA, 0xDE, 0xFF, 0xFF, 0x2A, 0x00, 0xDB, 0xDE, 0xBB, 0xD6, 
	0x18, 0xC6, 0x18, 0xC6, 0x79, 0xD6, 0x9A, 0xDE, 0x99, 0xD6, 0x99, 0xD6, 0x9A, 0xDE, 0xBA, 0xDE, 
	0x9A, 0xD6, 0x9A, 0xD6, 0x1C, 0xE7, 0xFE, 0xFF, 0xB2, 0x9C, 0xFF, 0xFF, 0x93, 0x00, 0x00, 0x00, 
	0x45, 0x29, 0x59, 0xCE, 0xFE, 0xFF, 0x1C, 0xE7, 0xDB, 0xE6, 0xBB, 0xE6, 0xFF, 0xFF, 0x03, 0x00, 
	0xBA, 0xDE, 0xFF, 0xFF, 0x21, 0x00, 0xDB, 0xDE, 0xDB, 0xD6, 0x59, 0xCE, 0xB7, 0xB5, 0x38, 0xCE, 
	0x9A, 0xDE, 0x7A, 0xDE, 0x99, 0xD6, 0x99, 0xD6, 0x9A, 0xDE, 0x9A, 0xDE, 0x7A, 0xDE, 0x9A, 0xDE, 
	0x9E, 0xF7, 0xFE, 0xFF, 0xCB, 0x5A, 0xFF, 0xFF, 0x92, 0x00, 0x00, 0x00, 0xC3, 0x18, 0xD3, 0x9C, 
	0xFE, 0xFF, 0xBE, 0xFF, 0xFB, 0xE6, 0xFB, 0xE6, 0xDB, 0xE6, 0xDB, 0xE6, 0xDB, 0xE6, 0xDA, 0xDE, 
	0xBB, 0xDE, 0xFF, 0xFF, 0x2B, 0x00, 0xDB, 0xDE, 0xDB, 0xD6, 0x59, 0xC6, 0xB6, 0xB5, 0x79, 0xD6, 
	0xBA, 0xDE, 0x99, 0xDE, 0x99, 0xDE, 0x7A, 0xDE, 0x9A, 0xDE, 0x9A, 0xDE, 0x9A, 0xD6, 0xDA, 0xDE, 
	0xBE, 0xFF, 0x7D, 0xEF, 0xAA, 0x52, 0xFF, 0xFF, 0x93, 0x00, 0x00, 0x00, 0xA2, 0x10, 0x95, 0xB5, 
	0xFE, 0xFF, 0x5D, 0xEF, 0xFF, 0xFF, 0x04, 0x00, 0xBA, 0xDE, 0x9A, 0xD6, 0xBA, 0xDE, 0xFF, 0xFF, 
	0x2A, 0x00, 0xDB, 0xDE, 0xBB, 0xD6, 0x18, 0xC6, 0xF7, 0xC5, 0x79, 0xD6, 0x9A, 0xDE, 0x99, 0xD6, 
	0x99, 0xD6, 0x9A, 0xD6, 0x9A, 0xDE, 0x9A, 0xDE, 0x9A, 0xD6, 0xFB, 0xE6, 0xFE, 0xFF, 0xF4, 0xA4, 
	0x20, 0x08, 0xFF, 0xFF, 0x92, 0x00, 0x00, 0x00, 0xE3, 0x18, 0x18, 0xC6, 0xFE, 0xFF, 0xFB, 0xE6, 
	0xBA, 0xDE, 0xBB, 0xE6, 0xFF, 0xFF, 0x03, 0x00, 0xBA, 0xDE, 0xFF, 0xFF, 0x21, 0x00, 0xDB, 0xDE, 
	0xDB, 0xD6, 0x59, 0xCE, 0xB7, 0xB5, 0x39, 0xCE, 0x9A, 0xDE, 0x7A, 0xDE, 0x99, 0xD6, 0x9A, 0xD6, 
	0xBA, 0xDE, 0x9A, 0xDE, 0x79, 0xD6, 0x9A, 0xDE, 0xBE, 0xFF, 0xFE, 0xFF, 0xCB, 0x5A, 0xFF, 0xFF, 
	0x92, 0x00, 0x00, 0x00, 0xE3, 0x18, 0x34, 0xA5, 0xFE, 0xFF, 0x9E, 0xF7, 0xFB, 0xE6, 0xFB, 0xE6, 
	0xDB, 0xE6, 0xDB, 0xE6, 0xDB, 0xE6, 0xBA, 0xDE, 0xBB, 0xDE, 0xFF, 0xFF, 0x2B, 0x00, 0xDB, 0xDE, 
	0xDB, 0xD6, 0x59, 0xC6, 0x96, 0xB5, 0x59, 0xCE, 0xBA, 0xDE, 0x99, 0xDE, 0x79, 0xD6, 0x79, 0xDE, 
	0x9A, 0xDE, 0xBA, 0xDE, 0x9A, 0xD6, 0xBA, 0xDE, 0x9D, 0xF7, 0xDF, 0xFF, 0x0C, 0x63, 0xFF, 0xFF, 
	0x93, 0x00, 0x00, 0x00, 0x61, 0x08, 0x30, 0x84, 0x9E, 0xF7, 0x7D, 0xF7, 0xBA, 0xDE, 0xBA, 0xDE, 
	0x9A, 0xDE, 0xBA, 0xDE, 0xBA, 0xDE, 0x9A, 0xDE, 0xBA, 0xDE, 0xFF, 0xFF, 0x2A, 0x00, 0xDB, 0xDE, 
	0xBB, 0xD6, 0x18, 0xC6, 0xD7, 0xBD, 0x79, 0xD6, 0xBA, 0xDE, 0x99, 0xD6, 0x99, 0xD6, 0x79, 0xD6, 
	0x9A, 0xD6, 0x9A, 0xDE, 0x9A, 0xD6, 0xFB, 0xE6, 0xFE, 0xFF, 0x35, 0xAD, 0x61, 0x08, 0xFF, 0xFF, 
	0x92, 0x00, 0x00, 0x00, 0x81, 0x10, 0xF7, 0xBD, 0xFE, 0xFF, 0xFB, 0xE6, 0xBA, 0xDE, 0xBB, 0xE6, 
	0xBA, 0xDE, 0x9A, 0xDE, 0xBA, 0xDE, 0xBA, 0xDE, 0xFF, 0xFF, 0x21, 0x00, 0xDB, 0xDE, 0xDB, 0xD6, 
	0x59, 0xC6, 0xB7, 0xB5, 0x59, 0xCE, 0x9A, 0xDE, 0x79, 0xDE, 0x99, 0xDE, 0x9A, 0xD6, 0x9A, 0xD6, 
	0x9A, 0xDE, 0x79, 0xD6, 0x9A, 0xDE, 0xBE, 0xFF, 0xFE, 0xFF, 0xCB, 0x5A, 0xFF, 0xFF, 0x92, 0x00, 
	0x00, 0x00, 0x04, 0x21, 0x96, 0xB5, 0xFE, 0xFF, 0x7D, 0xF7, 0xFB, 0xE6, 0xFB, 0xE6, 0xDB, 0xE6, 
	0xDB, 0xE6, 0xDB, 0xE6, 0xBA, 0xDE, 0xBB, 0xDE, 0xFF, 0xFF, 0x2B, 0x00, 0xDB, 0xDE, 0xDB, 0xD6, 
	0x59, 0xC6, 0x96, 0xB5, 0x38, 0xCE, 0xBA, 0xDE, 0x99, 0xDE, 0x79, 0xD6, 0x79, 0xDE, 0x9A, 0xDE, 
	0x9A, 0xDE, 0x9A, 0xD6, 0x99, 0xD6, 0x7D, 0xF7, 0xFE, 0xFF, 0x4D, 0x6B, 0xFF, 0xFF, 0x94, 0x00, 
	0x00, 0x00, 0xEB, 0x5A, 0x3C, 0xEF, 0xDF, 0xFF, 0xDB, 0xE6, 0xBA, 0xDE, 0x9A, 0xDE, 0xBA, 0xDE, 
	0x9A, 0xDE, 0x9A, 0xDE, 0xBA, 0xDE, 0xFF, 0xFF, 0x2A, 0x00, 0xDB, 0xDE, 0xBB, 0xD6, 0x18, 0xBE, 
	0xD7, 0xBD, 0x59, 0xD6, 0x9A, 0xDE, 0x99, 0xD6, 0x99, 0xD6, 0x79, 0xD6, 0x9A, 0xD6, 0x9A, 0xDE, 
	0x9A, 0xD6, 0xFB, 0xE6, 0xFE, 0xFF, 0x75, 0xAD, 0x82, 0x10, 0xFF, 0xFF, 0x92, 0x00, 0x00, 0x00, 
	0x61, 0x08, 0xD7, 0xBD, 0xFE, 0xFF, 0xFB, 0xE6, 0xFF, 0xFF, 0x03, 0x00, 0xBA, 0xDE, 0xDB, 0xDE, 
	0xBA, 0xDE, 0xBB, 0xDE, 0xFF, 0xFF, 0x20, 0x00, 0xDB, 0xDE, 0xBB, 0xD6, 0x59, 0xC6, 0xB7, 0xB5, 
	0x59, 0xCE, 0xBA, 0xDE, 0x79, 0xDE, 0x99, 0xDE, 0xBA, 0xDE, 0xBA, 0xDE, 0xBA, 0xDE, 0x79, 0xD6, 
	0x9A, 0xDE, 0xBE, 0xFF, 0xFE, 0xFF, 0xAA, 0x52, 0xFF, 0xFF, 0x92, 0x00, 0x00, 0x00, 0x24, 0x21, 
	0xF7, 0xBD, 0xFE, 0xFF, 0x7D, 0xF7, 0xFB, 0xE6, 0xFB, 0xE6, 0xDB, 0xE6, 0xDB, 0xE6, 0xDB, 0xE6, 
	0xBA, 0xDE, 0xBB, 0xDE, 0xFF, 0xFF, 0x2B, 0x00, 0xDB, 0xDE, 0xDB, 0xD6, 0x59, 0xC6, 0xB6, 0xB5, 
	0x17, 0xC6, 0x99, 0xDE, 0x99, 0xDE, 0x99, 0xDE, 0x79, 0xDE, 0x7A, 0xDE, 0x9A, 0xDE, 0x9A, 0xD6, 
	0x79, 0xD6, 0x5C, 0xEF, 0xFE, 0xFF, 0x8E, 0x73, 0xFF, 0xFF, 0x94, 0x00, 0x00, 0x00, 0xE7, 0x39, 
	0xDB, 0xDE, 0xFE, 0xFF, 0xDB, 0xDE, 0xBA, 0xDE, 0xBA, 0xDE, 0xBA, 0xDE, 0x9A, 0xDE, 0x9A, 0xDE, 
	0x9A, 0xDE, 0xFF, 0xFF, 0x2A, 0x00, 0xDB, 0xDE, 0xBB, 0xD6, 0xF8, 0xBD, 0xB6, 0xB5, 0x59, 0xD6, 
	0xBA, 0xDE, 0x99, 0xD6, 0x99, 0xD6, 0x79, 0xD6, 0x9A, 0xD6, 0x9A, 0xDE, 0x9A, 0xD6, 0xFB, 0xE6, 
	0xFE, 0xFF, 0x96, 0xB5, 0xE3, 0x18, 0xFF, 0xFF, 0x92, 0x00, 0x00, 0x00, 0x41, 0x08, 0xD7, 0xBD, 
	0xFE, 0xFF, 0x1C, 0xE7, 0xFF, 0xFF, 0x03, 0x00, 0xBA, 0xDE, 0xBB, 0xE6, 0xBA, 0xDE, 0xBB, 0xDE, 
	0xFF, 0xFF, 0x20, 0x00, 0xDB, 0xDE, 0xBB, 0xD6, 0x39, 0xC6, 0xB6, 0xB5, 0x79, 0xD6, 0xBA, 0xDE, 
	0x79, 0xD6, 0x9A, 0xDE, 0xBA, 0xDE, 0xBA, 0xDE, 0x9A, 0xDE, 0x7A, 0xDE, 0xBA, 0xDE, 0xBE, 0xFF, 
	0xDF, 0xFF, 0x8A, 0x52, 0xFF, 0xFF, 0x92, 0x00, 0x00, 0x00, 0x45, 0x29, 0x38, 0xC6, 0xFE, 0xFF, 
	0x5D, 0xEF, 0xDB, 0xE6, 0xFB, 0xE6, 0xDB, 0xE6, 0xDB, 0xE6, 0xDB, 0xE6, 0xBB, 0xDE, 0xFF, 0xFF, 
	0x2D, 0x00, 0xDB, 0xDE, 0x7A, 0xCE, 0xD7, 0xBD, 0xD7, 0xBD, 0x99, 0xDE, 0x99, 0xDE, 0x79, 0xD6, 
	0x7A, 0xDE, 0x7A, 0xDE, 0x9A, 0xDE, 0x9A, 0xDE, 0x79, 0xD6, 0x3C, 0xEF, 0xFE, 0xFF, 0x30, 0x84, 
	0x20, 0x00, 0xFF, 0xFF, 0x93, 0x00, 0x00, 0x00, 0x24, 0x21, 0x79, 0xCE, 0xFE, 0xFF, 0xDB, 0xDE, 
	0xBA, 0xDE, 0xBA, 0xDE, 0xBA, 0xDE, 0x9A, 0xDE, 0x9A, 0xDE, 0x9A, 0xDE, 0xFF, 0xFF, 0x2A, 0x00, 
	0xDB, 0xDE, 0xBB, 0xD6, 0xF7, 0xBD, 0x96, 0xB5, 0x59, 0xD6, 0xDA, 0xE6, 0x79, 0xD6, 0x79, 0xD6, 
	0x79, 0xD6, 0x9A, 0xDE, 0x9A, 0xD6, 0x9A, 0xD6, 0xFB, 0xE6, 0xFE, 0xFF, 0x18, 0xC6, 0x65, 0x31, 
	0xFF, 0xFF, 0x92, 0x00, 0x00, 0x00, 0x41, 0x08, 0xB6, 0xB5, 0xFE, 0xFF, 0x1C, 0xE7, 0xFF, 0xFF, 
	0x05, 0x00, 0xBA, 0xDE, 0xFF, 0xFF, 0x21, 0x00, 0xDB, 0xDE, 0xBB, 0xD6, 0x18, 0xC6, 0x96, 0xB5, 
	0x79, 0xD6, 0x9A, 0xDE, 0x79, 0xD6, 0x99, 0xDE, 0xBA, 0xDE, 0xBA, 0xDE, 0x9A, 0xDE, 0x99, 0xDE, 
	0xBA, 0xDE, 0xDF, 0xFF, 0xBE, 0xF7, 0x69, 0x4A, 0xFF, 0xFF, 0x92, 0x00, 0x00, 0x00, 0x66, 0x31, 
	0x99, 0xD6, 0xFE, 0xFF, 0x3C, 0xEF, 0xDB, 0xDE, 0xDB, 0xDE, 0xDB, 0xDE, 0xDB, 0xE6, 0xDB, 0xE6, 
	0xFF, 0xFF, 0x2E, 0x00, 0xDB, 0xDE, 0xBB, 0xD6, 0x18, 0xC6, 0xD7, 0xBD, 0x99, 0xDE, 0x9A, 0xDE, 
	0x79, 0xD6, 0x9A, 0xDE, 0x79, 0xDE, 0x79, 0xD6, 0xBA, 0xDE, 0x99, 0xD6, 0xFB, 0xE6, 0xFE, 0xFF, 
	0x34, 0xA5, 0x03, 0x21, 0x00, 0x00, 0x00, 0x00, 0x20, 0x00, 0xFF, 0xFF, 0x90, 0x00, 0x00, 0x00, 
	0xA2, 0x10, 0x38, 0xC6, 0xFE, 0xFF, 0xFB, 0xE6, 0x99, 0xD6, 0xBA, 0xDE, 0xBA, 0xDE, 0x9A, 0xDE, 
	0xBA, 0xDE, 0x9A, 0xD6, 0xBB, 0xDE, 0xFF, 0xFF, 0x29, 0x00, 0xDB, 0xDE, 0xBB, 0xD6, 0xD7, 0xB5, 
	0x96, 0xB5, 0x38, 0xCE, 0xBA, 0xE6, 0x99, 0xDE, 0x79, 0xD6, 0x99, 0xD6, 0xBA, 0xDE, 0x9A, 0xDE, 
	0x9A, 0xD6, 0xFB, 0xE6, 0xFE, 0xFF, 0x79, 0xCE, 0xC7, 0x39, 0xFF, 0xFF, 0x92, 0x00, 0x00, 0x00, 
	0x41, 0x08, 0xD7, 0xBD, 0xFE, 0xFF, 0x1C, 0xE7, 0xBA, 0xDE, 0xBA, 0xDE, 0xBA, 0xDE, 0xDA, 0xDE, 
	0xBA, 0xDE, 0xBA, 0xDE, 0xFF, 0xFF, 0x21, 0x00, 0xDB, 0xDE, 0x9A, 0xD6, 0xD7, 0xBD, 0x75, 0xAD, 
	0x99, 0xD6, 0x9A, 0xDE, 0x79, 0xD6, 0x79, 0xD6, 0x9A, 0xD6, 0x9A, 0xD6, 0x9A, 0xDE, 0x9A, 0xDE, 
	0xDA, 0xDE, 0xDF, 0xFF, 0x9E, 0xF7, 0x49, 0x4A, 0xFF, 0xFF, 0x92, 0x00, 0x00, 0x00, 0xA6, 0x31, 
	0xDA, 0xDE, 0xFE, 0xFF, 0x3C, 0xEF, 0xDB, 0xE6, 0xFB, 0xE6, 0xDB, 0xE6, 0xDB, 0xE6, 0xDB, 0xE6, 
	0xBA, 0xDE, 0xFF, 0xFF, 0x2D, 0x00, 0xDB, 0xDE, 0xBB, 0xD6, 0x59, 0xC6, 0xD7, 0xB5, 0x7A, 0xDE, 
	0xBA, 0xDE, 0x99, 0xD6, 0x99, 0xDE, 0x79, 0xD6, 0x99, 0xD6, 0xBA, 0xDE, 0x79, 0xD6, 0xDB, 0xE6, 
	0xFE, 0xFF, 0x18, 0xC6, 0xC7, 0x39, 0xFF, 0xFF, 0x93, 0x00, 0x00, 0x00, 0xA2, 0x10, 0xF7, 0xBD, 
	0xFE, 0xFF, 0xFB, 0xE6, 0x9A, 0xD6, 0xBA, 0xDE, 0xBA, 0xDE, 0x9A, 0xDE, 0xBA, 0xDE, 0xBA, 0xDE, 
	0xBA, 0xD6, 0xFF, 0xFF, 0x29, 0x00, 0xDB, 0xDE, 0xBB, 0xD6, 0xD7, 0xB5, 0x96, 0xB5, 0x39, 0xCE, 
	0xDA, 0xE6, 0x99, 0xD6, 0x79, 0xD6, 0x99, 0xD6, 0xBA, 0xDE, 0xBA, 0xDE, 0x79, 0xD6, 0xBB, 0xE6, 
	0xFE, 0xFF, 0xBA, 0xDE, 0x49, 0x4A, 0xFF, 0xFF, 0x92, 0x00, 0x00, 0x00, 0x41, 0x08, 0xD7, 0xBD, 
	0xFE, 0xFF, 0x3C, 0xEF, 0xBA, 0xDE, 0x9A, 0xDE, 0xBA, 0xDE, 0xBA, 0xDE, 0x9A, 0xDE, 0x9A, 0xDE, 
	0xFF, 0xFF, 0x20, 0x00, 0xDB, 0xDE, 0xDB, 0xD6, 0x7A, 0xCE, 0xB7, 0xB5, 0x55, 0xAD, 0x79, 0xD6, 
	0xBA, 0xDE, 0x59, 0xD6, 0x99, 0xD6, 0x9A, 0xD6, 0x9A, 0xD6, 0x9A, 0xDE, 0x9A, 0xDE, 0xDB, 0xDE, 
	0xBE, 0xFF, 0x5D, 0xEF, 0x28, 0x42, 0xFF, 0xFF, 0x92, 0x00, 0x00, 0x00, 0xC6, 0x39, 0x1B, 0xE7, 
	0xFE, 0xFF, 0x3C, 0xEF, 0xFB, 0xE6, 0xFB, 0xE6, 0xDB, 0xE6, 0xDB, 0xE6, 0xDB, 0xE6, 0xDA, 0xDE, 
	0xFF, 0xFF, 0x2D, 0x00, 0xDB, 0xDE, 0xBB, 0xD6, 0x59, 0xCE, 0xB7, 0xB5, 0x99, 0xD6, 0xBA, 0xE6, 
	0x79, 0xD6, 0x79, 0xD6, 0x99, 0xD6, 0x99, 0xD6, 0x99, 0xD6, 0x79, 0xD6, 0xBB, 0xE6, 0xBE, 0xFF, 
	0xDB, 0xDE, 0x8A, 0x52, 0xFF, 0xFF, 0x93, 0x00, 0x00, 0x00, 0x82, 0x10, 0xB6, 0xB5, 0xFE, 0xFF, 
	0x1C, 0xEF, 0xBA, 0xDE, 0xBA, 0xDE, 0xBA, 0xDE, 0x9A, 0xDE, 0x9A, 0xDE, 0xBA, 0xDE, 0xBA, 0xD6, 
	0xFF, 0xFF, 0x29, 0x00, 0xDB, 0xDE, 0xBB, 0xD6, 0xD7, 0xB5, 0x75, 0xAD, 0x18, 0xCE, 0xBA, 0xE6, 
	0x79, 0xD6, 0x79, 0xD6, 0x79, 0xD6, 0x9A, 0xDE, 0xBA, 0xDE, 0x79, 0xD6, 0xBA, 0xDE, 0xDF, 0xFF, 
	0xFB, 0xE6, 0xAA, 0x52, 0xFF, 0xFF, 0x92, 0x00, 0x00, 0x00, 0x41, 0x08, 0xB6, 0xB5, 0xFE, 0xFF, 
	0x3C, 0xEF, 0x9A, 0xDE, 0x9A, 0xD6, 0xBA, 0xDE, 0xBA, 0xDE, 0x9A, 0xDE, 0x9A, 0xDE, 0xFF, 0xFF, 
	0x20, 0x00, 0xDB, 0xDE, 0xBB, 0xD6, 0x7A, 0xCE, 0x96, 0xB5, 0x55, 0xAD, 0x99, 0xD6, 0xBA, 0xE6, 
	0x79, 0xD6, 0x79, 0xD6, 0x99, 0xD6, 0x9A, 0xD6, 0x9A, 0xDE, 0x9A, 0xDE, 0xDB, 0xE6, 0xBE, 0xFF, 
	0x1C, 0xE7, 0x07, 0x42, 0xFF, 0xFF, 0x92, 0x00, 0x00, 0x00, 0xE7, 0x39, 0x5D, 0xEF, 0xFE, 0xFF, 
	0x1C, 0xE7, 0xFB, 0xE6, 0xFB, 0xE6, 0xDB, 0xE6, 0xDB, 0xE6, 0xDB, 0xE6, 0xBA, 0xDE, 0xFF, 0xFF, 
	0x2D, 0x00, 0xDB, 0xDE, 0xBB, 0xD6, 0x7A, 0xCE, 0x96, 0xB5, 0x59, 0xD6, 0xBA, 0xE6, 0x79, 0xD6, 
	0x79, 0xD6, 0x99, 0xD6, 0x99, 0xDE, 0x9A, 0xDE, 0x79, 0xD6, 0x9A, 0xDE, 0x7D, 0xF7, 0x7D, 0xEF, 
	0x4C, 0x6B, 0x00, 0x00, 0x00, 0x00, 0x20, 0x00, 0xFF, 0xFF, 0x90, 0x00, 0x00, 0x00, 0x61, 0x08, 
	0x14, 0xA5, 0xFE, 0xFF, 0x3C, 0xEF, 0xBA, 0xDE, 0xBA, 0xDE, 0xBA, 0xDE, 0x99, 0xDE, 0xBA, 0xDE, 
	0x9A, 0xDE, 0xBA, 0xD6, 0xFF, 0xFF, 0x29, 0x00, 0xDB, 0xDE, 0xBB, 0xD6, 0xD7, 0xB5, 0x55, 0xAD, 
	0x18, 0xCE, 0xDA, 0xE6, 0x99, 0xD6, 0x79, 0xD6, 0x79, 0xD6, 0x79, 0xD6, 0x9A, 0xD6, 0x9A, 0xD6, 
	0xBA, 0xDE, 0x9E, 0xFF, 0x3C, 0xEF, 0x2C, 0x63, 0xFF, 0xFF, 0x92, 0x00, 0x00, 0x00, 0x41, 0x08, 
	0x96, 0xB5, 0xFE, 0xFF, 0x5C, 0xEF, 0xBA, 0xDE, 0x9A, 0xD6, 0xBA, 0xDE, 0xBA, 0xDE, 0x9A, 0xDE, 
	0x9A, 0xDE, 0xBB, 0xDE, 0xFF, 0xFF, 0x1F, 0x00, 0xDB, 0xDE, 0xBB, 0xD6, 0x79, 0xCE, 0x96, 0xB5, 
	0x75, 0xAD, 0x99, 0xD6, 0xBA, 0xE6, 0x79, 0xD6, 0x79, 0xD6, 0x99, 0xD6, 0x9A, 0xD6, 0x9A, 0xDE, 
	0x9A, 0xDE, 0xDB, 0xE6, 0xDF, 0xFF, 0xDA, 0xDE, 0xE7, 0x39, 0xFF, 0xFF, 0x92, 0x00, 0x00, 0x00, 
	0x08, 0x42, 0x9D, 0xF7, 0xDF, 0xFF, 0xFB, 0xE6, 0xFB, 0xE6, 0xFB, 0xE6, 0xDB, 0xE6, 0xDB, 0xE6, 
	0xDB, 0xE6, 0xBA, 0xDE, 0xFF, 0xFF, 0x2D, 0x00, 0xDB, 0xDE, 0xBB, 0xD6, 0x7A, 0xCE, 0x96, 0xB5, 
	0x58, 0xD6, 0xBA, 0xE6, 0x79, 0xDE, 0x79, 0xD6, 0x99, 0xDE, 0xBA, 0xDE, 0x9A, 0xDE, 0x79, 0xD6, 
	0xBA, 0xDE, 0x5D, 0xF7, 0xFE, 0xFF, 0xCF, 0x7B, 0x00, 0x00, 0x00, 0x00, 0x20, 0x00, 0xFF, 0xFF, 
	0x90, 0x00, 0x00, 0x00, 0x41, 0x08, 0x30, 0x84, 0xBE, 0xF7, 0x7D, 0xF7, 0xBA, 0xDE, 0x99, 0xD6, 
	0xBA, 0xDE, 0x99, 0xDE, 0xBA, 0xDE, 0x9A, 0xDE, 0xBA, 0xD6, 0xFF, 0xFF, 0x29, 0x00, 0xDB, 0xDE, 
	0xBB, 0xD6, 0xD7, 0xB5, 0x55, 0xAD, 0x18, 0xCE, 0xDB, 0xE6, 0x99, 0xD6, 0x79, 0xD6, 0x9A, 0xD6, 
	0x79, 0xD6, 0x9A, 0xD6, 0x9A, 0xDE, 0xBA, 0xDE, 0x7D, 0xF7, 0x7D, 0xF7, 0x8E, 0x73, 0xFF, 0xFF, 
	0x92, 0x00, 0x00, 0x00, 0x20, 0x00, 0x34, 0xA5, 0xFE, 0xFF, 0x5D, 0xEF, 0xBA, 0xDE, 0xBA, 0xDE, 
	0xDB, 0xDE, 0xBA, 0xDE, 0x9A, 0xDE, 0x9A, 0xDE, 0xBB, 0xDE, 0xFF, 0xFF, 0x1F, 0x00, 0xDB, 0xDE, 
	0xBB, 0xD6, 0x59, 0xCE, 0x96, 0xB5, 0x75, 0xAD, 0xBA, 0xD6, 0xBA, 0xE6, 0x79, 0xD6, 0x79, 0xD6, 
	0x9A, 0xD6, 0x9A, 0xD6, 0x9A, 0xDE, 0x9A, 0xDE, 0xFB, 0xE6, 0xDF, 0xFF, 0x79, 0xD6, 0xA6, 0x31, 
	0xFF, 0xFF, 0x92, 0x00, 0x00, 0x00, 0x08, 0x42, 0x9D, 0xF7, 0xDF, 0xFF, 0xFB, 0xE6, 0xFB, 0xE6, 
	0xFB, 0xE6, 0xDB, 0xE6, 0xBB, 0xE6, 0xBB, 0xE6, 0xBA, 0xDE, 0xFF, 0xFF, 0x2D, 0x00, 0xDB, 0xDE, 
	0xDB, 0xD6, 0x9A, 0xCE, 0xB7, 0xB5, 0x18, 0xCE, 0xBA, 0xE6, 0x99, 0xDE, 0x79, 0xD6, 0x99, 0xD6, 
	0x99, 0xDE, 0x9A, 0xD6, 0x9A, 0xD6, 0x9A, 0xDE, 0x3C, 0xEF, 0xFE, 0xFF, 0x10, 0x84, 0x00, 0x00, 
	0x00, 0x00, 0x20, 0x00, 0x20, 0x00, 0xFF, 0xFF, 0x90, 0x00, 0x00, 0x00, 0x2C, 0x63, 0x3C, 0xE7, 
	0xBE, 0xFF, 0xBA, 0xDE, 0x99, 0xD6, 0xBA, 0xDE, 0x99, 0xDE, 0x9A, 0xDE, 0x99, 0xDE, 0xBA, 0xD6, 
	0xFF, 0xFF, 0x29, 0x00, 0xDB, 0xDE, 0xBB, 0xD6, 0xD7, 0xB5, 0x34, 0xAD, 0xF8, 0xCD, 0xDB, 0xE6, 
	0x99, 0xD6, 0x79, 0xD6, 0x9A, 0xD6, 0x79, 0xD6, 0x9A, 0xD6, 0xBA, 0xDE, 0xBA, 0xDE, 0x7D, 0xF7, 
	0xBE, 0xFF, 0x0F, 0x84, 0xFF, 0xFF, 0x92, 0x00, 0x00, 0x00, 0x20, 0x00, 0xD2, 0x9C, 0xFE, 0xFF, 
	0x5D, 0xF7, 0xFF, 0xFF, 0x03, 0x00, 0xBA, 0xDE, 0x9A, 0xDE, 0x9A, 0xDE, 0xBB, 0xDE, 0xFF, 0xFF, 
	0x1F, 0x00, 0xDB, 0xDE, 0xBB, 0xD6, 0x59, 0xCE, 0x96, 0xAD, 0x75, 0xAD, 0x9A, 0xD6, 0xBA, 0xDE, 
	0x59, 0xD6, 0x79, 0xD6, 0x9A, 0xD6, 0x9A, 0xD6, 0x9A, 0xDE, 0x9A, 0xDE, 0xFB, 0xE6, 0xBE, 0xFF, 
	0x18, 0xC6, 0x85, 0x31, 0xFF, 0xFF, 0x92, 0x00, 0x00, 0x00, 0x08, 0x42, 0x9D, 0xF7, 0xDF, 0xFF, 
	0xFB, 0xE6, 0xDB, 0xDE, 0xFB, 0xE6, 0xDB, 0xE6, 0xBA, 0xE6, 0xBA, 0xE6, 0xBA, 0xDE, 0xFF, 0xFF, 
	0x2E, 0x00, 0xDB, 0xDE, 0xBB, 0xD6, 0xD7, 0xBD, 0xD7, 0xC5, 0x9A, 0xDE, 0xBA, 0xDE, 0x79, 0xD6, 
	0x99, 0xD6, 0x99, 0xD6, 0x99, 0xD6, 0x9A, 0xD6, 0x9A, 0xD6, 0x1C, 0xE7, 0xFE, 0xFF, 0x50, 0x8C, 
	0x00, 0x00, 0x00, 0x00, 0x00, 0x00, 0x20, 0x00, 0xFF, 0xFF, 0x90, 0x00, 0x00, 0x00, 0x08, 0x42, 
	0x99, 0xD6, 0xFE, 0xFF, 0xBA, 0xDE, 0x99, 0xD6, 0xBA, 0xDE, 0x99, 0xDE, 0x9A, 0xDE, 0x99, 0xD6, 
	0x9A, 0xD6, 0xFF, 0xFF, 0x29, 0x00, 0xDB, 0xDE, 0xBB, 0xD6, 0xF7, 0xBD, 0x34, 0xAD, 0xF8, 0xCD, 
	0xDB, 0xE6, 0x99, 0xD6, 0x79, 0xD6, 0x79, 0xD6, 0x79, 0xD6, 0x9A, 0xDE, 0x9A, 0xDE, 0x9A, 0xDE, 
	0x5D, 0xF7, 0xFE, 0xFF, 0x51, 0x8C, 0xFF, 0xFF, 0x93, 0x00, 0x00, 0x00, 0x71, 0x8C, 0xBE, 0xFF, 
	0x5D, 0xF7, 0xFF, 0xFF, 0x03, 0x00, 0xBA, 0xDE, 0x9A, 0xDE, 0x9A, 0xDE, 0xBB, 0xDE, 0xFF, 0xFF, 
	0x1F, 0x00, 0xDB, 0xDE, 0xBB, 0xD6, 0x59, 0xC6, 0x76, 0xAD, 0x55, 0xAD, 0x9A, 0xD6, 0x9A, 0xDE, 
	0x58, 0xD6, 0x79, 0xD6, 0x9A, 0xD6, 0x9A, 0xD6, 0x9A, 0xDE, 0x9A, 0xDE, 0x1C, 0xE7, 0xBE, 0xFF, 
	0xD7, 0xBD, 0x65, 0x29, 0xFF, 0xFF, 0x92, 0x00, 0x00, 0x00, 0x08, 0x42, 0x9D, 0xF7, 0xFE, 0xFF, 
	0xFB, 0xE6, 0xDB, 0xDE, 0xFB, 0xE6, 0xDB, 0xDE, 0xBA, 0xE6, 0xBA, 0xDE, 0xBA, 0xDE, 0xFF, 0xFF, 
	0x2E, 0x00, 0xDB, 0xDE, 0xBB, 0xD6, 0x18, 0xC6, 0xB6, 0xBD, 0x99, 0xDE, 0xBA, 0xDE, 0x79, 0xD6, 
	0x79, 0xD6, 0x99, 0xD6, 0x79, 0xD6, 0x9A, 0xD6, 0x9A, 0xD6, 0xFB, 0xE6, 0xFE, 0xFF, 0xB2, 0x94, 
	0x41, 0x08, 0xFF, 0xFF, 0x90, 0x00, 0x00, 0x00, 0x20, 0x00, 0x00, 0x00, 0x00, 0x00, 0x45, 0x29, 
	0x17, 0xC6, 0xFE, 0xFF, 0xDA, 0xDE, 0x99, 0xDE, 0xBA, 0xDE, 0x99, 0xDE, 0x9A, 0xDE, 0x99, 0xD6, 
	0x9A, 0xD6, 0xFF, 0xFF, 0x29, 0x00, 0xDB, 0xDE, 0xBB, 0xD6, 0xF8, 0xBD, 0x14, 0xA5, 0xF7, 0xC5, 
	0xDB, 0xE6, 0x99, 0xDE, 0x79, 0xD6, 0x79, 0xD6, 0x79, 0xD6, 0x9A, 0xDE, 0x79, 0xD6, 0x9A, 0xD6, 
	0x5D, 0xEF, 0xFE, 0xFF, 0x92, 0x94, 0xFF, 0xFF, 0x93, 0x00, 0x00, 0x00, 0xEF, 0x7B, 0x9D, 0xF7, 
	0x7D, 0xF7, 0xDB, 0xDE, 0xBA, 0xDE, 0x9A, 0xDE, 0xBA, 0xDE, 0x9A, 0xDE, 0x9A, 0xDE, 0xBA, 0xDE, 
	0xFF, 0xFF, 0x1F, 0x00, 0xDB, 0xDE, 0xBB, 0xD6, 0x39, 0xC6, 0x76, 0xAD, 0x75, 0xAD, 0x99, 0xD6, 
	0x9A, 0xDE, 0x78, 0xD6, 0x79, 0xD6, 0x9A, 0xD6, 0x9A, 0xD6, 0x9A, 0xDE, 0x99, 0xDE, 0x1C, 0xEF, 
	0xBE, 0xFF, 0x96, 0xB5, 0x24, 0x21, 0xFF, 0xFF, 0x92, 0x00, 0x00, 0x00, 0x08, 0x42, 0x9D, 0xF7, 
	0xDF, 0xFF, 0xFB, 0xE6, 0xDB, 0xE6, 0xFB, 0xE6, 0xDA, 0xDE, 0xBA, 0xDE, 0xBA, 0xDE, 0xBA, 0xDE, 
	0xFF, 0xFF, 0x2E, 0x00, 0xDB, 0xDE, 0xBB, 0xD6, 0x59, 0xCE, 0x96, 0xB5, 0x79, 0xD6, 0xBA, 0xDE, 
	0xFF, 0xFF, 0x03, 0x00, 0x79, 0xD6, 0x9A, 0xD6, 0x79, 0xD6, 0xFB, 0xE6, 0xFE, 0xFF, 0x54, 0xAD, 
	0xC3, 0x18, 0xFF, 0xFF, 0x90, 0x00, 0x00, 0x00, 0x20, 0x00, 0x00, 0x00, 0x00, 0x00, 0x82, 0x10, 
	0x96, 0xB5, 0xFE, 0xFF, 0xDB, 0xDE, 0x99, 0xDE, 0xBA, 0xDE, 0x99, 0xD6, 0x9A, 0xDE, 0x99, 0xD6, 
	0x9A, 0xD6, 0xBB, 0xD6, 0xFF, 0xFF, 0x28, 0x00, 0xDB, 0xDE, 0xBB, 0xD6, 0x18, 0xC6, 0x14, 0xA5, 
	0xF7, 0xBD, 0xDA, 0xDE, 0x99, 0xDE, 0x79, 0xDE, 0x99, 0xD6, 0x99, 0xD6, 0x79, 0xD6, 0x7A, 0xDE, 
	0x9A, 0xD6, 0x3C, 0xEF, 0xFE, 0xFF, 0xD3, 0x9C, 0xFF, 0xFF, 0x93, 0x00, 0x00, 0x00, 0x6D, 0x73, 
	0x5C, 0xEF, 0xBE, 0xFF, 0xFB, 0xE6, 0xDB, 0xDE, 0x9A, 0xDE, 0xBA, 0xDE, 0xBA, 0xDE, 0x9A, 0xD6, 
	0x9A, 0xDE, 0xFF, 0xFF, 0x1F, 0x00, 0xDB, 0xDE, 0xBB, 0xD6, 0x39, 0xC6, 0x76, 0xAD, 0x75, 0xAD, 
	0x9A, 0xDE, 0xBA, 0xE6, 0x79, 0xDE, 0x79, 0xD6, 0x79, 0xD6, 0x9A, 0xD6, 0x9A, 0xDE, 0x99, 0xDE, 
	0x1C, 0xEF, 0xDF, 0xFF, 0x14, 0xA5, 0xE3, 0x18, 0xFF, 0xFF, 0x92, 0x00, 0x00, 0x00, 0x08, 0x42, 
	0x9E, 0xF7, 0xBF, 0xFF, 0xDB, 0xE6, 0xDB, 0xE6, 0xDB, 0xDE, 0xDA, 0xDE, 0xBA, 0xDE, 0xBA, 0xDE, 
	0xBA, 0xD6, 0xFF, 0xFF, 0x2E, 0x00, 0xDB, 0xDE, 0xBB, 0xD6, 0x7A, 0xCE, 0x96, 0xB5, 0x38, 0xCE, 
	0xD9, 0xDE, 0x99, 0xDE, 0x79, 0xD6, 0x79, 0xD6, 0xBA, 0xD6, 0x9A, 0xD6, 0x79, 0xD6, 0xDB, 0xE6, 
	0xDF, 0xFF, 0xF7, 0xBD, 0xA6, 0x31, 0xFF, 0xFF, 0x94, 0x00, 0x00, 0x00, 0xD3, 0x9C, 0xFE, 0xFF, 
	0xFB, 0xE6, 0x79, 0xDE, 0x9A, 0xDE, 0x9A, 0xD6, 0x99, 0xD6, 0x99, 0xD6, 0x79, 0xD6, 0xBA, 0xD6, 
	0xFF, 0xFF, 0x28, 0x00, 0xDB, 0xDE, 0xBB, 0xD6, 0x18, 0xC6, 0x14, 0xA5, 0xD7, 0xBD, 0xBA, 0xDE, 
	0x79, 0xDE, 0xFF, 0xFF, 0x03, 0x00, 0x79, 0xD6, 0x7A, 0xDE, 0x79, 0xD6, 0x1C, 0xE7, 0xFE, 0xFF, 
	0x14, 0xA5, 0xFF, 0xFF, 0x93, 0x00, 0x00, 0x00, 0xCB, 0x5A, 0xFC, 0xE6, 0xFE, 0xFF, 0xFB, 0xE6, 
	0xBA, 0xDE, 0x9A, 0xDE, 0xBA, 0xDE, 0x9A, 0xDE, 0x9A, 0xDE, 0xBA, 0xDE, 0xFF, 0xFF, 0x1F, 0x00, 
	0xDB, 0xDE, 0xBB, 0xD6, 0x39, 0xC6, 0x75, 0xAD, 0x75, 0xB5, 0xBA, 0xDE, 0xBA, 0xDE, 0x79, 0xD6, 
	0x79, 0xD6, 0x99, 0xD6, 0x9A, 0xD6, 0x9A, 0xDE, 0x99, 0xDE, 0x3C, 0xEF, 0xDF, 0xFF, 0xF3, 0x9C, 
	0xC2, 0x18, 0xFF, 0xFF, 0x92, 0x00, 0x00, 0x00, 0x28, 0x42, 0x9E, 0xF7, 0xBE, 0xFF, 0xDB, 0xE6, 
	0xDB, 0xE6, 0xDB, 0xE6, 0xDA, 0xDE, 0xBA, 0xDE, 0xBA, 0xDE, 0xBA, 0xDE, 0xFF, 0xFF, 0x2E, 0x00, 
	0xDB, 0xDE, 0xBB, 0xD6, 0x9A, 0xD6, 0x76, 0xAD, 0x38, 0xCE, 0xBA, 0xDE, 0x99, 0xDE, 0x79, 0xD6, 
	0x79, 0xD6, 0xBA, 0xD6, 0x9A, 0xD6, 0x99, 0xD6, 0xDA, 0xDE, 0xBE, 0xFF, 0xBA, 0xDE, 0xAA, 0x52, 
	0x00, 0x00, 0x00, 0x00, 0x00, 0x00, 0x20, 0x00, 0xFF, 0xFF, 0x8F, 0x00, 0x00, 0x00, 0x20, 0x08, 
	0x71, 0x94, 0x9E, 0xF7, 0xDB, 0xE6, 0x99, 0xDE, 0x9A, 0xDE, 0x9A, 0xDE, 0x99, 0xD6, 0x99, 0xD6, 
	0x79, 0xD6, 0x9A, 0xD6, 0xFF, 0xFF, 0x28, 0x00, 0xDB, 0xDE, 0xBB, 0xD6, 0x18, 0xC6, 0x14, 0xA5, 
	0xB6, 0xBD, 0xBA, 0xDE, 0x79, 0xDE, 0x59, 0xD6, 0x79, 0xD6, 0x79, 0xD6, 0x79, 0xD6, 0x7A, 0xDE, 
	0x79, 0xD6, 0x1C, 0xE7, 0xFE, 0xFF, 0x54, 0xAD, 0xFF, 0xFF, 0x93, 0x00, 0x00, 0x00, 0x29, 0x4A, 
	0xBA, 0xD6, 0xFE, 0xFF, 0xDB, 0xE6, 0x9A, 0xD6, 0xBA, 0xDE, 0xBA, 0xDE, 0x9A, 0xD6, 0x9A, 0xDE, 
	0xBA, 0xDE, 0xFF, 0xFF, 0x1F, 0x00, 0xDB, 0xDE, 0xBB, 0xD6, 0x18, 0xC6, 0x75, 0xAD, 0x76, 0xB5, 
	0x99, 0xDE, 0xBA, 0xDE, 0x79, 0xD6, 0x79, 0xD6, 0x99, 0xD6, 0x9A, 0xD6, 0x99, 0xDE, 0x9A, 0xDE, 
	0x5D, 0xF7, 0xDF, 0xFF, 0x92, 0x94, 0x82, 0x10, 0xFF, 0xFF, 0x92, 0x00, 0x00, 0x00, 0x08, 0x42, 
	0x9E, 0xF7, 0xBF, 0xFF, 0xDB, 0xE6, 0xDB, 0xE6, 0xDB, 0xE6, 0xDA, 0xDE, 0xBA, 0xDE, 0xBA, 0xDE, 
	0xBA, 0xDE, 0xFF, 0xFF, 0x2E, 0x00, 0xDB, 0xDE, 0xBB, 0xD6, 0x9A, 0xD6, 0x75, 0xAD, 0x18, 0xC6, 
	0xBA, 0xDE, 0x79, 0xDE, 0x79, 0xD6, 0x79, 0xD6, 0x99, 0xD6, 0x9A, 0xD6, 0x99, 0xD6, 0xBA, 0xDE, 
	0x7D, 0xF7, 0x7D, 0xF7, 0x8E, 0x73, 0x00, 0x00, 0x00, 0x00, 0x00, 0x00, 0x20, 0x00, 0xFF, 0xFF, 
	0x89, 0x00, 0x00, 0x00, 0x20, 0x00, 0x00, 0x00, 0x20, 0x00, 0xE3, 0x18, 0xE7, 0x39, 0xAA, 0x52, 
	0x6D, 0x73, 0xB7, 0xBD, 0x3C, 0xEF, 0xDA, 0xDE, 0x9A, 0xDE, 0x9A, 0xDE, 0x9A, 0xDE, 0x99, 0xD6, 
	0x99, 0xD6, 0x79, 0xD6, 0x9A, 0xD6, 0xFF, 0xFF, 0x28, 0x00, 0xDB, 0xDE, 0xDB, 0xD6, 0x39, 0xC6, 
	0x34, 0xA5, 0xB6, 0xB5, 0x99, 0xDE, 0x99, 0xDE, 0x59, 0xD6, 0x79, 0xD6, 0x99, 0xD6, 0x99, 0xDE, 
	0x79, 0xDE, 0x7A, 0xDE, 0x1B, 0xE7, 0xFE, 0xFF, 0x75, 0xAD, 0xFF, 0xFF, 0x93, 0x00, 0x00, 0x00, 
	0xA6, 0x31, 0x59, 0xCE, 0xFE, 0xFF, 0xDB, 0xE6, 0x9A, 0xD6, 0xBA, 0xDE, 0x9A, 0xDE, 0x9A, 0xD6, 
	0x9A, 0xDE, 0xBA, 0xD6, 0xFF, 0xFF, 0x1F, 0x00, 0xDB, 0xDE, 0xBA, 0xD6, 0x18, 0xC6, 0x55, 0xAD, 
	0x96, 0xB5, 0x99, 0xDE, 0xB9, 0xDE, 0x79, 0xD6, 0x79, 0xD6, 0x9A, 0xD6, 0x9A, 0xD6, 0x99, 0xDE, 
	0x9A, 0xDE, 0x7D, 0xF7, 0xDF, 0xFF, 0x30, 0x8C, 0x41, 0x08, 0xFF, 0xFF, 0x92, 0x00, 0x00, 0x00, 
	0x28, 0x42, 0x9E, 0xF7, 0xDF, 0xFF, 0xDB, 0xE6, 0xDB, 0xE6, 0xDB, 0xE6, 0xBA, 0xDE, 0xBA, 0xDE, 
	0xBA, 0xDE, 0xFF, 0xFF, 0x2F, 0x00, 0xDB, 0xDE, 0xDB, 0xD6, 0x9A, 0xCE, 0x76, 0xAD, 0x17, 0xC6, 
	0xDA, 0xDE, 0x78, 0xD6, 0x79, 0xD6, 0xFF, 0xFF, 0x04, 0x00, 0x99, 0xD6, 0x3C, 0xEF, 0xFE, 0xFF, 
	0x71, 0x8C, 0xFF, 0xFF, 0x88, 0x00, 0x00, 0x00, 0xE3, 0x18, 0xE7, 0x39, 0xCB, 0x5A, 0xCF, 0x7B, 
	0x92, 0x94, 0x34, 0xA5, 0x55, 0xAD, 0x75, 0xAD, 0xD7, 0xBD, 0x99, 0xD6, 0xDB, 0xDE, 0xFB, 0xE6, 
	0x1C, 0xE7, 0xFB, 0xE6, 0xBA, 0xDE, 0x9A, 0xDE, 0x9A, 0xDE, 0xBA, 0xDE, 0x99, 0xD6, 0x79, 0xD6, 
	0x59, 0xD6, 0x79, 0xD6, 0xFF, 0xFF, 0x29, 0x00, 0xDB, 0xDE, 0x79, 0xCE, 0x55, 0xAD, 0x96, 0xB5, 
	0x79, 0xD6, 0x99, 0xDE, 0x79, 0xDE, 0x99, 0xD6, 0x99, 0xD6, 0x79, 0xD6, 0x79, 0xDE, 0x9A, 0xDE, 
	0xFB, 0xE6, 0xFE, 0xFF, 0x55, 0xAD, 0xFF, 0xFF, 0x93, 0x00, 0x00, 0x00, 0x45, 0x29, 0x38, 0xC6, 
	0xFE, 0xFF, 0xFB, 0xE6, 0x9A, 0xD6, 0x9A, 0xDE, 0x9A, 0xDE, 0x9A, 0xD6, 0x9A, 0xDE, 0xBA, 0xD6, 
	0xFF, 0xFF, 0x1F, 0x00, 0xDB, 0xDE, 0x9A, 0xD6, 0xF8, 0xBD, 0x35, 0xA5, 0x96, 0xB5, 0x99, 0xDE, 
	0x99, 0xDE, 0x79, 0xD6, 0x99, 0xD6, 0x9A, 0xD6, 0x9A, 0xD6, 0x99, 0xDE, 0x9A, 0xDE, 0x7D, 0xF7, 
	0xDF, 0xFF, 0xEF, 0x7B, 0x20, 0x00, 0xFF, 0xFF, 0x92, 0x00, 0x00, 0x00, 0x28, 0x42, 0x9E, 0xF7, 
	0xBF, 0xFF, 0xBB, 0xE6, 0xDB, 0xE6, 0xDB, 0xE6, 0xBA, 0xDE, 0xBA, 0xDE, 0xBB, 0xDE, 0xFF, 0xFF, 
	0x30, 0x00, 0xDB, 0xDE, 0x9A, 0xD6, 0x96, 0xB5, 0xF7, 0xC5, 0xBA, 0xDE, 0x79, 0xDE, 0x79, 0xD6, 
	0x99, 0xD6, 0x79, 0xD6, 0x99, 0xD6, 0x99, 0xD6, 0x99, 0xD6, 0x1C, 0xE7, 0xFE, 0xFF, 0xD2, 0x9C, 
	0xFF, 0xFF, 0x6D, 0x00, 0x00, 0x00, 0x20, 0x00, 0xFF, 0xFF, 0x10, 0x00, 0x00, 0x00, 0x20, 0x00, 
	0xE3, 0x18, 0x07, 0x42, 0x2C, 0x63, 0xCF, 0x7B, 0x71, 0x8C, 0x71, 0x8C, 0x71, 0x8C, 0xF3, 0x9C, 
	0x96, 0xB5, 0x59, 0xCE, 0xFB, 0xE6, 0x7D, 0xF7, 0xFF, 0xFF, 0x05, 0x00, 0xFE, 0xFF, 0xBE, 0xFF, 
	0x5D, 0xEF, 0xFB, 0xE6, 0xBA, 0xDE, 0xBA, 0xDE, 0x99, 0xD6, 0x9A, 0xDE, 0x9A, 0xD6, 0x99, 0xD6, 
	0x79, 0xDE, 0x79, 0xD6, 0x79, 0xD6, 0xBB, 0xD6, 0xFB, 0xDE, 0xFF, 0xFF, 0x27, 0x00, 0xDB, 0xDE, 
	0x9A, 0xD6, 0x76, 0xAD, 0x96, 0xB5, 0x79, 0xD6, 0xBA, 0xDE, 0x79, 0xDE, 0xFF, 0xFF, 0x04, 0x00, 
	0x79, 0xD6, 0xFB, 0xE6, 0xFE, 0xFF, 0x75, 0xAD, 0xFF, 0xFF, 0x93, 0x00, 0x00, 0x00, 0x04, 0x21, 
	0xF7, 0xC5, 0xFE, 0xFF, 0xFB, 0xE6, 0x9A, 0xDE, 0x9A, 0xD6, 0x9A, 0xDE, 0x9A, 0xDE, 0x9A, 0xDE, 
	0x9A, 0xD6, 0xFF, 0xFF, 0x1F, 0x00, 0xDB, 0xDE, 0x7A, 0xCE, 0xB7, 0xB5, 0x14, 0xA5, 0xB6, 0xBD, 
	0xBA, 0xDE, 0x99, 0xDE, 0x78, 0xD6, 0x99, 0xD6, 0x7A, 0xD6, 0x79, 0xD6, 0x99, 0xDE, 0x9A, 0xDE, 
	0x7D, 0xF7, 0xDF, 0xFF, 0x8D, 0x73, 0xFF, 0xFF, 0x93, 0x00, 0x00, 0x00, 0x89, 0x52, 0xBE, 0xF7, 
	0xBE, 0xFF, 0xDB, 0xE6, 0xDB, 0xE6, 0xDB, 0xE6, 0xDA, 0xDE, 0xBA, 0xDE, 0xBA, 0xDE, 0xBB, 0xDE, 
	0xFF, 0xFF, 0x2F, 0x00, 0xDB, 0xDE, 0x9A, 0xD6, 0xD7, 0xB5, 0xD6, 0xBD, 0x99, 0xDE, 0x79, 0xDE, 
	0x79, 0xDE, 0x79, 0xD6, 0x79, 0xD6, 0x99, 0xD6, 0x99, 0xD6, 0x79, 0xD6, 0xFB, 0xE6, 0xFE, 0xFF, 
	0xF3, 0x9C, 0x00, 0x00, 0x00, 0x00, 0x20, 0x00, 0xFF, 0xFF, 0x74, 0x00, 0x00, 0x00, 0x61, 0x08, 
	0x65, 0x29, 0x28, 0x42, 0xCB, 0x5A, 0x4D, 0x6B, 0x6D, 0x6B, 0x8E, 0x73, 0xEF, 0x7B, 0x92, 0x94, 
	0x75, 0xAD, 0x99, 0xD6, 0x9D, 0xF7, 0xFF, 0xFF, 0x06, 0x00, 0xFE, 0xFF, 0xDE, 0xFF, 0x9D, 0xF7, 
	0x5D, 0xEF, 0x1B, 0xE7, 0xFB, 0xE6, 0x3C, 0xEF, 0xFB, 0xE6, 0xBA, 0xDE, 0xBA, 0xDE, 0xBA, 0xDE, 
	0x9A, 0xD6, 0x9A, 0xD6, 0x9A, 0xDE, 0x99, 0xDE, 0x9A, 0xD6, 0x9A, 0xD6, 0x79, 0xD6, 0x79, 0xD6, 
	0x79, 0xDE, 0x79, 0xD6, 0xBB, 0xD6, 0xFF, 0xFF, 0x28, 0x00, 0xDB, 0xDE, 0x9A, 0xD6, 0x96, 0xAD, 
	0x75, 0xAD, 0x59, 0xD6, 0xBA, 0xE6, 0x79, 0xDE, 0x79, 0xD6, 0x59, 0xD6, 0x79, 0xD6, 0x59, 0xD6, 
	0x59, 0xD6, 0xFB, 0xE6, 0xFE, 0xFF, 0xB6, 0xB5, 0x41, 0x08, 0xFF, 0xFF, 0x92, 0x00, 0x00, 0x00, 
	0xC3, 0x18, 0xD7, 0xBD, 0xFE, 0xFF, 0xFB, 0xE6, 0x9A, 0xDE, 0x9A, 0xD6, 0x9A, 0xDE, 0x9A, 0xDE, 
	0x9A, 0xDE, 0x9A, 0xD6, 0xFF, 0xFF, 0x1E, 0x00, 0xDB, 0xDE, 0xDB, 0xD6, 0x59, 0xCE, 0x96, 0xB5, 
	0x14, 0xA5, 0xD7, 0xBD, 0xBA, 0xDE, 0x99, 0xDE, 0x58, 0xD6, 0x79, 0xD6, 0x99, 0xD6, 0x79, 0xD6, 
	0x79, 0xD6, 0x9A, 0xDE, 0x7D, 0xF7, 0xDE, 0xFF, 0x4C, 0x6B, 0xFF, 0xFF, 0x93, 0x00, 0x00, 0x00, 
	0xCB, 0x5A, 0xBE, 0xF7, 0xBE, 0xF7, 0xBB, 0xE6, 0xDB, 0xDE, 0xBA, 0xDE, 0xBA, 0xDE, 0xBA, 0xDE, 
	0xBB, 0xDE, 0xFF, 0xFF, 0x30, 0x00, 0xDB, 0xDE, 0xBB, 0xD6, 0xF8, 0xBD, 0x96, 0xB5, 0x79, 0xD6, 
	0x99, 0xDE, 0x79, 0xDE, 0x79, 0xD6, 0x99, 0xD6, 0x79, 0xD6, 0x79, 0xD6, 0x79, 0xD6, 0xDB, 0xDE, 
	0xFE, 0xFF, 0x34, 0xA5, 0xFF, 0xFF, 0x6E, 0x00, 0x00, 0x00, 0x20, 0x00, 0xC3, 0x18, 0x65, 0x29, 
	0xE7, 0x39, 0x69, 0x4A, 0x8A, 0x52, 0xAA, 0x52, 0x2C, 0x63, 0xAE, 0x73, 0xB2, 0x94, 0xD7, 0xBD, 
	0xFB, 0xDE, 0xDF, 0xFF, 0xFF, 0xFF, 0x07, 0x00, 0xFE, 0xFF, 0xDF, 0xFF, 0xBE, 0xF7, 0x7D, 0xF7, 
	0x7D, 0xF7, 0x5D, 0xEF, 0x3C, 0xEF, 0x1C, 0xEF, 0xFB, 0xE6, 0xDB, 0xDE, 0xBA, 0xDE, 0x9A, 0xDE, 
	0x9A, 0xDE, 0xBA, 0xDE, 0x9A, 0xDE, 0x79, 0xD6, 0x9A, 0xDE, 0xBA, 0xDE, 0x9A, 0xDE, 0x9A, 0xDE, 
	0x99, 0xDE, 0x99, 0xDE, 0x9A, 0xD6, 0x9A, 0xD6, 0x59, 0xD6, 0x59, 0xD6, 0x79, 0xD6, 0x59, 0xD6, 
	0x9A, 0xD6, 0xFF, 0xFF, 0x28, 0x00, 0xDB, 0xDE, 0x9A, 0xD6, 0x75, 0xAD, 0x55, 0xAD, 0x58, 0xD6, 
	0xBA, 0xDE, 0x79, 0xDE, 0x58, 0xD6, 0x79, 0xD6, 0x99, 0xDE, 0x79, 0xD6, 0x59, 0xD6, 0xDB, 0xDE, 
	0xFE, 0xFF, 0xF7, 0xBD, 0x82, 0x10, 0xFF, 0xFF, 0x92, 0x00, 0x00, 0x00, 0x61, 0x08, 0x96, 0xB5, 
	0xFE, 0xFF, 0xFB, 0xE6, 0x9A, 0xD6, 0x9A, 0xDE, 0xBA, 0xDE, 0x9A, 0xD6, 0x9A, 0xD6, 0x9A, 0xD6, 
	0xFF, 0xFF, 0x1E, 0x00, 0xDB, 0xDE, 0xBB, 0xD6, 0x59, 0xCE, 0x96, 0xB5, 0xF4, 0xA4, 0xD7, 0xBD, 
	0xBA, 0xDE, 0x79, 0xDE, 0x78, 0xD6, 0x79, 0xD6, 0x99, 0xD6, 0x7A, 0xD6, 0x99, 0xDE, 0x99, 0xDE, 
	0x9E, 0xF7, 0xDE, 0xFF, 0x0B, 0x63, 0xFF, 0xFF, 0x93, 0x00, 0x00, 0x00, 0x0C, 0x63, 0xDE, 0xFF, 
	0xBE, 0xF7, 0xBA, 0xDE, 0xDB, 0xDE, 0xDB, 0xDE, 0xBA, 0xDE, 0xBA, 0xDE, 0xBB, 0xDE, 0xBB, 0xDE, 
	0xFF, 0xFF, 0x2F, 0x00, 0xDB, 0xDE, 0xBB, 0xD6, 0x18, 0xC6, 0x95, 0xB5, 0x58, 0xD6, 0x99, 0xDE, 
	0x59, 0xD6, 0x59, 0xD6, 0x99, 0xD6, 0x79, 0xD6, 0x79, 0xD6, 0x99, 0xD6, 0xBA, 0xDE, 0xFE, 0xFF, 
	0xB6, 0xB5, 0x82, 0x10, 0xFF, 0xFF, 0x65, 0x00, 0x00, 0x00, 0x41, 0x08, 0xC3, 0x18, 0x24, 0x21, 
	0x65, 0x29, 0xC7, 0x39, 0x08, 0x42, 0x28, 0x42, 0x8A, 0x52, 0x6D, 0x6B, 0xD3, 0x9C, 0xD7, 0xBD, 
	0xDB, 0xDE, 0xBE, 0xF7, 0xFE, 0xFF, 0xDF, 0xFF, 0xFF, 0xFF, 0x06, 0x00, 0xFE, 0xFF, 0xDF, 0xFF, 
	0xBE, 0xFF, 0x9E, 0xF7, 0x9E, 0xF7, 0x7D, 0xF7, 0x5C, 0xEF, 0x1C, 0xE7, 0x1B, 0xE7, 0xFB, 0xE6, 
	0xDB, 0xE6, 0xBA, 0xDE, 0xBA, 0xDE, 0xBB, 0xE6, 0xBA, 0xE6, 0xBA, 0xE6, 0xBB, 0xE6, 0xFF, 0xFF, 
	0x03, 0x00, 0xBA, 0xDE, 0x9A, 0xD6, 0x9A, 0xDE, 0x79, 0xD6, 0x79, 0xD6, 0x9A, 0xD6, 0xBA, 0xDE, 
	0xBA, 0xDE, 0x99, 0xDE, 0x9A, 0xD6, 0x9A, 0xD6, 0x79, 0xD6, 0x59, 0xD6, 0x79, 0xD6, 0x58, 0xD6, 
	0x9A, 0xD6, 0xFF, 0xFF, 0x28, 0x00, 0xDB, 0xDE, 0x9A, 0xD6, 0x55, 0xAD, 0x34, 0xAD, 0x38, 0xCE, 
	0x9A, 0xDE, 0x79, 0xDE, 0x59, 0xD6, 0x79, 0xD6, 0x99, 0xDE, 0x79, 0xD6, 0x59, 0xD6, 0xDB, 0xDE, 
	0xFE, 0xFF, 0x18, 0xC6, 0xC3, 0x18, 0xFF, 0xFF, 0x92, 0x00, 0x00, 0x00, 0x20, 0x00, 0x55, 0xAD, 
	0xFE, 0xFF, 0xFB, 0xE6, 0x79, 0xD6, 0x9A, 0xDE, 0xBA, 0xDE, 0x9A, 0xDE, 0x9A, 0xDE, 0x9A, 0xD6, 
	0xFF, 0xFF, 0x1E, 0x00, 0xDB, 0xDE, 0xBB, 0xD6, 0x59, 0xCE, 0x96, 0xB5, 0xF4, 0xA4, 0xD7, 0xBD, 
	0xBA, 0xDE, 0x79, 0xDE, 0x78, 0xD6, 0x79, 0xD6, 0x99, 0xD6, 0x79, 0xD6, 0x99, 0xDE, 0x99, 0xDE, 
	0x9E, 0xF7, 0xDE, 0xFF, 0xCB, 0x5A, 0xFF, 0xFF, 0x93, 0x00, 0x00, 0x00, 0x4D, 0x6B, 0xDE, 0xFF, 
	0xBE, 0xF7, 0xDA, 0xE6, 0xDB, 0xDE, 0xBA, 0xDE, 0xBA, 0xDE, 0xBA, 0xDE, 0xBB, 0xDE, 0xFF, 0xFF, 
	0x30, 0x00, 0xDB, 0xDE, 0xBB, 0xD6, 0x18, 0xC6, 0x76, 0xB5, 0x38, 0xCE, 0x9A, 0xE6, 0x59, 0xDE, 
	0x59, 0xD6, 0x79, 0xD6, 0x79, 0xD6, 0x99, 0xD6, 0x79, 0xD6, 0xBA, 0xDE, 0xFE, 0xFF, 0x58, 0xCE, 
	0x65, 0x29, 0xFF, 0xFF, 0x5D, 0x00, 0x00, 0x00, 0x20, 0x00, 0x61, 0x08, 0xC3, 0x18, 0xE3, 0x18, 
	0x04, 0x21, 0x04, 0x21, 0x65, 0x29, 0x8A, 0x52, 0xAE, 0x73, 0xB2, 0x94, 0x96, 0xB5, 0x79, 0xCE, 
	0x1C, 0xE7, 0x7D, 0xEF, 0x7D, 0xEF, 0x9E, 0xF7, 0xDF, 0xFF, 0xFF, 0xFF, 0x06, 0x00, 0xFE, 0xFF, 
	0xDF, 0xFF, 0xBF, 0xFF, 0x9E, 0xF7, 0x5D, 0xEF, 0x3C, 0xEF, 0x3C, 0xEF, 0x1C, 0xE7, 0x1C, 0xE7, 
	0x1C, 0xE7, 0x1C, 0xEF, 0xFB, 0xE6, 0xFB, 0xE6, 0xFB, 0xE6, 0xFF, 0xFF, 0x07, 0x00, 0xDB, 0xE6, 
	0xBB, 0xE6, 0xBA, 0xDE, 0xBA, 0xDE, 0xBA, 0xDE, 0x9A, 0xDE, 0x9A, 0xDE, 0xDB, 0xDE, 0x9A, 0xDE, 
	0x9A, 0xD6, 0x9A, 0xD6, 0x9A, 0xD6, 0x9A, 0xDE, 0x99, 0xD6, 0x99, 0xD6, 0x99, 0xD6, 0x79, 0xD6, 
	0x79, 0xD6, 0x79, 0xD6, 0x38, 0xD6, 0x99, 0xD6, 0xFF, 0xFF, 0x28, 0x00, 0xDB, 0xDE, 0x9A, 0xD6, 
	0x76, 0xAD, 0x14, 0xA5, 0x17, 0xCE, 0xBA, 0xE6, 0x79, 0xDE, 0x79, 0xD6, 0x79, 0xD6, 0x59, 0xD6, 
	0x79, 0xD6, 0x79, 0xD6, 0xBA, 0xDE, 0xFE, 0xFF, 0x38, 0xC6, 0x24, 0x21, 0xFF, 0xFF, 0x92, 0x00, 
	0x00, 0x00, 0x20, 0x00, 0x35, 0xA5, 0xFE, 0xFF, 0x1C, 0xE7, 0x99, 0xD6, 0x9A, 0xDE, 0xBA, 0xDE, 
	0x99, 0xD6, 0x79, 0xD6, 0x9A, 0xD6, 0xBB, 0xDE, 0xFF, 0xFF, 0x1D, 0x00, 0xDB, 0xDE, 0xBB, 0xD6, 
	0x59, 0xCE, 0x96, 0xB5, 0xF3, 0x9C, 0xD7, 0xC5, 0xBA, 0xDE, 0x99, 0xDE, 0x79, 0xD6, 0x99, 0xD6, 
	0x99, 0xD6, 0x79, 0xD6, 0x99, 0xD6, 0xBA, 0xDE, 0x9E, 0xF7, 0xDE, 0xFF, 0xAA, 0x52, 0xFF, 0xFF, 
	0x92, 0x00, 0x00, 0x00, 0x41, 0x08, 0xAE, 0x73, 0xDE, 0xFF, 0xBE, 0xF7, 0xBA, 0xDE, 0xBA, 0xDE, 
	0xBA, 0xDE, 0xDA, 0xDE, 0xBA, 0xDE, 0xBB, 0xDE, 0xFF, 0xFF, 0x30, 0x00, 0xDB, 0xDE, 0xBB, 0xD6, 
	0x18, 0xC6, 0x75, 0xAD, 0x38, 0xCE, 0xBA, 0xDE, 0x79, 0xD6, 0x59, 0xD6, 0x59, 0xD6, 0x79, 0xD6, 
	0x79, 0xDE, 0x79, 0xD6, 0x99, 0xDE, 0xFE, 0xFF, 0xDA, 0xDE, 0x48, 0x4A, 0xFF, 0xFF, 0x3D, 0x00, 
	0x00, 0x00, 0x20, 0x00, 0xFF, 0xFF, 0x17, 0x00, 0x00, 0x00, 0x41, 0x08, 0x61, 0x08, 0x61, 0x08, 
	0x82, 0x10, 0x82, 0x10, 0x24, 0x21, 0x49, 0x4A, 0x8E, 0x6B, 0xD3, 0x9C, 0xD7, 0xBD, 0x79, 0xCE, 
	0xDA, 0xD6, 0xDA, 0xD6, 0xDB, 0xDE, 0x3C, 0xE7, 0x9E, 0xF7, 0xDF, 0xFF, 0xFF, 0xFF, 0x06, 0x00, 
	0xFE, 0xFF, 0xDF, 0xFF, 0xBE, 0xFF, 0x9E, 0xF7, 0x7D, 0xF7, 0x5D, 0xEF, 0x3C, 0xEF, 0x1C, 0xEF, 
	0x1C, 0xEF, 0x3C, 0xEF, 0x1C, 0xEF, 0xFF, 0xFF, 0x04, 0x00, 0xFB, 0xE6, 0x1C, 0xE7, 0x1C, 0xE7, 
	0xFF, 0xFF, 0x07, 0x00, 0xFB, 0xE6, 0xDB, 0xE6, 0xDB, 0xDE, 0xFF, 0xFF, 0x07, 0x00, 0xBA, 0xDE, 
	0x9A, 0xDE, 0x9A, 0xDE, 0x9A, 0xDE, 0x79, 0xD6, 0x7A, 0xD6, 0x9A, 0xD6, 0xFF, 0xFF, 0x03, 0x00, 
	0x79, 0xD6, 0x58, 0xD6, 0x59, 0xD6, 0x79, 0xD6, 0xFF, 0xFF, 0x28, 0x00, 0xDB, 0xDE, 0x9A, 0xD6, 
	0x96, 0xB5, 0x14, 0xA5, 0xF7, 0xC5, 0xBA, 0xDE, 0x79, 0xDE, 0x79, 0xD6, 0x79, 0xD6, 0x59, 0xD6, 
	0x99, 0xDE, 0x79, 0xD6, 0xBA, 0xD6, 0xFE, 0xFF, 0x79, 0xCE, 0x65, 0x29, 0xFF, 0xFF, 0x93, 0x00, 
	0x00, 0x00, 0x14, 0xA5, 0xFE, 0xFF, 0x1B, 0xE7, 0x99, 0xD6, 0xBA, 0xDE, 0xBA, 0xDE, 0x79, 0xD6, 
	0x79, 0xD6, 0x9A, 0xDE, 0xBB, 0xDE, 0xFF, 0xFF, 0x1D, 0x00, 0xDB, 0xDE, 0xBB, 0xD6, 0x59, 0xCE, 
	0x96, 0xAD, 0xF4, 0x9C, 0xD7, 0xC5, 0x9A, 0xDE, 0x99, 0xDE, 0x79, 0xD6, 0x99, 0xD6, 0x99, 0xD6, 
	0x79, 0xD6, 0x99, 0xD6, 0x9A, 0xDE, 0xBE, 0xFF, 0xBE, 0xFF, 0x69, 0x4A, 0xFF, 0xFF, 0x92, 0x00, 
	0x00, 0x00, 0x61, 0x08, 0xEF, 0x7B, 0xDF, 0xFF, 0x9E, 0xF7, 0xBA, 0xDE, 0xBA, 0xDE, 0xBA, 0xDE, 
	0xDA, 0xDE, 0xDA, 0xDE, 0xBA, 0xDE, 0xFF, 0xFF, 0x30, 0x00, 0xDB, 0xDE, 0xBB, 0xD6, 0x18, 0xC6, 
	0x55, 0xAD, 0xF7, 0xC5, 0x9A, 0xDE, 0x79, 0xDE, 0x79, 0xD6, 0x59, 0xD6, 0x59, 0xD6, 0x59, 0xD6, 
	0x79, 0xD6, 0x99, 0xDE, 0x9D, 0xF7, 0x1B, 0xE7, 0x2C, 0x6B, 0xFF, 0xFF, 0x4F, 0x00, 0x00, 0x00, 
	0x20, 0x00, 0x00, 0x00, 0x00, 0x00, 0x61, 0x08, 0x65, 0x29, 0xAA, 0x52, 0xCF, 0x7B, 0xF3, 0x9C, 
	0xD7, 0xBD, 0x38, 0xC6, 0x38, 0xC6, 0x59, 0xCE, 0x9A, 0xD6, 0x1C, 0xE7, 0x7D, 0xEF, 0xDF, 0xFF, 
	0xFF, 0xFF, 0x06, 0x00, 0xFE, 0xFF, 0xDF, 0xFF, 0xBE, 0xF7, 0x7D, 0xF7, 0x7D, 0xF7, 0x5D, 0xF7, 
	0x5D, 0xF7, 0x3C, 0xEF, 0x3C, 0xEF, 0x1C, 0xEF, 0xFC, 0xEE, 0x1C, 0xEF, 0x3C, 0xEF, 0x3C, 0xEF, 
	0x1C, 0xEF, 0x1C, 0xE7, 0x1C, 0xEF, 0x1C, 0xE7, 0x1C, 0xE7, 0xFF, 0xFF, 0x04, 0x00, 0xFB, 0xE6, 
	0x1C, 0xE7, 0x1C, 0xE7, 0xFF, 0xFF, 0x06, 0x00, 0xFB, 0xE6, 0xDB, 0xE6, 0xDB, 0xDE, 0xDB, 0xDE, 
	0xFF, 0xFF, 0x06, 0x00, 0xBA, 0xDE, 0x9A, 0xD6, 0x9A, 0xD6, 0x9A, 0xDE, 0x9A, 0xDE, 0x9A, 0xD6, 
	0x9A, 0xD6, 0x99, 0xD6, 0x79, 0xD6, 0x99, 0xD6, 0x79, 0xD6, 0x79, 0xD6, 0x59, 0xD6, 0x59, 0xD6, 
	0x79, 0xD6, 0xFF, 0xFF, 0x28, 0x00, 0xDB, 0xDE, 0x9A, 0xD6, 0x96, 0xB5, 0x14, 0xA5, 0xF7, 0xC5, 
	0x9A, 0xDE, 0x79, 0xD6, 0x79, 0xD6, 0x59, 0xD6, 0x79, 0xD6, 0x99, 0xDE, 0x99, 0xD6, 0xBA, 0xDE, 
	0xDF, 0xFF, 0x9A, 0xD6, 0xE7, 0x41, 0xFF, 0xFF, 0x84, 0x00, 0x00, 0x00, 0x20, 0x00, 0xFF, 0xFF, 
	0x0D, 0x00, 0x00, 0x00, 0xF3, 0xA4, 0xFE, 0xFF, 0xFB, 0xDE, 0x99, 0xD6, 0xBA, 0xDE, 0xBA, 0xDE, 
	0x9A, 0xDE, 0x79, 0xDE, 0x79, 0xD6, 0xBB, 0xDE, 0xFF, 0xFF, 0x1D, 0x00, 0xDB, 0xDE, 0xBB, 0xD6, 
	0x59, 0xCE, 0x76, 0xAD, 0xF4, 0x9C, 0xF7, 0xC5, 0x9A, 0xDE, 0x99, 0xDE, 0x79, 0xD6, 0xFF, 0xFF, 
	0x03, 0x00, 0x99, 0xD6, 0x9A, 0xD6, 0x9E, 0xFF, 0xBE, 0xF7, 0x48, 0x4A, 0xFF, 0xFF, 0x92, 0x00, 
	0x00, 0x00, 0xA2, 0x10, 0x51, 0x8C, 0xFE, 0xFF, 0x7D, 0xF7, 0xFF, 0xFF, 0x05, 0x00, 0xBA, 0xDE, 
	0xFF, 0xFF, 0x30, 0x00, 0xDB, 0xDE, 0xBB, 0xD6, 0x39, 0xC6, 0x34, 0xA5, 0xB6, 0xBD, 0x99, 0xDE, 
	0x79, 0xDE, 0x79, 0xD6, 0x59, 0xD6, 0x59, 0xD6, 0x59, 0xD6, 0x79, 0xD6, 0x79, 0xD6, 0x3C, 0xEF, 
	0x9D, 0xF7, 0x51, 0x8C, 0x20, 0x00, 0xFF, 0xFF, 0x49, 0x00, 0x00, 0x00, 0x04, 0x21, 0xE7, 0x39, 
	0x0C, 0x63, 0x10, 0x84, 0xF3, 0x9C, 0x75, 0xAD, 0x75, 0xAD, 0x55, 0xAD, 0xB6, 0xB5, 0x79, 0xCE, 
	0x1C, 0xE7, 0xBE, 0xF7, 0xFF, 0xFF, 0x08, 0x00, 0xFE, 0xFF, 0xDE, 0xFF, 0xBE, 0xFF, 0x9E, 0xF7, 
	0x7D, 0xF7, 0x7D, 0xF7, 0x5D, 0xF7, 0x5D, 0xEF, 0x3C, 0xEF, 0x5D, 0xEF, 0xFF, 0xFF, 0x03, 0x00, 
	0x3C, 0xEF, 0x1C, 0xEF, 0x1C, 0xEF, 0x3C, 0xEF, 0x1C, 0xEF, 0x1C, 0xEF, 0x3C, 0xEF, 0x3C, 0xEF, 
	0x1C, 0xEF, 0x1C, 0xEF, 0x1C, 0xEF, 0x1C, 0xE7, 0x1C, 0xE7, 0xFF, 0xFF, 0x03, 0x00, 0xFB, 0xE6, 
	0x1C, 0xE7, 0x1C, 0xE7, 0xFF, 0xFF, 0x05, 0x00, 0xFB, 0xE6, 0xDB, 0xE6, 0xDB, 0xE6, 0xDB, 0xE6, 
	0xDB, 0xDE, 0xFF, 0xFF, 0x06, 0x00, 0xBA, 0xDE, 0x9A, 0xDE, 0x9A, 0xD6, 0x9A, 0xD6, 0x99, 0xD6, 
	0x9A, 0xD6, 0x9A, 0xDE, 0x9A, 0xD6, 0x99, 0xD6, 0x99, 0xD6, 0x99, 0xD6, 0x79, 0xD6, 0x79, 0xD6, 
	0x59, 0xD6, 0x59, 0xD6, 0x59, 0xD6, 0xBB, 0xDE, 0xFF, 0xFF, 0x27, 0x00, 0xDB, 0xDE, 0x9A, 0xD6, 
	0x96, 0xAD, 0xF3, 0xA4, 0xF7, 0xC5, 0x9A, 0xDE, 0xFF, 0xFF, 0x03, 0x00, 0x79, 0xD6, 0x99, 0xD6, 
	0x99, 0xD6, 0xB9, 0xD6, 0xBE, 0xFF, 0xDB, 0xDE, 0x6A, 0x52, 0xFF, 0xFF, 0x93, 0x00, 0x00, 0x00, 
	0x71, 0x8C, 0xFE, 0xFF, 0x3C, 0xEF, 0xBA, 0xDE, 0x99, 0xD6, 0x99, 0xD6, 0x9A, 0xDE, 0x79, 0xD6, 
	0x79, 0xD6, 0xBA, 0xD6, 0xFF, 0xFF, 0x1D, 0x00, 0xDB, 0xDE, 0xBB, 0xD6, 0x59, 0xCE, 0x55, 0xAD, 
	0xF3, 0x9C, 0xF7, 0xC5, 0x99, 0xDE, 0x79, 0xDE, 0x58, 0xD6, 0x79, 0xD6, 0x99, 0xD6, 0x79, 0xD6, 
	0x99, 0xD6, 0x99, 0xD6, 0x9E, 0xFF, 0x9E, 0xF7, 0x28, 0x42, 0xFF, 0xFF, 0x92, 0x00, 0x00, 0x00, 
	0xC3, 0x18, 0x92, 0x94, 0xFE, 0xFF, 0x7D, 0xF7, 0xFF, 0xFF, 0x05, 0x00, 0xBA, 0xDE, 0xFF, 0xFF, 
	0x30, 0x00, 0xDB, 0xDE, 0xBB, 0xD6, 0x39, 0xC6, 0x14, 0xA5, 0x95, 0xB5, 0x79, 0xD6, 0x79, 0xD6, 
	0x59, 0xD6, 0x59, 0xD6, 0x59, 0xD6, 0x79, 0xD6, 0x79, 0xD6, 0x79, 0xD6, 0xFB, 0xE6, 0xFE, 0xFF, 
	0x34, 0xAD, 0x41, 0x08, 0xFF, 0xFF, 0x22, 0x00, 0x00, 0x00, 0x20, 0x00, 0xFF, 0xFF, 0x04, 0x00, 
	0x00, 0x00, 0x20, 0x00, 0xFF, 0xFF, 0x03, 0x00, 0x00, 0x00, 0x20, 0x00, 0xFF, 0xFF, 0x11, 0x00, 
	0x00, 0x00, 0x61, 0x08, 0x04, 0x21, 0xE7, 0x39, 0xEB, 0x5A, 0xAE, 0x73, 0x51, 0x8C, 0x51, 0x8C, 
	0x51, 0x8C, 0xD3, 0x9C, 0x96, 0xB5, 0x59, 0xCE, 0x1C, 0xE7, 0xFF, 0xFF, 0x09, 0x00, 0xFE, 0xFF, 
	0xDF, 0xFF, 0x9E, 0xF7, 0x9E, 0xF7, 0x9E, 0xF7, 0xBE, 0xF7, 0x9D, 0xF7, 0x7D, 0xEF, 0x7D, 0xF7, 
	0x7D, 0xF7, 0xFF, 0xFF, 0x06, 0x00, 0x3C, 0xEF, 0x5D, 0xEF, 0x3C, 0xEF, 0x3C, 0xEF, 0x3C, 0xEF, 
	0x1C, 0xEF, 0x1C, 0xEF, 0xFF, 0xFF, 0x03, 0x00, 0x3C, 0xEF, 0x1C, 0xEF, 0x1C, 0xEF, 0x1C, 0xEF, 
	0xFF, 0xFF, 0x08, 0x00, 0x1C, 0xE7, 0xFB, 0xE6, 0xFB, 0xE6, 0xDB, 0xE6, 0xDB, 0xE6, 0xFB, 0xE6, 
	0xFB, 0xE6, 0xFB, 0xE6, 0xDB, 0xE6, 0xDB, 0xDE, 0xDB, 0xDE, 0xFF, 0xFF, 0x07, 0x00, 0xBA, 0xDE, 
	0x9A, 0xDE, 0x9A, 0xD6, 0x9A, 0xD6, 0x9A, 0xDE, 0x9A, 0xD6, 0x9A, 0xDE, 0x9A, 0xD6, 0x79, 0xD6, 
	0x99, 0xD6, 0x99, 0xD6, 0x79, 0xD6, 0x79, 0xD6, 0x79, 0xD6, 0x59, 0xD6, 0x38, 0xCE, 0x9A, 0xD6, 
	0xFF, 0xFF, 0x27, 0x00, 0xDB, 0xDE, 0x9A, 0xD6, 0x96, 0xAD, 0xF3, 0x9C, 0xD7, 0xC5, 0xBA, 0xDE, 
	0x79, 0xD6, 0x59, 0xD6, 0x79, 0xD6, 0x79, 0xD6, 0x99, 0xD6, 0x79, 0xD6, 0x99, 0xDE, 0xBE, 0xFF, 
	0xFB, 0xE6, 0xEB, 0x5A, 0xFF, 0xFF, 0x50, 0x00, 0x00, 0x00, 0x20, 0x00, 0xFF, 0xFF, 0x39, 0x00, 
	0x00, 0x00, 0x40, 0x08, 0x82, 0x10, 0xE3, 0x20, 0x44, 0x29, 0x86, 0x31, 0xC6, 0x39, 0xC7, 0x39, 
	0xE7, 0x39, 0x34, 0xAD, 0x9D, 0xF7, 0x1B, 0xE7, 0xBA, 0xDE, 0x99, 0xD6, 0x99, 0xD6, 0x9A, 0xDE, 
	0x79, 0xD6, 0x79, 0xD6, 0xBA, 0xD6, 0xFF, 0xFF, 0x1D, 0x00, 0xDB, 0xDE, 0xBB, 0xD6, 0x59, 0xC6, 
	0x55, 0xAD, 0xF3, 0x9C, 0xF7, 0xCD, 0x79, 0xDE, 0x79, 0xD6, 0x59, 0xD6, 0xFF, 0xFF, 0x03, 0x00, 
	0x79, 0xD6, 0x99, 0xD6, 0xBE, 0xFF, 0x9D, 0xF7, 0x08, 0x42, 0xFF, 0xFF, 0x92, 0x00, 0x00, 0x00, 
	0xE3, 0x18, 0xF3, 0x9C, 0xFE, 0xFF, 0x7D, 0xF7, 0x9A, 0xDE, 0xFF, 0xFF, 0x04, 0x00, 0xBA, 0xDE, 
	0xFF, 0xFF, 0x30, 0x00, 0xDB, 0xDE, 0xBB, 0xD6, 0x39, 0xC6, 0x14, 0xA5, 0x75, 0xAD, 0x79, 0xD6, 
	0x79, 0xDE, 0x58, 0xD6, 0x59, 0xD6, 0x79, 0xD6, 0x58, 0xD6, 0x99, 0xDE, 0x59, 0xD6, 0xFB, 0xE6, 
	0xFE, 0xFF, 0x96, 0xB5, 0x41, 0x08, 0xFF, 0xFF, 0x22, 0x00, 0x00, 0x00, 0x20, 0x00, 0xFF, 0xFF, 
	0x14, 0x00, 0x00, 0x00, 0x41, 0x08, 0x04, 0x21, 0xC7, 0x39, 0x8A, 0x52, 0x2C, 0x63, 0x8E, 0x73, 
	0xAE, 0x73, 0xEF, 0x7B, 0x92, 0x94, 0x34, 0xA5, 0x18, 0xC6, 0x1B, 0xE7, 0xDF, 0xFF, 0xFF, 0xFF, 
	0x09, 0x00, 0xFE, 0xFF, 0xDF, 0xFF, 0xDE, 0xFF, 0xBE, 0xFF, 0xBE, 0xFF, 0xBE, 0xFF, 0x9E, 0xF7, 
	0x7D, 0xF7, 0x7D, 0xF7, 0x5D, 0xEF, 0x5D, 0xEF, 0x7D, 0xF7, 0x5D, 0xEF, 0x3C, 0xEF, 0x3C, 0xEF, 
	0x5D, 0xEF, 0xFF, 0xFF, 0x04, 0x00, 0x3C, 0xEF, 0x1C, 0xEF, 0x3C, 0xEF, 0x3D, 0xF7, 0x3C, 0xEF, 
	0x3C, 0xEF, 0x3C, 0xEF, 0xFF, 0xFF, 0x04, 0x00, 0x1C, 0xEF, 0x3C, 0xEF, 0x3C, 0xEF, 0x1C, 0xE7, 
	0x1C, 0xE7, 0x1C, 0xEF, 0x1C, 0xE7, 0x1C, 0xE7, 0xFB, 0xE6, 0xFB, 0xE6, 0xFB, 0xE6, 0x1C, 0xE7, 
	0x1C, 0xE7, 0x1C, 0xE7, 0xFF, 0xFF, 0x03, 0x00, 0xFB, 0xE6, 0xDB, 0xE6, 0xFB, 0xE6, 0xFB, 0xE6, 
	0xFB, 0xE6, 0xDB, 0xE6, 0xFF, 0xFF, 0x08, 0x00, 0xBA, 0xDE, 0x9A, 0xDE, 0x9A, 0xDE, 0xFF, 0xFF, 
	0x04, 0x00, 0x9A, 0xD6, 0x79, 0xD6, 0x79, 0xD6, 0x99, 0xD6, 0xFF, 0xFF, 0x03, 0x00, 0x79, 0xD6, 
	0x59, 0xD6, 0x38, 0xCE, 0x9A, 0xD6, 0xFC, 0xDE, 0xFF, 0xFF, 0x26, 0x00, 0xDB, 0xDE, 0x9A, 0xD6, 
	0x75, 0xAD, 0xD3, 0x9C, 0xD6, 0xBD, 0xBA, 0xDE, 0x79, 0xD6, 0x59, 0xD6, 0xFF, 0xFF, 0x03, 0x00, 
	0x79, 0xD6, 0xBA, 0xDE, 0x9D, 0xFF, 0x1C, 0xE7, 0x4D, 0x6B, 0xFF, 0xFF, 0x50, 0x00, 0x00, 0x00, 
	0x20, 0x00, 0xFF, 0xFF, 0x26, 0x00, 0x00, 0x00, 0x20, 0x00, 0x61, 0x08, 0xA2, 0x10, 0xE3, 0x18, 
	0x04, 0x21, 0x24, 0x21, 0x65, 0x29, 0xA6, 0x31, 0xC7, 0x39, 0x08, 0x42, 0x48, 0x4A, 0x69, 0x4A, 
	0x89, 0x52, 0x8A, 0x52, 0xAA, 0x52, 0xCB, 0x5A, 0x2C, 0x63, 0x6D, 0x6B, 0xCF, 0x7B, 0x50, 0x8C, 
	0xB2, 0x94, 0x13, 0xA5, 0x75, 0xB5, 0xF7, 0xBD, 0x38, 0xC6, 0x58, 0xCE, 0x18, 0xC6, 0xBA, 0xDE, 
	0x3C, 0xEF, 0xBA, 0xDE, 0x79, 0xD6, 0x79, 0xD6, 0x99, 0xD6, 0xBA, 0xDE, 0x99, 0xDE, 0x79, 0xD6, 
	0x9A, 0xD6, 0xFF, 0xFF, 0x1D, 0x00, 0xDB, 0xDE, 0xBB, 0xD6, 0x39, 0xC6, 0x35, 0xA5, 0xF4, 0x9C, 
	0x18, 0xCE, 0x79, 0xDE, 0x79, 0xD6, 0x59, 0xD6, 0x79, 0xD6, 0x99, 0xD6, 0x79, 0xD6, 0x79, 0xD6, 
	0x99, 0xD6, 0xBE, 0xFF, 0x7D, 0xF7, 0xE8, 0x41, 0xFF, 0xFF, 0x92, 0x00, 0x00, 0x00, 0x24, 0x21, 
	0x34, 0xA5, 0xFE, 0xFF, 0x5D, 0xF7, 0x9A, 0xDE, 0xFF, 0xFF, 0x04, 0x00, 0xBA, 0xDE, 0xFF, 0xFF, 
	0x30, 0x00, 0xDB, 0xDE, 0xBB, 0xD6, 0x39, 0xC6, 0x55, 0xA5, 0x55, 0xAD, 0x59, 0xD6, 0x79, 0xD6, 
	0x38, 0xD6, 0x59, 0xD6, 0xFF, 0xFF, 0x03, 0x00, 0x79, 0xD6, 0xDA, 0xDE, 0xFE, 0xFF, 0xD7, 0xBD, 
	0x41, 0x08, 0xFF, 0xFF, 0x1A, 0x00, 0x00, 0x00, 0x20, 0x00, 0xFF, 0xFF, 0x14, 0x00, 0x00, 0x00, 
	0x40, 0x08, 0xE3, 0x18, 0x45, 0x29, 0xC7, 0x39, 0x48, 0x4A, 0x8A, 0x52, 0xCA, 0x5A, 0x4C, 0x6B, 
	0x10, 0x84, 0x34, 0xA5, 0x18, 0xC6, 0x1B, 0xE7, 0xDF, 0xFF, 0xFF, 0xFF, 0x0C, 0x00, 0xFE, 0xFF, 
	0xBE, 0xF7, 0xBE, 0xF7, 0xDE, 0xFF, 0x9D, 0xF7, 0x9D, 0xF7, 0x9D, 0xF7, 0x7D, 0xF7, 0x5D, 0xEF, 
	0x5D, 0xEF, 0x5D, 0xF7, 0x5D, 0xEF, 0x5D, 0xF7, 0x7D, 0xF7, 0x5D, 0xF7, 0x5D, 0xEF, 0x5D, 0xF7, 
	0x5D, 0xEF, 0x3C, 0xEF, 0x3C, 0xEF, 0x3D, 0xF7, 0x1C, 0xEF, 0x3C, 0xEF, 0x3D, 0xF7, 0x5D, 0xF7, 
	0x3C, 0xF7, 0x3C, 0xF7, 0x3D, 0xF7, 0x3C, 0xF7, 0x3C, 0xEF, 0x3C, 0xEF, 0x3C, 0xEF, 0xFF, 0xFF, 
	0x06, 0x00, 0x1C, 0xEF, 0xFF, 0xFF, 0x04, 0x00, 0x1C, 0xE7, 0xFB, 0xE6, 0xFB, 0xE6, 0xFF, 0xFF, 
	0x03, 0x00, 0x1C, 0xE7, 0xFF, 0xFF, 0x05, 0x00, 0xFB, 0xE6, 0xDB, 0xE6, 0xDB, 0xE6, 0xDB, 0xE6, 
	0xFF, 0xFF, 0x07, 0x00, 0xBA, 0xDE, 0xFF, 0xFF, 0x04, 0x00, 0x9A, 0xDE, 0x9A, 0xD6, 0x9A, 0xD6, 
	0xFF, 0xFF, 0x07, 0x00, 0x79, 0xD6, 0x59, 0xD6, 0x38, 0xCE, 0x9A, 0xD6, 0xFF, 0xFF, 0x27, 0x00, 
	0xDB, 0xDE, 0x9A, 0xD6, 0x96, 0xB5, 0xD3, 0x9C, 0xB6, 0xBD, 0xBA, 0xDE, 0x59, 0xD6, 0x38, 0xCE, 
	0x58, 0xD6, 0x79, 0xD6, 0x59, 0xD6, 0x59, 0xD6, 0x9A, 0xDE, 0x5D, 0xF7, 0x3D, 0xEF, 0xEF, 0x83, 
	0xFF, 0xFF, 0x65, 0x00, 0x00, 0x00, 0x20, 0x00, 0x41, 0x08, 0x61, 0x08, 0xA2, 0x10, 0xE3, 0x18, 
	0x04, 0x21, 0x24, 0x21, 0x45, 0x29, 0x86, 0x31, 0x86, 0x31, 0xA6, 0x31, 0xFF, 0xFF, 0x03, 0x00, 
	0xC7, 0x39, 0xE7, 0x39, 0x69, 0x4A, 0xEB, 0x5A, 0x4D, 0x6B, 0xAE, 0x73, 0x30, 0x84, 0xB2, 0x94, 
	0x34, 0xA5, 0x96, 0xB5, 0xF7, 0xBD, 0x59, 0xCE, 0xDB, 0xDE, 0x1C, 0xE7, 0x7D, 0xEF, 0x9E, 0xF7, 
	0xDE, 0xFF, 0xFF, 0xFF, 0x0D, 0x00, 0xFE, 0xFF, 0x9E, 0xF7, 0x3C, 0xEF, 0xDA, 0xDE, 0xBA, 0xDE, 
	0xBA, 0xDE, 0x9A, 0xD6, 0x9A, 0xD6, 0x79, 0xD6, 0x79, 0xDE, 0x59, 0xD6, 0x9A, 0xD6, 0xFF, 0xFF, 
	0x1D, 0x00, 0xDB, 0xDE, 0xBB, 0xD6, 0x39, 0xC6, 0x34, 0xA5, 0xF4, 0x9C, 0x38, 0xCE, 0x79, 0xD6, 
	0x59, 0xD6, 0x59, 0xD6, 0x79, 0xD6, 0x79, 0xD6, 0x79, 0xD6, 0x59, 0xD6, 0x99, 0xDE, 0xBE, 0xFF, 
	0x5D, 0xEF, 0xE7, 0x39, 0xFF, 0xFF, 0x92, 0x00, 0x00, 0x00, 0x65, 0x29, 0x96, 0xB5, 0xFE, 0xFF, 
	0x3C, 0xEF, 0x9A, 0xDE, 0xFF, 0xFF, 0x04, 0x00, 0xBA, 0xDE, 0xFF, 0xFF, 0x30, 0x00, 0xDB, 0xDE, 
	0xBB, 0xD6, 0x39, 0xC6, 0x76, 0xAD, 0x35, 0xAD, 0x39, 0xD6, 0x79, 0xD6, 0x38, 0xD6, 0x58, 0xD6, 
	0x79, 0xD6, 0x79, 0xD6, 0x58, 0xD6, 0x59, 0xD6, 0xBA, 0xDE, 0xFE, 0xFF, 0x38, 0xCE, 0xA2, 0x10, 
	0xFF, 0xFF, 0x28, 0x00, 0x00, 0x00, 0x41, 0x08, 0xA2, 0x10, 0x24, 0x21, 0x86, 0x31, 0xC7, 0x39, 
	0xA6, 0x31, 0x08, 0x42, 0xEB, 0x5A, 0x51, 0x8C, 0x55, 0xAD, 0x38, 0xC6, 0x1B, 0xE7, 0x9E, 0xF7, 
	0xFF, 0xFF, 0x09, 0x00, 0xFE, 0xFF, 0xDF, 0xFF, 0xDE, 0xFF, 0xDE, 0xFF, 0xDE, 0xFF, 0x9E, 0xF7, 
	0x7D, 0xF7, 0x5D, 0xEF, 0x7D, 0xF7, 0x7D, 0xF7, 0x7D, 0xF7, 0x5D, 0xEF, 0x5D, 0xEF, 0x7D, 0xF7, 
	0x5D, 0xEF, 0x5D, 0xEF, 0x5C, 0xEF, 0x7D, 0xF7, 0x7D, 0xF7, 0x5D, 0xEF, 0x3C, 0xEF, 0x5D, 0xF7, 
	0x5D, 0xF7, 0x5D, 0xEF, 0x5D, 0xF7, 0x5D, 0xEF, 0x3C, 0xEF, 0x3C, 0xEF, 0x5D, 0xEF, 0x5D, 0xEF, 
	0x3C, 0xEF, 0x1C, 0xEF, 0x1C, 0xEF, 0x3C, 0xEF, 0x3C, 0xEF, 0x1C, 0xEF, 0x1C, 0xEF, 0x5D, 0xF7, 
	0x5D, 0xF7, 0x3C, 0xEF, 0x1C, 0xE7, 0x3C, 0xEF, 0x3C, 0xEF, 0x1C, 0xEF, 0x3C, 0xEF, 0x3C, 0xEF, 
	0xFF, 0xFF, 0x05, 0x00, 0x1C, 0xEF, 0xFF, 0xFF, 0x07, 0x00, 0x1C, 0xE7, 0xFF, 0xFF, 0x03, 0x00, 
	0xFB, 0xE6, 0xDB, 0xE6, 0xFB, 0xE6, 0xDB, 0xE6, 0xDB, 0xE6, 0xDB, 0xDE, 0xDB, 0xE6, 0xFF, 0xFF, 
	0x06, 0x00, 0xBA, 0xDE, 0x9A, 0xDE, 0x9A, 0xD6, 0x9A, 0xD6, 0x9A, 0xDE, 0xBA, 0xDE, 0x9A, 0xDE, 
	0x9A, 0xD6, 0xFF, 0xFF, 0x05, 0x00, 0x79, 0xD6, 0x59, 0xD6, 0x79, 0xD6, 0x59, 0xD6, 0x38, 0xD6, 
	0x38, 0xCE, 0xBB, 0xD6, 0xFF, 0xFF, 0x27, 0x00, 0xDB, 0xDE, 0xBB, 0xD6, 0xF7, 0xBD, 0xD3, 0x9C, 
	0x96, 0xBD, 0xBA, 0xDE, 0x59, 0xD6, 0x38, 0xCE, 0x58, 0xD6, 0x58, 0xD6, 0x59, 0xD6, 0x79, 0xD6, 
	0x99, 0xDE, 0x1C, 0xEF, 0x5D, 0xF7, 0x51, 0x94, 0x20, 0x00, 0xFF, 0xFF, 0x51, 0x00, 0x00, 0x00, 
	0x20, 0x00, 0x41, 0x08, 0x82, 0x10, 0x82, 0x10, 0xA2, 0x10, 0xE3, 0x18, 0x04, 0x21, 0xFF, 0xFF, 
	0x03, 0x00, 0x24, 0x21, 0x45, 0x29, 0x24, 0x21, 0x24, 0x21, 0x45, 0x29, 0x65, 0x29, 0xC7, 0x39, 
	0x69, 0x4A, 0xEB, 0x5A, 0x4D, 0x6B, 0xCF, 0x7B, 0x51, 0x8C, 0xF3, 0x9C, 0x75, 0xAD, 0xD7, 0xBD, 
	0x38, 0xC6, 0xBA, 0xD6, 0x3C, 0xE7, 0x5D, 0xEF, 0x7D, 0xEF, 0xFF, 0xFF, 0x04, 0x00, 0x9E, 0xF7, 
	0xBE, 0xF7, 0xBE, 0xF7, 0xDF, 0xFF, 0xDF, 0xFF, 0xFF, 0xFF, 0x09, 0x00, 0xFE, 0xFF, 0xDF, 0xFF, 
	0xDF, 0xFF, 0xBE, 0xFF, 0xBE, 0xFF, 0xBE, 0xFF, 0x9E, 0xF7, 0x7D, 0xF7, 0x7D, 0xF7, 0x7D, 0xF7, 
	0x5D, 0xEF, 0x3C, 0xEF, 0x3C, 0xEF, 0x1C, 0xEF, 0x1C, 0xE7, 0xFB, 0xE6, 0xDB, 0xE6, 0xBA, 0xDE, 
	0x9A, 0xDE, 0x9A, 0xD6, 0xBB, 0xDE, 0x9A, 0xDE, 0x79, 0xD6, 0x79, 0xD6, 0x79, 0xD6, 0x59, 0xD6, 
	0x9A, 0xD6, 0xFF, 0xFF, 0x1D, 0x00, 0xDB, 0xDE, 0x9A, 0xD6, 0x18, 0xC6, 0xF4, 0x9C, 0xF4, 0x9C, 
	0x59, 0xD6, 0x79, 0xD6, 0x59, 0xD6, 0x59, 0xD6, 0x58, 0xD6, 0x79, 0xD6, 0x79, 0xDE, 0x79, 0xD6, 
	0x99, 0xDE, 0x9E, 0xFF, 0x1C, 0xE7, 0xE7, 0x39, 0xFF, 0xFF, 0x92, 0x00, 0x00, 0x00, 0xA6, 0x31, 
	0xF7, 0xBD, 0xFE, 0xFF, 0x3C, 0xEF, 0xBA, 0xDE, 0xDA, 0xDE, 0xFF, 0xFF, 0x03, 0x00, 0xBA, 0xDE, 
	0xFF, 0xFF, 0x30, 0x00, 0xDB, 0xDE, 0xDB, 0xD6, 0x7A, 0xCE, 0xB7, 0xB5, 0x14, 0xA5, 0x18, 0xCE, 
	0x79, 0xDE, 0x38, 0xD6, 0x58, 0xD6, 0x59, 0xD6, 0x79, 0xD6, 0x79, 0xD6, 0x79, 0xD6, 0x99, 0xD6, 
	0xFE, 0xFF, 0xBA, 0xD6, 0x65, 0x29, 0xFF, 0xFF, 0x20, 0x00, 0x00, 0x00, 0x61, 0x08, 0xC3, 0x18, 
	0x04, 0x21, 0x45, 0x29, 0x45, 0x29, 0x45, 0x29, 0xA6, 0x39, 0xEB, 0x5A, 0xEF, 0x7B, 0xF4, 0xA4, 
	0x59, 0xCE, 0x5D, 0xEF, 0x9E, 0xF7, 0x7D, 0xEF, 0x9E, 0xF7, 0xBF, 0xF7, 0xFF, 0xFF, 0x07, 0x00, 
	0xFE, 0xFF, 0xDE, 0xFF, 0xBE, 0xFF, 0xBE, 0xF7, 0x9D, 0xF7, 0x7D, 0xEF, 0x7D, 0xF7, 0x9D, 0xF7, 
	0x7D, 0xEF, 0xFF, 0xFF, 0x03, 0x00, 0x5D, 0xEF, 0x3C, 0xEF, 0x5D, 0xEF, 0x5D, 0xEF, 0x5D, 0xEF, 
	0x3C, 0xEF, 0x3C, 0xEF, 0x5D, 0xF7, 0x5D, 0xEF, 0x3C, 0xEF, 0x5D, 0xEF, 0x5D, 0xEF, 0x5D, 0xF7, 
	0x5D, 0xF7, 0x5D, 0xF7, 0x5D, 0xEF, 0x3C, 0xEF, 0x3C, 0xEF, 0x5D, 0xEF, 0x5D, 0xF7, 0x3C, 0xEF, 
	0x1C, 0xEF, 0x3C, 0xEF, 0x5D, 0xEF, 0x5D, 0xEF, 0x3C, 0xEF, 0x3C, 0xEF, 0x5D, 0xF7, 0x5D, 0xEF, 
	0xFF, 0xFF, 0x05, 0x00, 0x3C, 0xEF, 0x1C, 0xE7, 0xFF, 0xFF, 0x05, 0x00, 0x1C, 0xEF, 0x1C, 0xE7, 
	0x1C, 0xE7, 0x1C, 0xEF, 0x1C, 0xEF, 0x1C, 0xEF, 0xFB, 0xE6, 0xFB, 0xE6, 0x1C, 0xE7, 0x1C, 0xE7, 
	0x1C, 0xE7, 0xFF, 0xFF, 0x08, 0x00, 0xFB, 0xE6, 0xDB, 0xE6, 0xDB, 0xDE, 0xBA, 0xDE, 0xDB, 0xDE, 
	0xBA, 0xDE, 0x9A, 0xDE, 0xFF, 0xFF, 0x04, 0x00, 0xBA, 0xDE, 0x9A, 0xDE, 0x9A, 0xD6, 0x9A, 0xD6, 
	0x9A, 0xDE, 0x9A, 0xDE, 0x9A, 0xDE, 0xFF, 0xFF, 0x04, 0x00, 0x79, 0xD6, 0x59, 0xD6, 0x59, 0xD6, 
	0x79, 0xD6, 0x79, 0xD6, 0x59, 0xD6, 0x38, 0xCE, 0x38, 0xCE, 0xBB, 0xD6, 0xFF, 0xFF, 0x28, 0x00, 
	0xDB, 0xDE, 0x59, 0xCE, 0x14, 0xA5, 0xB6, 0xBD, 0xBA, 0xDE, 0x59, 0xD6, 0x38, 0xCE, 0x58, 0xD6, 
	0x59, 0xD6, 0x79, 0xD6, 0x79, 0xD6, 0x79, 0xD6, 0xFB, 0xE6, 0x9E, 0xFF, 0xB2, 0x9C, 0x20, 0x08, 
	0xFF, 0xFF, 0x3F, 0x00, 0x00, 0x00, 0x20, 0x00, 0x20, 0x00, 0x41, 0x08, 0x41, 0x08, 0x61, 0x08, 
	0x82, 0x10, 0x82, 0x10, 0x82, 0x10, 0xA2, 0x10, 0xA2, 0x10, 0xA2, 0x10, 0x82, 0x10, 0xA2, 0x10, 
	0xE3, 0x18, 0x65, 0x29, 0xC7, 0x39, 0x28, 0x42, 0x8A, 0x52, 0xEB, 0x5A, 0x8E, 0x73, 0x30, 0x84, 
	0xB2, 0x94, 0x14, 0xA5, 0x96, 0xB5, 0x18, 0xC6, 0x9A, 0xD6, 0xDB, 0xDE, 0xFB, 0xDE, 0xDB, 0xDE, 
	0xFB, 0xDE, 0xFB, 0xDE, 0xFB, 0xDE, 0xDB, 0xDE, 0x1B, 0xDF, 0x3C, 0xE7, 0x5D, 0xEF, 0x7D, 0xEF, 
	0x9E, 0xF7, 0xBE, 0xF7, 0xDF, 0xFF, 0xFF, 0xFF, 0x10, 0x00, 0xFE, 0xFF, 0xDF, 0xFF, 0xBE, 0xFF, 
	0xFF, 0xFF, 0x03, 0x00, 0x9E, 0xF7, 0x5D, 0xF7, 0x3C, 0xEF, 0x1C, 0xEF, 0xFB, 0xE6, 0xFB, 0xE6, 
	0xFB, 0xE6, 0xDB, 0xE6, 0xDB, 0xE6, 0xDB, 0xE6, 0xDB, 0xDE, 0xBA, 0xDE, 0x9A, 0xDE, 0x9A, 0xDE, 
	0x9A, 0xD6, 0x9A, 0xDE, 0xBA, 0xDE, 0x9A, 0xDE, 0x9A, 0xD6, 0x7A, 0xDE, 0x79, 0xD6, 0xBA, 0xDE, 
	0x9A, 0xDE, 0x7A, 0xD6, 0x9A, 0xDE, 0x9A, 0xD6, 0xFF, 0xFF, 0x04, 0x00, 0x79, 0xD6, 0xFF, 0xFF, 
	0x1D, 0x00, 0xDB, 0xDE, 0x7A, 0xCE, 0xF8, 0xBD, 0xB3, 0x94, 0xF3, 0x9C, 0x59, 0xD6, 0x79, 0xDE, 
	0x59, 0xD6, 0x59, 0xD6, 0x59, 0xD6, 0x79, 0xD6, 0x79, 0xD6, 0x59, 0xD6, 0x9A, 0xDE, 0xBE, 0xFF, 
	0xFB, 0xE6, 0xC7, 0x39, 0xFF, 0xFF, 0x92, 0x00, 0x00, 0x00, 0xC7, 0x39, 0x38, 0xCE, 0xDF, 0xFF, 
	0x1C, 0xE7, 0xBA, 0xDE, 0xDB, 0xDE, 0xBA, 0xDE, 0x9A, 0xDE, 0xBA, 0xDE, 0xBA, 0xDE, 0xFF, 0xFF, 
	0x31, 0x00, 0xDB, 0xDE, 0x9A, 0xD6, 0xF8, 0xBD, 0x35, 0xA5, 0xD7, 0xC5, 0xBA, 0xDE, 0x59, 0xD6, 
	0x38, 0xD6, 0x59, 0xD6, 0x79, 0xD6, 0x79, 0xD6, 0x59, 0xD6, 0x99, 0xD6, 0xDE, 0xFF, 0x1B, 0xE7, 
	0x49, 0x4A, 0xFF, 0xFF, 0x18, 0x00, 0x00, 0x00, 0x41, 0x08, 0x61, 0x08, 0x82, 0x10, 0xA2, 0x10, 
	0xC3, 0x18, 0x24, 0x21, 0xE8, 0x41, 0xCB, 0x5A, 0x10, 0x84, 0x75, 0xAD, 0x79, 0xCE, 0xDB, 0xDE, 
	0xFB, 0xDE, 0xFB, 0xDE, 0x3C, 0xE7, 0x7D, 0xEF, 0xBF, 0xF7, 0xFF, 0xFF, 0x07, 0x00, 0xFE, 0xFF, 
	0xDF, 0xFF, 0xBE, 0xFF, 0x9E, 0xF7, 0x7D, 0xF7, 0x7D, 0xF7, 0x5D, 0xF7, 0x5D, 0xEF, 0x3C, 0xEF, 
	0x3C, 0xEF, 0x1C, 0xEF, 0x3C, 0xEF, 0x5D, 0xEF, 0x5D, 0xEF, 0x3C, 0xEF, 0x3C, 0xEF, 0x3C, 0xEF, 
	0x5D, 0xEF, 0x5D, 0xEF, 0x5D, 0xEF, 0x5D, 0xF7, 0xFF, 0xFF, 0x03, 0x00, 0x5D, 0xEF, 0x5D, 0xF7, 
	0x5D, 0xEF, 0x3C, 0xEF, 0x3C, 0xEF, 0x5D, 0xEF, 0x5D, 0xF7, 0x3C, 0xEF, 0x5D, 0xEF, 0x5D, 0xEF, 
	0x5D, 0xF7, 0x5D, 0xEF, 0x3C, 0xEF, 0x5C, 0xEF, 0xFF, 0xFF, 0x06, 0x00, 0x3C, 0xEF, 0x5D, 0xF7, 
	0x5D, 0xEF, 0xFF, 0xFF, 0x03, 0x00, 0x3C, 0xEF, 0x1C, 0xEF, 0x1C, 0xEF, 0x3C, 0xEF, 0x3C, 0xEF, 
	0x3C, 0xEF, 0x1C, 0xEF, 0x1C, 0xEF, 0x3C, 0xEF, 0x3C, 0xEF, 0xFF, 0xFF, 0x04, 0x00, 0x1C, 0xEF, 
	0x1C, 0xE7, 0xFB, 0xE6, 0xFB, 0xE6, 0xFB, 0xE6, 0x1C, 0xE7, 0x1C, 0xE7, 0xFF, 0xFF, 0x08, 0x00, 
	0xFB, 0xE6, 0xDB, 0xDE, 0xDB, 0xDE, 0xFF, 0xFF, 0x07, 0x00, 0xBA, 0xDE, 0x9A, 0xDE, 0x9A, 0xDE, 
	0x9A, 0xDE, 0x9A, 0xD6, 0x9A, 0xD6, 0x9A, 0xDE, 0x9A, 0xD6, 0x99, 0xD6, 0x79, 0xD6, 0x79, 0xD6, 
	0x79, 0xDE, 0x79, 0xD6, 0x59, 0xD6, 0x59, 0xD6, 0x79, 0xD6, 0x79, 0xD6, 0x58, 0xD6, 0x38, 0xCE, 
	0x38, 0xCE, 0x9A, 0xD6, 0xFF, 0xFF, 0x28, 0x00, 0xDB, 0xDE, 0x9A, 0xD6, 0x55, 0xAD, 0x96, 0xB5, 
	0x9A, 0xDE, 0x59, 0xD6, 0x38, 0xCE, 0x58, 0xD6, 0x79, 0xD6, 0x79, 0xD6, 0x79, 0xD6, 0x99, 0xDE, 
	0xDB, 0xE6, 0x9E, 0xFF, 0x34, 0xAD, 0x41, 0x08, 0xFF, 0xFF, 0x33, 0x00, 0x00, 0x00, 0xFF, 0xFF, 
	0x04, 0x00, 0x20, 0x00, 0x41, 0x08, 0xA2, 0x10, 0x04, 0x21, 0x65, 0x29, 0xC7, 0x39, 0x49, 0x4A, 
	0xEB, 0x5A, 0x6D, 0x6B, 0xCF, 0x7B, 0x30, 0x84, 0xB2, 0x94, 0x55, 0xAD, 0xB6, 0xB5, 0xF7, 0xBD, 
	0x18, 0xC6, 0x18, 0xC6, 0xF7, 0xBD, 0xF7, 0xBD, 0xF7, 0xBD, 0x18, 0xC6, 0x38, 0xC6, 0x79, 0xCE, 
	0x9A, 0xD6, 0xBA, 0xD6, 0xFB, 0xDE, 0x1C, 0xE7, 0x5D, 0xEF, 0x9E, 0xF7, 0xDF, 0xFF, 0xFF, 0xFF, 
	0x12, 0x00, 0xFE, 0xFF, 0xBE, 0xFF, 0xBE, 0xFF, 0xBE, 0xFF, 0x9E, 0xFF, 0x7D, 0xF7, 0x7D, 0xF7, 
	0x5D, 0xF7, 0x5D, 0xEF, 0x5D, 0xEF, 0x5D, 0xEF, 0x3C, 0xEF, 0x3C, 0xEF, 0xFF, 0xFF, 0x03, 0x00, 
	0x1C, 0xEF, 0x1C, 0xE7, 0xFB, 0xE6, 0xFB, 0xE6, 0x1C, 0xE7, 0x1C, 0xE7, 0x1C, 0xE7, 0xFB, 0xE6, 
	0xFB, 0xE6, 0xDB, 0xE6, 0xDB, 0xDE, 0xDB, 0xE6, 0xFB, 0xE6, 0xFB, 0xE6, 0xDB, 0xE6, 0xDB, 0xE6, 
	0xDB, 0xE6, 0xDB, 0xDE, 0xBA, 0xDE, 0x9A, 0xDE, 0xFF, 0xFF, 0x04, 0x00, 0xBA, 0xDE, 0x9A, 0xDE, 
	0x99, 0xD6, 0xBA, 0xDE, 0x9A, 0xDE, 0x9A, 0xDE, 0x9A, 0xDE, 0x9A, 0xD6, 0xFF, 0xFF, 0x04, 0x00, 
	0x79, 0xD6, 0xBB, 0xDE, 0xFF, 0xFF, 0x1B, 0x00, 0xDB, 0xDE, 0xDB, 0xD6, 0x59, 0xCE, 0xF7, 0xBD, 
	0xB3, 0x94, 0xF3, 0x9C, 0x59, 0xD6, 0x79, 0xDE, 0x59, 0xD6, 0x59, 0xD6, 0x59, 0xD6, 0x79, 0xD6, 
	0x79, 0xD6, 0x79, 0xD6, 0xBA, 0xDE, 0xBE, 0xFF, 0xDA, 0xDE, 0xC6, 0x39, 0xFF, 0xFF, 0x92, 0x00, 
	0x00, 0x00, 0x08, 0x42, 0x79, 0xD6, 0xBE, 0xFF, 0xFB, 0xE6, 0x9A, 0xDE, 0xBA, 0xDE, 0xBA, 0xDE, 
	0xBA, 0xDE, 0xB9, 0xD6, 0xBA, 0xDE, 0xFF, 0xFF, 0x31, 0x00, 0xDB, 0xDE, 0xBB, 0xD6, 0x39, 0xC6, 
	0x55, 0xAD, 0xB6, 0xBD, 0x9A, 0xDE, 0xFF, 0xFF, 0x03, 0x00, 0x59, 0xD6, 0x79, 0xD6, 0x59, 0xD6, 
	0x79, 0xD6, 0x9D, 0xF7, 0x3C, 0xEF, 0x2C, 0x6B, 0xFF, 0xFF, 0x12, 0x00, 0x00, 0x00, 0x20, 0x00, 
	0x20, 0x00, 0x61, 0x08, 0x04, 0x21, 0x08, 0x42, 0x2C, 0x63, 0x71, 0x8C, 0x55, 0xAD, 0xD7, 0xBD, 
	0x18, 0xC6, 0x38, 0xC6, 0x79, 0xCE, 0xDB, 0xDE, 0x3C, 0xE7, 0x9E, 0xF7, 0xFF, 0xFF, 0x07, 0x00, 
	0xFE, 0xFF, 0xDF, 0xFF, 0x9E, 0xF7, 0x7D, 0xF7, 0x5D, 0xF7, 0x5D, 0xEF, 0x3C, 0xEF, 0x5D, 0xEF, 
	0xFF, 0xFF, 0x0B, 0x00, 0x3C, 0xEF, 0x5D, 0xEF, 0xFF, 0xFF, 0x03, 0x00, 0x3C, 0xEF, 0x5D, 0xEF, 
	0x5D, 0xEF, 0xFF, 0xFF, 0x03, 0x00, 0x3C, 0xEF, 0xFF, 0xFF, 0x07, 0x00, 0x5D, 0xEF, 0x3C, 0xEF, 
	0x3C, 0xEF, 0x3C, 0xEF, 0x5D, 0xEF, 0x3C, 0xEF, 0x3C, 0xEF, 0x5D, 0xEF, 0x5D, 0xEF, 0x3C, 0xEF, 
	0x5D, 0xEF, 0xFF, 0xFF, 0x09, 0x00, 0x3C, 0xEF, 0x1C, 0xEF, 0x3C, 0xEF, 0x1C, 0xEF, 0x1C, 0xEF, 
	0x3C, 0xEF, 0x3C, 0xEF, 0xFF, 0xFF, 0x04, 0x00, 0x1C, 0xEF, 0x1C, 0xE7, 0x1C, 0xE7, 0x1C, 0xE7, 
	0xFB, 0xE6, 0xFF, 0xFF, 0x04, 0x00, 0x1C, 0xE7, 0xFB, 0xE6, 0xFB, 0xE6, 0xFB, 0xE6, 0xDB, 0xE6, 
	0xDB, 0xE6, 0xFB, 0xE6, 0xFB, 0xE6, 0xDB, 0xE6, 0xFB, 0xE6, 0xDB, 0xE6, 0xDB, 0xDE, 0xFF, 0xFF, 
	0x06, 0x00, 0xBA, 0xDE, 0x9A, 0xDE, 0x9A, 0xD6, 0xFF, 0xFF, 0x03, 0x00, 0x9A, 0xDE, 0x9A, 0xD6, 
	0x9A, 0xD6, 0x99, 0xD6, 0x99, 0xD6, 0x79, 0xD6, 0x79, 0xD6, 0x59, 0xD6, 0x79, 0xD6, 0x79, 0xD6, 
	0x79, 0xD6, 0x58, 0xD6, 0x38, 0xCE, 0x38, 0xD6, 0x38, 0xCE, 0x79, 0xD6, 0xBB, 0xD6, 0xFF, 0xFF, 
	0x27, 0x00, 0xDB, 0xDE, 0x9B, 0xD6, 0x96, 0xAD, 0x96, 0xB5, 0x9A, 0xDE, 0x79, 0xD6, 0x58, 0xD6, 
	0x58, 0xD6, 0x79, 0xD6, 0x59, 0xD6, 0x58, 0xD6, 0x79, 0xD6, 0xBA, 0xE6, 0xBE, 0xFF, 0x95, 0xB5, 
	0x61, 0x08, 0xFF, 0xFF, 0x26, 0x00, 0x00, 0x00, 0x20, 0x00, 0x61, 0x08, 0xE3, 0x18, 0x65, 0x29, 
	0xE7, 0x39, 0x49, 0x4A, 0xCA, 0x5A, 0x0C, 0x63, 0x8E, 0x73, 0x0F, 0x84, 0x71, 0x8C, 0xD3, 0x9C, 
	0x14, 0xA5, 0xFF, 0xFF, 0x03, 0x00, 0x55, 0xAD, 0x75, 0xAD, 0x96, 0xB5, 0xD7, 0xBD, 0xF7, 0xBD, 
	0x38, 0xC6, 0x79, 0xCE, 0xBA, 0xD6, 0x1B, 0xDF, 0x3C, 0xE7, 0x7E, 0xEF, 0xBE, 0xF7, 0xFF, 0xFF, 
	0x13, 0x00, 0xFE, 0xFF, 0xDF, 0xFF, 0xDF, 0xFF, 0xDE, 0xFF, 0xFF, 0xFF, 0x03, 0x00, 0xBE, 0xF7, 
	0x9E, 0xF7, 0x9D, 0xF7, 0x7D, 0xF7, 0x7D, 0xF7, 0x5D, 0xF7, 0xFF, 0xFF, 0x07, 0x00, 0x3C, 0xEF, 
	0x1C, 0xEF, 0x3C, 0xEF, 0x3C, 0xEF, 0xFF, 0xFF, 0x05, 0x00, 0x1C, 0xEF, 0xFF, 0xFF, 0x03, 0x00, 
	0x1C, 0xE7, 0xFF, 0xFF, 0x03, 0x00, 0xFB, 0xE6, 0x1C, 0xE7, 0x1C, 0xE7, 0xFF, 0xFF, 0x04, 0x00, 
	0xFB, 0xE6, 0xDB, 0xE6, 0xFB, 0xE6, 0xFB, 0xE6, 0xDB, 0xE6, 0xDB, 0xE6, 0xDB, 0xE6, 0xDB, 0xDE, 
	0xFF, 0xFF, 0x07, 0x00, 0xBA, 0xDE, 0x9A, 0xD6, 0x99, 0xD6, 0x9A, 0xD6, 0x9A, 0xDE, 0x9A, 0xDE, 
	0x9A, 0xD6, 0x99, 0xDE, 0x79, 0xD6, 0x59, 0xD6, 0x79, 0xDE, 0x79, 0xD6, 0xBB, 0xDE, 0xFF, 0xFF, 
	0x1B, 0x00, 0xDB, 0xDE, 0xBB, 0xD6, 0x59, 0xCE, 0xD7, 0xBD, 0xB3, 0x94, 0xF3, 0xA4, 0x59, 0xD6, 
	0x7A, 0xDE, 0x59, 0xD6, 0x59, 0xD6, 0x59, 0xD6, 0x79, 0xD6, 0x79, 0xD6, 0x79, 0xD6, 0xBA, 0xDE, 
	0xBE, 0xFF, 0x9A, 0xD6, 0xA6, 0x31, 0xFF, 0xFF, 0x92, 0x00, 0x00, 0x00, 0x28, 0x42, 0xBA, 0xDE, 
	0xBE, 0xFF, 0xFB, 0xE6, 0x9A, 0xDE, 0xBA, 0xDE, 0xBA, 0xDE, 0xBA, 0xDE, 0xB9, 0xD6, 0xBA, 0xDE, 
	0xFF, 0xFF, 0x31, 0x00, 0xDB, 0xDE, 0xBB, 0xD6, 0x59, 0xC6, 0x55, 0xAD, 0x96, 0xBD, 0x99, 0xDE, 
	0xFF, 0xFF, 0x04, 0x00, 0x59, 0xD6, 0x58, 0xD6, 0x59, 0xD6, 0x5C, 0xF7, 0x9D, 0xF7, 0x30, 0x8C, 
	0x20, 0x00, 0xFF, 0xFF, 0x0B, 0x00, 0x00, 0x00, 0x20, 0x00, 0xE3, 0x18, 0xE7, 0x39, 0x0C, 0x63, 
	0xF0, 0x83, 0xB2, 0x94, 0x34, 0xA5, 0x75, 0xAD, 0x96, 0xB5, 0x18, 0xC6, 0x9A, 0xD6, 0x3C, 0xE7, 
	0xDF, 0xFF, 0xFF, 0xFF, 0x06, 0x00, 0xFE, 0xFF, 0xDF, 0xFF, 0xBE, 0xFF, 0x7D, 0xF7, 0x3D, 0xF7, 
	0x3C, 0xF7, 0x1C, 0xF7, 0x1C, 0xF7, 0x1C, 0xEF, 0x1C, 0xEF, 0x3C, 0xEF, 0xFF, 0xFF, 0x08, 0x00, 
	0x1C, 0xEF, 0xFF, 0xFF, 0x05, 0x00, 0x3C, 0xEF, 0x5D, 0xEF, 0x5D, 0xEF, 0xFF, 0xFF, 0x17, 0x00, 
	0x3C, 0xEF, 0x5D, 0xEF, 0x3C, 0xEF, 0x3C, 0xEF, 0x5C, 0xEF, 0x3C, 0xEF, 0x3C, 0xEF, 0x5D, 0xEF, 
	0xFF, 0xFF, 0x08, 0x00, 0x3C, 0xEF, 0xFF, 0xFF, 0x03, 0x00, 0x1C, 0xEF, 0x3C, 0xEF, 0x3C, 0xEF, 
	0x1C, 0xEF, 0x1C, 0xEF, 0x1C, 0xEF, 0xFF, 0xFF, 0x03, 0x00, 0x1C, 0xE7, 0xFB, 0xE6, 0xFB, 0xE6, 
	0x1C, 0xE7, 0x1C, 0xEF, 0x1C, 0xE7, 0xFF, 0xFF, 0x04, 0x00, 0xFB, 0xE6, 0xFF, 0xFF, 0x06, 0x00, 
	0xDB, 0xE6, 0xDB, 0xDE, 0xFF, 0xFF, 0x06, 0x00, 0xBA, 0xDE, 0x9A, 0xDE, 0x9A, 0xD6, 0xFF, 0xFF, 
	0x03, 0x00, 0x9A, 0xDE, 0x99, 0xD6, 0x99, 0xD6, 0x99, 0xD6, 0x79, 0xD6, 0x79, 0xD6, 0x59, 0xD6, 
	0x59, 0xD6, 0x79, 0xD6, 0x79, 0xD6, 0x58, 0xD6, 0x38, 0xCE, 0x39, 0xD6, 0x39, 0xD6, 0x38, 0xCE, 
	0x59, 0xCE, 0xBA, 0xD6, 0xFF, 0xFF, 0x27, 0x00, 0xDB, 0xDE, 0x9A, 0xD6, 0xB7, 0xB5, 0x96, 0xB5, 
	0x79, 0xDE, 0x79, 0xD6, 0x58, 0xD6, 0x58, 0xD6, 0x58, 0xD6, 0x59, 0xD6, 0x59, 0xD6, 0x59, 0xD6, 
	0xBA, 0xDE, 0xDE, 0xFF, 0xB6, 0xBD, 0x41, 0x08, 0xFF, 0xFF, 0x14, 0x00, 0x00, 0x00, 0x41, 0x08, 
	0xC3, 0x18, 0x45, 0x29, 0x86, 0x31, 0xC7, 0x39, 0x29, 0x4A, 0x8A, 0x52, 0xCB, 0x5A, 0x2C, 0x63, 
	0x6D, 0x6B, 0xAE, 0x73, 0xEF, 0x7B, 0x30, 0x84, 0x71, 0x8C, 0x92, 0x94, 0x92, 0x94, 0xB2, 0x94, 
	0xD3, 0x9C, 0x14, 0xA5, 0x75, 0xAD, 0xB6, 0xB5, 0x18, 0xC6, 0x79, 0xCE, 0xBA, 0xD6, 0x1C, 0xE7, 
	0x3C, 0xE7, 0x9E, 0xF7, 0xFF, 0xFF, 0x13, 0x00, 0xFE, 0xFF, 0xDF, 0xFF, 0xDF, 0xFF, 0xDF, 0xFF, 
	0xDE, 0xFF, 0xFF, 0xFF, 0x07, 0x00, 0xBE, 0xFF, 0x9E, 0xF7, 0x9E, 0xFF, 0x9E, 0xFF, 0x9E, 0xF7, 
	0x7D, 0xF7, 0x7D, 0xF7, 0x7D, 0xF7, 0x5D, 0xF7, 0x5D, 0xF7, 0x5D, 0xEF, 0x5D, 0xEF, 0x7D, 0xF7, 
	0xFF, 0xFF, 0x03, 0x00, 0x5D, 0xEF, 0xFF, 0xFF, 0x0A, 0x00, 0x3C, 0xEF, 0x1C, 0xEF, 0x3C, 0xEF, 
	0x1C, 0xEF, 0x3C, 0xEF, 0x1C, 0xEF, 0x1C, 0xEF, 0x1C, 0xE7, 0x1C, 0xE7, 0x1C, 0xE7, 0x1C, 0xEF, 
	0x1C, 0xEF, 0x1C, 0xE7, 0x1C, 0xEF, 0x1C, 0xE7, 0x1C, 0xE7, 0xFB, 0xE6, 0xFB, 0xE6, 0x1C, 0xE7, 
	0x1C, 0xE7, 0xFF, 0xFF, 0x06, 0x00, 0xFB, 0xE6, 0xDB, 0xE6, 0xDB, 0xDE, 0xDB, 0xDE, 0xFF, 0xFF, 
	0x07, 0x00, 0xBA, 0xDE, 0x9A, 0xDE, 0xB9, 0xD6, 0x9A, 0xD6, 0x99, 0xD6, 0xFF, 0xFF, 0x03, 0x00, 
	0x9A, 0xD6, 0x99, 0xDE, 0x79, 0xD6, 0x79, 0xD6, 0x59, 0xD6, 0x59, 0xD6, 0xBB, 0xDE, 0xFF, 0xFF, 
	0x1B, 0x00, 0xDB, 0xDE, 0xBB, 0xD6, 0x59, 0xCE, 0xD7, 0xBD, 0xB3, 0x94, 0xF3, 0xA4, 0x79, 0xD6, 
	0x79, 0xDE, 0x59, 0xD6, 0x59, 0xD6, 0x79, 0xD6, 0x59, 0xD6, 0x79, 0xD6, 0x79, 0xD6, 0xBA, 0xDE, 
	0x9E, 0xFF, 0x79, 0xD6, 0x86, 0x31, 0xFF, 0xFF, 0x92, 0x00, 0x00, 0x00, 0x48, 0x4A, 0xDB, 0xDE, 
	0xBE, 0xFF, 0xFB, 0xE6, 0x9A, 0xDE, 0xBA, 0xDE, 0xBA, 0xDE, 0xBA, 0xDE, 0xB9, 0xD6, 0xBA, 0xDE, 
	0xFF, 0xFF, 0x31, 0x00, 0xDB, 0xDE, 0xBB, 0xD6, 0x59, 0xCE, 0x55, 0xAD, 0x75, 0xB5, 0x79, 0xDE, 
	0x79, 0xD6, 0x39, 0xD6, 0x38, 0xCE, 0x59, 0xD6, 0x79, 0xD6, 0x58, 0xD6, 0x59, 0xD6, 0xFB, 0xE6, 
	0x7D, 0xF7, 0x92, 0x94, 0x20, 0x08, 0xFF, 0xFF, 0x03, 0x00, 0x00, 0x00, 0x41, 0x08, 0x24, 0x21, 
	0xE7, 0x39, 0xAA, 0x52, 0x4D, 0x6B, 0xCF, 0x7B, 0x51, 0x8C, 0xB2, 0x94, 0x14, 0xA5, 0xB6, 0xB5, 
	0x79, 0xCE, 0x3C, 0xEF, 0xBF, 0xFF, 0xFF, 0xFF, 0x06, 0x00, 0xFE, 0xFF, 0xBE, 0xFF, 0x5D, 0xEF, 
	0x5D, 0xEF, 0x3C, 0xEF, 0x1C, 0xEF, 0x1C, 0xE7, 0x1C, 0xEF, 0x3C, 0xEF, 0x1C, 0xEF, 0xFC, 0xEE, 
	0xFB, 0xE6, 0xFB, 0xE6, 0xFB, 0xE6, 0x1C, 0xEF, 0x1C, 0xEF, 0xFB, 0xE6, 0xFB, 0xE6, 0x1C, 0xE7, 
	0x1C, 0xEF, 0x1C, 0xEF, 0x3C, 0xEF, 0x1C, 0xEF, 0x1C, 0xEF, 0x1C, 0xE7, 0x1C, 0xEF, 0xFF, 0xFF, 
	0x0C, 0x00, 0x3C, 0xEF, 0xFF, 0xFF, 0x03, 0x00, 0x5D, 0xEF, 0xFF, 0xFF, 0x04, 0x00, 0x3C, 0xEF, 
	0x5D, 0xEF, 0x5D, 0xEF, 0x5D, 0xEF, 0xFF, 0xFF, 0x03, 0x00, 0x3C, 0xEF, 0x5D, 0xEF, 0x3C, 0xEF, 
	0xFF, 0xFF, 0x04, 0x00, 0x5D, 0xEF, 0xFF, 0xFF, 0x0B, 0x00, 0x3C, 0xEF, 0xFF, 0xFF, 0x05, 0x00, 
	0x1C, 0xEF, 0x3C, 0xEF, 0x1C, 0xEF, 0x3C, 0xEF, 0x1C, 0xEF, 0x1C, 0xEF, 0x1C, 0xE7, 0x1C, 0xE7, 
	0xFB, 0xE6, 0xFB, 0xE6, 0x1C, 0xE7, 0x1C, 0xE7, 0x1C, 0xEF, 0x1C, 0xE7, 0x1C, 0xE7, 0xFB, 0xE6, 
	0xFB, 0xE6, 0xFB, 0xE6, 0xDB, 0xE6, 0xFB, 0xE6, 0xFB, 0xE6, 0xFB, 0xE6, 0xDB, 0xE6, 0xDB, 0xE6, 
	0xDB, 0xE6, 0xDB, 0xDE, 0xDB, 0xDE, 0xBA, 0xDE, 0xDB, 0xDE, 0xFF, 0xFF, 0x03, 0x00, 0xBA, 0xDE, 
	0xFF, 0xFF, 0x04, 0x00, 0x9A, 0xDE, 0x9A, 0xD6, 0x9A, 0xD6, 0x9A, 0xD6, 0x99, 0xD6, 0x99, 0xD6, 
	0x99, 0xD6, 0x79, 0xD6, 0x79, 0xD6, 0x59, 0xD6, 0x59, 0xD6, 0x79, 0xD6, 0x79, 0xD6, 0x59, 0xD6, 
	0x38, 0xCE, 0x38, 0xCE, 0x39, 0xD6, 0x38, 0xCE, 0x38, 0xCE, 0x9A, 0xD6, 0xFF, 0xFF, 0x27, 0x00, 
	0xDB, 0xDE, 0x9A, 0xD6, 0xD7, 0xB5, 0xB6, 0xB5, 0x79, 0xD6, 0x59, 0xD6, 0x39, 0xD6, 0x39, 0xD6, 
	0x38, 0xCE, 0x58, 0xD6, 0x79, 0xD6, 0x58, 0xD6, 0x79, 0xD6, 0xDE, 0xFF, 0x95, 0xB5, 0x41, 0x08, 
	0x00, 0x00, 0x00, 0x00, 0x41, 0x08, 0xA2, 0x10, 0xE3, 0x18, 0x44, 0x29, 0x65, 0x29, 0xA6, 0x31, 
	0xE7, 0x39, 0x48, 0x4A, 0x69, 0x52, 0xAA, 0x5A, 0xEB, 0x5A, 0x0C, 0x63, 0x4D, 0x6B, 0x6D, 0x6B, 
	0x8E, 0x73, 0x8E, 0x73, 0xCF, 0x7B, 0x10, 0x84, 0x71, 0x8C, 0xD3, 0x9C, 0x34, 0xA5, 0xB6, 0xB5, 
	0x18, 0xC6, 0x59, 0xCE, 0xBA, 0xD6, 0xFC, 0xE6, 0x5D, 0xEF, 0xBE, 0xF7, 0xFF, 0xFF, 0x13, 0x00, 
	0xFE, 0xFF, 0xFF, 0xFF, 0x03, 0x00, 0xDE, 0xFF, 0xBE, 0xF7, 0xFF, 0xFF, 0x04, 0x00, 0x9E, 0xF7, 
	0x7E, 0xF7, 0xFF, 0xFF, 0x03, 0x00, 0x9E, 0xF7, 0xFF, 0xFF, 0x04, 0x00, 0x7D, 0xF7, 0x5D, 0xF7, 
	0x5D, 0xEF, 0xFF, 0xFF, 0x03, 0x00, 0x5D, 0xF7, 0xFF, 0xFF, 0x0A, 0x00, 0x5D, 0xEF, 0x3C, 0xEF, 
	0x3C, 0xEF, 0x3C, 0xEF, 0xFF, 0xFF, 0x04, 0x00, 0x5D, 0xEF, 0xFF, 0xFF, 0x03, 0x00, 0x3C, 0xEF, 
	0x5D, 0xEF, 0x5D, 0xF7, 0x3D, 0xF7, 0x3C, 0xEF, 0x3D, 0xF7, 0x3C, 0xEF, 0x3C, 0xEF, 0x3C, 0xEF, 
	0x1C, 0xE7, 0x1C, 0xEF, 0x1C, 0xEF, 0x3C, 0xEF, 0x1C, 0xEF, 0x1C, 0xEF, 0x1C, 0xE7, 0x1C, 0xE7, 
	0x1C, 0xEF, 0x3C, 0xEF, 0x1C, 0xEF, 0xFB, 0xE6, 0xFF, 0xFF, 0x03, 0x00, 0x1C, 0xE7, 0xFF, 0xFF, 
	0x05, 0x00, 0xFB, 0xE6, 0xDB, 0xE6, 0xDB, 0xE6, 0xFB, 0xE6, 0xFB, 0xE6, 0xDB, 0xE6, 0xDB, 0xDE, 
	0xFF, 0xFF, 0x06, 0x00, 0xBA, 0xDE, 0x9A, 0xDE, 0x9A, 0xDE, 0x9A, 0xDE, 0x99, 0xDE, 0x99, 0xDE, 
	0x9A, 0xDE, 0x9A, 0xDE, 0x9A, 0xD6, 0x79, 0xD6, 0x99, 0xD6, 0x79, 0xD6, 0x79, 0xD6, 0x79, 0xD6, 
	0x58, 0xD6, 0x59, 0xD6, 0xBB, 0xDE, 0xFF, 0xFF, 0x1B, 0x00, 0xDB, 0xDE, 0xBB, 0xD6, 0x59, 0xCE, 
	0xB7, 0xB5, 0x92, 0x94, 0xF4, 0xA4, 0x79, 0xD6, 0x79, 0xDE, 0x39, 0xD6, 0x59, 0xD6, 0x79, 0xD6, 
	0x59, 0xD6, 0x59, 0xD6, 0x79, 0xD6, 0xDA, 0xE6, 0x9D, 0xFF, 0x38, 0xCE, 0x65, 0x29, 0xFF, 0xFF, 
	0x92, 0x00, 0x00, 0x00, 0x69, 0x4A, 0x1B, 0xE7, 0xBE, 0xFF, 0xDB, 0xE6, 0x9A, 0xDE, 0x9A, 0xDE, 
	0x9A, 0xDE, 0xBA, 0xDE, 0xB9, 0xD6, 0xBA, 0xDE, 0xFF, 0xFF, 0x32, 0x00, 0xDB, 0xDE, 0x7A, 0xCE, 
	0x76, 0xB5, 0x55, 0xAD, 0x79, 0xD6, 0x79, 0xD6, 0x38, 0xD6, 0x38, 0xCE, 0x38, 0xCE, 0x58, 0xD6, 
	0x59, 0xD6, 0x59, 0xD6, 0x9A, 0xDE, 0x3C, 0xEF, 0xB6, 0xBD, 0x69, 0x52, 0x69, 0x4A, 0x2C, 0x63, 
	0x6D, 0x6B, 0xCF, 0x7B, 0xD3, 0x9C, 0xB6, 0xB5, 0x9A, 0xD6, 0x1C, 0xE7, 0x9E, 0xF7, 0xFF, 0xFF, 
	0x05, 0x00, 0xFE, 0xFF, 0xDF, 0xFF, 0xBE, 0xFF, 0x5D, 0xEF, 0xFF, 0xFF, 0x04, 0x00, 0x3C, 0xEF, 
	0x1C, 0xE7, 0xFB, 0xE6, 0xBA, 0xDE, 0xDB, 0xDE, 0xDB, 0xE6, 0xFF, 0xFF, 0x03, 0x00, 0xFB, 0xE6, 
	0x1C, 0xEF, 0xFF, 0xFF, 0x03, 0x00, 0xFB, 0xE6, 0xFC, 0xEE, 0x1C, 0xE7, 0xFB, 0xE6, 0xFB, 0xE6, 
	0x1C, 0xE7, 0x1C, 0xEF, 0x1C, 0xE7, 0x1C, 0xEF, 0x1C, 0xE7, 0x3C, 0xEF, 0x3C, 0xEF, 0x1C, 0xE7, 
	0x1C, 0xE7, 0xFF, 0xFF, 0x19, 0x00, 0x3C, 0xEF, 0x5D, 0xEF, 0x5D, 0xEF, 0x5D, 0xEF, 0xFF, 0xFF, 
	0x0E, 0x00, 0x3C, 0xEF, 0x1C, 0xEF, 0x3C, 0xEF, 0xFF, 0xFF, 0x09, 0x00, 0x1C, 0xEF, 0x1C, 0xE7, 
	0x1C, 0xE7, 0xFB, 0xE6, 0xFB, 0xE6, 0xFB, 0xE6, 0x1C, 0xE7, 0x1C, 0xE7, 0x1C, 0xEF, 0x1C, 0xE7, 
	0xFB, 0xE6, 0xFB, 0xE6, 0xFB, 0xE6, 0xDB, 0xE6, 0xFF, 0xFF, 0x03, 0x00, 0xFB, 0xE6, 0xDB, 0xE6, 
	0xFF, 0xFF, 0x03, 0x00, 0xDB, 0xDE, 0xBA, 0xDE, 0xBA, 0xDE, 0xDB, 0xDE, 0xBA, 0xDE, 0xBA, 0xDE, 
	0xBA, 0xDE, 0xFF, 0xFF, 0x05, 0x00, 0x9A, 0xDE, 0x9A, 0xD6, 0x9A, 0xD6, 0x9A, 0xD6, 0x99, 0xD6, 
	0x79, 0xD6, 0x79, 0xD6, 0x79, 0xD6, 0x59, 0xD6, 0x59, 0xD6, 0x79, 0xD6, 0x79, 0xD6, 0x79, 0xD6, 
	0x58, 0xD6, 0x38, 0xCE, 0x39, 0xD6, 0x38, 0xCE, 0x18, 0xCE, 0x38, 0xCE, 0x79, 0xD6, 0xFF, 0xFF, 
	0x27, 0x00, 0xDB, 0xDE, 0x9A, 0xD6, 0xF7, 0xBD, 0xB7, 0xBD, 0x59, 0xD6, 0x59, 0xD6, 0x39, 0xD6, 
	0x39, 0xD6, 0x38, 0xD6, 0x58, 0xD6, 0x58, 0xD6, 0x59, 0xD6, 0x79, 0xD6, 0x5C, 0xF7, 0x38, 0xCE, 
	0xEB, 0x62, 0xCB, 0x5A, 0x8E, 0x73, 0x10, 0x84, 0xB2, 0x94, 0x13, 0xA5, 0x55, 0xAD, 0xB6, 0xB5, 
	0x17, 0xC6, 0x59, 0xCE, 0x9A, 0xD6, 0xFB, 0xE6, 0x3C, 0xEF, 0x7D, 0xF7, 0xDE, 0xFF, 0xFF, 0xFF, 
	0x11, 0x00, 0xFE, 0xFF, 0xBF, 0xFF, 0xBE, 0xFF, 0x9E, 0xF7, 0x9E, 0xF7, 0x9E, 0xF7, 0xFF, 0xFF, 
	0x03, 0x00, 0x9D, 0xF7, 0xFF, 0xFF, 0x06, 0x00, 0x7D, 0xF7, 0x5D, 0xEF, 0x5C, 0xEF, 0x3C, 0xEF, 
	0x5C, 0xEF, 0x5D, 0xEF, 0x5D, 0xEF, 0x3C, 0xEF, 0x3C, 0xEF, 0x1C, 0xEF, 0x1C, 0xEF, 0xFF, 0xFF, 
	0x03, 0x00, 0x3C, 0xEF, 0x5D, 0xEF, 0x5D, 0xEF, 0xFF, 0xFF, 0x03, 0x00, 0x3C, 0xEF, 0x5D, 0xEF, 
	0x5D, 0xF7, 0x3D, 0xF7, 0x3D, 0xF7, 0x5C, 0xF7, 0xFF, 0xFF, 0x04, 0x00, 0x5D, 0xEF, 0xFF, 0xFF, 
	0x05, 0x00, 0x5D, 0xF7, 0x3D, 0xF7, 0x3D, 0xF7, 0x3C, 0xF7, 0xFF, 0xFF, 0x06, 0x00, 0x3C, 0xEF, 
	0x5C, 0xEF, 0xFF, 0xFF, 0x03, 0x00, 0x3C, 0xEF, 0x5D, 0xEF, 0x5D, 0xEF, 0x5D, 0xEF, 0x3C, 0xEF, 
	0x3C, 0xEF, 0x1C, 0xEF, 0x1C, 0xEF, 0x1C, 0xE7, 0xFB, 0xE6, 0x1C, 0xEF, 0x3C, 0xEF, 0x3C, 0xEF, 
	0x1C, 0xEF, 0x3C, 0xEF, 0xFF, 0xFF, 0x03, 0x00, 0x1C, 0xEF, 0x1C, 0xE7, 0xFB, 0xE6, 0xFF, 0xFF, 
	0x04, 0x00, 0x1C, 0xE7, 0xFB, 0xE6, 0xFB, 0xE6, 0xFB, 0xE6, 0xDB, 0xE6, 0xDB, 0xE6, 0xDB, 0xE6, 
	0xFB, 0xE6, 0xFB, 0xE6, 0xDB, 0xE6, 0xDB, 0xDE, 0xDB, 0xDE, 0xBA, 0xDE, 0xBA, 0xDE, 0xBA, 0xDE, 
	0xDB, 0xDE, 0xDB, 0xDE, 0xBA, 0xDE, 0x9A, 0xDE, 0x9A, 0xD6, 0x9A, 0xDE, 0x9A, 0xDE, 0x9A, 0xD6, 
	0x9A, 0xD6, 0x9A, 0xDE, 0x9A, 0xDE, 0x99, 0xD6, 0x79, 0xD6, 0x79, 0xD6, 0x99, 0xD6, 0x79, 0xDE, 
	0x59, 0xD6, 0x59, 0xD6, 0x59, 0xD6, 0xBB, 0xDE, 0xFF, 0xFF, 0x1B, 0x00, 0xDB, 0xDE, 0xBB, 0xD6, 
	0x59, 0xCE, 0xB7, 0xB5, 0x92, 0x94, 0xF4, 0xA4, 0x79, 0xD6, 0x7A, 0xDE, 0x39, 0xD6, 0x38, 0xD6, 
	0xFF, 0xFF, 0x03, 0x00, 0x59, 0xD6, 0xDB, 0xE6, 0xBE, 0xFF, 0xF7, 0xC5, 0x45, 0x29, 0xFF, 0xFF, 
	0x92, 0x00, 0x00, 0x00, 0x8A, 0x52, 0x3C, 0xEF, 0xBE, 0xFF, 0xDA, 0xE6, 0x9A, 0xDE, 0x9A, 0xDE, 
	0x9A, 0xDE, 0xBA, 0xDE, 0x99, 0xDE, 0xBA, 0xDE, 0xFF, 0xFF, 0x32, 0x00, 0xDB, 0xDE, 0x9A, 0xD6, 
	0xB6, 0xB5, 0x54, 0xAD, 0x79, 0xD6, 0x79, 0xD6, 0x39, 0xD6, 0x38, 0xCE, 0x38, 0xD6, 0x18, 0xCE, 
	0x59, 0xD6, 0x59, 0xD6, 0x79, 0xD6, 0xDB, 0xE6, 0xFB, 0xE6, 0x38, 0xCE, 0xDA, 0xDE, 0xBE, 0xFF, 
	0xFF, 0xFF, 0x04, 0x00, 0xFE, 0xFF, 0xDE, 0xFF, 0x9D, 0xF7, 0x5D, 0xEF, 0x5C, 0xEF, 0x3C, 0xEF, 
	0x3C, 0xEF, 0x1C, 0xE7, 0xFB, 0xE6, 0xDB, 0xE6, 0xDB, 0xDE, 0xBA, 0xDE, 0xBB, 0xE6, 0xDB, 0xE6, 
	0xBA, 0xDE, 0xBA, 0xDE, 0xBA, 0xDE, 0xFF, 0xFF, 0x04, 0x00, 0xDB, 0xE6, 0xFF, 0xFF, 0x03, 0x00, 
	0xFB, 0xE6, 0xFC, 0xEE, 0x1C, 0xEF, 0x1C, 0xE7, 0x1C, 0xE7, 0x1B, 0xE7, 0xFB, 0xE6, 0x1B, 0xE7, 
	0x1B, 0xE7, 0xFF, 0xFF, 0x04, 0x00, 0x1C, 0xE7, 0x1C, 0xEF, 0x3C, 0xEF, 0x3C, 0xEF, 0x1C, 0xEF, 
	0x1C, 0xEF, 0xFF, 0xFF, 0x22, 0x00, 0x3C, 0xEF, 0x5D, 0xEF, 0x3C, 0xEF, 0x3C, 0xEF, 0x3C, 0xEF, 
	0x1C, 0xEF, 0x1C, 0xEF, 0x3C, 0xEF, 0x1C, 0xEF, 0xFF, 0xFF, 0x03, 0x00, 0x3C, 0xEF, 0xFF, 0xFF, 
	0x07, 0x00, 0x1C, 0xEF, 0x1C, 0xE7, 0xFF, 0xFF, 0x03, 0x00, 0xFB, 0xE6, 0xFF, 0xFF, 0x03, 0x00, 
	0x1C, 0xE7, 0xFF, 0xFF, 0x03, 0x00, 0xFB, 0xE6, 0xDB, 0xE6, 0xDB, 0xE6, 0xFB, 0xE6, 0xDB, 0xE6, 
	0xFB, 0xE6, 0xDB, 0xDE, 0xDB, 0xDE, 0xDB, 0xDE, 0xBA, 0xDE, 0xDB, 0xDE, 0xFF, 0xFF, 0x05, 0x00, 
	0xBA, 0xDE, 0x9A, 0xDE, 0x9A, 0xDE, 0x9A, 0xD6, 0x9A, 0xDE, 0x9A, 0xDE, 0x9A, 0xDE, 0x9A, 0xD6, 
	0x9A, 0xD6, 0x99, 0xD6, 0x99, 0xD6, 0xFF, 0xFF, 0x06, 0x00, 0x79, 0xD6, 0x58, 0xD6, 0x59, 0xD6, 
	0x38, 0xCE, 0x39, 0xD6, 0x38, 0xCE, 0x18, 0xCE, 0x18, 0xCE, 0x79, 0xD6, 0xFF, 0xFF, 0x27, 0x00, 
	0xDB, 0xDE, 0x9A, 0xD6, 0xF8, 0xBD, 0xF8, 0xBD, 0x59, 0xD6, 0x59, 0xD6, 0x39, 0xCE, 0x39, 0xD6, 
	0x38, 0xCE, 0x38, 0xCE, 0x59, 0xD6, 0x79, 0xD6, 0x79, 0xD6, 0x99, 0xDE, 0xFB, 0xE6, 0x9D, 0xF7, 
	0xDE, 0xFF, 0xDF, 0xFF, 0xDF, 0xFF, 0xFE, 0xFF, 0xDF, 0xFF, 0xDE, 0xFF, 0xDF, 0xFF, 0xDF, 0xFF, 
	0xBE, 0xFF, 0x9E, 0xFF, 0x9E, 0xFF, 0x9E, 0xFF, 0x9E, 0xF7, 0x9E, 0xF7, 0x9E, 0xF7, 0x7D, 0xF7, 
	0x5D, 0xEF, 0xFF, 0xFF, 0x06, 0x00, 0x7D, 0xF7, 0x5C, 0xEF, 0xFF, 0xFF, 0x05, 0x00, 0x3C, 0xEF, 
	0x1C, 0xE7, 0x1C, 0xEF, 0xFB, 0xE6, 0xFB, 0xE6, 0xFB, 0xE6, 0xFF, 0xFF, 0x04, 0x00, 0x1C, 0xE7, 
	0x1C, 0xEF, 0x3C, 0xEF, 0x3C, 0xEF, 0x1C, 0xEF, 0x1C, 0xE7, 0x1C, 0xE7, 0xFF, 0xFF, 0x06, 0x00, 
	0x3C, 0xEF, 0x5D, 0xEF, 0xFF, 0xFF, 0x07, 0x00, 0x3C, 0xEF, 0x5D, 0xEF, 0x3C, 0xEF, 0x5D, 0xEF, 
	0x5D, 0xF7, 0xFF, 0xFF, 0x04, 0x00, 0x5D, 0xEF, 0x3C, 0xEF, 0x3C, 0xEF, 0x3C, 0xEF, 0xFF, 0xFF, 
	0x04, 0x00, 0x5D, 0xEF, 0x3C, 0xEF, 0xFF, 0xFF, 0x03, 0x00, 0x5D, 0xF7, 0x3D, 0xF7, 0xFF, 0xFF, 
	0x0F, 0x00, 0x3C, 0xEF, 0x1C, 0xEF, 0xFF, 0xFF, 0x03, 0x00, 0x3C, 0xEF, 0x1C, 0xEF, 0x3C, 0xEF, 
	0x3C, 0xEF, 0xFF, 0xFF, 0x05, 0x00, 0x1C, 0xEF, 0xFF, 0xFF, 0x06, 0x00, 0x1C, 0xE7, 0xFF, 0xFF, 
	0x03, 0x00, 0xFB, 0xE6, 0xDB, 0xE6, 0xDB, 0xE6, 0xDB, 0xE6, 0xFB, 0xE6, 0xFB, 0xE6, 0xDB, 0xDE, 
	0xDB, 0xDE, 0xDB, 0xDE, 0xBA, 0xDE, 0xBA, 0xDE, 0xBA, 0xDE, 0xDB, 0xDE, 0xBA, 0xDE, 0x9A, 0xDE, 
	0x9A, 0xDE, 0x9A, 0xDE, 0xBA, 0xDE, 0x9A, 0xDE, 0x9A, 0xD6, 0x9A, 0xD6, 0x99, 0xDE, 0x99, 0xD6, 
	0x99, 0xD6, 0x99, 0xD6, 0xFF, 0xFF, 0x03, 0x00, 0x79, 0xD6, 0x59, 0xD6, 0x59, 0xD6, 0xBB, 0xDE, 
	0xFF, 0xFF, 0x1B, 0x00, 0xDB, 0xDE, 0xBB, 0xD6, 0x59, 0xCE, 0xB6, 0xB5, 0x92, 0x94, 0x14, 0xA5, 
	0x79, 0xD6, 0x79, 0xD6, 0x38, 0xCE, 0x38, 0xD6, 0x58, 0xD6, 0x59, 0xD6, 0x59, 0xD6, 0x59, 0xD6, 
	0xFB, 0xE6, 0xBE, 0xFF, 0xB6, 0xBD, 0x44, 0x29, 0xFF, 0xFF, 0x92, 0x00, 0x00, 0x00, 0xAA, 0x5A, 
	0x7D, 0xF7, 0x9E, 0xFF, 0xDA, 0xDE, 0x9A, 0xDE, 0x9A, 0xDE, 0xBA, 0xDE, 0xBA, 0xDE, 0x99, 0xDE, 
	0xBA, 0xDE, 0xFF, 0xFF, 0x32, 0x00, 0xDB, 0xDE, 0xBB, 0xD6, 0xD7, 0xBD, 0x34, 0xA5, 0x58, 0xCE, 
	0x79, 0xD6, 0x39, 0xD6, 0x39, 0xD6, 0x38, 0xD6, 0x38, 0xCE, 0x59, 0xD6, 0x79, 0xD6, 0x79, 0xD6, 
	0x99, 0xDE, 0xDA, 0xE6, 0xFB, 0xE6, 0xFF, 0xFF, 0x03, 0x00, 0x3C, 0xEF, 0x1B, 0xE7, 0xFB, 0xE6, 
	0xDB, 0xDE, 0xDB, 0xDE, 0xBA, 0xDE, 0xBA, 0xDE, 0x9A, 0xDE, 0x9A, 0xD6, 0x9A, 0xD6, 0xFF, 0xFF, 
	0x03, 0x00, 0x9A, 0xDE, 0xBA, 0xDE, 0xBA, 0xDE, 0xBB, 0xE6, 0xFF, 0xFF, 0x09, 0x00, 0xDB, 0xE6, 
	0xFB, 0xE6, 0xFB, 0xE6, 0xFB, 0xEE, 0xFC, 0xEE, 0x1C, 0xE7, 0x1C, 0xE7, 0x1C, 0xE7, 0x1B, 0xE7, 
	0xFB, 0xE6, 0xFB, 0xE6, 0xFB, 0xE6, 0xFF, 0xFF, 0x03, 0x00, 0x1C, 0xE7, 0xFF, 0xFF, 0x08, 0x00, 
	0x1C, 0xEF, 0x3C, 0xEF, 0x1C, 0xEF, 0xFF, 0xFF, 0x20, 0x00, 0x3C, 0xEF, 0xFF, 0xFF, 0x04, 0x00, 
	0x1C, 0xEF, 0xFF, 0xFF, 0x03, 0x00, 0x3C, 0xEF, 0xFF, 0xFF, 0x05, 0x00, 0x1C, 0xEF, 0x1C, 0xE7, 
	0xFF, 0xFF, 0x04, 0x00, 0xFB, 0xE6, 0xFF, 0xFF, 0x03, 0x00, 0x1C, 0xE7, 0xFF, 0xFF, 0x08, 0x00, 
	0xFB, 0xE6, 0xDB, 0xE6, 0xDB, 0xDE, 0xDB, 0xDE, 0xFF, 0xFF, 0x07, 0x00, 0xBA, 0xDE, 0x9A, 0xDE, 
	0x9A, 0xDE, 0x9A, 0xDE, 0x9A, 0xD6, 0x9A, 0xDE, 0x9A, 0xDE, 0x9A, 0xD6, 0x99, 0xD6, 0x99, 0xD6, 
	0x99, 0xD6, 0xFF, 0xFF, 0x03, 0x00, 0x79, 0xD6, 0x59, 0xD6, 0x59, 0xD6, 0x59, 0xD6, 0x58, 0xD6, 
	0x58, 0xD6, 0x58, 0xD6, 0x38, 0xCE, 0x38, 0xCE, 0x18, 0xCE, 0x18, 0xCE, 0x59, 0xCE, 0xFF, 0xFF, 
	0x27, 0x00, 0xDB, 0xDE, 0x9A, 0xD6, 0xF8, 0xBD, 0x18, 0xC6, 0x38, 0xD6, 0x59, 0xD6, 0x39, 0xCE, 
	0x39, 0xD6, 0x58, 0xD6, 0x38, 0xCE, 0x59, 0xD6, 0x59, 0xD6, 0x79, 0xD6, 0x59, 0xD6, 0xBA, 0xDE, 
	0x3C, 0xEF, 0x5C, 0xEF, 0x3C, 0xEF, 0x1C, 0xE7, 0x1C, 0xE7, 0x3C, 0xEF, 0x1C, 0xE7, 0x1C, 0xE7, 
	0x1C, 0xE7, 0xFB, 0xE6, 0xDB, 0xE6, 0xDB, 0xDE, 0xBA, 0xDE, 0xBA, 0xDE, 0xDB, 0xDE, 0xDB, 0xE6, 
	0xDB, 0xE6, 0xDB, 0xDE, 0xBA, 0xDE, 0xBA, 0xDE, 0xBA, 0xDE, 0xDB, 0xDE, 0xDB, 0xE6, 0xFB, 0xE6, 
	0xFB, 0xE6, 0xDB, 0xDE, 0xBA, 0xDE, 0xDB, 0xDE, 0xDB, 0xE6, 0xDB, 0xE6, 0xDB, 0xE6, 0xFF, 0xFF, 
	0x05, 0x00, 0xFB, 0xE6, 0x1C, 0xE7, 0x1C, 0xE7, 0x1C, 0xEF, 0x1C, 0xEF, 0xFF, 0xFF, 0x03, 0x00, 
	0x1C, 0xE7, 0xFB, 0xE6, 0x1C, 0xE7, 0x1C, 0xEF, 0x1C, 0xEF, 0xFF, 0xFF, 0x09, 0x00, 0x3C, 0xEF, 
	0x5D, 0xEF, 0x5D, 0xEF, 0xFF, 0xFF, 0x04, 0x00, 0x3C, 0xEF, 0x5D, 0xEF, 0x5D, 0xEF, 0xFF, 0xFF, 
	0x03, 0x00, 0x3C, 0xEF, 0xFF, 0xFF, 0x03, 0x00, 0x5D, 0xEF, 0x5D, 0xF7, 0x5D, 0xEF, 0xFF, 0xFF, 
	0x0E, 0x00, 0x3C, 0xEF, 0x5D, 0xEF, 0x5D, 0xEF, 0x5D, 0xEF, 0x3C, 0xEF, 0x5D, 0xEF, 0x5D, 0xEF, 
	0x5D, 0xEF, 0x3C, 0xEF, 0x3C, 0xEF, 0x1C, 0xEF, 0x1C, 0xEF, 0xFF, 0xFF, 0x06, 0x00, 0x3C, 0xEF, 
	0xFF, 0xFF, 0x03, 0x00, 0x1C, 0xE7, 0x1C, 0xEF, 0x1C, 0xE7, 0xFB, 0xE6, 0xFB, 0xE6, 0xFF, 0xFF, 
	0x04, 0x00, 0x1C, 0xE7, 0xFF, 0xFF, 0x06, 0x00, 0xFB, 0xE6, 0xDB, 0xDE, 0xDB, 0xE6, 0xDB, 0xDE, 
	0xFF, 0xFF, 0x06, 0x00, 0xBA, 0xDE, 0x9A, 0xDE, 0x9A, 0xDE, 0x9A, 0xDE, 0xBA, 0xDE, 0x9A, 0xDE, 
	0x99, 0xD6, 0x99, 0xD6, 0x99, 0xD6, 0x79, 0xD6, 0x79, 0xD6, 0x99, 0xD6, 0xFF, 0xFF, 0x03, 0x00, 
	0x79, 0xD6, 0x58, 0xD6, 0x38, 0xD6, 0xBA, 0xDE, 0xFF, 0xFF, 0x1B, 0x00, 0xDB, 0xDE, 0xBB, 0xD6, 
	0x59, 0xCE, 0x96, 0xB5, 0x92, 0x94, 0x14, 0xA5, 0x79, 0xD6, 0x79, 0xD6, 0x38, 0xCE, 0x38, 0xD6, 
	0x58, 0xD6, 0x58, 0xD6, 0x59, 0xD6, 0x59, 0xD6, 0xFB, 0xE6, 0x9D, 0xFF, 0x75, 0xB5, 0x04, 0x21, 
	0xFF, 0xFF, 0x92, 0x00, 0x00, 0x00, 0xCB, 0x5A, 0x9E, 0xFF, 0x9E, 0xFF, 0xBA, 0xDE, 0x9A, 0xDE, 
	0x9A, 0xDE, 0x9A, 0xDE, 0x99, 0xD6, 0x99, 0xD6, 0xBA, 0xDE, 0xFF, 0xFF, 0x32, 0x00, 0xDB, 0xDE, 
	0xBB, 0xD6, 0xD7, 0xBD, 0x34, 0xA5, 0x17, 0xC6, 0x79, 0xD6, 0x38, 0xCE, 0x38, 0xCE, 0x38, 0xCE, 
	0x38, 0xD6, 0x18, 0xCE, 0x58, 0xD6, 0x79, 0xD6, 0x38, 0xCE, 0x79, 0xD6, 0xBA, 0xDE, 0x9A, 0xDE, 
	0x59, 0xD6, 0x59, 0xD6, 0x79, 0xD6, 0x79, 0xD6, 0x79, 0xD6, 0x9A, 0xD6, 0x9A, 0xD6, 0x9A, 0xDE, 
	0xFF, 0xFF, 0x03, 0x00, 0x9A, 0xD6, 0x9A, 0xDE, 0xFF, 0xFF, 0x05, 0x00, 0xBA, 0xDE, 0xBB, 0xE6, 
	0xDB, 0xE6, 0xFB, 0xE6, 0xFB, 0xE6, 0xDB, 0xDE, 0xFF, 0xFF, 0x04, 0x00, 0xFB, 0xE6, 0xFC, 0xEE, 
	0xFC, 0xEE, 0xFB, 0xE6, 0xFB, 0xE6, 0xFF, 0xFF, 0x03, 0x00, 0x1C, 0xE7, 0x1B, 0xE7, 0xDB, 0xE6, 
	0xFB, 0xE6, 0xFB, 0xE6, 0x1C, 0xE7, 0x1C, 0xE7, 0x1C, 0xEF, 0x1C, 0xEF, 0x1C, 0xE7, 0xFF, 0xFF, 
	0x0D, 0x00, 0x1C, 0xEF, 0xFF, 0xFF, 0x16, 0x00, 0x3C, 0xEF, 0xFF, 0xFF, 0x09, 0x00, 0x1C, 0xEF, 
	0xFF, 0xFF, 0x03, 0x00, 0x3C, 0xEF, 0x1C, 0xEF, 0xFF, 0xFF, 0x04, 0x00, 0x1C, 0xE7, 0xFF, 0xFF, 
	0x05, 0x00, 0xFB, 0xE6, 0x1C, 0xE7, 0x1C, 0xE7, 0xFB, 0xE6, 0xFB, 0xE6, 0xFB, 0xE6, 0xDB, 0xE6, 
	0xFF, 0xFF, 0x05, 0x00, 0xFB, 0xE6, 0xDB, 0xE6, 0xDB, 0xDE, 0xFF, 0xFF, 0x05, 0x00, 0xBA, 0xDE, 
	0x9A, 0xDE, 0xBA, 0xDE, 0x9A, 0xDE, 0xBA, 0xDE, 0xBA, 0xDE, 0x9A, 0xDE, 0x9A, 0xDE, 0x9A, 0xD6, 
	0x9A, 0xD6, 0x9A, 0xD6, 0x99, 0xD6, 0x99, 0xD6, 0x79, 0xD6, 0x99, 0xD6, 0xFF, 0xFF, 0x03, 0x00, 
	0x79, 0xD6, 0x59, 0xD6, 0x59, 0xD6, 0x58, 0xD6, 0x58, 0xD6, 0xFF, 0xFF, 0x05, 0x00, 0x38, 0xCE, 
	0x58, 0xCE, 0xFF, 0xFF, 0x27, 0x00, 0xDB, 0xDE, 0xBB, 0xD6, 0x18, 0xBE, 0x18, 0xC6, 0x38, 0xCE, 
	0x79, 0xD6, 0x38, 0xCE, 0x38, 0xCE, 0x39, 0xD6, 0x59, 0xD6, 0x39, 0xD6, 0x59, 0xD6, 0x59, 0xD6, 
	0x79, 0xD6, 0x79, 0xD6, 0x79, 0xD6, 0x58, 0xD6, 0x58, 0xD6, 0x58, 0xD6, 0xFF, 0xFF, 0x03, 0x00, 
	0x79, 0xD6, 0xFF, 0xFF, 0x03, 0x00, 0x9A, 0xD6, 0x79, 0xD6, 0x9A, 0xD6, 0x9A, 0xDE, 0xBA, 0xDE, 
	0xBA, 0xDE, 0xBA, 0xDE, 0x9A, 0xDE, 0x9A, 0xDE, 0xBA, 0xDE, 0xBA, 0xDE, 0xDB, 0xDE, 0xDB, 0xE6, 
	0xFB, 0xE6, 0xDB, 0xE6, 0xDB, 0xE6, 0xFF, 0xFF, 0x04, 0x00, 0xFB, 0xE6, 0x1C, 0xE7, 0x1C, 0xE7, 
	0x1C, 0xE7, 0xFF, 0xFF, 0x06, 0x00, 0xFB, 0xE6, 0x1C, 0xE7, 0x1C, 0xEF, 0x3C, 0xEF, 0x1C, 0xEF, 
	0x3C, 0xEF, 0x3C, 0xEF, 0x1C, 0xEF, 0x1C, 0xEF, 0x1C, 0xE7, 0x1C, 0xE7, 0xFF, 0xFF, 0x05, 0x00, 
	0x3C, 0xEF, 0x5D, 0xEF, 0x3C, 0xEF, 0x5D, 0xEF, 0xFF, 0xFF, 0x05, 0x00, 0x3C, 0xEF, 0x5D, 0xEF, 
	0x5D, 0xEF, 0x3C, 0xEF, 0x3C, 0xEF, 0x3C, 0xEF, 0x5D, 0xF7, 0x5D, 0xEF, 0xFF, 0xFF, 0x0E, 0x00, 
	0x3C, 0xEF, 0x5D, 0xEF, 0x5D, 0xEF, 0xFF, 0xFF, 0x09, 0x00, 0x3C, 0xEF, 0x1C, 0xEF, 0x1C, 0xE7, 
	0x1C, 0xEF, 0x1C, 0xEF, 0x1C, 0xEF, 0xFF, 0xFF, 0x03, 0x00, 0x1C, 0xE7, 0x1C, 0xEF, 0x1C, 0xE7, 
	0xFB, 0xE6, 0xFF, 0xFF, 0x03, 0x00, 0x1C, 0xE7, 0xFB, 0xE6, 0xFB, 0xE6, 0x1C, 0xEF, 0x1C, 0xE7, 
	0xFF, 0xFF, 0x03, 0x00, 0xFB, 0xE6, 0xDB, 0xE6, 0xFB, 0xE6, 0xFB, 0xE6, 0xDB, 0xE6, 0xDB, 0xE6, 
	0xFB, 0xE6, 0xDB, 0xE6, 0xDB, 0xDE, 0xBA, 0xDE, 0xBA, 0xDE, 0x9A, 0xDE, 0xFF, 0xFF, 0x03, 0x00, 
	0xBA, 0xDE, 0x9A, 0xDE, 0x9A, 0xD6, 0x9A, 0xD6, 0x9A, 0xDE, 0xBA, 0xDE, 0x9A, 0xDE, 0xFF, 0xFF, 
	0x03, 0x00, 0x99, 0xD6, 0xFF, 0xFF, 0x05, 0x00, 0x79, 0xD6, 0x58, 0xD6, 0x38, 0xCE, 0x9A, 0xD6, 
	0xFF, 0xFF, 0x1B, 0x00, 0xDB, 0xDE, 0xBB, 0xD6, 0x59, 0xC6, 0x96, 0xB5, 0x92, 0x94, 0x14, 0xA5, 
	0x79, 0xDE, 0x79, 0xD6, 0x18, 0xCE, 0x38, 0xCE, 0x58, 0xD6, 0x58, 0xD6, 0x58, 0xD6, 0x59, 0xD6, 
	0x1B, 0xE7, 0x7D, 0xF7, 0xD2, 0x9C, 0xC2, 0x18, 0xFF, 0xFF, 0x92, 0x00, 0x00, 0x00, 0xEC, 0x62, 
	0xDF, 0xFF, 0x9E, 0xFF, 0xFF, 0xFF, 0x03, 0x00, 0x9A, 0xDE, 0x99, 0xD6, 0x99, 0xD6, 0xBA, 0xDE, 
	0xFF, 0xFF, 0x32, 0x00, 0xDB, 0xDE, 0xBB, 0xD6, 0xF7, 0xBD, 0x34, 0xA5, 0xD7, 0xBD, 0x7A, 0xD6, 
	0x39, 0xD6, 0x38, 0xCE, 0x38, 0xD6, 0x58, 0xD6, 0x38, 0xCE, 0x59, 0xD6, 0x79, 0xD6, 0x38, 0xCE, 
	0x58, 0xD6, 0x59, 0xD6, 0xFF, 0xFF, 0x03, 0x00, 0x79, 0xD6, 0x7A, 0xD6, 0x9A, 0xD6, 0x79, 0xD6, 
	0x9A, 0xD6, 0x9A, 0xD6, 0x9A, 0xDE, 0xBA, 0xDE, 0x9A, 0xDE, 0xFF, 0xFF, 0x0A, 0x00, 0xBA, 0xDE, 
	0xDB, 0xE6, 0xFB, 0xE6, 0xFB, 0xE6, 0xDB, 0xE6, 0xFF, 0xFF, 0x04, 0x00, 0xFB, 0xE6, 0xDB, 0xE6, 
	0xDB, 0xE6, 0xFB, 0xE6, 0xFB, 0xE6, 0xFB, 0xE6, 0x1C, 0xE7, 0xFB, 0xE6, 0xFB, 0xE6, 0xFB, 0xE6, 
	0x1C, 0xE7, 0x1C, 0xE7, 0x1C, 0xEF, 0x1C, 0xE7, 0x1C, 0xE7, 0x1C, 0xEF, 0x1C, 0xEF, 0x3C, 0xEF, 
	0xFF, 0xFF, 0x05, 0x00, 0x1C, 0xEF, 0x3C, 0xEF, 0x3C, 0xEF, 0xFF, 0xFF, 0x04, 0x00, 0x1C, 0xEF, 
	0xFF, 0xFF, 0x11, 0x00, 0x3C, 0xEF, 0xFF, 0xFF, 0x08, 0x00, 0x1C, 0xEF, 0x3C, 0xEF, 0x1C, 0xEF, 
	0xFF, 0xFF, 0x03, 0x00, 0x3C, 0xEF, 0xFF, 0xFF, 0x03, 0x00, 0x1C, 0xEF, 0x1C, 0xE7, 0xFF, 0xFF, 
	0x04, 0x00, 0xFB, 0xE6, 0xFF, 0xFF, 0x03, 0x00, 0x1C, 0xE7, 0xFF, 0xFF, 0x05, 0x00, 0xFB, 0xE6, 
	0xDB, 0xE6, 0xFF, 0xFF, 0x04, 0x00, 0xFB, 0xE6, 0xDB, 0xE6, 0xDB, 0xDE, 0xDB, 0xDE, 0xFF, 0xFF, 
	0x08, 0x00, 0xBA, 0xDE, 0xFF, 0xFF, 0x03, 0x00, 0x9A, 0xDE, 0x9A, 0xD6, 0x9A, 0xD6, 0x99, 0xD6, 
	0x99, 0xD6, 0x99, 0xD6, 0x79, 0xD6, 0x59, 0xD6, 0x79, 0xD6, 0x79, 0xD6, 0x79, 0xD6, 0x59, 0xD6, 
	0x59, 0xD6, 0x58, 0xD6, 0x38, 0xD6, 0x38, 0xD6, 0xFF, 0xFF, 0x03, 0x00, 0x38, 0xCE, 0x58, 0xD6, 
	0x18, 0xCE, 0x38, 0xCE, 0xFF, 0xFF, 0x27, 0x00, 0xDB, 0xDE, 0xBB, 0xD6, 0x39, 0xC6, 0x38, 0xC6, 
	0x38, 0xCE, 0x79, 0xD6, 0x38, 0xCE, 0x18, 0xCE, 0x38, 0xCE, 0x59, 0xD6, 0x39, 0xD6, 0x38, 0xCE, 
	0x59, 0xD6, 0x79, 0xD6, 0x59, 0xD6, 0x59, 0xD6, 0x59, 0xD6, 0x79, 0xD6, 0x79, 0xD6, 0x99, 0xD6, 
	0x99, 0xD6, 0x79, 0xD6, 0x9A, 0xD6, 0xBA, 0xDE, 0xBA, 0xDE, 0x9A, 0xDE, 0xBA, 0xDE, 0x9A, 0xDE, 
	0x9A, 0xDE, 0xFF, 0xFF, 0x05, 0x00, 0xBA, 0xDE, 0xBB, 0xE6, 0xDB, 0xE6, 0xBB, 0xE6, 0xBB, 0xE6, 
	0xDB, 0xE6, 0xDB, 0xE6, 0xFF, 0xFF, 0x04, 0x00, 0xFB, 0xE6, 0x1B, 0xE7, 0x1C, 0xE7, 0x3C, 0xEF, 
	0x1C, 0xE7, 0x1C, 0xE7, 0xFB, 0xE6, 0xFB, 0xE6, 0xFB, 0xE6, 0xFF, 0xFF, 0x03, 0x00, 0x1C, 0xE7, 
	0x1C, 0xEF, 0xFF, 0xFF, 0x04, 0x00, 0x3C, 0xEF, 0x1C, 0xEF, 0xFF, 0xFF, 0x0D, 0x00, 0x3C, 0xEF, 
	0x5D, 0xEF, 0xFF, 0xFF, 0x06, 0x00, 0x3C, 0xEF, 0x5D, 0xEF, 0xFF, 0xFF, 0x07, 0x00, 0x3C, 0xEF, 
	0xFF, 0xFF, 0x04, 0x00, 0x5D, 0xEF, 0xFF, 0xFF, 0x06, 0x00, 0x3C, 0xEF, 0x3C, 0xF7, 0x3C, 0xEF, 
	0x1C, 0xEF, 0xFF, 0xFF, 0x05, 0x00, 0x3C, 0xEF, 0x1C, 0xEF, 0x1C, 0xEF, 0x3C, 0xEF, 0x3C, 0xEF, 
	0x1C, 0xEF, 0x1C, 0xEF, 0x1C, 0xEF, 0xFF, 0xFF, 0x08, 0x00, 0x1C, 0xE7, 0x1C, 0xEF, 0x1C, 0xEF, 
	0x1C, 0xE7, 0xFF, 0xFF, 0x03, 0x00, 0xFB, 0xE6, 0xDB, 0xE6, 0xFB, 0xE6, 0xFB, 0xE6, 0xFB, 0xE6, 
	0xDB, 0xE6, 0xDB, 0xE6, 0xDB, 0xE6, 0xDB, 0xDE, 0xFF, 0xFF, 0x05, 0x00, 0xBA, 0xDE, 0xFF, 0xFF, 
	0x05, 0x00, 0x9A, 0xDE, 0x9A, 0xD6, 0x99, 0xD6, 0x99, 0xD6, 0x99, 0xD6, 0x79, 0xD6, 0x99, 0xD6, 
	0x79, 0xD6, 0x79, 0xD6, 0x79, 0xD6, 0x59, 0xD6, 0x59, 0xD6, 0x38, 0xD6, 0x38, 0xCE, 0x9A, 0xD6, 
	0xFF, 0xFF, 0x1B, 0x00, 0xDB, 0xDE, 0xBB, 0xD6, 0x59, 0xC6, 0xB6, 0xB5, 0xB3, 0x94, 0x34, 0xA5, 
	0x79, 0xDE, 0x59, 0xD6, 0x18, 0xCE, 0x38, 0xCE, 0x58, 0xD6, 0x58, 0xD6, 0x58, 0xD6, 0x79, 0xD6, 
	0xFB, 0xE6, 0x3C, 0xEF, 0x92, 0x94, 0xC3, 0x18, 0xFF, 0xFF, 0x92, 0x00, 0x00, 0x00, 0xEC, 0x62, 
	0xFE, 0xFF, 0xBE, 0xFF, 0x9A, 0xDE, 0x9A, 0xDE, 0x9A, 0xDE, 0x7A, 0xDE, 0x99, 0xD6, 0x9A, 0xDE, 
	0xBA, 0xDE, 0xFF, 0xFF, 0x32, 0x00, 0xDB, 0xDE, 0xBB, 0xD6, 0x18, 0xC6, 0x55, 0xAD, 0xB6, 0xB5, 
	0x79, 0xD6, 0x58, 0xD6, 0x38, 0xCE, 0x38, 0xD6, 0x59, 0xD6, 0x38, 0xCE, 0x38, 0xCE, 0x58, 0xD6, 
	0x59, 0xD6, 0x79, 0xD6, 0x59, 0xD6, 0x59, 0xD6, 0x79, 0xD6, 0x99, 0xDE, 0x79, 0xD6, 0x79, 0xD6, 
	0x59, 0xD6, 0x79, 0xD6, 0x9A, 0xD6, 0x9A, 0xD6, 0x9A, 0xDE, 0xBA, 0xDE, 0x9A, 0xDE, 0x9A, 0xDE, 
	0x9A, 0xDE, 0xFF, 0xFF, 0x08, 0x00, 0xBA, 0xDE, 0xDB, 0xDE, 0xFF, 0xFF, 0x05, 0x00, 0xDB, 0xE6, 
	0xDB, 0xDE, 0xDB, 0xE6, 0xFF, 0xFF, 0x05, 0x00, 0xFB, 0xE6, 0x1C, 0xEF, 0xFF, 0xFF, 0x03, 0x00, 
	0x1C, 0xE7, 0xFB, 0xE6, 0xFB, 0xE6, 0xFB, 0xE6, 0xFF, 0xFF, 0x06, 0x00, 0x1C, 0xE7, 0x1C, 0xEF, 
	0x1C, 0xEF, 0xFF, 0xFF, 0x03, 0x00, 0x3C, 0xEF, 0x1C, 0xEF, 0x1C, 0xEF, 0x1C, 0xEF, 0xFF, 0xFF, 
	0x03, 0x00, 0x1C, 0xE7, 0xFF, 0xFF, 0x12, 0x00, 0x1C, 0xEF, 0xFF, 0xFF, 0x05, 0x00, 0x3C, 0xEF, 
	0xFF, 0xFF, 0x04, 0x00, 0x1C, 0xEF, 0x1C, 0xE7, 0x1C, 0xE7, 0x1C, 0xE7, 0xFF, 0xFF, 0x05, 0x00, 
	0xFB, 0xE6, 0x1C, 0xE7, 0x1C, 0xEF, 0x1C, 0xEF, 0x1C, 0xEF, 0x1C, 0xE7, 0xFF, 0xFF, 0x03, 0x00, 
	0xFB, 0xE6, 0xDB, 0xE6, 0xDB, 0xE6, 0xDB, 0xE6, 0xFB, 0xE6, 0xFB, 0xE6, 0xFB, 0xE6, 0xDB, 0xE6, 
	0xDB, 0xDE, 0xFF, 0xFF, 0x05, 0x00, 0xBA, 0xDE, 0xBB, 0xDE, 0xBB, 0xDE, 0xBA, 0xDE, 0x9A, 0xDE, 
	0xBA, 0xDE, 0xFF, 0xFF, 0x03, 0x00, 0x9A, 0xDE, 0x9A, 0xD6, 0x9A, 0xD6, 0x99, 0xD6, 0x99, 0xD6, 
	0x79, 0xD6, 0x79, 0xD6, 0x59, 0xD6, 0x79, 0xD6, 0x79, 0xD6, 0x79, 0xD6, 0x58, 0xD6, 0x58, 0xD6, 
	0x58, 0xD6, 0x38, 0xD6, 0x38, 0xD6, 0x38, 0xCE, 0x38, 0xCE, 0x18, 0xCE, 0x38, 0xCE, 0x38, 0xCE, 
	0x18, 0xCE, 0x17, 0xCE, 0xBB, 0xD6, 0xFF, 0xFF, 0x27, 0x00, 0xDB, 0xDE, 0x7A, 0xCE, 0x39, 0xC6, 
	0x18, 0xCE, 0x79, 0xD6, 0x38, 0xCE, 0x18, 0xCE, 0x38, 0xCE, 0x38, 0xD6, 0x38, 0xCE, 0x38, 0xD6, 
	0x59, 0xD6, 0x79, 0xD6, 0x59, 0xD6, 0x59, 0xD6, 0x79, 0xD6, 0x99, 0xD6, 0x99, 0xD6, 0x79, 0xD6, 
	0x79, 0xD6, 0x99, 0xD6, 0x99, 0xD6, 0xBA, 0xDE, 0xFF, 0xFF, 0x04, 0x00, 0x9A, 0xDE, 0xFF, 0xFF, 
	0x08, 0x00, 0xBA, 0xDE, 0xBB, 0xE6, 0xDB, 0xE6, 0xDB, 0xE6, 0xFB, 0xE6, 0xFB, 0xE6, 0xFB, 0xE6, 
	0xDB, 0xE6, 0xFF, 0xFF, 0x03, 0x00, 0xFB, 0xE6, 0x1C, 0xE7, 0x1C, 0xE7, 0x1C, 0xE7, 0xFB, 0xE6, 
	0xFF, 0xFF, 0x05, 0x00, 0x1C, 0xE7, 0xFF, 0xFF, 0x04, 0x00, 0x1C, 0xEF, 0x3C, 0xEF, 0x3C, 0xEF, 
	0x3C, 0xEF, 0x1C, 0xEF, 0x1C, 0xEF, 0xFF, 0xFF, 0x1B, 0x00, 0x3C, 0xEF, 0x5D, 0xEF, 0x5D, 0xEF, 
	0x5D, 0xEF, 0x3C, 0xEF, 0x3C, 0xEF, 0x5D, 0xEF, 0x5D, 0xEF, 0xFF, 0xFF, 0x05, 0x00, 0x3C, 0xEF, 
	0x1C, 0xEF, 0x3C, 0xEF, 0x3C, 0xEF, 0x1C, 0xEF, 0x1C, 0xEF, 0x1C, 0xEF, 0x3C, 0xEF, 0x3C, 0xEF, 
	0xFF, 0xFF, 0x06, 0x00, 0x1C, 0xEF, 0x1C, 0xE7, 0x1C, 0xE7, 0x1C, 0xE7, 0xFB, 0xE6, 0xFB, 0xE6, 
	0xFF, 0xFF, 0x04, 0x00, 0x1C, 0xE7, 0xFB, 0xE6, 0xDB, 0xE6, 0xFB, 0xE6, 0xFB, 0xE6, 0xFB, 0xE6, 
	0xDB, 0xE6, 0xFB, 0xE6, 0xFB, 0xE6, 0xDB, 0xE6, 0xDB, 0xDE, 0xDB, 0xDE, 0xDB, 0xDE, 0xFF, 0xFF, 
	0x06, 0x00, 0xBA, 0xDE, 0xFF, 0xFF, 0x04, 0x00, 0x9A, 0xDE, 0x9A, 0xD6, 0x9A, 0xD6, 0x9A, 0xD6, 
	0x99, 0xD6, 0xFF, 0xFF, 0x06, 0x00, 0x79, 0xD6, 0x59, 0xD6, 0x38, 0xCE, 0x18, 0xCE, 0x9A, 0xD6, 
	0xFF, 0xFF, 0x1B, 0x00, 0xDB, 0xDE, 0xBB, 0xD6, 0x39, 0xC6, 0x96, 0xB5, 0x92, 0x94, 0x35, 0xAD, 
	0x99, 0xDE, 0x79, 0xD6, 0x18, 0xCE, 0x38, 0xCE, 0x38, 0xCE, 0x38, 0xCE, 0x58, 0xD6, 0x79, 0xD6, 
	0xBA, 0xDE, 0xDB, 0xE6, 0x17, 0xCE, 0xD2, 0x9C, 0x51, 0x8C, 0x71, 0x94, 0x71, 0x94, 0x51, 0x8C, 
	0x10, 0x84, 0xCF, 0x7B, 0x8E, 0x73, 0x6D, 0x73, 0x2C, 0x6B, 0xEB, 0x62, 0xAA, 0x52, 0x69, 0x52, 
	0x28, 0x42, 0xE7, 0x39, 0xA6, 0x31, 0x65, 0x29, 0x04, 0x21, 0xE3, 0x18, 0xA2, 0x10, 0x61, 0x08, 
	0x20, 0x00, 0xFF, 0xFF, 0x7D, 0x00, 0x00, 0x00, 0x0C, 0x63, 0xFE, 0xFF, 0x7D, 0xF7, 0x99, 0xD6, 
	0xBA, 0xDE, 0xBA, 0xDE, 0x9A, 0xDE, 0x99, 0xD6, 0x99, 0xD6, 0x9A, 0xD6, 0xFF, 0xFF, 0x32, 0x00, 
	0xDB, 0xDE, 0xBB, 0xD6, 0x59, 0xCE, 0x76, 0xAD, 0x75, 0xB5, 0x99, 0xDE, 0x59, 0xD6, 0x18, 0xCE, 
	0x18, 0xCE, 0x38, 0xD6, 0x38, 0xD6, 0x38, 0xCE, 0x38, 0xCE, 0x59, 0xD6, 0x79, 0xD6, 0x59, 0xD6, 
	0x59, 0xD6, 0x79, 0xD6, 0x79, 0xD6, 0x79, 0xD6, 0x59, 0xD6, 0x79, 0xD6, 0x79, 0xD6, 0x79, 0xD6, 
	0x9A, 0xD6, 0x9A, 0xD6, 0xFF, 0xFF, 0x05, 0x00, 0x9A, 0xDE, 0xFF, 0xFF, 0x07, 0x00, 0xBA, 0xDE, 
	0xDB, 0xE6, 0xDB, 0xE6, 0xDB, 0xDE, 0xDB, 0xE6, 0xFB, 0xE6, 0xFB, 0xE6, 0xDB, 0xE6, 0xFF, 0xFF, 
	0x06, 0x00, 0xFB, 0xE6, 0x1C, 0xE7, 0x1C, 0xEF, 0x1C, 0xE7, 0x1C, 0xE7, 0xFF, 0xFF, 0x04, 0x00, 
	0xFB, 0xE6, 0x1C, 0xE7, 0x1C, 0xE7, 0x1C, 0xE7, 0xFF, 0xFF, 0x03, 0x00, 0x1C, 0xEF, 0x1C, 0xE7, 
	0x1C, 0xEF, 0x1C, 0xEF, 0x1C, 0xEF, 0x3C, 0xEF, 0x1C, 0xEF, 0x1C, 0xEF, 0x3C, 0xEF, 0x1C, 0xEF, 
	0x1C, 0xE7, 0xFF, 0xFF, 0x0F, 0x00, 0x1C, 0xEF, 0x3C, 0xEF, 0x3C, 0xEF, 0xFF, 0xFF, 0x05, 0x00, 
	0x1C, 0xEF, 0x3C, 0xEF, 0x1C, 0xEF, 0x1C, 0xEF, 0x1C, 0xE7, 0x1C, 0xEF, 0x1C, 0xE7, 0xFB, 0xE6, 
	0xFF, 0xFF, 0x06, 0x00, 0x1C, 0xE7, 0xFB, 0xE6, 0xFB, 0xE6, 0x1C, 0xE7, 0x1C, 0xE7, 0x1C, 0xE7, 
	0xFF, 0xFF, 0x03, 0x00, 0xFB, 0xE6, 0xDB, 0xE6, 0xDB, 0xE6, 0xFF, 0xFF, 0x04, 0x00, 0xFB, 0xE6, 
	0xDB, 0xE6, 0xDB, 0xE6, 0xDB, 0xDE, 0xBA, 0xDE, 0xBA, 0xDE, 0xDB, 0xDE, 0xFF, 0xFF, 0x06, 0x00, 
	0xBA, 0xDE, 0x9A, 0xD6, 0xB9, 0xD6, 0xBA, 0xDE, 0x9A, 0xDE, 0x9A, 0xDE, 0x9A, 0xD6, 0x9A, 0xD6, 
	0xFF, 0xFF, 0x08, 0x00, 0x79, 0xD6, 0x58, 0xD6, 0x39, 0xD6, 0x38, 0xCE, 0x39, 0xCE, 0x38, 0xD6, 
	0xFF, 0xFF, 0x03, 0x00, 0x38, 0xCE, 0x38, 0xD6, 0x38, 0xCE, 0x17, 0xCE, 0x9A, 0xD6, 0xFF, 0xFF, 
	0x28, 0x00, 0xDB, 0xDE, 0x59, 0xC6, 0x17, 0xC6, 0x79, 0xD6, 0x38, 0xCE, 0x38, 0xCE, 0x18, 0xCE, 
	0x18, 0xCE, 0x38, 0xCE, 0xFF, 0xFF, 0x03, 0x00, 0x59, 0xD6, 0xFF, 0xFF, 0x06, 0x00, 0x79, 0xD6, 
	0x99, 0xD6, 0x9A, 0xDE, 0x9A, 0xDE, 0x9A, 0xD6, 0x9A, 0xD6, 0x9A, 0xD6, 0x9A, 0xDE, 0xFF, 0xFF, 
	0x08, 0x00, 0xBA, 0xDE, 0xDB, 0xE6, 0xDB, 0xE6, 0xDB, 0xDE, 0xDB, 0xE6, 0xDB, 0xE6, 0xFB, 0xE6, 
	0xFF, 0xFF, 0x03, 0x00, 0xDB, 0xE6, 0xFB, 0xE6, 0xFB, 0xE6, 0xFB, 0xE6, 0xFF, 0xFF, 0x04, 0x00, 
	0x1C, 0xE7, 0xFB, 0xE6, 0xFB, 0xE6, 0xFF, 0xFF, 0x04, 0x00, 0x1C, 0xE7, 0x1C, 0xEF, 0x1C, 0xE7, 
	0xFF, 0xFF, 0x05, 0x00, 0x1C, 0xEF, 0xFF, 0xFF, 0x25, 0x00, 0x3C, 0xEF, 0x1C, 0xEF, 0x3C, 0xEF, 
	0x3C, 0xEF, 0x3C, 0xEF, 0xFF, 0xFF, 0x03, 0x00, 0x1C, 0xEF, 0x3C, 0xEF, 0xFF, 0xFF, 0x03, 0x00, 
	0x1C, 0xEF, 0x1C, 0xE7, 0x1C, 0xEF, 0x1C, 0xE7, 0x1C, 0xE7, 0xFF, 0xFF, 0x03, 0x00, 0xFB, 0xE6, 
	0x1C, 0xE7, 0x1C, 0xE7, 0xFF, 0xFF, 0x03, 0x00, 0xFB, 0xE6, 0xDB, 0xE6, 0xFF, 0xFF, 0x05, 0x00, 
	0xFB, 0xE6, 0xDB, 0xE6, 0xDB, 0xDE, 0xDB, 0xDE, 0xFF, 0xFF, 0x07, 0x00, 0xBA, 0xDE, 0x9A, 0xDE, 
	0x9A, 0xDE, 0x9A, 0xD6, 0x9A, 0xDE, 0x9A, 0xDE, 0x9A, 0xD6, 0x9A, 0xD6, 0x99, 0xD6, 0x99, 0xD6, 
	0xFF, 0xFF, 0x06, 0x00, 0x79, 0xD6, 0x59, 0xD6, 0x38, 0xCE, 0x18, 0xCE, 0x7A, 0xD6, 0xFF, 0xFF, 
	0x1B, 0x00, 0xDB, 0xDE, 0xBA, 0xD6, 0x39, 0xC6, 0x96, 0xB5, 0xB2, 0x94, 0x55, 0xAD, 0x99, 0xDE, 
	0x59, 0xD6, 0x18, 0xCE, 0x38, 0xCE, 0x38, 0xCE, 0x38, 0xCE, 0x58, 0xD6, 0x59, 0xD6, 0x79, 0xDE, 
	0x9A, 0xDE, 0xFB, 0xE6, 0x5C, 0xF7, 0x9D, 0xF7, 0xBE, 0xFF, 0xBE, 0xFF, 0xBE, 0xFF, 0x7D, 0xF7, 
	0x5D, 0xEF, 0x3D, 0xF7, 0x1C, 0xEF, 0xFB, 0xE6, 0xDB, 0xE6, 0xBA, 0xDE, 0xBA, 0xD6, 0x79, 0xD6, 
	0x58, 0xCE, 0x18, 0xC6, 0xF7, 0xBD, 0xB6, 0xB5, 0x75, 0xAD, 0x34, 0xA5, 0x14, 0xA5, 0xD3, 0x9C, 
	0xB2, 0x94, 0x92, 0x94, 0x71, 0x8C, 0x92, 0x94, 0x92, 0x94, 0x71, 0x8C, 0x71, 0x8C, 0x51, 0x8C, 
	0x10, 0x84, 0xCF, 0x7B, 0xAE, 0x73, 0x8E, 0x73, 0x4D, 0x6B, 0x0C, 0x63, 0xCB, 0x5A, 0x8A, 0x52, 
	0x49, 0x4A, 0x08, 0x42, 0xA6, 0x31, 0x86, 0x31, 0x45, 0x29, 0x04, 0x21, 0xC3, 0x18, 0x82, 0x10, 
	0x41, 0x08, 0xFF, 0xFF, 0x64, 0x00, 0x00, 0x00, 0x0C, 0x63, 0xDF, 0xFF, 0x9E, 0xF7, 0x99, 0xD6, 
	0xBA, 0xDE, 0x9A, 0xDE, 0x9A, 0xDE, 0x9A, 0xDE, 0x99, 0xD6, 0x99, 0xD6, 0xFF, 0xFF, 0x32, 0x00, 
	0xDB, 0xDE, 0xBB, 0xD6, 0x7A, 0xCE, 0xB7, 0xB5, 0x95, 0xB5, 0x99, 0xDE, 0x79, 0xD6, 0x17, 0xCE, 
	0x18, 0xCE, 0x38, 0xD6, 0x38, 0xD6, 0x38, 0xD6, 0x39, 0xD6, 0x58, 0xD6, 0x58, 0xD6, 0x59, 0xD6, 
	0xFF, 0xFF, 0x06, 0x00, 0x79, 0xD6, 0x99, 0xD6, 0x99, 0xD6, 0x9A, 0xD6, 0x9A, 0xD6, 0xFF, 0xFF, 
	0x03, 0x00, 0x9A, 0xDE, 0x9A, 0xD6, 0x9A, 0xDE, 0x9A, 0xDE, 0xFF, 0xFF, 0x05, 0x00, 0xBA, 0xDE, 
	0xDB, 0xDE, 0xDB, 0xDE, 0xDB, 0xDE, 0xDB, 0xE6, 0xFF, 0xFF, 0x03, 0x00, 0xFB, 0xE6, 0xDB, 0xE6, 
	0xFB, 0xE6, 0xFB, 0xE6, 0xDB, 0xE6, 0xFB, 0xE6, 0xFB, 0xE6, 0xFB, 0xE6, 0x1C, 0xE7, 0x1C, 0xE7, 
	0x1C, 0xE7, 0xFB, 0xE6, 0xFB, 0xE6, 0xFB, 0xE6, 0x1C, 0xE7, 0x1C, 0xE7, 0xFB, 0xE6, 0xFB, 0xE6, 
	0xFF, 0xFF, 0x03, 0x00, 0x1C, 0xE7, 0x1C, 0xEF, 0x1C, 0xE7, 0x1C, 0xE7, 0x1C, 0xE7, 0xFF, 0xFF, 
	0x08, 0x00, 0x1C, 0xEF, 0x3C, 0xEF, 0x1C, 0xEF, 0x3C, 0xEF, 0x1C, 0xEF, 0x3C, 0xEF, 0x3C, 0xEF, 
	0xFF, 0xFF, 0x07, 0x00, 0x1C, 0xEF, 0xFF, 0xFF, 0x03, 0x00, 0x3C, 0xEF, 0x1C, 0xEF, 0x1C, 0xEF, 
	0x1C, 0xE7, 0x1C, 0xE7, 0x1C, 0xEF, 0xFF, 0xFF, 0x04, 0x00, 0x1C, 0xE7, 0xFB, 0xE6, 0xFF, 0xFF, 
	0x09, 0x00, 0x1C, 0xE7, 0xFF, 0xFF, 0x06, 0x00, 0xFB, 0xE6, 0xDB, 0xE6, 0xDB, 0xE6, 0xFF, 0xFF, 
	0x03, 0x00, 0xFB, 0xE6, 0xDB, 0xE6, 0xDB, 0xDE, 0xBA, 0xDE, 0xBA, 0xDE, 0xBA, 0xDE, 0xDB, 0xDE, 
	0xBA, 0xDE, 0xBA, 0xDE, 0xBA, 0xDE, 0x9A, 0xDE, 0x9A, 0xDE, 0x9A, 0xDE, 0x9A, 0xD6, 0xB9, 0xD6, 
	0xB9, 0xD6, 0xBA, 0xDE, 0xBA, 0xDE, 0x9A, 0xDE, 0x9A, 0xD6, 0xFF, 0xFF, 0x09, 0x00, 0x79, 0xD6, 
	0x59, 0xD6, 0x39, 0xD6, 0x39, 0xCE, 0x39, 0xD6, 0x39, 0xD6, 0xFF, 0xFF, 0x05, 0x00, 0x38, 0xCE, 
	0x17, 0xCE, 0x58, 0xCE, 0xFB, 0xDE, 0xFF, 0xFF, 0x27, 0x00, 0xDB, 0xDE, 0x59, 0xCE, 0x17, 0xC6, 
	0x79, 0xD6, 0xFF, 0xFF, 0x04, 0x00, 0x38, 0xCE, 0x59, 0xD6, 0x59, 0xD6, 0x39, 0xD6, 0x58, 0xD6, 
	0x58, 0xD6, 0xFF, 0xFF, 0x04, 0x00, 0x79, 0xD6, 0x99, 0xD6, 0x99, 0xD6, 0x99, 0xD6, 0xFF, 0xFF, 
	0x06, 0x00, 0x9A, 0xDE, 0xFF, 0xFF, 0x07, 0x00, 0xBA, 0xDE, 0xDB, 0xDE, 0xFF, 0xFF, 0x07, 0x00, 
	0xDB, 0xE6, 0xFB, 0xE6, 0xFB, 0xE6, 0xFB, 0xE6, 0x1C, 0xE7, 0x1C, 0xE7, 0xFB, 0xE6, 0x1C, 0xE7, 
	0x1C, 0xE7, 0xFF, 0xFF, 0x03, 0x00, 0xFB, 0xE6, 0x1C, 0xE7, 0xFF, 0xFF, 0x06, 0x00, 0x1C, 0xEF, 
	0x3C, 0xEF, 0x3C, 0xEF, 0x1C, 0xEF, 0x1C, 0xEF, 0x3C, 0xEF, 0x3C, 0xEF, 0xFF, 0xFF, 0x03, 0x00, 
	0x1C, 0xEF, 0xFF, 0xFF, 0x1A, 0x00, 0x3C, 0xEF, 0x1C, 0xEF, 0xFF, 0xFF, 0x04, 0x00, 0x3C, 0xEF, 
	0x1C, 0xEF, 0x1C, 0xEF, 0x3C, 0xEF, 0xFF, 0xFF, 0x04, 0x00, 0x1C, 0xEF, 0x1C, 0xE7, 0xFF, 0xFF, 
	0x03, 0x00, 0x1C, 0xEF, 0x1C, 0xE7, 0x1C, 0xE7, 0x1C, 0xE7, 0xFB, 0xE6, 0xFF, 0xFF, 0x04, 0x00, 
	0x1C, 0xE7, 0xFF, 0xFF, 0x05, 0x00, 0xFB, 0xE6, 0xFF, 0xFF, 0x03, 0x00, 0xDB, 0xE6, 0xDB, 0xDE, 
	0xDB, 0xDE, 0xDB, 0xDE, 0xFF, 0xFF, 0x06, 0x00, 0xBA, 0xDE, 0x9A, 0xDE, 0x9A, 0xDE, 0x9A, 0xDE, 
	0x9A, 0xD6, 0x9A, 0xDE, 0x9A, 0xDE, 0x9A, 0xD6, 0x9A, 0xD6, 0x99, 0xD6, 0x99, 0xD6, 0xFF, 0xFF, 
	0x04, 0x00, 0x79, 0xD6, 0x59, 0xD6, 0x59, 0xD6, 0x59, 0xD6, 0x38, 0xCE, 0x18, 0xCE, 0x79, 0xD6, 
	0xFF, 0xFF, 0x1B, 0x00, 0xDB, 0xDE, 0xBA, 0xD6, 0x39, 0xC6, 0x96, 0xB5, 0xB3, 0x94, 0x75, 0xAD, 
	0x99, 0xDE, 0x59, 0xD6, 0xFF, 0xFF, 0x03, 0x00, 0x38, 0xCE, 0x58, 0xD6, 0x79, 0xD6, 0x59, 0xD6, 
	0x59, 0xD6, 0x79, 0xD6, 0xBA, 0xDE, 0xDA, 0xE6, 0x1B, 0xE7, 0x1C, 0xEF, 0x3C, 0xEF, 0x3C, 0xEF, 
	0x5D, 0xEF, 0x7D, 0xF7, 0x7D, 0xF7, 0x7D, 0xF7, 0x9E, 0xFF, 0xDE, 0xFF, 0xFF, 0xFF, 0x13, 0x00, 
	0xFE, 0xFF, 0xDF, 0xFF, 0xBE, 0xF7, 0x7D, 0xEF, 0x3C, 0xEF, 0x1C, 0xE7, 0xDB, 0xDE, 0x9A, 0xD6, 
	0x38, 0xCE, 0xF7, 0xC5, 0xB7, 0xBD, 0x96, 0xB5, 0x55, 0xAD, 0x14, 0xA5, 0xD3, 0x9C, 0x92, 0x94, 
	0x71, 0x8C, 0x10, 0x84, 0xCF, 0x7B, 0xFF, 0xFF, 0x07, 0x00, 0x8E, 0x73, 0x6D, 0x6B, 0x4D, 0x6B, 
	0x0C, 0x63, 0xEB, 0x5A, 0xAA, 0x52, 0x8A, 0x52, 0x28, 0x42, 0x08, 0x42, 0xC7, 0x39, 0x65, 0x29, 
	0x24, 0x21, 0xE3, 0x18, 0xA2, 0x10, 0x61, 0x08, 0x41, 0x08, 0xFF, 0xFF, 0x4A, 0x00, 0x00, 0x00, 
	0xEC, 0x5A, 0xDF, 0xFF, 0x7D, 0xF7, 0x99, 0xD6, 0xBA, 0xDE, 0x9A, 0xDE, 0x9A, 0xDE, 0xBA, 0xDE, 
	0x99, 0xD6, 0x99, 0xD6, 0xFF, 0xFF, 0x33, 0x00, 0xDB, 0xDE, 0xBB, 0xD6, 0x39, 0xC6, 0x96, 0xB5, 
	0x79, 0xD6, 0x59, 0xD6, 0x38, 0xCE, 0x38, 0xCE, 0x38, 0xCE, 0x18, 0xCE, 0x18, 0xCE, 0x38, 0xCE, 
	0x58, 0xD6, 0x58, 0xD6, 0x59, 0xD6, 0x59, 0xD6, 0x58, 0xD6, 0xFF, 0xFF, 0x04, 0x00, 0x79, 0xD6, 
	0x99, 0xD6, 0x99, 0xD6, 0x99, 0xD6, 0x9A, 0xD6, 0xFF, 0xFF, 0x03, 0x00, 0x9A, 0xDE, 0x9A, 0xD6, 
	0x9A, 0xDE, 0x9A, 0xDE, 0x9A, 0xDE, 0xFF, 0xFF, 0x07, 0x00, 0xBA, 0xDE, 0xDB, 0xDE, 0xDB, 0xE6, 
	0xDB, 0xE6, 0xFF, 0xFF, 0x03, 0x00, 0xFB, 0xE6, 0xDB, 0xE6, 0xFF, 0xFF, 0x03, 0x00, 0xFB, 0xE6, 
	0xDB, 0xE6, 0xFB, 0xE6, 0xFB, 0xE6, 0xFF, 0xFF, 0x05, 0x00, 0x1C, 0xE7, 0xFF, 0xFF, 0x05, 0x00, 
	0xFB, 0xE6, 0xFF, 0xFF, 0x03, 0x00, 0x1C, 0xE7, 0xFF, 0xFF, 0x04, 0x00, 0x1C, 0xEF, 0x1C, 0xE7, 
	0xFF, 0xFF, 0x03, 0x00, 0x1C, 0xEF, 0x3C, 0xEF, 0x1C, 0xEF, 0x3C, 0xEF, 0x3C, 0xEF, 0xFF, 0xFF, 
	0x0B, 0x00, 0x1C, 0xEF, 0x1C, 0xE7, 0x1C, 0xEF, 0x1C, 0xE7, 0x1C, 0xE7, 0x1C, 0xEF, 0x1C, 0xEF, 
	0x1C, 0xE7, 0x1C, 0xEF, 0x1C, 0xE7, 0x1C, 0xE7, 0xFB, 0xE6, 0x1C, 0xE7, 0x1C, 0xE7, 0x1C, 0xE7, 
	0xFB, 0xE6, 0x1C, 0xE7, 0x1C, 0xE7, 0xFB, 0xE6, 0x1C, 0xE7, 0x1C, 0xE7, 0xFF, 0xFF, 0x07, 0x00, 
	0xFB, 0xE6, 0xDB, 0xE6, 0xDB, 0xE6, 0xFB, 0xE6, 0xFB, 0xE6, 0xFB, 0xE6, 0xDB, 0xE6, 0xDB, 0xDE, 
	0xFF, 0xFF, 0x0C, 0x00, 0xBA, 0xDE, 0x9A, 0xD6, 0x9A, 0xDE, 0x9A, 0xDE, 0x9A, 0xDE, 0x99, 0xD6, 
	0x99, 0xD6, 0xFF, 0xFF, 0x06, 0x00, 0x79, 0xD6, 0x59, 0xD6, 0x59, 0xD6, 0x59, 0xD6, 0x39, 0xD6, 
	0x39, 0xCE, 0x39, 0xCE, 0xFF, 0xFF, 0x06, 0x00, 0x38, 0xCE, 0x17, 0xCE, 0x38, 0xCE, 0xFF, 0xFF, 
	0x28, 0x00, 0xDB, 0xDE, 0x59, 0xCE, 0xF7, 0xC5, 0x79, 0xD6, 0x38, 0xD6, 0xFF, 0xFF, 0x03, 0x00, 
	0x38, 0xCE, 0x39, 0xD6, 0x38, 0xD6, 0x38, 0xCE, 0x38, 0xD6, 0x58, 0xD6, 0x58, 0xD6, 0xFF, 0xFF, 
	0x04, 0x00, 0x79, 0xD6, 0x99, 0xD6, 0x99, 0xD6, 0x99, 0xD6, 0x9A, 0xD6, 0xFF, 0xFF, 0x05, 0x00, 
	0x9A, 0xDE, 0xFF, 0xFF, 0x07, 0x00, 0xBA, 0xDE, 0xDB, 0xDE, 0xFF, 0xFF, 0x06, 0x00, 0xDB, 0xE6, 
	0xFF, 0xFF, 0x04, 0x00, 0xFB, 0xE6, 0x1C, 0xE7, 0x1C, 0xE7, 0xFF, 0xFF, 0x07, 0x00, 0xFB, 0xE6, 
	0x1C, 0xE7, 0xFF, 0xFF, 0x03, 0x00, 0x1C, 0xEF, 0x3C, 0xEF, 0x1C, 0xEF, 0x1C, 0xEF, 0x1C, 0xEF, 
	0x3C, 0xEF, 0x3C, 0xEF, 0x1C, 0xEF, 0x1C, 0xE7, 0x1C, 0xEF, 0x1C, 0xE7, 0x1C, 0xEF, 0xFF, 0xFF, 
	0x19, 0x00, 0x3C, 0xEF, 0x1C, 0xEF, 0x1C, 0xEF, 0x3C, 0xEF, 0x3C, 0xEF, 0x1C, 0xEF, 0x1C, 0xEF, 
	0x1C, 0xEF, 0x3C, 0xEF, 0x3C, 0xEF, 0x1C, 0xEF, 0x1C, 0xEF, 0x1C, 0xEF, 0xFF, 0xFF, 0x0B, 0x00, 
	0x1C, 0xE7, 0x1C, 0xEF, 0x1C, 0xE7, 0xFF, 0xFF, 0x05, 0x00, 0xFB, 0xE6, 0xDB, 0xE6, 0xFB, 0xE6, 
	0xDB, 0xE6, 0xDB, 0xE6, 0xFF, 0xFF, 0x04, 0x00, 0xDB, 0xDE, 0xFF, 0xFF, 0x04, 0x00, 0xBA, 0xDE, 
	0x9A, 0xDE, 0x9A, 0xD6, 0x9A, 0xDE, 0x9A, 0xD6, 0xFF, 0xFF, 0x03, 0x00, 0x9A, 0xDE, 0x9A, 0xD6, 
	0x79, 0xD6, 0x99, 0xD6, 0x99, 0xD6, 0xFF, 0xFF, 0x04, 0x00, 0x79, 0xD6, 0x58, 0xD6, 0x58, 0xD6, 
	0x39, 0xD6, 0x38, 0xD6, 0x38, 0xCE, 0x59, 0xD6, 0xFF, 0xFF, 0x1B, 0x00, 0xDB, 0xDE, 0xBA, 0xD6, 
	0x39, 0xC6, 0x96, 0xB5, 0xD3, 0x94, 0x95, 0xB5, 0x99, 0xD6, 0x78, 0xD6, 0xFF, 0xFF, 0x03, 0x00, 
	0x38, 0xCE, 0x59, 0xD6, 0x79, 0xD6, 0x59, 0xD6, 0x58, 0xD6, 0x59, 0xD6, 0x99, 0xDE, 0x79, 0xD6, 
	0x99, 0xD6, 0x79, 0xD6, 0x79, 0xD6, 0x9A, 0xDE, 0xBA, 0xDE, 0xBA, 0xDE, 0x9A, 0xDE, 0xBA, 0xDE, 
	0xDA, 0xDE, 0xDA, 0xDE, 0xDB, 0xDE, 0xFB, 0xDE, 0xFB, 0xDE, 0xFB, 0xE6, 0xDB, 0xDE, 0xFB, 0xE6, 
	0x1B, 0xE7, 0x3C, 0xEF, 0x3C, 0xEF, 0x5D, 0xEF, 0x5D, 0xEF, 0x5D, 0xEF, 0x7D, 0xF7, 0x5D, 0xEF, 
	0x5D, 0xEF, 0x7D, 0xF7, 0x9E, 0xF7, 0xBE, 0xFF, 0xDE, 0xFF, 0xDE, 0xFF, 0xDE, 0xFF, 0xDF, 0xFF, 
	0xDF, 0xFF, 0xFF, 0xFF, 0x19, 0x00, 0xFE, 0xFF, 0xDF, 0xF7, 0x9E, 0xF7, 0x7D, 0xEF, 0x1C, 0xE7, 
	0xBA, 0xD6, 0x79, 0xCE, 0xF7, 0xBD, 0x96, 0xB5, 0x34, 0xA5, 0xF3, 0x9C, 0x92, 0x94, 0x51, 0x8C, 
	0x10, 0x84, 0xCF, 0x7B, 0x6D, 0x6B, 0x0C, 0x63, 0xAA, 0x52, 0xFF, 0xFF, 0x09, 0x00, 0x8A, 0x52, 
	0x69, 0x4A, 0x49, 0x4A, 0x08, 0x42, 0xC7, 0x39, 0xA6, 0x31, 0x65, 0x29, 0x45, 0x29, 0x24, 0x21, 
	0xE3, 0x18, 0xA2, 0x10, 0x61, 0x08, 0x41, 0x08, 0x20, 0x00, 0xFF, 0xFF, 0x2E, 0x00, 0x00, 0x00, 
	0x0C, 0x63, 0xDF, 0xFF, 0x5D, 0xEF, 0x9A, 0xD6, 0xBA, 0xDE, 0xBA, 0xDE, 0x9A, 0xDE, 0x99, 0xD6, 
	0x99, 0xD6, 0x99, 0xD6, 0xFF, 0xFF, 0x34, 0x00, 0xDB, 0xDE, 0x9A, 0xCE, 0x96, 0xB5, 0x58, 0xD6, 
	0x58, 0xD6, 0x38, 0xCE, 0x38, 0xCE, 0x18, 0xCE, 0x18, 0xCE, 0x38, 0xCE, 0x38, 0xCE, 0x38, 0xCE, 
	0x58, 0xD6, 0x38, 0xCE, 0x38, 0xCE, 0x58, 0xD6, 0xFF, 0xFF, 0x06, 0x00, 0x79, 0xD6, 0x99, 0xD6, 
	0x99, 0xD6, 0x99, 0xD6, 0x9A, 0xD6, 0x9A, 0xD6, 0x9A, 0xD6, 0x9A, 0xDE, 0x9A, 0xDE, 0x9A, 0xDE, 
	0x9A, 0xD6, 0x9A, 0xDE, 0x9A, 0xDE, 0xFF, 0xFF, 0x06, 0x00, 0xBA, 0xDE, 0xDB, 0xDE, 0xDB, 0xE6, 
	0xDB, 0xE6, 0xFB, 0xE6, 0xFB, 0xE6, 0xDB, 0xE6, 0xFF, 0xFF, 0x03, 0x00, 0xFB, 0xE6, 0xDB, 0xE6, 
	0xFF, 0xFF, 0x03, 0x00, 0xFB, 0xE6, 0xFF, 0xFF, 0x03, 0x00, 0x1C, 0xE7, 0xFB, 0xE6, 0x1C, 0xE7, 
	0x1C, 0xE7, 0xFF, 0xFF, 0x04, 0x00, 0xFB, 0xE6, 0x1C, 0xE7, 0x1C, 0xE7, 0x1C, 0xE7, 0xFF, 0xFF, 
	0x08, 0x00, 0x1C, 0xEF, 0xFF, 0xFF, 0x07, 0x00, 0x1C, 0xE7, 0xFF, 0xFF, 0x05, 0x00, 0x1C, 0xEF, 
	0xFF, 0xFF, 0x03, 0x00, 0x1C, 0xE7, 0x1C, 0xEF, 0x1C, 0xEF, 0x1C, 0xEF, 0x1C, 0xE7, 0x1C, 0xE7, 
	0xFF, 0xFF, 0x05, 0x00, 0xFB, 0xE6, 0x1C, 0xE7, 0x1C, 0xE7, 0xFB, 0xE6, 0x1C, 0xE7, 0x1C, 0xE7, 
	0x1C, 0xE7, 0xFB, 0xE6, 0xFB, 0xE6, 0xFB, 0xE6, 0xDB, 0xE6, 0xDB, 0xE6, 0xFB, 0xE6, 0xDB, 0xE6, 
	0xFF, 0xFF, 0x03, 0x00, 0xFB, 0xE6, 0xDB, 0xE6, 0xFB, 0xE6, 0xFB, 0xE6, 0xFB, 0xE6, 0xDB, 0xE6, 
	0xFF, 0xFF, 0x08, 0x00, 0xBA, 0xDE, 0x9A, 0xDE, 0x9A, 0xDE, 0xBA, 0xDE, 0xBA, 0xDE, 0xBA, 0xDE, 
	0x9A, 0xD6, 0x9A, 0xD6, 0x99, 0xD6, 0x99, 0xD6, 0x99, 0xD6, 0x99, 0xDE, 0x79, 0xD6, 0x79, 0xD6, 
	0x99, 0xDE, 0x79, 0xD6, 0x59, 0xD6, 0x79, 0xD6, 0x59, 0xD6, 0x58, 0xD6, 0x58, 0xD6, 0x39, 0xD6, 
	0x38, 0xCE, 0x38, 0xCE, 0x38, 0xCE, 0x18, 0xCE, 0xFF, 0xFF, 0x05, 0x00, 0x38, 0xCE, 0xF7, 0xCD, 
	0x38, 0xCE, 0xFF, 0xFF, 0x28, 0x00, 0xDB, 0xDE, 0x59, 0xCE, 0xF7, 0xC5, 0x79, 0xD6, 0x38, 0xD6, 
	0xFF, 0xFF, 0x06, 0x00, 0x38, 0xCE, 0x38, 0xD6, 0x58, 0xD6, 0x58, 0xD6, 0x59, 0xD6, 0xFF, 0xFF, 
	0x04, 0x00, 0x79, 0xD6, 0x99, 0xD6, 0x99, 0xD6, 0xFF, 0xFF, 0x03, 0x00, 0x9A, 0xD6, 0xFF, 0xFF, 
	0x03, 0x00, 0x9A, 0xDE, 0xFF, 0xFF, 0x07, 0x00, 0xBA, 0xDE, 0xDB, 0xDE, 0xDB, 0xE6, 0xDB, 0xE6, 
	0xFF, 0xFF, 0x03, 0x00, 0xFB, 0xE6, 0xFF, 0xFF, 0x03, 0x00, 0xDB, 0xE6, 0xFF, 0xFF, 0x06, 0x00, 
	0xFB, 0xE6, 0x1C, 0xE7, 0xFB, 0xE6, 0xFB, 0xE6, 0xFB, 0xE6, 0x1C, 0xE7, 0xFF, 0xFF, 0x03, 0x00, 
	0x1C, 0xEF, 0x1C, 0xE7, 0x1C, 0xE7, 0xFF, 0xFF, 0x05, 0x00, 0x1C, 0xEF, 0x1C, 0xE7, 0x1C, 0xEF, 
	0x1C, 0xEF, 0x1C, 0xEF, 0xFF, 0xFF, 0x04, 0x00, 0x3C, 0xEF, 0x1C, 0xEF, 0xFF, 0xFF, 0x0B, 0x00, 
	0x3C, 0xEF, 0x1C, 0xEF, 0x1C, 0xEF, 0xFF, 0xFF, 0x03, 0x00, 0x3C, 0xEF, 0xFF, 0xFF, 0x03, 0x00, 
	0x1C, 0xEF, 0x3C, 0xEF, 0xFF, 0xFF, 0x09, 0x00, 0x1C, 0xEF, 0x1C, 0xE7, 0x1C, 0xE7, 0xFB, 0xE6, 
	0xFB, 0xE6, 0xFB, 0xE6, 0xFF, 0xFF, 0x05, 0x00, 0x1C, 0xE7, 0xFF, 0xFF, 0x05, 0x00, 0xFB, 0xE6, 
	0xDB, 0xE6, 0xFB, 0xE6, 0xDB, 0xE6, 0xFB, 0xE6, 0xDB, 0xE6, 0xDB, 0xDE, 0xBA, 0xDE, 0xBA, 0xDE, 
	0xDB, 0xDE, 0xDB, 0xDE, 0xFF, 0xFF, 0x03, 0x00, 0xBA, 0xDE, 0x9A, 0xDE, 0x9A, 0xDE, 0x9A, 0xDE, 
	0xFF, 0xFF, 0x03, 0x00, 0x9A, 0xD6, 0x9A, 0xDE, 0x9A, 0xD6, 0x79, 0xD6, 0x79, 0xD6, 0x99, 0xD6, 
	0x99, 0xD6, 0xFF, 0xFF, 0x03, 0x00, 0x79, 0xD6, 0x59, 0xD6, 0x58, 0xD6, 0x58, 0xD6, 0x39, 0xD6, 
	0x38, 0xD6, 0x38, 0xCE, 0x58, 0xCE, 0xFF, 0xFF, 0x1B, 0x00, 0xDB, 0xDE, 0xBA, 0xD6, 0x39, 0xC6, 
	0x76, 0xAD, 0xD3, 0x9C, 0x96, 0xB5, 0x79, 0xD6, 0x58, 0xD6, 0x17, 0xCE, 0x38, 0xCE, 0x38, 0xCE, 
	0x38, 0xCE, 0x58, 0xD6, 0x58, 0xD6, 0x59, 0xD6, 0x79, 0xD6, 0x99, 0xDE, 0x99, 0xDE, 0x79, 0xD6, 
	0x79, 0xD6, 0x59, 0xD6, 0x79, 0xD6, 0x9A, 0xD6, 0x9A, 0xD6, 0x79, 0xD6, 0x79, 0xD6, 0x79, 0xD6, 
	0x9A, 0xD6, 0x79, 0xD6, 0x79, 0xD6, 0x9A, 0xD6, 0x9A, 0xDE, 0xBA, 0xDE, 0x9A, 0xD6, 0x9A, 0xD6, 
	0x9A, 0xDE, 0xBA, 0xDE, 0xBA, 0xDE, 0xDB, 0xDE, 0xDB, 0xDE, 0xDB, 0xDE, 0xDB, 0xE6, 0xDB, 0xE6, 
	0xFF, 0xFF, 0x03, 0x00, 0xFB, 0xE6, 0x1C, 0xE7, 0x1C, 0xE7, 0x1C, 0xEF, 0x1C, 0xEF, 0x3C, 0xEF, 
	0x3C, 0xEF, 0x3C, 0xEF, 0x5C, 0xEF, 0xFF, 0xFF, 0x05, 0x00, 0x7D, 0xF7, 0x9E, 0xFF, 0x9E, 0xFF, 
	0x9E, 0xFF, 0xFF, 0xFF, 0x03, 0x00, 0xBE, 0xFF, 0xDF, 0xFF, 0xDF, 0xFF, 0xFE, 0xFF, 0xDF, 0xFF, 
	0xDF, 0xFF, 0xDF, 0xFF, 0xFF, 0xFF, 0x1F, 0x00, 0xFE, 0xFF, 0xBE, 0xF7, 0x7D, 0xEF, 0x3C, 0xE7, 
	0xBA, 0xD6, 0x59, 0xCE, 0xD7, 0xBD, 0x75, 0xAD, 0x14, 0xA5, 0xD3, 0x9C, 0x51, 0x8C, 0xEF, 0x7B, 
	0xAE, 0x73, 0x6D, 0x6B, 0x2C, 0x63, 0xCB, 0x5A, 0xAA, 0x52, 0x49, 0x4A, 0x28, 0x42, 0x08, 0x42, 
	0xFF, 0xFF, 0x05, 0x00, 0xE7, 0x39, 0xC7, 0x39, 0xA6, 0x31, 0x86, 0x31, 0x65, 0x29, 0x65, 0x29, 
	0x45, 0x29, 0x04, 0x21, 0x04, 0x21, 0xC3, 0x18, 0xA2, 0x10, 0x82, 0x10, 0x61, 0x08, 0x41, 0x08, 
	0x20, 0x00, 0xFF, 0xFF, 0x13, 0x00, 0x00, 0x00, 0xEB, 0x5A, 0xFE, 0xFF, 0x7D, 0xF7, 0x99, 0xD6, 
	0xBA, 0xDE, 0x9A, 0xDE, 0x7A, 0xDE, 0x99, 0xD6, 0x99, 0xD6, 0x99, 0xD6, 0xFF, 0xFF, 0x34, 0x00, 
	0xDB, 0xDE, 0x9A, 0xD6, 0x96, 0xB5, 0x38, 0xCE, 0x58, 0xD6, 0x38, 0xD6, 0x38, 0xCE, 0x18, 0xCE, 
	0x18, 0xCE, 0x38, 0xCE, 0x38, 0xCE, 0x58, 0xD6, 0x58, 0xD6, 0x38, 0xD6, 0x38, 0xD6, 0x38, 0xD6, 
	0x59, 0xD6, 0xFF, 0xFF, 0x03, 0x00, 0x79, 0xD6, 0x99, 0xD6, 0x79, 0xD6, 0x99, 0xD6, 0x99, 0xD6, 
	0x99, 0xD6, 0x9A, 0xD6, 0x9A, 0xD6, 0x9A, 0xD6, 0x9A, 0xDE, 0x9A, 0xDE, 0x9A, 0xDE, 0x9A, 0xD6, 
	0x9A, 0xDE, 0x9A, 0xDE, 0xFF, 0xFF, 0x07, 0x00, 0xBA, 0xDE, 0xDB, 0xDE, 0xDB, 0xE6, 0xDB, 0xE6, 
	0xDB, 0xE6, 0xFB, 0xE6, 0xFB, 0xE6, 0xFB, 0xE6, 0xDB, 0xE6, 0xFB, 0xE6, 0xDB, 0xE6, 0xFF, 0xFF, 
	0x08, 0x00, 0xFB, 0xE6, 0xFF, 0xFF, 0x03, 0x00, 0x1C, 0xE7, 0xFF, 0xFF, 0x05, 0x00, 0xFB, 0xE6, 
	0x1C, 0xE7, 0xFB, 0xE6, 0xFF, 0xFF, 0x04, 0x00, 0x1C, 0xE7, 0x1C, 0xEF, 0xFF, 0xFF, 0x14, 0x00, 
	0x1C, 0xE7, 0xFF, 0xFF, 0x08, 0x00, 0xFB, 0xE6, 0x1C, 0xE7, 0x1C, 0xE7, 0xFF, 0xFF, 0x06, 0x00, 
	0xFB, 0xE6, 0xDB, 0xE6, 0xFB, 0xE6, 0xFB, 0xE6, 0xDB, 0xE6, 0xFF, 0xFF, 0x03, 0x00, 0xFB, 0xE6, 
	0xDB, 0xE6, 0xDB, 0xE6, 0xDB, 0xE6, 0xDB, 0xDE, 0xFF, 0xFF, 0x06, 0x00, 0xBA, 0xDE, 0xFF, 0xFF, 
	0x06, 0x00, 0x9A, 0xDE, 0xBA, 0xDE, 0x9A, 0xDE, 0x9A, 0xD6, 0x99, 0xD6, 0xFF, 0xFF, 0x04, 0x00, 
	0x79, 0xD6, 0x79, 0xDE, 0x79, 0xD6, 0x79, 0xD6, 0x58, 0xD6, 0x58, 0xD6, 0x58, 0xD6, 0x38, 0xD6, 
	0x38, 0xD6, 0xFF, 0xFF, 0x08, 0x00, 0x38, 0xCE, 0x18, 0xCE, 0xF7, 0xCD, 0x18, 0xCE, 0xFF, 0xFF, 
	0x28, 0x00, 0xDB, 0xDE, 0x9A, 0xCE, 0x17, 0xC6, 0x79, 0xD6, 0x59, 0xD6, 0x38, 0xD6, 0x38, 0xCE, 
	0x17, 0xCE, 0x38, 0xCE, 0x18, 0xCE, 0x38, 0xCE, 0x59, 0xD6, 0x59, 0xD6, 0x39, 0xD6, 0x59, 0xD6, 
	0x59, 0xD6, 0xFF, 0xFF, 0x07, 0x00, 0x79, 0xD6, 0x9A, 0xD6, 0x9A, 0xD6, 0x9A, 0xD6, 0xFF, 0xFF, 
	0x04, 0x00, 0x9A, 0xDE, 0xFF, 0xFF, 0x08, 0x00, 0xBA, 0xDE, 0xDB, 0xE6, 0xFF, 0xFF, 0x05, 0x00, 
	0xFB, 0xE6, 0xFF, 0xFF, 0x03, 0x00, 0xDB, 0xE6, 0xFB, 0xE6, 0xFB, 0xE6, 0xFB, 0xE6, 0x1C, 0xE7, 
	0x1C, 0xE7, 0x1C, 0xEF, 0x1C, 0xE7, 0xFB, 0xE6, 0xFB, 0xE6, 0xFF, 0xFF, 0x06, 0x00, 0x1C, 0xE7, 
	0x1C, 0xEF, 0x1C, 0xEF, 0x1C, 0xEF, 0x3C, 0xEF, 0xFF, 0xFF, 0x03, 0x00, 0x1C, 0xEF, 0x3C, 0xEF, 
	0x1C, 0xEF, 0x1C, 0xE7, 0x1C, 0xEF, 0x1C, 0xEF, 0x1C, 0xE7, 0x1C, 0xE7, 0x1C, 0xEF, 0x1C, 0xEF, 
	0x1C, 0xEF, 0xFF, 0xFF, 0x03, 0x00, 0x3C, 0xEF, 0x1C, 0xEF, 0x1C, 0xEF, 0x3C, 0xEF, 0x3C, 0xEF, 
	0x1C, 0xEF, 0x3C, 0xEF, 0xFF, 0xFF, 0x03, 0x00, 0x1C, 0xEF, 0x3C, 0xEF, 0x3C, 0xEF, 0x1C, 0xEF, 
	0x1C, 0xEF, 0x3C, 0xEF, 0x1C, 0xEF, 0xFF, 0xFF, 0x04, 0x00, 0x3C, 0xEF, 0x1C, 0xEF, 0x1C, 0xEF, 
	0x1C, 0xEF, 0xFF, 0xFF, 0x03, 0x00, 0x1C, 0xE7, 0xFF, 0xFF, 0x03, 0x00, 0xFB, 0xE6, 0x1C, 0xE7, 
	0x1C, 0xE7, 0x1C, 0xE7, 0x1C, 0xEF, 0x1C, 0xE7, 0x1C, 0xE7, 0xFF, 0xFF, 0x07, 0x00, 0xFB, 0xE6, 
	0xDB, 0xE6, 0xDB, 0xE6, 0xDB, 0xDE, 0xDB, 0xDE, 0xDB, 0xDE, 0xFF, 0xFF, 0x06, 0x00, 0xBA, 0xDE, 
	0xFF, 0xFF, 0x05, 0x00, 0x9A, 0xDE, 0x9A, 0xD6, 0x9A, 0xD6, 0x9A, 0xD6, 0x79, 0xD6, 0x79, 0xD6, 
	0x99, 0xD6, 0x99, 0xD6, 0x79, 0xD6, 0x79, 0xD6, 0x59, 0xD6, 0x79, 0xD6, 0x59, 0xD6, 0x58, 0xD6, 
	0x38, 0xCE, 0x38, 0xCE, 0x38, 0xD6, 0x38, 0xCE, 0x38, 0xCE, 0xFF, 0xFF, 0x1B, 0x00, 0xDB, 0xDE, 
	0x9A, 0xD6, 0x39, 0xC6, 0x96, 0xB5, 0xF4, 0x9C, 0xB6, 0xB5, 0x79, 0xD6, 0x58, 0xD6, 0x38, 0xCE, 
	0x38, 0xCE, 0x39, 0xCE, 0x39, 0xCE, 0x38, 0xCE, 0x58, 0xD6, 0x59, 0xD6, 0x59, 0xD6, 0xFF, 0xFF, 
	0x05, 0x00, 0x79, 0xD6, 0x9A, 0xD6, 0x9A, 0xD6, 0x9A, 0xDE, 0x9A, 0xDE, 0x9A, 0xDE, 0x9A, 0xD6, 
	0x9A, 0xDE, 0x9A, 0xDE, 0x9A, 0xDE, 0xFF, 0xFF, 0x05, 0x00, 0xBA, 0xDE, 0xDB, 0xDE, 0xDB, 0xE6, 
	0xFB, 0xE6, 0xDB, 0xE6, 0xDB, 0xDE, 0xDB, 0xE6, 0xFB, 0xE6, 0xFB, 0xE6, 0xFF, 0xFF, 0x03, 0x00, 
	0xDB, 0xE6, 0xFF, 0xFF, 0x06, 0x00, 0xFB, 0xE6, 0x1C, 0xE7, 0x1C, 0xE7, 0x1C, 0xE7, 0xFB, 0xE6, 
	0x1C, 0xE7, 0x1C, 0xE7, 0xFB, 0xE6, 0x1C, 0xE7, 0x1C, 0xEF, 0x1C, 0xEF, 0xFF, 0xFF, 0x03, 0x00, 
	0x3C, 0xEF, 0x5D, 0xEF, 0x5D, 0xF7, 0x5D, 0xF7, 0x5D, 0xEF, 0x5D, 0xEF, 0x5D, 0xEF, 0x5D, 0xF7, 
	0x7D, 0xF7, 0x7D, 0xF7, 0x7D, 0xF7, 0x9E, 0xF7, 0xBE, 0xF7, 0xBE, 0xF7, 0xBE, 0xFF, 0xDE, 0xFF, 
	0xDF, 0xFF, 0xFF, 0xFF, 0x1E, 0x00, 0xFE, 0xFF, 0xDF, 0xFF, 0xDF, 0xFF, 0xDE, 0xFF, 0xBE, 0xF7, 
	0xDE, 0xFF, 0xBE, 0xF7, 0xBE, 0xF7, 0x9E, 0xF7, 0x9D, 0xF7, 0x9D, 0xF7, 0x9E, 0xF7, 0x9E, 0xF7, 
	0x9D, 0xF7, 0x7D, 0xEF, 0x3C, 0xE7, 0x1B, 0xE7, 0xBA, 0xD6, 0x59, 0xCE, 0x38, 0xC6, 0xF7, 0xBD, 
	0x96, 0xB5, 0x55, 0xAD, 0xF3, 0x9C, 0x92, 0x94, 0x51, 0x8C, 0xEF, 0x7B, 0x6D, 0x6B, 0x2C, 0x63, 
	0xCB, 0x5A, 0x89, 0x52, 0x28, 0x42, 0xE7, 0x39, 0xC6, 0x39, 0xA6, 0x31, 0x85, 0x31, 0x45, 0x29, 
	0x45, 0x29, 0x45, 0x29, 0x24, 0x21, 0x24, 0x21, 0x04, 0x21, 0xE3, 0x18, 0xE3, 0x18, 0xE3, 0x18, 
	0xC3, 0x18, 0xA2, 0x10, 0xA2, 0x10, 0x20, 0x00, 0x4D, 0x6B, 0xDF, 0xFF, 0x5D, 0xEF, 0x79, 0xD6, 
	0x9A, 0xD6, 0x9A, 0xDE, 0x7A, 0xDE, 0x99, 0xD6, 0x79, 0xD6, 0x99, 0xD6, 0xFF, 0xFF, 0x33, 0x00, 
	0xDB, 0xDE, 0xDB, 0xD6, 0x9A, 0xD6, 0x96, 0xB5, 0xF7, 0xC5, 0x58, 0xD6, 0x38, 0xD6, 0xFF, 0xFF, 
	0x04, 0x00, 0x38, 0xCE, 0x58, 0xD6, 0x38, 0xCE, 0x38, 0xD6, 0x39, 0xD6, 0x39, 0xD6, 0x59, 0xD6, 
	0xFF, 0xFF, 0x03, 0x00, 0x79, 0xD6, 0x99, 0xD6, 0x99, 0xD6, 0x99, 0xD6, 0x79, 0xD6, 0x99, 0xD6, 
	0x99, 0xD6, 0xFF, 0xFF, 0x08, 0x00, 0x9A, 0xDE, 0xFF, 0xFF, 0x07, 0x00, 0xBA, 0xDE, 0xDB, 0xDE, 
	0xDB, 0xDE, 0xDB, 0xE6, 0xFB, 0xE6, 0xDB, 0xE6, 0xFB, 0xE6, 0xFB, 0xE6, 0xDB, 0xE6, 0xDB, 0xE6, 
	0xFF, 0xFF, 0x09, 0x00, 0xFB, 0xE6, 0x1C, 0xE7, 0x1C, 0xE7, 0x1C, 0xE7, 0xFB, 0xE6, 0x1C, 0xE7, 
	0xFF, 0xFF, 0x0C, 0x00, 0xFB, 0xE6, 0xFF, 0xFF, 0x08, 0x00, 0x1C, 0xE7, 0xFB, 0xE6, 0xFB, 0xE6, 
	0xFF, 0xFF, 0x05, 0x00, 0x1C, 0xE7, 0xFF, 0xFF, 0x05, 0x00, 0xFB, 0xE6, 0x1C, 0xE7, 0x1C, 0xE7, 
	0x1C, 0xE7, 0xFB, 0xE6, 0xFF, 0xFF, 0x03, 0x00, 0x1C, 0xE7, 0xFF, 0xFF, 0x0B, 0x00, 0xFB, 0xE6, 
	0xFF, 0xFF, 0x03, 0x00, 0xDB, 0xE6, 0xDB, 0xDE, 0xFF, 0xFF, 0x07, 0x00, 0xBA, 0xDE, 0x9A, 0xDE, 
	0x9A, 0xDE, 0x9A, 0xDE, 0xBA, 0xDE, 0xFF, 0xFF, 0x04, 0x00, 0x9A, 0xDE, 0x9A, 0xD6, 0x99, 0xD6, 
	0x99, 0xD6, 0xFF, 0xFF, 0x06, 0x00, 0x79, 0xD6, 0x59, 0xD6, 0x58, 0xD6, 0x39, 0xD6, 0x38, 0xCE, 
	0x38, 0xD6, 0x38, 0xD6, 0xFF, 0xFF, 0x07, 0x00, 0x38, 0xCE, 0x18, 0xCE, 0x18, 0xCE, 0xF7, 0xCD, 
	0x38, 0xCE, 0xFF, 0xFF, 0x28, 0x00, 0xDB, 0xDE, 0xDB, 0xD6, 0x18, 0xC6, 0x78, 0xD6, 0x38, 0xD6, 
	0x38, 0xCE, 0x18, 0xCE, 0x37, 0xCE, 0x38, 0xCE, 0x38, 0xCE, 0x18, 0xCE, 0x39, 0xD6, 0x58, 0xD6, 
	0x38, 0xD6, 0x38, 0xD6, 0x58, 0xD6, 0x59, 0xD6, 0x59, 0xD6, 0x59, 0xD6, 0xFF, 0xFF, 0x05, 0x00, 
	0x79, 0xD6, 0x9A, 0xD6, 0x9A, 0xDE, 0x9A, 0xD6, 0x9A, 0xDE, 0x9A, 0xDE, 0x9A, 0xD6, 0x9A, 0xD6, 
	0x9A, 0xDE, 0xFF, 0xFF, 0x08, 0x00, 0xBA, 0xDE, 0xDB, 0xDE, 0xDB, 0xDE, 0xFF, 0xFF, 0x05, 0x00, 
	0xFB, 0xE6, 0xDB, 0xE6, 0xDB, 0xE6, 0xFF, 0xFF, 0x03, 0x00, 0xFB, 0xE6, 0x1C, 0xE7, 0x1C, 0xEF, 
	0x1C, 0xE7, 0x1C, 0xE7, 0xFF, 0xFF, 0x05, 0x00, 0xFB, 0xE6, 0xFF, 0xFF, 0x03, 0x00, 0x1C, 0xE7, 
	0xFF, 0xFF, 0x04, 0x00, 0x1C, 0xEF, 0x3C, 0xEF, 0x3C, 0xEF, 0xFF, 0xFF, 0x03, 0x00, 0x1C, 0xEF, 
	0x1C, 0xE7, 0x1C, 0xE7, 0xFF, 0xFF, 0x10, 0x00, 0x1C, 0xEF, 0x3C, 0xEF, 0x1C, 0xEF, 0x1C, 0xEF, 
	0x1C, 0xEF, 0x3C, 0xEF, 0xFF, 0xFF, 0x05, 0x00, 0x1C, 0xEF, 0x1C, 0xE7, 0x1C, 0xE7, 0xFF, 0xFF, 
	0x04, 0x00, 0xFB, 0xE6, 0x1C, 0xE7, 0x1C, 0xE7, 0x1C, 0xE7, 0x1C, 0xEF, 0xFF, 0xFF, 0x03, 0x00, 
	0x1C, 0xE7, 0xFB, 0xE6, 0xFB, 0xE6, 0xFB, 0xE6, 0xDB, 0xE6, 0xDB, 0xE6, 0xDB, 0xE6, 0xFB, 0xE6, 
	0xFF, 0xFF, 0x04, 0x00, 0xDB, 0xE6, 0xDB, 0xDE, 0xDB, 0xDE, 0xFF, 0xFF, 0x06, 0x00, 0xBA, 0xDE, 
	0x9A, 0xDE, 0x9A, 0xDE, 0x9A, 0xDE, 0xBA, 0xDE, 0x9A, 0xDE, 0x9A, 0xD6, 0x9A, 0xD6, 0x9A, 0xD6, 
	0xFF, 0xFF, 0x08, 0x00, 0x79, 0xD6, 0x59, 0xD6, 0x58, 0xD6, 0x58, 0xD6, 0x58, 0xD6, 0xFF, 0xFF, 
	0x03, 0x00, 0x38, 0xCE, 0xFF, 0xFF, 0x1B, 0x00, 0xDB, 0xDE, 0x9A, 0xD6, 0x38, 0xC6, 0x76, 0xAD, 
	0x14, 0xA5, 0xD6, 0xBD, 0x79, 0xD6, 0x58, 0xD6, 0x38, 0xCE, 0x38, 0xCE, 0x18, 0xCE, 0x38, 0xCE, 
	0x38, 0xD6, 0x39, 0xD6, 0x58, 0xD6, 0x59, 0xD6, 0x59, 0xD6, 0x59, 0xD6, 0xFF, 0xFF, 0x05, 0x00, 
	0x79, 0xD6, 0x9A, 0xDE, 0x9A, 0xDE, 0x9A, 0xD6, 0x9A, 0xD6, 0x9A, 0xD6, 0xFF, 0xFF, 0x03, 0x00, 
	0xBA, 0xDE, 0xDB, 0xDE, 0xDB, 0xDE, 0xBA, 0xDE, 0xBA, 0xDE, 0xBA, 0xDE, 0xDB, 0xE6, 0xDB, 0xE6, 
	0xDB, 0xE6, 0xDB, 0xDE, 0xDB, 0xE6, 0xFF, 0xFF, 0x06, 0x00, 0xFB, 0xE6, 0x1C, 0xE7, 0x1C, 0xE7, 
	0xFB, 0xE6, 0xFB, 0xE6, 0xFB, 0xE6, 0x1C, 0xE7, 0xFF, 0xFF, 0x05, 0x00, 0x1C, 0xEF, 0x1C, 0xE7, 
	0x1C, 0xEF, 0xFF, 0xFF, 0x03, 0x00, 0x3C, 0xEF, 0x5D, 0xEF, 0x3C, 0xEF, 0x1C, 0xEF, 0x3C, 0xEF, 
	0x5D, 0xEF, 0x5D, 0xEF, 0x5D, 0xEF, 0xFF, 0xFF, 0x04, 0x00, 0x3C, 0xEF, 0x5D, 0xEF, 0x5D, 0xEF, 
	0x5D, 0xEF, 0x3C, 0xEF, 0x3C, 0xEF, 0x5D, 0xF7, 0x5D, 0xF7, 0xFF, 0xFF, 0x04, 0x00, 0x7D, 0xF7, 
	0x9D, 0xF7, 0x9D, 0xF7, 0xFF, 0xFF, 0x04, 0x00, 0x9E, 0xF7, 0x7D, 0xF7, 0xFF, 0xFF, 0x04, 0x00, 
	0x9E, 0xF7, 0x9D, 0xF7, 0x9E, 0xF7, 0xBE, 0xFF, 0xBE, 0xFF, 0xDE, 0xFF, 0xDF, 0xFF, 0xDF, 0xFF, 
	0xFF, 0xFF, 0x1B, 0x00, 0xFE, 0xFF, 0xDE, 0xFF, 0xBE, 0xF7, 0x9D, 0xF7, 0x7D, 0xEF, 0x7D, 0xEF, 
	0x5D, 0xEF, 0x3C, 0xE7, 0x3C, 0xE7, 0x1C, 0xE7, 0x1B, 0xE7, 0xFB, 0xDE, 0xFB, 0xDE, 0xDB, 0xDE, 
	0xDA, 0xDE, 0xBA, 0xD6, 0x9A, 0xD6, 0x79, 0xCE, 0x58, 0xCE, 0x17, 0xC6, 0xD7, 0xBD, 0xB6, 0xBD, 
	0x76, 0xB5, 0x34, 0xA5, 0xD2, 0x9C, 0x30, 0x84, 0x55, 0xAD, 0x5D, 0xF7, 0xFB, 0xE6, 0x9A, 0xD6, 
	0x9A, 0xD6, 0x9A, 0xDE, 0x7A, 0xDE, 0x99, 0xD6, 0x79, 0xD6, 0x99, 0xD6, 0xFF, 0xFF, 0x33, 0x00, 
	0xDB, 0xDE, 0xDB, 0xD6, 0x9A, 0xD6, 0x96, 0xB5, 0xF6, 0xBD, 0x79, 0xD6, 0x38, 0xD6, 0x18, 0xCE, 
	0xFF, 0xFF, 0x05, 0x00, 0x38, 0xCE, 0x39, 0xCE, 0x39, 0xCE, 0xFF, 0xFF, 0x03, 0x00, 0x59, 0xD6, 
	0xFF, 0xFF, 0x05, 0x00, 0x79, 0xD6, 0x99, 0xD6, 0x79, 0xD6, 0x79, 0xD6, 0x9A, 0xD6, 0x9A, 0xD6, 
	0x9A, 0xDE, 0x9A, 0xDE, 0x9A, 0xDE, 0x9A, 0xD6, 0x9A, 0xDE, 0x9A, 0xDE, 0x9A, 0xDE, 0xFF, 0xFF, 
	0x07, 0x00, 0xBA, 0xDE, 0xDB, 0xDE, 0xDB, 0xDE, 0xDB, 0xDE, 0xFF, 0xFF, 0x04, 0x00, 0xDB, 0xE6, 
	0xFB, 0xE6, 0xDB, 0xE6, 0xFB, 0xE6, 0xDB, 0xE6, 0xDB, 0xE6, 0xFF, 0xFF, 0x05, 0x00, 0xFB, 0xE6, 
	0xFF, 0xFF, 0x05, 0x00, 0x1C, 0xE7, 0xFB, 0xE6, 0xFF, 0xFF, 0x03, 0x00, 0x1C, 0xE7, 0xFF, 0xFF, 
	0x07, 0x00, 0xFB, 0xE6, 0x1C, 0xE7, 0x1C, 0xE7, 0xFF, 0xFF, 0x0E, 0x00, 0xFB, 0xE6, 0x1C, 0xE7, 
	0x1C, 0xE7, 0xFB, 0xE6, 0xFF, 0xFF, 0x05, 0x00, 0x1C, 0xE7, 0xFF, 0xFF, 0x06, 0x00, 0xFB, 0xE6, 
	0xDB, 0xE6, 0xDB, 0xE6, 0xDB, 0xE6, 0xFF, 0xFF, 0x04, 0x00, 0xFB, 0xE6, 0xDB, 0xE6, 0xDB, 0xDE, 
	0xDB, 0xDE, 0xDB, 0xDE, 0xFF, 0xFF, 0x08, 0x00, 0xBA, 0xDE, 0x9A, 0xDE, 0x9A, 0xD6, 0x9A, 0xDE, 
	0x9A, 0xDE, 0xBA, 0xDE, 0x9A, 0xDE, 0x9A, 0xDE, 0x9A, 0xD6, 0x9A, 0xDE, 0x9A, 0xD6, 0xFF, 0xFF, 
	0x08, 0x00, 0x79, 0xD6, 0x58, 0xD6, 0x39, 0xD6, 0x39, 0xD6, 0xFF, 0xFF, 0x09, 0x00, 0x38, 0xCE, 
	0x18, 0xCE, 0x38, 0xCE, 0x17, 0xCE, 0xF7, 0xCD, 0x18, 0xC6, 0xDB, 0xD6, 0xFF, 0xFF, 0x28, 0x00, 
	0xDB, 0xDE, 0x38, 0xCE, 0x59, 0xD6, 0x38, 0xD6, 0x38, 0xCE, 0x18, 0xCE, 0x38, 0xCE, 0x38, 0xCE, 
	0x18, 0xCE, 0x38, 0xCE, 0x38, 0xCE, 0x39, 0xD6, 0x39, 0xD6, 0x39, 0xD6, 0x38, 0xD6, 0x58, 0xD6, 
	0x59, 0xD6, 0x59, 0xD6, 0xFF, 0xFF, 0x06, 0x00, 0x79, 0xD6, 0x9A, 0xD6, 0x9A, 0xD6, 0x9A, 0xDE, 
	0x9A, 0xD6, 0x9A, 0xD6, 0x9A, 0xD6, 0x9A, 0xDE, 0x9A, 0xDE, 0x9A, 0xDE, 0xFF, 0xFF, 0x06, 0x00, 
	0xBA, 0xDE, 0xDB, 0xDE, 0xDB, 0xDE, 0xDB, 0xE6, 0xFF, 0xFF, 0x0B, 0x00, 0xFB, 0xE6, 0x1C, 0xE7, 
	0x1C, 0xE7, 0x1C, 0xE7, 0xFF, 0xFF, 0x05, 0x00, 0xFB, 0xE6, 0xFF, 0xFF, 0x03, 0x00, 0x1C, 0xE7, 
	0xFF, 0xFF, 0x07, 0x00, 0x1C, 0xEF, 0x3C, 0xEF, 0x3C, 0xEF, 0xFF, 0xFF, 0x07, 0x00, 0x1C, 0xEF, 
	0x3C, 0xEF, 0x3C, 0xEF, 0x1C, 0xEF, 0x1C, 0xEF, 0x1C, 0xEF, 0x3C, 0xEF, 0xFF, 0xFF, 0x07, 0x00, 
	0x1C, 0xEF, 0x1C, 0xE7, 0x1C, 0xEF, 0x1C, 0xEF, 0x1C, 0xEF, 0x1C, 0xE7, 0x1C, 0xE7, 0x1C, 0xEF, 
	0xFF, 0xFF, 0x03, 0x00, 0x1C, 0xE7, 0xFF, 0xFF, 0x04, 0x00, 0xFB, 0xE6, 0x1C, 0xE7, 0x1C, 0xE7, 
	0x1C, 0xEF, 0x1C, 0xEF, 0x1C, 0xE7, 0x1C, 0xE7, 0x1C, 0xE7, 0xFB, 0xE6, 0xFB, 0xE6, 0xFB, 0xE6, 
	0xFF, 0xFF, 0x03, 0x00, 0xDB, 0xE6, 0xFB, 0xE6, 0xFF, 0xFF, 0x03, 0x00, 0xDB, 0xE6, 0xDB, 0xDE, 
	0xDB, 0xDE, 0xFF, 0xFF, 0x07, 0x00, 0xBA, 0xDE, 0xFF, 0xFF, 0x06, 0x00, 0x9A, 0xDE, 0x9A, 0xD6, 
	0xFF, 0xFF, 0x06, 0x00, 0x79, 0xD6, 0x59, 0xD6, 0x59, 0xD6, 0x58, 0xD6, 0x38, 0xCE, 0x58, 0xD6, 
	0x39, 0xD6, 0xFF, 0xFF, 0x03, 0x00, 0x38, 0xCE, 0xFF, 0xFF, 0x1B, 0x00, 0xDB, 0xDE, 0x9A, 0xD6, 
	0x38, 0xC6, 0x76, 0xAD, 0x14, 0xA5, 0xF7, 0xBD, 0x99, 0xD6, 0x58, 0xD6, 0x38, 0xCE, 0x18, 0xCE, 
	0x18, 0xCE, 0x38, 0xCE, 0x38, 0xD6, 0x39, 0xD6, 0x38, 0xCE, 0x58, 0xD6, 0x58, 0xD6, 0x58, 0xD6, 
	0x79, 0xD6, 0x79, 0xD6, 0x79, 0xD6, 0x59, 0xD6, 0x59, 0xD6, 0x79, 0xD6, 0xFF, 0xFF, 0x07, 0x00, 
	0x9A, 0xDE, 0xBA, 0xDE, 0xBA, 0xDE, 0xBA, 0xDE, 0x9A, 0xDE, 0xBA, 0xDE, 0xBA, 0xDE, 0xDB, 0xDE, 
	0xDB, 0xDE, 0xDB, 0xE6, 0xDB, 0xDE, 0xDB, 0xDE, 0xDB, 0xE6, 0xFF, 0xFF, 0x04, 0x00, 0xFB, 0xE6, 
	0xFF, 0xFF, 0x04, 0x00, 0x1C, 0xE7, 0xFB, 0xE6, 0x1C, 0xE7, 0x1C, 0xE7, 0x1C, 0xE7, 0xFF, 0xFF, 
	0x04, 0x00, 0x1C, 0xEF, 0x1C, 0xE7, 0x1C, 0xEF, 0x3C, 0xEF, 0x1C, 0xEF, 0x1C, 0xEF, 0xFF, 0xFF, 
	0x08, 0x00, 0x3C, 0xEF, 0x5D, 0xEF, 0x5D, 0xF7, 0x3C, 0xEF, 0x3C, 0xEF, 0x3D, 0xF7, 0x3D, 0xF7, 
	0x3C, 0xEF, 0x3C, 0xEF, 0x5D, 0xF7, 0x5D, 0xF7, 0x5D, 0xF7, 0x7D, 0xF7, 0xFF, 0xFF, 0x06, 0x00, 
	0x5D, 0xEF, 0x7D, 0xF7, 0x5D, 0xEF, 0x5D, 0xEF, 0x3C, 0xEF, 0x5D, 0xEF, 0x5D, 0xEF, 0x5D, 0xF7, 
	0x7D, 0xF7, 0x5D, 0xF7, 0x5D, 0xF7, 0x7D, 0xF7, 0x5D, 0xF7, 0x5D, 0xF7, 0x5D, 0xF7, 0xFF, 0xFF, 
	0x03, 0x00, 0x5D, 0xEF, 0xFF, 0xFF, 0x04, 0x00, 0x3C, 0xEF, 0x5D, 0xEF, 0x3D, 0xF7, 0x5D, 0xEF, 
	0x5D, 0xEF, 0x5D, 0xEF, 0x7D, 0xF7, 0x7D, 0xF7, 0x5D, 0xF7, 0xFF, 0xFF, 0x03, 0x00, 0x5D, 0xEF, 
	0x7D, 0xF7, 0x9D, 0xF7, 0x9E, 0xF7, 0x7D, 0xF7, 0x7D, 0xF7, 0x9E, 0xF7, 0xBE, 0xF7, 0xBE, 0xF7, 
	0xDE, 0xFF, 0xDE, 0xFF, 0xDF, 0xFF, 0xDF, 0xFF, 0xFF, 0xFF, 0x10, 0x00, 0xFE, 0xFF, 0xDF, 0xFF, 
	0xDF, 0xFF, 0xBF, 0xFF, 0x9D, 0xF7, 0x7D, 0xF7, 0x3C, 0xEF, 0xDA, 0xE6, 0xBA, 0xDE, 0x9A, 0xDE, 
	0x7A, 0xDE, 0x9A, 0xDE, 0x7A, 0xD6, 0x79, 0xD6, 0x79, 0xD6, 0x79, 0xD6, 0xFF, 0xFF, 0x34, 0x00, 
	0xDB, 0xDE, 0x9A, 0xD6, 0xB6, 0xB5, 0xB6, 0xBD, 0x58, 0xCE, 0x38, 0xD6, 0x18, 0xCE, 0xFF, 0xFF, 
	0x05, 0x00, 0x38, 0xCE, 0x39, 0xCE, 0x39, 0xD6, 0xFF, 0xFF, 0x03, 0x00, 0x59, 0xD6, 0xFF, 0xFF, 
	0x06, 0x00, 0x79, 0xD6, 0x99, 0xD6, 0x79, 0xD6, 0x9A, 0xD6, 0x9A, 0xD6, 0xFF, 0xFF, 0x04, 0x00, 
	0x9A, 0xDE, 0x9A, 0xD6, 0x9A, 0xD6, 0xFF, 0xFF, 0x0A, 0x00, 0xBA, 0xDE, 0xDB, 0xDE, 0xDB, 0xDE, 
	0xDB, 0xE6, 0xFB, 0xE6, 0xFB, 0xE6, 0xFF, 0xFF, 0x04, 0x00, 0xDB, 0xE6, 0xFF, 0xFF, 0x07, 0x00, 
	0xFB, 0xE6, 0xFF, 0xFF, 0x03, 0x00, 0x1C, 0xE7, 0xFB, 0xE6, 0xFF, 0xFF, 0x07, 0x00, 0x1C, 0xE7, 
	0xFF, 0xFF, 0x05, 0x00, 0xFB, 0xE6, 0xFF, 0xFF, 0x03, 0x00, 0x1C, 0xE7, 0xFF, 0xFF, 0x08, 0x00, 
	0xFB, 0xE6, 0xFF, 0xFF, 0x0A, 0x00, 0x1C, 0xE7, 0xFF, 0xFF, 0x03, 0x00, 0xFB, 0xE6, 0xDB, 0xE6, 
	0xFB, 0xE6, 0xDB, 0xE6, 0xDB, 0xE6, 0xFB, 0xE6, 0xDB, 0xE6, 0xFB, 0xE6, 0xFB, 0xE6, 0xFB, 0xE6, 
	0xDB, 0xE6, 0xDB, 0xE6, 0xDB, 0xE6, 0xDB, 0xDE, 0xFF, 0xFF, 0x0A, 0x00, 0xBA, 0xDE, 0x9A, 0xDE, 
	0x9A, 0xD6, 0xFF, 0xFF, 0x03, 0x00, 0x9A, 0xDE, 0x9A, 0xD6, 0x9A, 0xD6, 0x9A, 0xDE, 0x9A, 0xD6, 
	0xFF, 0xFF, 0x07, 0x00, 0x79, 0xD6, 0x59, 0xD6, 0x58, 0xD6, 0x38, 0xCE, 0x38, 0xCE, 0x38, 0xCE, 
	0x39, 0xCE, 0x39, 0xCE, 0xFF, 0xFF, 0x05, 0x00, 0x38, 0xCE, 0x18, 0xCE, 0x17, 0xCE, 0x17, 0xCE, 
	0x17, 0xCE, 0xF7, 0xCD, 0x17, 0xC6, 0xBB, 0xD6, 0xFF, 0xFF, 0x28, 0x00, 0xDB, 0xDE, 0x59, 0xCE, 
	0x59, 0xD6, 0x38, 0xD6, 0xFF, 0xFF, 0x05, 0x00, 0x38, 0xCE, 0x18, 0xCE, 0x38, 0xCE, 0x39, 0xD6, 
	0x39, 0xD6, 0x38, 0xD6, 0x38, 0xD6, 0x59, 0xD6, 0x59, 0xD6, 0xFF, 0xFF, 0x06, 0x00, 0x79, 0xD6, 
	0x9A, 0xD6, 0x9A, 0xD6, 0x9A, 0xDE, 0x9A, 0xD6, 0x9A, 0xD6, 0x9A, 0xD6, 0xFF, 0xFF, 0x03, 0x00, 
	0x9A, 0xDE, 0xFF, 0xFF, 0x06, 0x00, 0xBA, 0xDE, 0xDB, 0xDE, 0xDB, 0xE6, 0xDB, 0xE6, 0xFB, 0xE6, 
	0xFB, 0xE6, 0xDB, 0xE6, 0xDB, 0xE6, 0xFF, 0xFF, 0x04, 0x00, 0xFB, 0xE6, 0xDB, 0xE6, 0xFB, 0xE6, 
	0xFB, 0xE6, 0xFB, 0xE6, 0x1C, 0xE7, 0x1C, 0xE7, 0x1C, 0xEF, 0x1C, 0xEF, 0x1C, 0xEF, 0x1C, 0xE7, 
	0xFF, 0xFF, 0x04, 0x00, 0xFB, 0xE6, 0xFF, 0xFF, 0x07, 0x00, 0x1C, 0xE7, 0x1C, 0xEF, 0x1C, 0xEF, 
	0xFF, 0xFF, 0x04, 0x00, 0x1C, 0xE7, 0x1C, 0xEF, 0x3C, 0xEF, 0x1C, 0xEF, 0x3C, 0xEF, 0x3C, 0xEF, 
	0x3C, 0xEF, 0x1C, 0xEF, 0x1C, 0xEF, 0x1C, 0xEF, 0x3C, 0xEF, 0xFF, 0xFF, 0x05, 0x00, 0x1C, 0xEF, 
	0xFF, 0xFF, 0x0A, 0x00, 0x1C, 0xE7, 0xFF, 0xFF, 0x03, 0x00, 0xFB, 0xE6, 0xFF, 0xFF, 0x06, 0x00, 
	0x1C, 0xE7, 0xFF, 0xFF, 0x03, 0x00, 0xFB, 0xE6, 0xDB, 0xE6, 0xDB, 0xE6, 0xFF, 0xFF, 0x03, 0x00, 
	0xFB, 0xE6, 0xDB, 0xE6, 0xDB, 0xDE, 0xDB, 0xE6, 0xDB, 0xDE, 0xDB, 0xDE, 0xFF, 0xFF, 0x08, 0x00, 
	0xBA, 0xDE, 0xFF, 0xFF, 0x05, 0x00, 0x9A, 0xDE, 0x99, 0xD6, 0x99, 0xD6, 0x99, 0xD6, 0xFF, 0xFF, 
	0x06, 0x00, 0x79, 0xD6, 0x59, 0xD6, 0x58, 0xD6, 0x58, 0xD6, 0x58, 0xD6, 0x39, 0xD6, 0x38, 0xCE, 
	0x18, 0xCE, 0x38, 0xCE, 0x18, 0xCE, 0xBB, 0xD6, 0xFF, 0xFF, 0x1A, 0x00, 0xDB, 0xDE, 0xBA, 0xD6, 
	0x39, 0xC6, 0x76, 0xAD, 0x14, 0xA5, 0xF7, 0xC5, 0x79, 0xD6, 0x58, 0xD6, 0x38, 0xCE, 0x18, 0xCE, 
	0x18, 0xCE, 0x38, 0xCE, 0x38, 0xD6, 0x59, 0xD6, 0x38, 0xCE, 0x38, 0xCE, 0x58, 0xD6, 0xFF, 0xFF, 
	0x03, 0x00, 0x79, 0xD6, 0x59, 0xD6, 0xFF, 0xFF, 0x03, 0x00, 0x79, 0xD6, 0x99, 0xD6, 0xFF, 0xFF, 
	0x04, 0x00, 0x9A, 0xDE, 0xFF, 0xFF, 0x05, 0x00, 0xBA, 0xDE, 0xDB, 0xDE, 0xDB, 0xDE, 0xDB, 0xE6, 
	0xDB, 0xE6, 0xDB, 0xE6, 0xFF, 0xFF, 0x06, 0x00, 0xFB, 0xE6, 0xFF, 0xFF, 0x03, 0x00, 0x1C, 0xE7, 
	0xFF, 0xFF, 0x04, 0x00, 0xFB, 0xE6, 0x1C, 0xEF, 0x3C, 0xEF, 0x3C, 0xEF, 0x1C, 0xEF, 0x1C, 0xE7, 
	0x1C, 0xE7, 0x3C, 0xEF, 0x1C, 0xEF, 0x1C, 0xEF, 0xFF, 0xFF, 0x07, 0x00, 0x3C, 0xEF, 0x5D, 0xEF, 
	0x5D, 0xEF, 0x5D, 0xEF, 0x3C, 0xEF, 0x3C, 0xEF, 0x3C, 0xEF, 0x3C, 0xF7, 0x3D, 0xF7, 0xFF, 0xFF, 
	0x03, 0x00, 0x5D, 0xF7, 0x5C, 0xEF, 0x5C, 0xEF, 0xFF, 0xFF, 0x06, 0x00, 0x5D, 0xEF, 0x5D, 0xF7, 
	0x5D, 0xF7, 0xFF, 0xFF, 0x08, 0x00, 0x5D, 0xEF, 0xFF, 0xFF, 0x05, 0x00, 0x3C, 0xEF, 0x1C, 0xEF, 
	0xFF, 0xFF, 0x03, 0x00, 0x3C, 0xEF, 0x3C, 0xF7, 0x3C, 0xF7, 0x3C, 0xF7, 0x3C, 0xEF, 0x1C, 0xEF, 
	0xFF, 0xFF, 0x04, 0x00, 0x3C, 0xEF, 0x1B, 0xE7, 0x1B, 0xE7, 0x1B, 0xE7, 0xFF, 0xFF, 0x03, 0x00, 
	0x1C, 0xEF, 0x1C, 0xE7, 0x1C, 0xE7, 0x1B, 0xE7, 0xFB, 0xE6, 0x1B, 0xE7, 0x1C, 0xE7, 0x1C, 0xE7, 
	0x1C, 0xE7, 0x1C, 0xEF, 0xFC, 0xEE, 0xFB, 0xE6, 0xFB, 0xE6, 0xDB, 0xE6, 0xDB, 0xE6, 0xDB, 0xE6, 
	0xFF, 0xFF, 0x05, 0x00, 0xFB, 0xE6, 0xDB, 0xE6, 0xFB, 0xE6, 0x1B, 0xEF, 0x1C, 0xEF, 0x1C, 0xEF, 
	0x1C, 0xEF, 0x3C, 0xEF, 0x3C, 0xEF, 0x1B, 0xEF, 0x9A, 0xDE, 0xBA, 0xDE, 0x9A, 0xDE, 0x79, 0xDE, 
	0x9A, 0xDE, 0x79, 0xD6, 0x79, 0xD6, 0x79, 0xD6, 0x9A, 0xD6, 0xFF, 0xFF, 0x34, 0x00, 0xDB, 0xDE, 
	0xBB, 0xD6, 0xD7, 0xBD, 0x96, 0xB5, 0x58, 0xCE, 0x38, 0xCE, 0x18, 0xCE, 0x38, 0xD6, 0xFF, 0xFF, 
	0x05, 0x00, 0x38, 0xCE, 0x39, 0xD6, 0xFF, 0xFF, 0x04, 0x00, 0x59, 0xD6, 0xFF, 0xFF, 0x08, 0x00, 
	0x79, 0xD6, 0x99, 0xD6, 0x9A, 0xD6, 0x9A, 0xD6, 0x9A, 0xDE, 0x9A, 0xDE, 0x9A, 0xDE, 0x9A, 0xD6, 
	0x9A, 0xD6, 0x9A, 0xD6, 0x9A, 0xDE, 0xFF, 0xFF, 0x09, 0x00, 0xBA, 0xDE, 0xDB, 0xE6, 0xDB, 0xE6, 
	0xFB, 0xE6, 0xFB, 0xE6, 0xFB, 0xE6, 0xDB, 0xE6, 0xFF, 0xFF, 0x04, 0x00, 0xFB, 0xE6, 0xDB, 0xE6, 
	0xDB, 0xE6, 0xFF, 0xFF, 0x09, 0x00, 0xFB, 0xE6, 0x1C, 0xE7, 0x1C, 0xE7, 0xFB, 0xE6, 0xFF, 0xFF, 
	0x09, 0x00, 0x1C, 0xE7, 0xFF, 0xFF, 0x03, 0x00, 0x1C, 0xEF, 0x1C, 0xE7, 0x1C, 0xE7, 0x1C, 0xE7, 
	0xFF, 0xFF, 0x03, 0x00, 0x1C, 0xEF, 0xFF, 0xFF, 0x03, 0x00, 0x1C, 0xE7, 0xFF, 0xFF, 0x07, 0x00, 
	0xFB, 0xE6, 0x1C, 0xE7, 0xFB, 0xE6, 0xFB, 0xE6, 0xFF, 0xFF, 0x04, 0x00, 0xDB, 0xE6, 0xFB, 0xE6, 
	0xFB, 0xE6, 0xDB, 0xE6, 0xDB, 0xE6, 0xFB, 0xE6, 0xFB, 0xE6, 0xDB, 0xE6, 0xDB, 0xDE, 0xDB, 0xDE, 
	0xDB, 0xDE, 0xFF, 0xFF, 0x09, 0x00, 0xBA, 0xDE, 0x9A, 0xDE, 0x9A, 0xD6, 0x9A, 0xD6, 0xFF, 0xFF, 
	0x03, 0x00, 0x9A, 0xDE, 0x9A, 0xD6, 0x9A, 0xD6, 0x9A, 0xD6, 0x7A, 0xDE, 0xFF, 0xFF, 0x04, 0x00, 
	0x79, 0xD6, 0x59, 0xD6, 0x79, 0xD6, 0x79, 0xD6, 0x59, 0xD6, 0x58, 0xD6, 0x58, 0xD6, 0x38, 0xCE, 
	0x39, 0xCE, 0x39, 0xCE, 0x39, 0xCE, 0xFF, 0xFF, 0x05, 0x00, 0x38, 0xCE, 0x18, 0xCE, 0x18, 0xCE, 
	0x17, 0xCE, 0x17, 0xCE, 0xF7, 0xC5, 0x17, 0xC6, 0xBA, 0xD6, 0xFF, 0xFF, 0x28, 0x00, 0xDB, 0xDE, 
	0x59, 0xCE, 0x59, 0xD6, 0x59, 0xD6, 0xFF, 0xFF, 0x08, 0x00, 0x38, 0xCE, 0x39, 0xCE, 0x38, 0xD6, 
	0x59, 0xD6, 0x59, 0xD6, 0xFF, 0xFF, 0x07, 0x00, 0x79, 0xD6, 0x7A, 0xDE, 0x9A, 0xDE, 0x9A, 0xD6, 
	0x9A, 0xDE, 0x9A, 0xDE, 0xBA, 0xDE, 0xBA, 0xDE, 0x9A, 0xD6, 0x9A, 0xD6, 0x9A, 0xD6, 0x9A, 0xDE, 
	0xFF, 0xFF, 0x04, 0x00, 0xBA, 0xDE, 0xFF, 0xFF, 0x04, 0x00, 0xDB, 0xDE, 0xDB, 0xE6, 0xDB, 0xE6, 
	0xFF, 0xFF, 0x04, 0x00, 0xFB, 0xE6, 0xDB, 0xE6, 0xFB, 0xE6, 0xFB, 0xE6, 0xFB, 0xE6, 0xDB, 0xE6, 
	0xFB, 0xE6, 0x1C, 0xE7, 0x1C, 0xEF, 0x1C, 0xEF, 0x1C, 0xEF, 0x1C, 0xE7, 0x1C, 0xE7, 0xFF, 0xFF, 
	0x07, 0x00, 0xFB, 0xE6, 0xFF, 0xFF, 0x0A, 0x00, 0x1C, 0xE7, 0x1C, 0xEF, 0x1C, 0xEF, 0x1C, 0xE7, 
	0x1C, 0xE7, 0x1C, 0xEF, 0x1C, 0xEF, 0x1C, 0xEF, 0x1C, 0xE7, 0x1C, 0xE7, 0x1C, 0xE7, 0xFF, 0xFF, 
	0x06, 0x00, 0x1C, 0xEF, 0xFF, 0xFF, 0x07, 0x00, 0x1C, 0xE7, 0xFB, 0xE6, 0xFB, 0xE6, 0xFF, 0xFF, 
	0x03, 0x00, 0x1C, 0xE7, 0xFF, 0xFF, 0x0B, 0x00, 0xFB, 0xE6, 0xDB, 0xE6, 0xFB, 0xE6, 0xFB, 0xE6, 
	0xFB, 0xE6, 0xDB, 0xE6, 0xDB, 0xE6, 0xBA, 0xDE, 0xDB, 0xDE, 0xFF, 0xFF, 0x07, 0x00, 0xBA, 0xDE, 
	0x9A, 0xDE, 0x9A, 0xD6, 0xFF, 0xFF, 0x05, 0x00, 0x9A, 0xDE, 0x9A, 0xD6, 0xFF, 0xFF, 0x08, 0x00, 
	0x79, 0xD6, 0x59, 0xD6, 0x58, 0xD6, 0x38, 0xCE, 0x58, 0xD6, 0x38, 0xCE, 0x38, 0xD6, 0xFF, 0xFF, 
	0x03, 0x00, 0x18, 0xCE, 0x9A, 0xD6, 0xFF, 0xFF, 0x1A, 0x00, 0xDB, 0xDE, 0xBB, 0xD6, 0x59, 0xCE, 
	0x76, 0xAD, 0x14, 0xA5, 0xF7, 0xC5, 0x59, 0xD6, 0x58, 0xD6, 0x18, 0xCE, 0xFF, 0xFF, 0x06, 0x00, 
	0x38, 0xCE, 0x58, 0xD6, 0xFF, 0xFF, 0x05, 0x00, 0x79, 0xD6, 0x79, 0xDE, 0x59, 0xD6, 0x79, 0xD6, 
	0x9A, 0xD6, 0x9A, 0xD6, 0xBA, 0xDE, 0x9A, 0xDE, 0xBA, 0xDE, 0x9A, 0xDE, 0xBA, 0xDE, 0xBA, 0xDE, 
	0xBA, 0xDE, 0xDB, 0xDE, 0xDB, 0xDE, 0xBA, 0xDE, 0xBA, 0xDE, 0xBA, 0xDE, 0xDB, 0xDE, 0xDB, 0xE6, 
	0xDB, 0xE6, 0xFF, 0xFF, 0x0B, 0x00, 0xFB, 0xE6, 0x1C, 0xE7, 0xFB, 0xE6, 0xFB, 0xE6, 0x1C, 0xE7, 
	0xFF, 0xFF, 0x03, 0x00, 0x1C, 0xEF, 0xFF, 0xFF, 0x04, 0x00, 0x3C, 0xEF, 0x1C, 0xEF, 0x3C, 0xEF, 
	0x3C, 0xEF, 0x1C, 0xEF, 0x3C, 0xEF, 0x3C, 0xEF, 0x3C, 0xEF, 0x5D, 0xEF, 0x5D, 0xEF, 0xFF, 0xFF, 
	0x0D, 0x00, 0x3C, 0xEF, 0xFF, 0xFF, 0x04, 0x00, 0x5D, 0xEF, 0x3C, 0xEF, 0x5D, 0xEF, 0x5D, 0xF7, 
	0xFF, 0xFF, 0x05, 0x00, 0x5D, 0xEF, 0xFF, 0xFF, 0x04, 0x00, 0x3C, 0xEF, 0x5D, 0xEF, 0x3C, 0xEF, 
	0x5D, 0xEF, 0x5C, 0xEF, 0x3C, 0xEF, 0x3C, 0xEF, 0x5D, 0xEF, 0x5D, 0xEF, 0x5D, 0xEF, 0xFF, 0xFF, 
	0x04, 0x00, 0x3C, 0xEF, 0x1C, 0xEF, 0x1C, 0xEF, 0x3C, 0xEF, 0x3C, 0xEF, 0x1C, 0xEF, 0x3C, 0xEF, 
	0x1C, 0xEF, 0x1C, 0xE7, 0x1C, 0xE7, 0x1C, 0xEF, 0x3C, 0xEF, 0x3C, 0xEF, 0x1C, 0xE7, 0x1C, 0xE7, 
	0xFB, 0xE6, 0xFB, 0xE6, 0xFB, 0xE6, 0x1C, 0xE7, 0x1C, 0xE7, 0x1C, 0xE7, 0xFF, 0xFF, 0x03, 0x00, 
	0xFB, 0xE6, 0xFF, 0xFF, 0x04, 0x00, 0xDB, 0xE6, 0xDB, 0xDE, 0xBA, 0xDE, 0xBA, 0xDE, 0xBA, 0xDE, 
	0x9A, 0xDE, 0xBA, 0xDE, 0xBA, 0xDE, 0xBA, 0xDE, 0x9A, 0xDE, 0x9A, 0xDE, 0x99, 0xDE, 0x79, 0xD6, 
	0x9A, 0xDE, 0xBA, 0xDE, 0xBA, 0xDE, 0x99, 0xDE, 0x9A, 0xDE, 0x99, 0xDE, 0x79, 0xD6, 0x79, 0xD6, 
	0x79, 0xD6, 0x9A, 0xD6, 0xFF, 0xFF, 0x34, 0x00, 0xDB, 0xDE, 0xBB, 0xD6, 0xD7, 0xBD, 0x96, 0xB5, 
	0x79, 0xD6, 0x38, 0xCE, 0x17, 0xCE, 0x18, 0xCE, 0xFF, 0xFF, 0x07, 0x00, 0x38, 0xCE, 0x39, 0xD6, 
	0x39, 0xD6, 0x39, 0xD6, 0x59, 0xD6, 0x59, 0xD6, 0xFF, 0xFF, 0x07, 0x00, 0x79, 0xD6, 0x99, 0xD6, 
	0x99, 0xD6, 0x99, 0xD6, 0xFF, 0xFF, 0x06, 0x00, 0x9A, 0xD6, 0x9A, 0xDE, 0x9A, 0xDE, 0x9A, 0xDE, 
	0xFF, 0xFF, 0x07, 0x00, 0xBA, 0xDE, 0xDB, 0xDE, 0xDB, 0xE6, 0xFB, 0xE6, 0xDB, 0xE6, 0xDB, 0xE6, 
	0xDB, 0xE6, 0xFB, 0xE6, 0xFB, 0xE6, 0xFB, 0xE6, 0xDB, 0xE6, 0xDB, 0xE6, 0xDB, 0xDE, 0xFF, 0xFF, 
	0x03, 0x00, 0xFB, 0xE6, 0xDB, 0xE6, 0xFF, 0xFF, 0x09, 0x00, 0xFB, 0xE6, 0xFF, 0xFF, 0x03, 0x00, 
	0x1C, 0xE7, 0x1C, 0xEF, 0x1C, 0xEF, 0x1C, 0xE7, 0x1C, 0xEF, 0xFF, 0xFF, 0x06, 0x00, 0x1C, 0xE7, 
	0x1C, 0xEF, 0xFF, 0xFF, 0x03, 0x00, 0x1C, 0xE7, 0xFF, 0xFF, 0x04, 0x00, 0xFB, 0xE6, 0x1C, 0xE7, 
	0xFF, 0xFF, 0x06, 0x00, 0xFB, 0xE6, 0xDB, 0xE6, 0xDB, 0xE6, 0xDB, 0xE6, 0xFB, 0xE6, 0xDB, 0xE6, 
	0xFB, 0xE6, 0xFF, 0xFF, 0x05, 0x00, 0xDB, 0xE6, 0xFF, 0xFF, 0x0A, 0x00, 0xBA, 0xDE, 0xFF, 0xFF, 
	0x06, 0x00, 0x9A, 0xDE, 0x9A, 0xD6, 0x9A, 0xDE, 0x9A, 0xD6, 0x79, 0xD6, 0x99, 0xD6, 0xFF, 0xFF, 
	0x05, 0x00, 0x79, 0xD6, 0x59, 0xD6, 0x59, 0xD6, 0x58, 0xD6, 0x59, 0xD6, 0x58, 0xD6, 0x59, 0xD6, 
	0x39, 0xD6, 0x38, 0xCE, 0x39, 0xCE, 0x38, 0xCE, 0x38, 0xCE, 0x38, 0xCE, 0x18, 0xCE, 0xFF, 0xFF, 
	0x03, 0x00, 0x38, 0xCE, 0x18, 0xCE, 0x17, 0xCE, 0x18, 0xCE, 0x18, 0xCE, 0x17, 0xC6, 0xF7, 0xC5, 
	0x79, 0xCE, 0xFF, 0xFF, 0x28, 0x00, 0xDB, 0xDE, 0x59, 0xCE, 0x59, 0xD6, 0x58, 0xD6, 0xFF, 0xFF, 
	0x0A, 0x00, 0x38, 0xCE, 0x59, 0xD6, 0x59, 0xD6, 0x59, 0xD6, 0x79, 0xD6, 0x59, 0xD6, 0xFF, 0xFF, 
	0x04, 0x00, 0x79, 0xD6, 0x79, 0xDE, 0x79, 0xD6, 0x7A, 0xDE, 0x9A, 0xDE, 0x9A, 0xDE, 0xBA, 0xDE, 
	0x9A, 0xDE, 0x9A, 0xD6, 0x9A, 0xD6, 0x9A, 0xDE, 0x9A, 0xDE, 0x9A, 0xDE, 0xFF, 0xFF, 0x08, 0x00, 
	0xBA, 0xDE, 0xDB, 0xDE, 0xDB, 0xDE, 0xDB, 0xE6, 0xFF, 0xFF, 0x03, 0x00, 0xFB, 0xE6, 0xDB, 0xE6, 
	0xFF, 0xFF, 0x07, 0x00, 0xFB, 0xE6, 0xFF, 0xFF, 0x06, 0x00, 0x1C, 0xE7, 0xFF, 0xFF, 0x06, 0x00, 
	0xFB, 0xE6, 0x1C, 0xEF, 0xFF, 0xFF, 0x06, 0x00, 0x1C, 0xE7, 0x1C, 0xEF, 0x1C, 0xEF, 0x1C, 0xEF, 
	0x1C, 0xE7, 0xFF, 0xFF, 0x03, 0x00, 0x1C, 0xEF, 0x1C, 0xE7, 0x1C, 0xE7, 0xFF, 0xFF, 0x06, 0x00, 
	0x1C, 0xEF, 0x1C, 0xE7, 0x1C, 0xE7, 0xFF, 0xFF, 0x03, 0x00, 0xFB, 0xE6, 0x1C, 0xE7, 0x1C, 0xE7, 
	0x1C, 0xE7, 0x1C, 0xEF, 0x1C, 0xEF, 0xFF, 0xFF, 0x03, 0x00, 0x1C, 0xE7, 0xFF, 0xFF, 0x05, 0x00, 
	0xFB, 0xE6, 0xDB, 0xE6, 0xDB, 0xE6, 0xDB, 0xE6, 0xFB, 0xE6, 0xFB, 0xE6, 0xDB, 0xE6, 0xFB, 0xE6, 
	0xFB, 0xE6, 0xDB, 0xE6, 0xDB, 0xDE, 0xDB, 0xE6, 0xDB, 0xDE, 0xFF, 0xFF, 0x06, 0x00, 0xBA, 0xDE, 
	0x9A, 0xDE, 0x9A, 0xD6, 0x9A, 0xD6, 0x9A, 0xDE, 0xBA, 0xDE, 0x9A, 0xDE, 0x9A, 0xD6, 0x9A, 0xD6, 
	0x9A, 0xDE, 0x9A, 0xD6, 0xFF, 0xFF, 0x08, 0x00, 0x79, 0xD6, 0x59, 0xD6, 0x58, 0xD6, 0xFF, 0xFF, 
	0x03, 0x00, 0x38, 0xCE, 0xFF, 0xFF, 0x03, 0x00, 0x18, 0xCE, 0xF7, 0xCD, 0x9A, 0xD6, 0xFF, 0xFF, 
	0x1A, 0x00, 0xDB, 0xDE, 0xBB, 0xD6, 0x5A, 0xCE, 0x96, 0xB5, 0x34, 0xA5, 0xF7, 0xC5, 0x58, 0xD6, 
	0x38, 0xCE, 0x17, 0xCE, 0x38, 0xCE, 0x38, 0xCE, 0x38, 0xCE, 0x18, 0xCE, 0x38, 0xCE, 0x38, 0xCE, 
	0x39, 0xD6, 0x39, 0xD6, 0x59, 0xD6, 0x59, 0xD6, 0xFF, 0xFF, 0x06, 0x00, 0x79, 0xD6, 0x9A, 0xD6, 
	0x9A, 0xD6, 0xBA, 0xDE, 0xBA, 0xDE, 0xBA, 0xDE, 0x99, 0xDE, 0x9A, 0xDE, 0x9A, 0xDE, 0xFF, 0xFF, 
	0x06, 0x00, 0xBA, 0xDE, 0xDB, 0xDE, 0xDB, 0xDE, 0xDB, 0xE6, 0xFF, 0xFF, 0x03, 0x00, 0xFB, 0xE6, 
	0xDB, 0xE6, 0xFB, 0xE6, 0xFB, 0xE6, 0xFB, 0xE6, 0xFF, 0xFF, 0x03, 0x00, 0x1C, 0xE7, 0xFB, 0xE6, 
	0xFB, 0xE6, 0xFF, 0xFF, 0x04, 0x00, 0x1C, 0xE7, 0xFF, 0xFF, 0x03, 0x00, 0x3C, 0xEF, 0x1C, 0xEF, 
	0x1C, 0xEF, 0x1C, 0xEF, 0xFF, 0xFF, 0x07, 0x00, 0x3C, 0xEF, 0x5D, 0xEF, 0x3C, 0xEF, 0x5D, 0xEF, 
	0x5D, 0xEF, 0x5D, 0xEF, 0xFF, 0xFF, 0x0B, 0x00, 0x3C, 0xEF, 0xFF, 0xFF, 0x03, 0x00, 0x5D, 0xEF, 
	0xFF, 0xFF, 0x09, 0x00, 0x3C, 0xEF, 0x5D, 0xEF, 0x5D, 0xEF, 0x3C, 0xEF, 0x5D, 0xEF, 0x5D, 0xEF, 
	0x3C, 0xEF, 0x5D, 0xEF, 0x5D, 0xEF, 0xFF, 0xFF, 0x07, 0x00, 0x3C, 0xEF, 0xFF, 0xFF, 0x03, 0x00, 
	0x1C, 0xEF, 0x3C, 0xEF, 0x3C, 0xEF, 0xFF, 0xFF, 0x03, 0x00, 0x1C, 0xEF, 0x1C, 0xE7, 0xFB, 0xE6, 
	0xFB, 0xE6, 0xFB, 0xE6, 0xFF, 0xFF, 0x03, 0x00, 0x1C, 0xE7, 0xFB, 0xE6, 0xFB, 0xE6, 0xFB, 0xE6, 
	0xDB, 0xE6, 0xFF, 0xFF, 0x03, 0x00, 0xFB, 0xE6, 0xDB, 0xE6, 0xDB, 0xE6, 0xDB, 0xE6, 0xFF, 0xFF, 
	0x07, 0x00, 0xBA, 0xDE, 0x9A, 0xD6, 0x9A, 0xD6, 0x9A, 0xDE, 0xBA, 0xDE, 0x9A, 0xD6, 0x99, 0xD6, 
	0x99, 0xD6, 0x99, 0xDE, 0x79, 0xD6, 0x79, 0xD6, 0x79, 0xDE, 0x79, 0xD6, 0xBA, 0xD6, 0xFF, 0xFF, 
	0x34, 0x00, 0xDB, 0xDE, 0x9A, 0xD6, 0xF8, 0xBD, 0x96, 0xB5, 0x79, 0xD6, 0x38, 0xD6, 0x17, 0xCE, 
	0x18, 0xCE, 0xFF, 0xFF, 0x08, 0x00, 0x38, 0xCE, 0x39, 0xCE, 0x39, 0xD6, 0x39, 0xD6, 0x59, 0xD6, 
	0x58, 0xD6, 0x58, 0xD6, 0xFF, 0xFF, 0x08, 0x00, 0x79, 0xD6, 0x99, 0xD6, 0x9A, 0xD6, 0x9A, 0xD6, 
	0x9A, 0xD6, 0x9A, 0xDE, 0xFF, 0xFF, 0x03, 0x00, 0x9A, 0xD6, 0x9A, 0xDE, 0x9A, 0xDE, 0xBA, 0xDE, 
	0x9A, 0xDE, 0xBA, 0xDE, 0xDB, 0xDE, 0xDB, 0xDE, 0xBA, 0xDE, 0xBA, 0xDE, 0xBA, 0xDE, 0xDB, 0xDE, 
	0xFB, 0xE6, 0xDB, 0xDE, 0xFF, 0xFF, 0x03, 0x00, 0xDB, 0xE6, 0xFB, 0xE6, 0xFB, 0xE6, 0xFB, 0xE6, 
	0xDB, 0xE6, 0xFB, 0xE6, 0xFB, 0xE6, 0xDB, 0xE6, 0xFF, 0xFF, 0x26, 0x00, 0xFB, 0xE6, 0xFF, 0xFF, 
	0x06, 0x00, 0xDB, 0xE6, 0xFB, 0xE6, 0xFB, 0xE6, 0xFB, 0xE6, 0xDB, 0xE6, 0xFB, 0xE6, 0xDB, 0xE6, 
	0xDB, 0xE6, 0xDB, 0xE6, 0xDB, 0xDE, 0xDB, 0xDE, 0xFF, 0xFF, 0x04, 0x00, 0xBA, 0xDE, 0xDB, 0xDE, 
	0xDB, 0xDE, 0xBA, 0xDE, 0xBA, 0xDE, 0xBA, 0xDE, 0x9A, 0xDE, 0xBA, 0xDE, 0x9A, 0xDE, 0x9A, 0xD6, 
	0x9A, 0xD6, 0x9A, 0xD6, 0xFF, 0xFF, 0x03, 0x00, 0x9A, 0xDE, 0x9A, 0xD6, 0x79, 0xD6, 0x99, 0xD6, 
	0xFF, 0xFF, 0x06, 0x00, 0x79, 0xD6, 0x59, 0xD6, 0x59, 0xD6, 0x58, 0xD6, 0x38, 0xCE, 0x38, 0xCE, 
	0x38, 0xD6, 0x39, 0xCE, 0x39, 0xCE, 0xFF, 0xFF, 0x03, 0x00, 0x38, 0xCE, 0x18, 0xCE, 0xFF, 0xFF, 
	0x03, 0x00, 0x38, 0xCE, 0x18, 0xCE, 0x17, 0xCE, 0x17, 0xC6, 0x17, 0xC6, 0xF7, 0xC5, 0xF7, 0xC5, 
	0x38, 0xC6, 0xFF, 0xFF, 0x28, 0x00, 0xDB, 0xDE, 0x59, 0xCE, 0x58, 0xD6, 0x38, 0xD6, 0x18, 0xCE, 
	0xFF, 0xFF, 0x08, 0x00, 0x38, 0xCE, 0x38, 0xD6, 0x38, 0xD6, 0x38, 0xD6, 0x59, 0xD6, 0x58, 0xD6, 
	0x59, 0xD6, 0xFF, 0xFF, 0x04, 0x00, 0x79, 0xD6, 0x79, 0xDE, 0x79, 0xD6, 0x79, 0xD6, 0x9A, 0xD6, 
	0x9A, 0xD6, 0xBA, 0xDE, 0xBA, 0xDE, 0xFF, 0xFF, 0x05, 0x00, 0x9A, 0xDE, 0xBA, 0xDE, 0xBA, 0xDE, 
	0x9A, 0xDE, 0xFF, 0xFF, 0x05, 0x00, 0xBA, 0xDE, 0xDB, 0xDE, 0xDB, 0xE6, 0xDB, 0xE6, 0xFB, 0xE6, 
	0xDB, 0xE6, 0xFF, 0xFF, 0x0A, 0x00, 0xFB, 0xE6, 0xFF, 0xFF, 0x06, 0x00, 0x1C, 0xE7, 0xFF, 0xFF, 
	0x03, 0x00, 0xFB, 0xE6, 0xDB, 0xE6, 0xFB, 0xE6, 0x1C, 0xE7, 0x1C, 0xE7, 0xFF, 0xFF, 0x05, 0x00, 
	0xFB, 0xE6, 0x1C, 0xE7, 0x1C, 0xEF, 0x1C, 0xEF, 0xFF, 0xFF, 0x07, 0x00, 0x1C, 0xE7, 0xFF, 0xFF, 
	0x05, 0x00, 0xFB, 0xE6, 0x1C, 0xE7, 0xFF, 0xFF, 0x04, 0x00, 0xFB, 0xE6, 0x1C, 0xE7, 0x1C, 0xE7, 
	0x1C, 0xE7, 0x1C, 0xEF, 0x1C, 0xEF, 0x1C, 0xE7, 0x1C, 0xE7, 0x1C, 0xE7, 0xFF, 0xFF, 0x09, 0x00, 
	0xFB, 0xE6, 0xDB, 0xE6, 0xFB, 0xE6, 0xDB, 0xE6, 0xFB, 0xE6, 0xFB, 0xE6, 0xDB, 0xE6, 0xDB, 0xDE, 
	0xDB, 0xDE, 0xDB, 0xDE, 0xFF, 0xFF, 0x06, 0x00, 0xBA, 0xDE, 0x9A, 0xDE, 0x9A, 0xD6, 0x9A, 0xD6, 
	0x9A, 0xDE, 0xBA, 0xDE, 0xBA, 0xDE, 0x9A, 0xDE, 0x9A, 0xD6, 0x9A, 0xD6, 0xFF, 0xFF, 0x08, 0x00, 
	0x79, 0xD6, 0x59, 0xD6, 0x59, 0xD6, 0x58, 0xD6, 0xFF, 0xFF, 0x03, 0x00, 0x38, 0xCE, 0x18, 0xCE, 
	0x38, 0xCE, 0x18, 0xCE, 0x18, 0xCE, 0xF7, 0xCD, 0x9A, 0xD6, 0xFC, 0xDE, 0xFF, 0xFF, 0x19, 0x00, 
	0xDB, 0xDE, 0xBB, 0xD6, 0x7A, 0xCE, 0x96, 0xB5, 0x34, 0xAD, 0x17, 0xC6, 0x59, 0xD6, 0x38, 0xCE, 
	0x18, 0xCE, 0x38, 0xCE, 0x38, 0xCE, 0x38, 0xCE, 0x18, 0xCE, 0x38, 0xCE, 0xFF, 0xFF, 0x03, 0x00, 
	0x39, 0xD6, 0x59, 0xD6, 0xFF, 0xFF, 0x05, 0x00, 0x79, 0xD6, 0x99, 0xD6, 0x99, 0xD6, 0x99, 0xD6, 
	0x9A, 0xDE, 0x9A, 0xDE, 0xBA, 0xDE, 0xBA, 0xDE, 0x9A, 0xDE, 0x99, 0xD6, 0x9A, 0xDE, 0xFF, 0xFF, 
	0x05, 0x00, 0xBA, 0xDE, 0xDB, 0xDE, 0xDB, 0xDE, 0xDB, 0xE6, 0xFF, 0xFF, 0x07, 0x00, 0xFB, 0xE6, 
	0xFF, 0xFF, 0x05, 0x00, 0x1C, 0xE7, 0xFB, 0xE6, 0xFB, 0xE6, 0x1C, 0xE7, 0x1C, 0xE7, 0x1C, 0xE7, 
	0x1C, 0xEF, 0x1C, 0xEF, 0x1C, 0xE7, 0xFF, 0xFF, 0x07, 0x00, 0x1C, 0xEF, 0x3C, 0xEF, 0x3C, 0xEF, 
	0x3C, 0xEF, 0x5D, 0xEF, 0x3C, 0xEF, 0x3C, 0xEF, 0x3C, 0xEF, 0xFF, 0xFF, 0x04, 0x00, 0x5D, 0xEF, 
	0x3C, 0xEF, 0x3C, 0xEF, 0x5D, 0xEF, 0xFF, 0xFF, 0x13, 0x00, 0x3C, 0xEF, 0x5D, 0xEF, 0x5D, 0xEF, 
	0xFF, 0xFF, 0x04, 0x00, 0x3C, 0xEF, 0x5D, 0xEF, 0xFF, 0xFF, 0x05, 0x00, 0x3C, 0xEF, 0x1C, 0xEF, 
	0x3C, 0xEF, 0x3C, 0xEF, 0x1C, 0xEF, 0x1C, 0xEF, 0x3C, 0xEF, 0xFF, 0xFF, 0x04, 0x00, 0x1C, 0xEF, 
	0xFF, 0xFF, 0x03, 0x00, 0x1C, 0xE7, 0xFB, 0xE6, 0xFB, 0xE6, 0xFB, 0xE6, 0x1C, 0xE7, 0x1C, 0xE7, 
	0x1C, 0xE7, 0xFB, 0xE6, 0xDB, 0xE6, 0xDB, 0xE6, 0xDB, 0xE6, 0xFB, 0xE6, 0xFB, 0xE6, 0xFF, 0xFF, 
	0x03, 0x00, 0xDB, 0xE6, 0xDB, 0xDE, 0xFF, 0xFF, 0x04, 0x00, 0xBA, 0xDE, 0x9A, 0xDE, 0xBA, 0xDE, 
	0x9A, 0xDE, 0x9A, 0xDE, 0x9A, 0xDE, 0xBA, 0xDE, 0xBA, 0xDE, 0x99, 0xD6, 0x99, 0xD6, 0x99, 0xD6, 
	0x79, 0xD6, 0x79, 0xDE, 0x79, 0xDE, 0x59, 0xD6, 0x9A, 0xD6, 0xFF, 0xFF, 0x34, 0x00, 0xDB, 0xDE, 
	0x9A, 0xD6, 0xF8, 0xBD, 0x96, 0xB5, 0x59, 0xCE, 0x38, 0xCE, 0x17, 0xCE, 0x18, 0xCE, 0xFF, 0xFF, 
	0x09, 0x00, 0x38, 0xCE, 0x39, 0xD6, 0x39, 0xD6, 0x39, 0xD6, 0x58, 0xD6, 0x58, 0xD6, 0x59, 0xD6, 
	0xFF, 0xFF, 0x06, 0x00, 0x79, 0xD6, 0x99, 0xD6, 0x99, 0xD6, 0x99, 0xD6, 0x9A, 0xD6, 0x9A, 0xDE, 
	0xFF, 0xFF, 0x03, 0x00, 0x9A, 0xD6, 0x9A, 0xDE, 0x9A, 0xDE, 0x9A, 0xDE, 0xBA, 0xDE, 0xBA, 0xDE, 
	0xBA, 0xDE, 0xDB, 0xDE, 0xFF, 0xFF, 0x04, 0x00, 0xBA, 0xDE, 0xDB, 0xDE, 0xBA, 0xDE, 0xDB, 0xDE, 
	0xDB, 0xDE, 0xDB, 0xDE, 0xDB, 0xE6, 0xFF, 0xFF, 0x07, 0x00, 0xFB, 0xE6, 0xDB, 0xE6, 0xDB, 0xE6, 
	0xFB, 0xE6, 0xDB, 0xE6, 0xDB, 0xE6, 0xFF, 0xFF, 0x0F, 0x00, 0xFB, 0xE6, 0x1C, 0xE7, 0x1C, 0xE7, 
	0xFF, 0xFF, 0x0D, 0x00, 0xFB, 0xE6, 0xFF, 0xFF, 0x03, 0x00, 0xDB, 0xE6, 0xFF, 0xFF, 0x05, 0x00, 
	0xFB, 0xE6, 0xDB, 0xE6, 0xDB, 0xE6, 0xFB, 0xE6, 0xDB, 0xE6, 0xDB, 0xDE, 0xDB, 0xDE, 0xFF, 0xFF, 
	0x0C, 0x00, 0xBA, 0xDE, 0x9A, 0xDE, 0x9A, 0xDE, 0x9A, 0xD6, 0xFF, 0xFF, 0x04, 0x00, 0x9A, 0xDE, 
	0x9A, 0xD6, 0x9A, 0xD6, 0x79, 0xD6, 0x99, 0xD6, 0xFF, 0xFF, 0x06, 0x00, 0x79, 0xD6, 0x59, 0xD6, 
	0x59, 0xD6, 0x58, 0xD6, 0x38, 0xCE, 0x38, 0xCE, 0x38, 0xCE, 0x39, 0xCE, 0x39, 0xCE, 0xFF, 0xFF, 
	0x05, 0x00, 0x38, 0xCE, 0xFF, 0xFF, 0x03, 0x00, 0x18, 0xCE, 0x17, 0xCE, 0x17, 0xCE, 0xF7, 0xC5, 
	0xD7, 0xC5, 0xF7, 0xC5, 0x18, 0xC6, 0xFF, 0xFF, 0x28, 0x00, 0xDB, 0xDE, 0x59, 0xCE, 0x58, 0xD6, 
	0x38, 0xD6, 0x18, 0xCE, 0x18, 0xCE, 0xFF, 0xFF, 0x05, 0x00, 0x38, 0xCE, 0x18, 0xCE, 0xFF, 0xFF, 
	0x03, 0x00, 0x38, 0xCE, 0x58, 0xD6, 0x58, 0xD6, 0x58, 0xD6, 0x79, 0xD6, 0x79, 0xD6, 0x59, 0xD6, 
	0xFF, 0xFF, 0x03, 0x00, 0x79, 0xD6, 0xFF, 0xFF, 0x03, 0x00, 0x99, 0xD6, 0x9A, 0xDE, 0xBA, 0xDE, 
	0xBA, 0xDE, 0x9A, 0xDE, 0x9A, 0xD6, 0x9A, 0xD6, 0x9A, 0xDE, 0xFF, 0xFF, 0x09, 0x00, 0xBA, 0xDE, 
	0xDB, 0xDE, 0xDB, 0xE6, 0xDB, 0xE6, 0xDB, 0xDE, 0xDB, 0xE6, 0xFF, 0xFF, 0x04, 0x00, 0xFB, 0xE6, 
	0xDB, 0xE6, 0xFB, 0xE6, 0xDB, 0xE6, 0xDB, 0xE6, 0xFF, 0xFF, 0x06, 0x00, 0xFB, 0xE6, 0x1C, 0xE7, 
	0x1C, 0xE7, 0x1C, 0xE7, 0xFB, 0xE6, 0xFB, 0xE6, 0xFB, 0xE6, 0x1C, 0xE7, 0x1C, 0xE7, 0xFF, 0xFF, 
	0x1A, 0x00, 0xFB, 0xE6, 0x1C, 0xE7, 0x1C, 0xE7, 0x1C, 0xE7, 0xFF, 0xFF, 0x0A, 0x00, 0xFB, 0xE6, 
	0xDB, 0xE6, 0xFB, 0xE6, 0xDB, 0xE6, 0xDB, 0xE6, 0xFB, 0xE6, 0xFB, 0xE6, 0xFB, 0xE6, 0xDB, 0xE6, 
	0xDB, 0xE6, 0xFF, 0xFF, 0x03, 0x00, 0xDB, 0xDE, 0xFF, 0xFF, 0x09, 0x00, 0xBA, 0xDE, 0x9A, 0xD6, 
	0x9A, 0xD6, 0x9A, 0xD6, 0x9A, 0xDE, 0x9A, 0xDE, 0x9A, 0xDE, 0x9A, 0xD6, 0x79, 0xD6, 0x9A, 0xD6, 
	0x79, 0xD6, 0x99, 0xD6, 0xFF, 0xFF, 0x05, 0x00, 0x79, 0xD6, 0x59, 0xD6, 0x58, 0xD6, 0x58, 0xD6, 
	0x39, 0xD6, 0xFF, 0xFF, 0x06, 0x00, 0x38, 0xCE, 0x18, 0xCE, 0xF7, 0xC5, 0x7A, 0xD6, 0xFB, 0xDE, 
	0xFF, 0xFF, 0x19, 0x00, 0xDB, 0xDE, 0xBB, 0xD6, 0x7A, 0xCE, 0x96, 0xB5, 0x54, 0xAD, 0x17, 0xC6, 
	0x58, 0xD6, 0x18, 0xCE, 0x17, 0xCE, 0x38, 0xCE, 0x38, 0xCE, 0x38, 0xCE, 0x18, 0xCE, 0x18, 0xCE, 
	0x38, 0xCE, 0x39, 0xD6, 0x38, 0xCE, 0x38, 0xD6, 0x59, 0xD6, 0x79, 0xD6, 0x59, 0xD6, 0xFF, 0xFF, 
	0x05, 0x00, 0x79, 0xD6, 0x99, 0xD6, 0x9A, 0xD6, 0x79, 0xD6, 0x9A, 0xD6, 0x9A, 0xDE, 0x9A, 0xDE, 
	0x9A, 0xD6, 0x9A, 0xDE, 0xFF, 0xFF, 0x06, 0x00, 0xBA, 0xDE, 0xDB, 0xDE, 0xDB, 0xDE, 0xDB, 0xE6, 
	0xFB, 0xE6, 0xFB, 0xE6, 0xDB, 0xE6, 0xDB, 0xE6, 0xDB, 0xE6, 0xFF, 0xFF, 0x03, 0x00, 0xFB, 0xE6, 
	0xFF, 0xFF, 0x03, 0x00, 0x1C, 0xE7, 0xFF, 0xFF, 0x03, 0x00, 0xFB, 0xE6, 0x1C, 0xE7, 0x1C, 0xE7, 
	0xFF, 0xFF, 0x09, 0x00, 0x1C, 0xEF, 0xFF, 0xFF, 0x0B, 0x00, 0x3C, 0xEF, 0x5D, 0xEF, 0x5D, 0xEF, 
	0x5D, 0xF7, 0x5D, 0xEF, 0xFF, 0xFF, 0x0C, 0x00, 0x3C, 0xEF, 0x5D, 0xEF, 0x3C, 0xEF, 0x3C, 0xEF, 
	0x5D, 0xEF, 0x5D, 0xEF, 0x3C, 0xEF, 0x5D, 0xEF, 0x5D, 0xEF, 0xFF, 0xFF, 0x09, 0x00, 0x3C, 0xEF, 
	0x1C, 0xEF, 0x1C, 0xEF, 0x1C, 0xEF, 0x3C, 0xEF, 0x3C, 0xEF, 0xFF, 0xFF, 0x06, 0x00, 0x1C, 0xEF, 
	0x1C, 0xE7, 0xFB, 0xE6, 0xFB, 0xE6, 0x1C, 0xE7, 0x1C, 0xE7, 0x1C, 0xE7, 0x1C, 0xEF, 0x1C, 0xE7, 
	0xFF, 0xFF, 0x07, 0x00, 0xFB, 0xE6, 0xDB, 0xE6, 0xDB, 0xE6, 0xDB, 0xDE, 0xDB, 0xDE, 0xFF, 0xFF, 
	0x05, 0x00, 0xBA, 0xDE, 0xFF, 0xFF, 0x03, 0x00, 0x9A, 0xDE, 0x9A, 0xD6, 0x9A, 0xDE, 0xBA, 0xDE, 
	0x99, 0xD6, 0x99, 0xD6, 0x99, 0xD6, 0x79, 0xD6, 0x79, 0xD6, 0x59, 0xD6, 0x79, 0xD6, 0x59, 0xD6, 
	0x9A, 0xD6, 0xFF, 0xFF, 0x34, 0x00, 0xDB, 0xDE, 0x9A, 0xD6, 0x18, 0xBE, 0x96, 0xB5, 0x18, 0xC6, 
	0x38, 0xCE, 0x17, 0xCE, 0x17, 0xCE, 0x18, 0xCE, 0xFF, 0xFF, 0x09, 0x00, 0x38, 0xCE, 0x38, 0xD6, 
	0x39, 0xD6, 0x38, 0xCE, 0x58, 0xD6, 0x59, 0xD6, 0x79, 0xD6, 0x59, 0xD6, 0x59, 0xD6, 0xFF, 0xFF, 
	0x04, 0x00, 0x79, 0xD6, 0x99, 0xD6, 0x99, 0xD6, 0x9A, 0xD6, 0x9A, 0xD6, 0xFF, 0xFF, 0x07, 0x00, 
	0x9A, 0xDE, 0xFF, 0xFF, 0x0C, 0x00, 0xBA, 0xDE, 0xDB, 0xDE, 0xDB, 0xE6, 0xDB, 0xE6, 0xDB, 0xE6, 
	0xFB, 0xE6, 0xFB, 0xE6, 0xFB, 0xE6, 0xDB, 0xE6, 0xDB, 0xE6, 0xFF, 0xFF, 0x05, 0x00, 0xFB, 0xE6, 
	0xDB, 0xE6, 0xFF, 0xFF, 0x04, 0x00, 0xFB, 0xE6, 0xDB, 0xE6, 0xDB, 0xE6, 0xDB, 0xE6, 0xFB, 0xE6, 
	0xFB, 0xE6, 0xFB, 0xE6, 0xDB, 0xE6, 0xDB, 0xE6, 0xFF, 0xFF, 0x0E, 0x00, 0xFB, 0xE6, 0xFF, 0xFF, 
	0x05, 0x00, 0xDB, 0xE6, 0xFF, 0xFF, 0x05, 0x00, 0xFB, 0xE6, 0xDB, 0xE6, 0xDB, 0xE6, 0xDB, 0xE6, 
	0xDB, 0xDE, 0xFF, 0xFF, 0x0B, 0x00, 0xBA, 0xDE, 0x9A, 0xDE, 0x9A, 0xDE, 0xBA, 0xDE, 0xBA, 0xDE, 
	0xFF, 0xFF, 0x03, 0x00, 0x9A, 0xDE, 0x9A, 0xD6, 0x9A, 0xD6, 0x9A, 0xD6, 0x99, 0xD6, 0x99, 0xD6, 
	0x99, 0xD6, 0xFF, 0xFF, 0x08, 0x00, 0x79, 0xD6, 0x58, 0xD6, 0x58, 0xD6, 0x58, 0xD6, 0xFF, 0xFF, 
	0x09, 0x00, 0x38, 0xCE, 0x17, 0xCE, 0x17, 0xCE, 0x18, 0xCE, 0x18, 0xCE, 0x17, 0xCE, 0x17, 0xCE, 
	0xF7, 0xC5, 0xF7, 0xC5, 0xF7, 0xC5, 0x17, 0xC6, 0xFF, 0xFF, 0x28, 0x00, 0xDB, 0xDE, 0x59, 0xCE, 
	0x38, 0xCE, 0x38, 0xCE, 0x17, 0xCE, 0x17, 0xCE, 0x17, 0xCE, 0xFF, 0xFF, 0x06, 0x00, 0x38, 0xCE, 
	0x18, 0xCE, 0xFF, 0xFF, 0x03, 0x00, 0x38, 0xCE, 0x58, 0xD6, 0x58, 0xD6, 0xFF, 0xFF, 0x06, 0x00, 
	0x79, 0xD6, 0x99, 0xD6, 0x99, 0xD6, 0x99, 0xDE, 0x99, 0xDE, 0x9A, 0xDE, 0xBA, 0xDE, 0xBA, 0xDE, 
	0x9A, 0xD6, 0x9A, 0xD6, 0x9A, 0xD6, 0x9A, 0xDE, 0x9A, 0xDE, 0xFF, 0xFF, 0x08, 0x00, 0xBA, 0xDE, 
	0xDB, 0xDE, 0xDB, 0xE6, 0xDB, 0xDE, 0xDB, 0xE6, 0xFB, 0xE6, 0xDB, 0xE6, 0xDB, 0xE6, 0xFF, 0xFF, 
	0x03, 0x00, 0xFB, 0xE6, 0xDB, 0xE6, 0xDB, 0xE6, 0xFF, 0xFF, 0x07, 0x00, 0xFB, 0xE6, 0x1C, 0xE7, 
	0x1C, 0xEF, 0xFF, 0xFF, 0x03, 0x00, 0x1C, 0xE7, 0xFF, 0xFF, 0x11, 0x00, 0xFB, 0xE6, 0x1C, 0xE7, 
	0xFF, 0xFF, 0x05, 0x00, 0xFB, 0xE6, 0xFF, 0xFF, 0x03, 0x00, 0x1C, 0xE7, 0xFB, 0xE6, 0x1C, 0xE7, 
	0xFF, 0xFF, 0x0A, 0x00, 0xFB, 0xE6, 0xDB, 0xE6, 0xFF, 0xFF, 0x04, 0x00, 0xFB, 0xE6, 0xDB, 0xE6, 
	0xDB, 0xE6, 0xDB, 0xE6, 0xDB, 0xDE, 0xFF, 0xFF, 0x08, 0x00, 0xBA, 0xDE, 0xFF, 0xFF, 0x08, 0x00, 
	0x9A, 0xDE, 0x9A, 0xD6, 0x79, 0xD6, 0x9A, 0xD6, 0x9A, 0xD6, 0x99, 0xD6, 0xFF, 0xFF, 0x06, 0x00, 
	0x79, 0xD6, 0x39, 0xD6, 0x39, 0xD6, 0x39, 0xD6, 0x38, 0xD6, 0x38, 0xD6, 0xFF, 0xFF, 0x05, 0x00, 
	0x38, 0xCE, 0x18, 0xCE, 0xF7, 0xC5, 0x79, 0xD6, 0xFB, 0xDE, 0xFF, 0xFF, 0x19, 0x00, 0xDB, 0xDE, 
	0xBB, 0xD6, 0x7A, 0xCE, 0x76, 0xAD, 0x55, 0xAD, 0x17, 0xC6, 0x38, 0xCE, 0x18, 0xCE, 0x18, 0xCE, 
	0x38, 0xCE, 0x38, 0xCE, 0x38, 0xCE, 0x18, 0xCE, 0x18, 0xCE, 0x38, 0xCE, 0x38, 0xCE, 0x39, 0xD6, 
	0x38, 0xCE, 0x58, 0xD6, 0x58, 0xD6, 0x58, 0xD6, 0x79, 0xD6, 0x79, 0xD6, 0x79, 0xD6, 0x79, 0xDE, 
	0xFF, 0xFF, 0x04, 0x00, 0x79, 0xD6, 0x9A, 0xD6, 0x9A, 0xDE, 0xBA, 0xDE, 0x9A, 0xD6, 0x9A, 0xDE, 
	0x9A, 0xDE, 0x9A, 0xDE, 0xFF, 0xFF, 0x03, 0x00, 0xBA, 0xDE, 0xFF, 0xFF, 0x03, 0x00, 0xDB, 0xDE, 
	0xDB, 0xE6, 0xDB, 0xE6, 0xFB, 0xE6, 0xDB, 0xE6, 0xFF, 0xFF, 0x05, 0x00, 0xFB, 0xE6, 0x1C, 0xE7, 
	0x1C, 0xE7, 0x1C, 0xEF, 0x1C, 0xE7, 0xFF, 0xFF, 0x03, 0x00, 0xFB, 0xE6, 0x1C, 0xE7, 0x1C, 0xEF, 
	0x1C, 0xEF, 0x1C, 0xE7, 0x1C, 0xEF, 0x1C, 0xE7, 0x1C, 0xE7, 0x1C, 0xEF, 0x3C, 0xEF, 0x3C, 0xEF, 
	0x1C, 0xEF, 0x1C, 0xEF, 0x3C, 0xEF, 0x1C, 0xEF, 0x1C, 0xEF, 0xFF, 0xFF, 0x09, 0x00, 0x3C, 0xEF, 
	0x5D, 0xEF, 0xFF, 0xFF, 0x06, 0x00, 0x3C, 0xEF, 0xFF, 0xFF, 0x07, 0x00, 0x5D, 0xEF, 0xFF, 0xFF, 
	0x0C, 0x00, 0x3C, 0xEF, 0x1C, 0xEF, 0x3C, 0xEF, 0x1C, 0xEF, 0x3C, 0xEF, 0x1C, 0xEF, 0x1C, 0xEF, 
	0x3C, 0xEF, 0x3C, 0xEF, 0x1C, 0xEF, 0x1C, 0xEF, 0x1C, 0xEF, 0xFF, 0xFF, 0x05, 0x00, 0x1C, 0xE7, 
	0xFB, 0xE6, 0xFB, 0xE6, 0x1C, 0xE7, 0x1C, 0xE7, 0x1C, 0xE7, 0xFF, 0xFF, 0x04, 0x00, 0xFB, 0xE6, 
	0xDB, 0xE6, 0xDB, 0xE6, 0xFB, 0xE6, 0xFB, 0xE6, 0xFB, 0xE6, 0xDB, 0xDE, 0xDB, 0xDE, 0xFF, 0xFF, 
	0x07, 0x00, 0xBA, 0xDE, 0x9A, 0xDE, 0x9A, 0xDE, 0xBA, 0xDE, 0xBA, 0xDE, 0x9A, 0xDE, 0x9A, 0xDE, 
	0x99, 0xD6, 0x99, 0xD6, 0xFF, 0xFF, 0x05, 0x00, 0x79, 0xD6, 0x58, 0xD6, 0x9A, 0xD6, 0xFF, 0xFF, 
	0x34, 0x00, 0xDB, 0xDE, 0x9A, 0xD6, 0x18, 0xC6, 0x75, 0xAD, 0xF7, 0xC5, 0x38, 0xCE, 0x17, 0xCE, 
	0xFF, 0xFF, 0x03, 0x00, 0x18, 0xCE, 0xFF, 0xFF, 0x08, 0x00, 0x38, 0xCE, 0x38, 0xD6, 0x58, 0xD6, 
	0x58, 0xD6, 0x59, 0xD6, 0xFF, 0xFF, 0x09, 0x00, 0x79, 0xD6, 0x99, 0xD6, 0x9A, 0xD6, 0x9A, 0xDE, 
	0x9A, 0xD6, 0xFF, 0xFF, 0x05, 0x00, 0x9A, 0xDE, 0x9A, 0xD6, 0x9A, 0xDE, 0x9A, 0xDE, 0x9A, 0xDE, 
	0xFF, 0xFF, 0x08, 0x00, 0xBA, 0xDE, 0xDB, 0xDE, 0xDB, 0xDE, 0xDB, 0xDE, 0xDB, 0xE6, 0xFB, 0xE6, 
	0xFF, 0xFF, 0x03, 0x00, 0xDB, 0xE6, 0xFF, 0xFF, 0x05, 0x00, 0xFB, 0xE6, 0xDB, 0xE6, 0xDB, 0xE6, 
	0xFB, 0xE6, 0xFB, 0xE6, 0xDB, 0xE6, 0xFB, 0xE6, 0xDB, 0xE6, 0xDB, 0xE6, 0xDB, 0xE6, 0xFB, 0xE6, 
	0xDB, 0xE6, 0xFB, 0xE6, 0xFF, 0xFF, 0x04, 0x00, 0xDB, 0xE6, 0xFB, 0xE6, 0xDB, 0xE6, 0xDB, 0xE6, 
	0xFF, 0xFF, 0x03, 0x00, 0xFB, 0xE6, 0xDB, 0xE6, 0xFB, 0xE6, 0xDB, 0xE6, 0xFF, 0xFF, 0x03, 0x00, 
	0xFB, 0xE6, 0xDB, 0xE6, 0xDB, 0xE6, 0xDB, 0xE6, 0xFB, 0xE6, 0xFF, 0xFF, 0x05, 0x00, 0xDB, 0xE6, 
	0xDB, 0xDE, 0xDB, 0xE6, 0xDB, 0xDE, 0xFF, 0xFF, 0x0A, 0x00, 0xBA, 0xDE, 0xFF, 0xFF, 0x04, 0x00, 
	0x9A, 0xDE, 0xBA, 0xDE, 0xFF, 0xFF, 0x03, 0x00, 0x9A, 0xDE, 0x9A, 0xD6, 0x79, 0xD6, 0x79, 0xD6, 
	0x99, 0xD6, 0xFF, 0xFF, 0x08, 0x00, 0x79, 0xD6, 0x59, 0xD6, 0x59, 0xD6, 0xFF, 0xFF, 0x03, 0x00, 
	0x58, 0xD6, 0xFF, 0xFF, 0x07, 0x00, 0x38, 0xCE, 0x18, 0xCE, 0x18, 0xCE, 0xFF, 0xFF, 0x04, 0x00, 
	0x17, 0xCE, 0xFF, 0xFF, 0x03, 0x00, 0xF7, 0xC5, 0xBB, 0xD6, 0xFF, 0xFF, 0x27, 0x00, 0xDB, 0xDE, 
	0x59, 0xCE, 0x38, 0xCE, 0x38, 0xCE, 0x17, 0xCE, 0xF7, 0xCD, 0x17, 0xCE, 0xFF, 0xFF, 0x0B, 0x00, 
	0x38, 0xCE, 0x39, 0xD6, 0x58, 0xD6, 0x59, 0xD6, 0xFF, 0xFF, 0x06, 0x00, 0x79, 0xD6, 0x99, 0xD6, 
	0x99, 0xDE, 0x99, 0xD6, 0x99, 0xD6, 0x9A, 0xDE, 0xBA, 0xDE, 0x9A, 0xDE, 0x9A, 0xDE, 0x9A, 0xD6, 
	0x9A, 0xD6, 0x9A, 0xDE, 0xFF, 0xFF, 0x09, 0x00, 0xBA, 0xDE, 0xDB, 0xDE, 0xFF, 0xFF, 0x05, 0x00, 
	0xDB, 0xE6, 0xFF, 0xFF, 0x04, 0x00, 0xFB, 0xE6, 0xDB, 0xE6, 0xFB, 0xE6, 0xFB, 0xE6, 0xDB, 0xE6, 
	0xFB, 0xE6, 0xFB, 0xE6, 0xFB, 0xE6, 0x1C, 0xE7, 0x1C, 0xE7, 0x1C, 0xE7, 0xFB, 0xE6, 0x1C, 0xE7, 
	0x1C, 0xE7, 0xFB, 0xE6, 0xFF, 0xFF, 0x04, 0x00, 0x1C, 0xE7, 0xFF, 0xFF, 0x03, 0x00, 0x1C, 0xEF, 
	0x1C, 0xE7, 0x1C, 0xE7, 0x1C, 0xE7, 0xFB, 0xE6, 0xFB, 0xE6, 0xFF, 0xFF, 0x04, 0x00, 0x1C, 0xE7, 
	0xFB, 0xE6, 0x1C, 0xE7, 0x1C, 0xE7, 0x1C, 0xE7, 0xFB, 0xE6, 0x1C, 0xE7, 0x1C, 0xE7, 0x1C, 0xE7, 
	0xFF, 0xFF, 0x0A, 0x00, 0xFB, 0xE6, 0xFF, 0xFF, 0x04, 0x00, 0xDB, 0xE6, 0xFB, 0xE6, 0xFB, 0xE6, 
	0xFF, 0xFF, 0x03, 0x00, 0xDB, 0xE6, 0xDB, 0xDE, 0xDB, 0xDE, 0xFF, 0xFF, 0x09, 0x00, 0xBA, 0xDE, 
	0xFF, 0xFF, 0x07, 0x00, 0x9A, 0xDE, 0x9A, 0xD6, 0x9A, 0xD6, 0x7A, 0xD6, 0x79, 0xD6, 0x99, 0xD6, 
	0xFF, 0xFF, 0x05, 0x00, 0x79, 0xD6, 0x59, 0xD6, 0x59, 0xD6, 0x59, 0xD6, 0x39, 0xD6, 0x39, 0xD6, 
	0xFF, 0xFF, 0x07, 0x00, 0x38, 0xCE, 0x18, 0xCE, 0xF7, 0xC5, 0x7A, 0xCE, 0xFF, 0xFF, 0x1A, 0x00, 
	0xDB, 0xDE, 0xBB, 0xD6, 0x5A, 0xCE, 0x55, 0xAD, 0x55, 0xAD, 0x17, 0xC6, 0x38, 0xCE, 0x38, 0xCE, 
	0x18, 0xCE, 0xFF, 0xFF, 0x03, 0x00, 0x38, 0xCE, 0x18, 0xCE, 0xFF, 0xFF, 0x03, 0x00, 0x38, 0xCE, 
	0x38, 0xD6, 0x58, 0xD6, 0x59, 0xD6, 0x59, 0xD6, 0xFF, 0xFF, 0x05, 0x00, 0x79, 0xD6, 0x99, 0xD6, 
	0x79, 0xD6, 0x9A, 0xD6, 0x9A, 0xDE, 0x9A, 0xD6, 0xBA, 0xDE, 0xFF, 0xFF, 0x03, 0x00, 0x9A, 0xDE, 
	0xFF, 0xFF, 0x07, 0x00, 0xBA, 0xDE, 0xDB, 0xDE, 0xDB, 0xE6, 0xDB, 0xE6, 0xFF, 0xFF, 0x03, 0x00, 
	0xFB, 0xE6, 0xDB, 0xE6, 0xDB, 0xE6, 0xFB, 0xE6, 0xFB, 0xE6, 0x1C, 0xE7, 0x1C, 0xE7, 0xFB, 0xE6, 
	0xFB, 0xE6, 0xFB, 0xE6, 0xFF, 0xFF, 0x03, 0x00, 0x1C, 0xE7, 0x1C, 0xEF, 0x1C, 0xE7, 0x1C, 0xE7, 
	0x1C, 0xEF, 0x1C, 0xEF, 0x3C, 0xEF, 0x3C, 0xEF, 0x1C, 0xEF, 0x1C, 0xEF, 0x1C, 0xEF, 0xFF, 0xFF, 
	0x15, 0x00, 0x3C, 0xEF, 0x5D, 0xEF, 0x5D, 0xEF, 0xFF, 0xFF, 0x0F, 0x00, 0x3C, 0xEF, 0xFF, 0xFF, 
	0x0B, 0x00, 0x1C, 0xEF, 0x1C, 0xE7, 0xFB, 0xE6, 0x1C, 0xE7, 0x1C, 0xE7, 0x1C, 0xE7, 0xFB, 0xE6, 
	0xFF, 0xFF, 0x03, 0x00, 0x1C, 0xE7, 0xFF, 0xFF, 0x06, 0x00, 0xFB, 0xE6, 0xFF, 0xFF, 0x03, 0x00, 
	0xDB, 0xE6, 0xDB, 0xDE, 0xFF, 0xFF, 0x06, 0x00, 0xBA, 0xDE, 0x9A, 0xDE, 0x9A, 0xDE, 0x9A, 0xDE, 
	0x9A, 0xD6, 0x9A, 0xDE, 0xBA, 0xDE, 0xBA, 0xDE, 0x9A, 0xD6, 0x99, 0xD6, 0x99, 0xD6, 0x99, 0xD6, 
	0xFF, 0xFF, 0x03, 0x00, 0x79, 0xD6, 0x59, 0xD6, 0x58, 0xD6, 0x9A, 0xD6, 0xFF, 0xFF, 0x34, 0x00, 
	0xDB, 0xDE, 0x9A, 0xD6, 0x18, 0xC6, 0x76, 0xB5, 0xD6, 0xBD, 0x38, 0xCE, 0x17, 0xCE, 0xF7, 0xCD, 
	0x17, 0xCE, 0x18, 0xCE, 0x18, 0xCE, 0xFF, 0xFF, 0x08, 0x00, 0x38, 0xCE, 0x58, 0xD6, 0x58, 0xD6, 
	0x58, 0xD6, 0x59, 0xD6, 0x58, 0xD6, 0x59, 0xD6, 0xFF, 0xFF, 0x08, 0x00, 0x79, 0xD6, 0x9A, 0xD6, 
	0x9A, 0xD6, 0x79, 0xD6, 0x9A, 0xD6, 0xFF, 0xFF, 0x08, 0x00, 0x9A, 0xDE, 0xFF, 0xFF, 0x0C, 0x00, 
	0xBA, 0xDE, 0xDB, 0xDE, 0xFF, 0xFF, 0x03, 0x00, 0xDB, 0xE6, 0xFB, 0xE6, 0xFF, 0xFF, 0x05, 0x00, 
	0xDB, 0xE6, 0xFF, 0xFF, 0x09, 0x00, 0xFB, 0xE6, 0xFF, 0xFF, 0x05, 0x00, 0xDB, 0xE6, 0xFB, 0xE6, 
	0xFB, 0xE6, 0xFB, 0xE6, 0xFF, 0xFF, 0x03, 0x00, 0xDB, 0xE6, 0xFB, 0xE6, 0xFB, 0xE6, 0xDB, 0xE6, 
	0xDB, 0xE6, 0xDB, 0xE6, 0xFB, 0xE6, 0xFB, 0xE6, 0xFB, 0xE6, 0xFF, 0xFF, 0x03, 0x00, 0xDB, 0xE6, 
	0xFF, 0xFF, 0x06, 0x00, 0xDB, 0xDE, 0xDA, 0xDE, 0xFF, 0xFF, 0x08, 0x00, 0xBA, 0xDE, 0x9A, 0xDE, 
	0x9A, 0xDE, 0x9A, 0xDE, 0x9A, 0xD6, 0xFF, 0xFF, 0x05, 0x00, 0x9A, 0xDE, 0x9A, 0xD6, 0x9A, 0xD6, 
	0x9A, 0xD6, 0x99, 0xD6, 0x99, 0xD6, 0xFF, 0xFF, 0x06, 0x00, 0x79, 0xD6, 0x59, 0xD6, 0x79, 0xD6, 
	0x59, 0xD6, 0x58, 0xD6, 0x58, 0xD6, 0x38, 0xD6, 0x58, 0xD6, 0x58, 0xD6, 0x58, 0xD6, 0xFF, 0xFF, 
	0x04, 0x00, 0x38, 0xCE, 0x18, 0xCE, 0x38, 0xCE, 0x18, 0xCE, 0x18, 0xCE, 0x18, 0xCE, 0x17, 0xCE, 
	0xF7, 0xCD, 0xF7, 0xC5, 0x17, 0xC6, 0xF7, 0xC5, 0xF7, 0xCD, 0xF7, 0xCD, 0xF7, 0xC5, 0xF7, 0xC5, 
	0xBA, 0xD6, 0xFF, 0xFF, 0x27, 0x00, 0xDB, 0xDE, 0x59, 0xCE, 0x18, 0xCE, 0x38, 0xCE, 0x17, 0xCE, 
	0xF7, 0xC5, 0x17, 0xCE, 0x38, 0xCE, 0x18, 0xCE, 0x18, 0xCE, 0xFF, 0xFF, 0x09, 0x00, 0x38, 0xCE, 
	0x38, 0xD6, 0x38, 0xD6, 0x58, 0xD6, 0x59, 0xD6, 0xFF, 0xFF, 0x05, 0x00, 0x79, 0xD6, 0xFF, 0xFF, 
	0x04, 0x00, 0x99, 0xD6, 0xBA, 0xDE, 0xBA, 0xDE, 0x9A, 0xDE, 0x9A, 0xD6, 0x9A, 0xD6, 0x9A, 0xDE, 
	0x9A, 0xDE, 0xFF, 0xFF, 0x09, 0x00, 0xBA, 0xDE, 0xDB, 0xDE, 0xDB, 0xDE, 0xFF, 0xFF, 0x03, 0x00, 
	0xDB, 0xE6, 0xFF, 0xFF, 0x06, 0x00, 0xFB, 0xE6, 0xDB, 0xE6, 0xFF, 0xFF, 0x0B, 0x00, 0xFB, 0xE6, 
	0xFF, 0xFF, 0x09, 0x00, 0x1C, 0xE7, 0xFB, 0xE6, 0xFB, 0xE6, 0xFF, 0xFF, 0x05, 0x00, 0x1C, 0xE7, 
	0xFB, 0xE6, 0x1C, 0xE7, 0xFB, 0xE6, 0xFB, 0xE6, 0x1C, 0xE7, 0x1C, 0xE7, 0x1C, 0xE7, 0xFF, 0xFF, 
	0x06, 0x00, 0xFB, 0xE6, 0xDB, 0xE6, 0xFB, 0xE6, 0xFB, 0xE6, 0xDB, 0xE6, 0xFB, 0xE6, 0xFB, 0xE6, 
	0xDB, 0xE6, 0xFF, 0xFF, 0x03, 0x00, 0xFB, 0xE6, 0xDB, 0xE6, 0xDB, 0xDE, 0xDB, 0xDE, 0xFF, 0xFF, 
	0x0B, 0x00, 0xBA, 0xDE, 0x9A, 0xDE, 0x9A, 0xDE, 0x9A, 0xD6, 0x9A, 0xD6, 0x9A, 0xDE, 0x9A, 0xD6, 
	0x9A, 0xDE, 0x9A, 0xDE, 0x9A, 0xD6, 0xFF, 0xFF, 0x03, 0x00, 0x79, 0xD6, 0x99, 0xD6, 0xFF, 0xFF, 
	0x04, 0x00, 0x79, 0xD6, 0x59, 0xD6, 0x59, 0xD6, 0x59, 0xD6, 0x39, 0xD6, 0x39, 0xD6, 0x38, 0xD6, 
	0xFF, 0xFF, 0x07, 0x00, 0x38, 0xCE, 0x17, 0xCE, 0xF7, 0xC5, 0x79, 0xCE, 0xFF, 0xFF, 0x1A, 0x00, 
	0xDB, 0xDE, 0xBB, 0xD6, 0x59, 0xCE, 0x35, 0xA5, 0x54, 0xAD, 0x17, 0xC6, 0x38, 0xCE, 0x18, 0xCE, 
	0x18, 0xCE, 0xFF, 0xFF, 0x08, 0x00, 0x38, 0xCE, 0x58, 0xD6, 0xFF, 0xFF, 0x04, 0x00, 0x59, 0xD6, 
	0xFF, 0xFF, 0x05, 0x00, 0x79, 0xD6, 0x9A, 0xD6, 0x9A, 0xDE, 0xBA, 0xDE, 0xBA, 0xDE, 0x9A, 0xDE, 
	0x9A, 0xDE, 0x9A, 0xD6, 0x9A, 0xD6, 0x9A, 0xDE, 0xFF, 0xFF, 0x06, 0x00, 0xBA, 0xDE, 0xDB, 0xDE, 
	0xDB, 0xE6, 0xDB, 0xE6, 0xFF, 0xFF, 0x03, 0x00, 0xFB, 0xE6, 0xDB, 0xE6, 0xDB, 0xE6, 0xDB, 0xE6, 
	0xFB, 0xE6, 0xFB, 0xE6, 0xFB, 0xE6, 0x1C, 0xE7, 0x1C, 0xEF, 0x1C, 0xEF, 0x1C, 0xE7, 0xFF, 0xFF, 
	0x03, 0x00, 0xFB, 0xE6, 0x1C, 0xE7, 0x1C, 0xEF, 0x1C, 0xEF, 0x1C, 0xEF, 0x1C, 0xE7, 0x1C, 0xEF, 
	0x1C, 0xEF, 0x3C, 0xEF, 0x1C, 0xEF, 0x3C, 0xEF, 0x3C, 0xEF, 0x3C, 0xEF, 0x1C, 0xEF, 0x1C, 0xEF, 
	0x3C, 0xEF, 0x1C, 0xEF, 0xFF, 0xFF, 0x1A, 0x00, 0x3C, 0xEF, 0x1C, 0xEF, 0x3C, 0xEF, 0x3C, 0xEF, 
	0x3C, 0xEF, 0xFF, 0xFF, 0x0D, 0x00, 0x1C, 0xEF, 0xFF, 0xFF, 0x07, 0x00, 0x1C, 0xE7, 0xFF, 0xFF, 
	0x06, 0x00, 0xFB, 0xE6, 0xDB, 0xE6, 0xFB, 0xE6, 0xFB, 0xE6, 0xDB, 0xE6, 0xDB, 0xE6, 0xDB, 0xDE, 
	0xFF, 0xFF, 0x07, 0x00, 0xBA, 0xDE, 0xFF, 0xFF, 0x05, 0x00, 0x9A, 0xDE, 0xBA, 0xDE, 0x9A, 0xDE, 
	0x99, 0xD6, 0x99, 0xD6, 0x99, 0xD6, 0xFF, 0xFF, 0x03, 0x00, 0x79, 0xD6, 0x59, 0xD6, 0x58, 0xD6, 
	0x9A, 0xD6, 0xFF, 0xFF, 0x34, 0x00, 0xDB, 0xDE, 0x9A, 0xD6, 0x18, 0xC6, 0x75, 0xAD, 0x96, 0xB5, 
	0x38, 0xCE, 0x17, 0xCE, 0xF7, 0xCD, 0x17, 0xCE, 0x18, 0xCE, 0x18, 0xCE, 0xFF, 0xFF, 0x04, 0x00, 
	0x38, 0xCE, 0x18, 0xCE, 0x18, 0xCE, 0xFF, 0xFF, 0x04, 0x00, 0x38, 0xCE, 0x58, 0xD6, 0x38, 0xCE, 
	0x58, 0xD6, 0x59, 0xD6, 0xFF, 0xFF, 0x0A, 0x00, 0x79, 0xD6, 0x9A, 0xD6, 0x9A, 0xD6, 0x9A, 0xDE, 
	0x9A, 0xDE, 0x9A, 0xDE, 0xBA, 0xDE, 0x9A, 0xDE, 0x9A, 0xDE, 0x9A, 0xDE, 0x9A, 0xD6, 0x9A, 0xDE, 
	0x9A, 0xDE, 0xBA, 0xDE, 0xBA, 0xDE, 0xBA, 0xDE, 0xDB, 0xDE, 0xFF, 0xFF, 0x07, 0x00, 0xBA, 0xDE, 
	0xFF, 0xFF, 0x04, 0x00, 0xDB, 0xDE, 0xFF, 0xFF, 0x03, 0x00, 0xDB, 0xE6, 0xFB, 0xE6, 0xDB, 0xE6, 
	0xFB, 0xE6, 0xFB, 0xE6, 0xFB, 0xE6, 0xFF, 0xFF, 0x04, 0x00, 0xDB, 0xE6, 0xFF, 0xFF, 0x08, 0x00, 
	0xFB, 0xE6, 0xDB, 0xE6, 0xFB, 0xE6, 0xFB, 0xE6, 0xFF, 0xFF, 0x04, 0x00, 0xDB, 0xE6, 0xDB, 0xDE, 
	0xDB, 0xE6, 0xDB, 0xE6, 0xFB, 0xE6, 0xFB, 0xE6, 0xDB, 0xE6, 0xDB, 0xE6, 0xFF, 0xFF, 0x03, 0x00, 
	0xDB, 0xDE, 0xBA, 0xDE, 0xDB, 0xDE, 0xFF, 0xFF, 0x0B, 0x00, 0xBA, 0xDE, 0x9A, 0xDE, 0x9A, 0xDE, 
	0x9A, 0xDE, 0xBA, 0xDE, 0x9A, 0xDE, 0x9A, 0xD6, 0x9A, 0xDE, 0x9A, 0xDE, 0x9A, 0xD6, 0x9A, 0xDE, 
	0x9A, 0xDE, 0x9A, 0xD6, 0x9A, 0xD6, 0x9A, 0xD6, 0x99, 0xD6, 0x99, 0xD6, 0xFF, 0xFF, 0x03, 0x00, 
	0x79, 0xD6, 0x59, 0xD6, 0x79, 0xD6, 0x79, 0xD6, 0x59, 0xD6, 0x59, 0xD6, 0x39, 0xD6, 0x59, 0xD6, 
	0x39, 0xD6, 0x38, 0xD6, 0xFF, 0xFF, 0x09, 0x00, 0x38, 0xCE, 0x18, 0xCE, 0xF7, 0xCD, 0x18, 0xCE, 
	0x18, 0xCE, 0x17, 0xCE, 0xF7, 0xCD, 0xF7, 0xC5, 0xF7, 0xC5, 0xF7, 0xC5, 0xF7, 0xCD, 0xF7, 0xCD, 
	0xF7, 0xC5, 0xF7, 0xC5, 0x9A, 0xD6, 0xFF, 0xFF, 0x27, 0x00, 0xDB, 0xDE, 0x59, 0xCE, 0x18, 0xCE, 
	0x38, 0xCE, 0x17, 0xCE, 0x17, 0xCE, 0x17, 0xCE, 0x18, 0xCE, 0x17, 0xCE, 0x17, 0xCE, 0xFF, 0xFF, 
	0x09, 0x00, 0x38, 0xCE, 0x38, 0xD6, 0x38, 0xD6, 0x58, 0xD6, 0x59, 0xD6, 0xFF, 0xFF, 0x05, 0x00, 
	0x79, 0xD6, 0xFF, 0xFF, 0x04, 0x00, 0x99, 0xD6, 0xBA, 0xDE, 0xBA, 0xDE, 0x9A, 0xDE, 0x9A, 0xDE, 
	0x9A, 0xD6, 0x9A, 0xDE, 0x9A, 0xDE, 0x9A, 0xDE, 0xFF, 0xFF, 0x09, 0x00, 0xBA, 0xDE, 0xFF, 0xFF, 
	0x03, 0x00, 0xDB, 0xDE, 0xFF, 0xFF, 0x03, 0x00, 0xDB, 0xE6, 0xFF, 0xFF, 0x03, 0x00, 0xFB, 0xE6, 
	0xFF, 0xFF, 0x06, 0x00, 0xDB, 0xE6, 0xFF, 0xFF, 0x0C, 0x00, 0xFB, 0xE6, 0x1C, 0xE7, 0x1C, 0xE7, 
	0xFF, 0xFF, 0x04, 0x00, 0xFB, 0xE6, 0x1C, 0xE7, 0x1C, 0xE7, 0xFF, 0xFF, 0x0D, 0x00, 0xFB, 0xE6, 
	0xFF, 0xFF, 0x04, 0x00, 0xDB, 0xE6, 0xFB, 0xE6, 0xDB, 0xE6, 0xDB, 0xE6, 0xFB, 0xE6, 0xFB, 0xE6, 
	0xDB, 0xE6, 0xDB, 0xE6, 0xDB, 0xE6, 0xDB, 0xDE, 0xDB, 0xDE, 0xBA, 0xDE, 0xBA, 0xDE, 0xBB, 0xDE, 
	0xFF, 0xFF, 0x08, 0x00, 0xBA, 0xDE, 0x9A, 0xDE, 0x9A, 0xDE, 0x9A, 0xD6, 0x9A, 0xD6, 0xFF, 0xFF, 
	0x04, 0x00, 0x9A, 0xDE, 0x9A, 0xD6, 0x9A, 0xD6, 0xFF, 0xFF, 0x07, 0x00, 0x79, 0xD6, 0x59, 0xD6, 
	0x59, 0xD6, 0xFF, 0xFF, 0x03, 0x00, 0x39, 0xD6, 0x39, 0xCE, 0xFF, 0xFF, 0x06, 0x00, 0x38, 0xCE, 
	0x18, 0xCE, 0x17, 0xCE, 0xD7, 0xC5, 0x79, 0xCE, 0xFF, 0xFF, 0x1A, 0x00, 0xDB, 0xDE, 0xBB, 0xD6, 
	0x59, 0xCE, 0x35, 0xA5, 0x54, 0xAD, 0x17, 0xCE, 0x38, 0xCE, 0x18, 0xCE, 0x18, 0xCE, 0x18, 0xCE, 
	0xFF, 0xFF, 0x05, 0x00, 0x38, 0xCE, 0x18, 0xCE, 0x38, 0xCE, 0x38, 0xD6, 0x58, 0xD6, 0xFF, 0xFF, 
	0x05, 0x00, 0x59, 0xD6, 0x79, 0xD6, 0x79, 0xD6, 0x99, 0xD6, 0x79, 0xD6, 0x9A, 0xD6, 0x9A, 0xD6, 
	0x9A, 0xD6, 0xBA, 0xDE, 0xBA, 0xDE, 0x9A, 0xDE, 0x9A, 0xD6, 0x9A, 0xD6, 0x9A, 0xDE, 0xFF, 0xFF, 
	0x07, 0x00, 0xBA, 0xDE, 0xDB, 0xDE, 0xDB, 0xE6, 0xDB, 0xE6, 0xFB, 0xE6, 0xFB, 0xE6, 0xFF, 0xFF, 
	0x03, 0x00, 0xDB, 0xE6, 0xFB, 0xE6, 0xFB, 0xE6, 0xFB, 0xE6, 0x1C, 0xE7, 0x1C, 0xEF, 0x1C, 0xE7, 
	0xFB, 0xE6, 0xFB, 0xE6, 0xFB, 0xE6, 0xDB, 0xE6, 0xFB, 0xE6, 0x1C, 0xE7, 0x1C, 0xEF, 0x1C, 0xE7, 
	0x1C, 0xE7, 0xFF, 0xFF, 0x03, 0x00, 0x1C, 0xEF, 0x3C, 0xEF, 0x1C, 0xEF, 0x3C, 0xEF, 0x3C, 0xEF, 
	0x1C, 0xE7, 0x1C, 0xE7, 0xFF, 0xFF, 0x03, 0x00, 0x1C, 0xEF, 0xFF, 0xFF, 0x17, 0x00, 0x3C, 0xEF, 
	0xFF, 0xFF, 0x09, 0x00, 0x1C, 0xEF, 0x1C, 0xE7, 0xFF, 0xFF, 0x06, 0x00, 0x1C, 0xEF, 0xFF, 0xFF, 
	0x05, 0x00, 0x1C, 0xE7, 0x1C, 0xEF, 0x1C, 0xE7, 0x1C, 0xE7, 0xFF, 0xFF, 0x03, 0x00, 0xFB, 0xE6, 
	0xDB, 0xE6, 0xFB, 0xE6, 0xFB, 0xE6, 0xDB, 0xE6, 0xFB, 0xE6, 0xDB, 0xE6, 0xDB, 0xE6, 0xDB, 0xE6, 
	0xDB, 0xDE, 0xFF, 0xFF, 0x09, 0x00, 0xBA, 0xDE, 0x9A, 0xDE, 0x9A, 0xD6, 0x99, 0xD6, 0x9A, 0xDE, 
	0x9A, 0xDE, 0x9A, 0xD6, 0x99, 0xD6, 0x99, 0xD6, 0x99, 0xD6, 0xFF, 0xFF, 0x03, 0x00, 0x79, 0xD6, 
	0x58, 0xD6, 0x58, 0xD6, 0xBA, 0xD6, 0xFF, 0xFF, 0x34, 0x00, 0xDB, 0xDE, 0x9A, 0xD6, 0x18, 0xC6, 
	0x96, 0xB5, 0x75, 0xB5, 0x38, 0xCE, 0x17, 0xCE, 0xF7, 0xC5, 0x17, 0xCE, 0x17, 0xCE, 0x17, 0xCE, 
	0x18, 0xCE, 0x18, 0xCE, 0xFF, 0xFF, 0x03, 0x00, 0x38, 0xCE, 0x17, 0xCE, 0x18, 0xCE, 0xFF, 0xFF, 
	0x05, 0x00, 0x38, 0xCE, 0x39, 0xD6, 0x59, 0xD6, 0x59, 0xD6, 0x59, 0xD6, 0xFF, 0xFF, 0x0A, 0x00, 
	0x79, 0xD6, 0x9A, 0xD6, 0x9A, 0xD6, 0x9A, 0xD6, 0xFF, 0xFF, 0x09, 0x00, 0x9A, 0xDE, 0xFF, 0xFF, 
	0x0D, 0x00, 0xBA, 0xDE, 0xDB, 0xDE, 0xDB, 0xDE, 0xDB, 0xDE, 0xFF, 0xFF, 0x0C, 0x00, 0xDB, 0xE6, 
	0xFF, 0xFF, 0x06, 0x00, 0xFB, 0xE6, 0xFF, 0xFF, 0x07, 0x00, 0xDB, 0xE6, 0xDB, 0xDE, 0xDB, 0xDE, 
	0xFF, 0xFF, 0x03, 0x00, 0xDB, 0xE6, 0xDB, 0xDE, 0xBA, 0xDE, 0xBA, 0xDE, 0xBA, 0xDE, 0xDB, 0xDE, 
	0xFF, 0xFF, 0x0D, 0x00, 0xBA, 0xDE, 0xFF, 0xFF, 0x09, 0x00, 0x9A, 0xDE, 0x9A, 0xD6, 0x9A, 0xD6, 
	0x9A, 0xD6, 0x99, 0xD6, 0xFF, 0xFF, 0x05, 0x00, 0x79, 0xD6, 0xFF, 0xFF, 0x04, 0x00, 0x59, 0xD6, 
	0x39, 0xD6, 0xFF, 0xFF, 0x0C, 0x00, 0x38, 0xCE, 0x18, 0xCE, 0xF7, 0xCD, 0x17, 0xCE, 0x18, 0xCE, 
	0x17, 0xCE, 0xF7, 0xCD, 0xD7, 0xC5, 0xD7, 0xC5, 0xF7, 0xC5, 0xD7, 0xC5, 0xD7, 0xCD, 0xB6, 0xC5, 
	0xD6, 0xC5, 0x59, 0xCE, 0xFF, 0xFF, 0x27, 0x00, 0xDB, 0xDE, 0x39, 0xC6, 0xF7, 0xC5, 0x38, 0xCE, 
	0x17, 0xCE, 0x17, 0xCE, 0x17, 0xCE, 0x18, 0xCE, 0x17, 0xCE, 0x17, 0xCE, 0x17, 0xCE, 0xFF, 0xFF, 
	0x08, 0x00, 0x38, 0xCE, 0x38, 0xD6, 0x38, 0xD6, 0x58, 0xD6, 0x59, 0xD6, 0xFF, 0xFF, 0x06, 0x00, 
	0x79, 0xD6, 0xFF, 0xFF, 0x03, 0x00, 0x99, 0xD6, 0x9A, 0xDE, 0x9A, 0xDE, 0xBA, 0xDE, 0xBA, 0xDE, 
	0xFF, 0xFF, 0x05, 0x00, 0x9A, 0xDE, 0xFF, 0xFF, 0x09, 0x00, 0xBA, 0xDE, 0xFF, 0xFF, 0x03, 0x00, 
	0xDB, 0xDE, 0xDB, 0xE6, 0xFF, 0xFF, 0x04, 0x00, 0xFB, 0xE6, 0xDB, 0xE6, 0xDB, 0xE6, 0xFF, 0xFF, 
	0x03, 0x00, 0xFB, 0xE6, 0xDB, 0xE6, 0xFF, 0xFF, 0x0F, 0x00, 0xFB, 0xE6, 0x1C, 0xE7, 0x1C, 0xE7, 
	0x1C, 0xE7, 0xFF, 0xFF, 0x08, 0x00, 0xFB, 0xE6, 0xFF, 0xFF, 0x05, 0x00, 0xDB, 0xE6, 0xFB, 0xE6, 
	0xFB, 0xE6, 0xFB, 0xE6, 0xDB, 0xE6, 0xFB, 0xE6, 0xDB, 0xE6, 0xFF, 0xFF, 0x04, 0x00, 0xFB, 0xE6, 
	0xFF, 0xFF, 0x03, 0x00, 0xDB, 0xE6, 0xDB, 0xDE, 0xDA, 0xDE, 0xDA, 0xDE, 0xFF, 0xFF, 0x0A, 0x00, 
	0xBA, 0xDE, 0x9A, 0xDE, 0x9A, 0xD6, 0xFF, 0xFF, 0x05, 0x00, 0x9A, 0xDE, 0x9A, 0xD6, 0xFF, 0xFF, 
	0x08, 0x00, 0x79, 0xD6, 0x59, 0xD6, 0x59, 0xD6, 0x59, 0xD6, 0x38, 0xD6, 0x38, 0xCE, 0x39, 0xD6, 
	0x39, 0xCE, 0xFF, 0xFF, 0x08, 0x00, 0x38, 0xCE, 0x17, 0xCE, 0xD7, 0xC5, 0x59, 0xCE, 0xFF, 0xFF, 
	0x1A, 0x00, 0xDB, 0xDE, 0xBB, 0xD6, 0x59, 0xCE, 0x34, 0xA5, 0x54, 0xAD, 0x17, 0xC6, 0x38, 0xCE, 
	0x18, 0xCE, 0x18, 0xCE, 0x18, 0xCE, 0xFF, 0xFF, 0x08, 0x00, 0x38, 0xCE, 0x38, 0xD6, 0x58, 0xD6, 
	0x58, 0xD6, 0x79, 0xD6, 0x79, 0xD6, 0x59, 0xD6, 0x79, 0xD6, 0x59, 0xD6, 0x79, 0xD6, 0x79, 0xD6, 
	0x79, 0xD6, 0x9A, 0xD6, 0x9A, 0xD6, 0x9A, 0xD6, 0xBA, 0xDE, 0x9A, 0xDE, 0x9A, 0xDE, 0x9A, 0xD6, 
	0x9A, 0xD6, 0xFF, 0xFF, 0x03, 0x00, 0xBA, 0xDE, 0xDB, 0xDE, 0xFF, 0xFF, 0x03, 0x00, 0xBA, 0xDE, 
	0xDB, 0xDE, 0xDB, 0xE6, 0xDB, 0xDE, 0xDB, 0xE6, 0xDB, 0xE6, 0xDB, 0xE6, 0xFB, 0xE6, 0xFB, 0xE6, 
	0xFB, 0xE6, 0xDB, 0xE6, 0xFB, 0xE6, 0xFB, 0xE6, 0x1C, 0xE7, 0xFB, 0xE6, 0xFB, 0xE6, 0xFF, 0xFF, 
	0x03, 0x00, 0x1C, 0xE7, 0xFF, 0xFF, 0x03, 0x00, 0xFB, 0xE6, 0x1C, 0xE7, 0x1C, 0xEF, 0x1C, 0xE7, 
	0xFF, 0xFF, 0x0E, 0x00, 0x1C, 0xEF, 0x3C, 0xEF, 0x3C, 0xEF, 0x3C, 0xEF, 0x1C, 0xEF, 0x1C, 0xEF, 
	0x1C, 0xEF, 0xFF, 0xFF, 0x0C, 0x00, 0x3C, 0xEF, 0x1C, 0xEF, 0x1C, 0xE7, 0x1C, 0xE7, 0xFF, 0xFF, 
	0x04, 0x00, 0x1C, 0xEF, 0xFF, 0xFF, 0x03, 0x00, 0x3C, 0xEF, 0xFF, 0xFF, 0x03, 0x00, 0x1C, 0xEF, 
	0xFF, 0xFF, 0x03, 0x00, 0x1C, 0xE7, 0xFF, 0xFF, 0x04, 0x00, 0xFB, 0xE6, 0x1C, 0xE7, 0x1C, 0xEF, 
	0x1C, 0xE7, 0xFF, 0xFF, 0x04, 0x00, 0xFB, 0xE6, 0xDB, 0xE6, 0xFB, 0xE6, 0xFB, 0xE6, 0xDB, 0xE6, 
	0xFB, 0xE6, 0xDB, 0xE6, 0xDB, 0xE6, 0xDB, 0xDE, 0xFF, 0xFF, 0x09, 0x00, 0xBA, 0xDE, 0x9A, 0xDE, 
	0x9A, 0xDE, 0x79, 0xD6, 0x79, 0xD6, 0x9A, 0xD6, 0xBA, 0xDE, 0x9A, 0xDE, 0x99, 0xD6, 0xFF, 0xFF, 
	0x05, 0x00, 0x79, 0xD6, 0x58, 0xD6, 0x59, 0xD6, 0xBA, 0xD6, 0xFF, 0xFF, 0x34, 0x00, 0xDB, 0xDE, 
	0xBB, 0xD6, 0x59, 0xCE, 0xB7, 0xBD, 0x96, 0xB5, 0x38, 0xCE, 0x18, 0xCE, 0xF7, 0xC5, 0x17, 0xCE, 
	0x17, 0xCE, 0x18, 0xCE, 0x18, 0xCE, 0x17, 0xCE, 0x18, 0xCE, 0x38, 0xCE, 0x38, 0xCE, 0x38, 0xCE, 
	0x17, 0xCE, 0xFF, 0xFF, 0x05, 0x00, 0x38, 0xCE, 0x39, 0xD6, 0x38, 0xCE, 0x38, 0xCE, 0x38, 0xCE, 
	0x59, 0xD6, 0x79, 0xD6, 0x79, 0xD6, 0x59, 0xD6, 0x59, 0xD6, 0x59, 0xD6, 0x79, 0xD6, 0x79, 0xD6, 
	0x79, 0xD6, 0x99, 0xD6, 0x79, 0xD6, 0x79, 0xD6, 0x79, 0xD6, 0x9A, 0xD6, 0x9A, 0xD6, 0x9A, 0xD6, 
	0xFF, 0xFF, 0x03, 0x00, 0x9A, 0xDE, 0xFF, 0xFF, 0x04, 0x00, 0x9A, 0xD6, 0xFF, 0xFF, 0x12, 0x00, 
	0xBA, 0xDE, 0xDB, 0xDE, 0xFF, 0xFF, 0x1A, 0x00, 0xDB, 0xE6, 0xFB, 0xE6, 0xDB, 0xE6, 0xDB, 0xE6, 
	0xDB, 0xDE, 0xDB, 0xDE, 0xFF, 0xFF, 0x09, 0x00, 0xBA, 0xDE, 0xDA, 0xDE, 0xBA, 0xDE, 0xBA, 0xDE, 
	0xBA, 0xDE, 0xFF, 0xFF, 0x09, 0x00, 0x9A, 0xDE, 0x9A, 0xD6, 0x9A, 0xD6, 0x9A, 0xDE, 0x9A, 0xD6, 
	0x9A, 0xD6, 0x9A, 0xD6, 0x99, 0xD6, 0x99, 0xD6, 0xFF, 0xFF, 0x06, 0x00, 0x79, 0xD6, 0xFF, 0xFF, 
	0x03, 0x00, 0x59, 0xD6, 0x58, 0xD6, 0xFF, 0xFF, 0x04, 0x00, 0x38, 0xCE, 0x18, 0xCE, 0x18, 0xCE, 
	0xFF, 0xFF, 0x03, 0x00, 0x38, 0xCE, 0x18, 0xCE, 0xF7, 0xCD, 0xF7, 0xCD, 0x18, 0xCE, 0xFF, 0xFF, 
	0x04, 0x00, 0xF7, 0xCD, 0xF7, 0xC5, 0xD7, 0xC5, 0xD7, 0xC5, 0xD7, 0xC5, 0xB6, 0xC5, 0xB6, 0xBD, 
	0x38, 0xC6, 0xFF, 0xFF, 0x27, 0x00, 0xDB, 0xDE, 0x38, 0xC6, 0xF7, 0xC5, 0x38, 0xCE, 0x17, 0xCE, 
	0xF7, 0xCD, 0x17, 0xCE, 0x18, 0xCE, 0x18, 0xCE, 0x17, 0xCE, 0x18, 0xCE, 0xFF, 0xFF, 0x07, 0x00, 
	0x38, 0xCE, 0x39, 0xD6, 0x58, 0xD6, 0x38, 0xD6, 0x39, 0xD6, 0x58, 0xD6, 0x59, 0xD6, 0x59, 0xD6, 
	0xFF, 0xFF, 0x05, 0x00, 0x79, 0xD6, 0xFF, 0xFF, 0x04, 0x00, 0x99, 0xD6, 0xFF, 0xFF, 0x0A, 0x00, 
	0x9A, 0xDE, 0xFF, 0xFF, 0x0A, 0x00, 0xBA, 0xDE, 0xDB, 0xDE, 0xDB, 0xDE, 0xDB, 0xE6, 0xDB, 0xE6, 
	0xFB, 0xE6, 0xFB, 0xE6, 0xDB, 0xE6, 0xFF, 0xFF, 0x03, 0x00, 0xFB, 0xE6, 0xDB, 0xE6, 0xFB, 0xE6, 
	0xFB, 0xE6, 0xFB, 0xE6, 0xDB, 0xE6, 0xFF, 0xFF, 0x18, 0x00, 0xFB, 0xE6, 0xFF, 0xFF, 0x05, 0x00, 
	0xDB, 0xE6, 0xFF, 0xFF, 0x08, 0x00, 0xFB, 0xE6, 0xDB, 0xE6, 0xDB, 0xE6, 0xDB, 0xE6, 0xDB, 0xDE, 
	0xDB, 0xDE, 0xDB, 0xDE, 0xDA, 0xDE, 0xBA, 0xDE, 0xDA, 0xDE, 0xFF, 0xFF, 0x07, 0x00, 0xBA, 0xDE, 
	0x9A, 0xDE, 0x9A, 0xDE, 0x9A, 0xDE, 0x9A, 0xD6, 0x9A, 0xDE, 0xBA, 0xDE, 0xFF, 0xFF, 0x03, 0x00, 
	0x9A, 0xDE, 0x99, 0xD6, 0xFF, 0xFF, 0x07, 0x00, 0x79, 0xD6, 0xFF, 0xFF, 0x03, 0x00, 0x59, 0xD6, 
	0x39, 0xD6, 0xFF, 0xFF, 0x0A, 0x00, 0x38, 0xCE, 0x18, 0xCE, 0x38, 0xCE, 0x17, 0xCE, 0xD6, 0xC5, 
	0x39, 0xCE, 0xFF, 0xFF, 0x1A, 0x00, 0xDB, 0xDE, 0x9A, 0xD6, 0x39, 0xC6, 0x34, 0xA5, 0x54, 0xAD, 
	0x17, 0xCE, 0x18, 0xCE, 0x17, 0xCE, 0x17, 0xCE, 0x18, 0xCE, 0x38, 0xCE, 0x18, 0xCE, 0xFF, 0xFF, 
	0x03, 0x00, 0x38, 0xCE, 0x39, 0xCE, 0x38, 0xCE, 0x38, 0xCE, 0x38, 0xCE, 0x58, 0xD6, 0x58, 0xD6, 
	0xFF, 0xFF, 0x05, 0x00, 0x59, 0xD6, 0x79, 0xD6, 0x99, 0xD6, 0x99, 0xD6, 0x9A, 0xD6, 0x99, 0xD6, 
	0x9A, 0xDE, 0x9A, 0xD6, 0x9A, 0xDE, 0x9A, 0xDE, 0x9A, 0xDE, 0xFF, 0xFF, 0x0A, 0x00, 0xBA, 0xDE, 
	0xDB, 0xDE, 0xDB, 0xE6, 0xDB, 0xE6, 0xFF, 0xFF, 0x04, 0x00, 0xFB, 0xE6, 0xDB, 0xE6, 0xFF, 0xFF, 
	0x03, 0x00, 0xFB, 0xE6, 0x1C, 0xE7, 0x1C, 0xE7, 0x1C, 0xE7, 0x1C, 0xEF, 0x1C, 0xEF, 0x1C, 0xE7, 
	0xFB, 0xE6, 0xFB, 0xE6, 0xFB, 0xE6, 0xFF, 0xFF, 0x03, 0x00, 0x1C, 0xE7, 0xFF, 0xFF, 0x03, 0x00, 
	0x1C, 0xEF, 0x3C, 0xEF, 0x3C, 0xEF, 0x3C, 0xEF, 0x1C, 0xEF, 0x3C, 0xEF, 0x1C, 0xEF, 0x1C, 0xEF, 
	0x1C, 0xEF, 0x3C, 0xEF, 0xFF, 0xFF, 0x04, 0x00, 0x1C, 0xEF, 0x1C, 0xE7, 0xFF, 0xFF, 0x05, 0x00, 
	0x1C, 0xEF, 0x1C, 0xE7, 0x1C, 0xEF, 0x1C, 0xEF, 0x1C, 0xE7, 0x1C, 0xEF, 0x1C, 0xEF, 0x3C, 0xEF, 
	0x3C, 0xEF, 0xFF, 0xFF, 0x0D, 0x00, 0x1C, 0xEF, 0x1C, 0xE7, 0x1C, 0xE7, 0x1C, 0xE7, 0xFB, 0xE6, 
	0xFB, 0xE6, 0xFB, 0xE6, 0xFF, 0xFF, 0x04, 0x00, 0x1C, 0xE7, 0xFF, 0xFF, 0x06, 0x00, 0xFB, 0xE6, 
	0xDB, 0xE6, 0xFB, 0xE6, 0xFB, 0xE6, 0xFB, 0xE6, 0xDB, 0xE6, 0xDB, 0xE6, 0xDB, 0xDE, 0xDB, 0xDE, 
	0xFF, 0xFF, 0x05, 0x00, 0xBA, 0xDE, 0xFF, 0xFF, 0x05, 0x00, 0x9A, 0xDE, 0xFF, 0xFF, 0x03, 0x00, 
	0x9A, 0xD6, 0xFF, 0xFF, 0x06, 0x00, 0x79, 0xD6, 0x59, 0xD6, 0x58, 0xD6, 0x59, 0xD6, 0xBA, 0xD6, 
	0xFF, 0xFF, 0x35, 0x00, 0xDB, 0xDE, 0x9A, 0xD6, 0x38, 0xC6, 0xB6, 0xB5, 0x38, 0xCE, 0x18, 0xCE, 
	0xF7, 0xC5, 0xF7, 0xC5, 0x17, 0xCE, 0x17, 0xCE, 0x18, 0xCE, 0x18, 0xCE, 0x18, 0xCE, 0xFF, 0xFF, 
	0x07, 0x00, 0x38, 0xCE, 0x18, 0xCE, 0x38, 0xCE, 0x58, 0xD6, 0x58, 0xD6, 0x38, 0xCE, 0x38, 0xCE, 
	0x58, 0xD6, 0xFF, 0xFF, 0x03, 0x00, 0x59, 0xD6, 0xFF, 0xFF, 0x04, 0x00, 0x79, 0xD6, 0x99, 0xD6, 
	0x99, 0xD6, 0x79, 0xD6, 0x79, 0xD6, 0x9A, 0xD6, 0x79, 0xD6, 0x9A, 0xD6, 0x9A, 0xD6, 0xFF, 0xFF, 
	0x09, 0x00, 0x9A, 0xDE, 0xFF, 0xFF, 0x13, 0x00, 0xBA, 0xDE, 0xFF, 0xFF, 0x03, 0x00, 0xDB, 0xDE, 
	0xDB, 0xE6, 0xDB, 0xE6, 0xDB, 0xDE, 0xDB, 0xDE, 0xFF, 0xFF, 0x03, 0x00, 0xDB, 0xE6, 0xDB, 0xDE, 
	0xDB, 0xDE, 0xFF, 0xFF, 0x03, 0x00, 0xDB, 0xE6, 0xFF, 0xFF, 0x06, 0x00, 0xDB, 0xDE, 0xFF, 0xFF, 
	0x07, 0x00, 0xBA, 0xDE, 0xBB, 0xDE, 0xFF, 0xFF, 0x07, 0x00, 0xBA, 0xDE, 0xFF, 0xFF, 0x08, 0x00, 
	0x9A, 0xDE, 0x9A, 0xD6, 0x9A, 0xDE, 0x9A, 0xDE, 0x9A, 0xDE, 0x9A, 0xD6, 0x9A, 0xD6, 0x79, 0xD6, 
	0x79, 0xD6, 0x79, 0xD6, 0x99, 0xD6, 0x79, 0xD6, 0x79, 0xD6, 0x79, 0xD6, 0x99, 0xD6, 0x99, 0xD6, 
	0x79, 0xD6, 0x79, 0xD6, 0x59, 0xD6, 0x59, 0xD6, 0x59, 0xD6, 0x38, 0xD6, 0xFF, 0xFF, 0x05, 0x00, 
	0x38, 0xCE, 0xFF, 0xFF, 0x03, 0x00, 0x18, 0xCE, 0x38, 0xCE, 0x38, 0xCE, 0x38, 0xD6, 0x38, 0xCE, 
	0x38, 0xD6, 0x58, 0xD6, 0x58, 0xD6, 0x38, 0xCE, 0x18, 0xCE, 0x18, 0xCE, 0x17, 0xCE, 0xF7, 0xC5, 
	0xF7, 0xC5, 0x18, 0xCE, 0x39, 0xCE, 0x59, 0xCE, 0x59, 0xCE, 0x9A, 0xD6, 0xFF, 0xFF, 0x27, 0x00, 
	0xDB, 0xDE, 0x38, 0xC6, 0xF7, 0xC5, 0x38, 0xD6, 0xF7, 0xCD, 0xF7, 0xCD, 0xF7, 0xCD, 0x17, 0xCE, 
	0x17, 0xCE, 0x38, 0xCE, 0x18, 0xCE, 0x17, 0xCE, 0x17, 0xCE, 0xFF, 0xFF, 0x04, 0x00, 0x38, 0xCE, 
	0x18, 0xCE, 0x38, 0xCE, 0x39, 0xD6, 0x38, 0xD6, 0x39, 0xD6, 0x39, 0xD6, 0x39, 0xD6, 0x58, 0xD6, 
	0x59, 0xD6, 0xFF, 0xFF, 0x08, 0x00, 0x79, 0xD6, 0x99, 0xD6, 0x9A, 0xD6, 0x9A, 0xDE, 0x9A, 0xDE, 
	0x9A, 0xDE, 0xBA, 0xDE, 0xBA, 0xDE, 0x9A, 0xD6, 0x9A, 0xD6, 0xBA, 0xDE, 0x9A, 0xDE, 0x9A, 0xDE, 
	0xFF, 0xFF, 0x0D, 0x00, 0xBA, 0xDE, 0xFF, 0xFF, 0x03, 0x00, 0xDB, 0xE6, 0xFB, 0xE6, 0xFB, 0xE6, 
	0xDB, 0xE6, 0xDB, 0xE6, 0xDB, 0xE6, 0xFF, 0xFF, 0x03, 0x00, 0xFB, 0xE6, 0xDB, 0xE6, 0xFB, 0xE6, 
	0xDB, 0xE6, 0xFB, 0xE6, 0xFB, 0xE6, 0xFB, 0xE6, 0xDB, 0xE6, 0xDB, 0xE6, 0xFB, 0xE6, 0xFB, 0xE6, 
	0xDB, 0xE6, 0xFB, 0xE6, 0xFB, 0xE6, 0xFB, 0xE6, 0xDB, 0xE6, 0xFB, 0xE6, 0xFB, 0xE6, 0xDB, 0xE6, 
	0xDB, 0xE6, 0xFF, 0xFF, 0x04, 0x00, 0xFB, 0xE6, 0xDB, 0xE6, 0xFF, 0xFF, 0x09, 0x00, 0xFB, 0xE6, 
	0xDB, 0xE6, 0xFB, 0xE6, 0xDB, 0xE6, 0xDB, 0xE6, 0xDB, 0xE6, 0xFF, 0xFF, 0x03, 0x00, 0xDB, 0xDE, 
	0xBA, 0xDE, 0xBA, 0xDE, 0xBA, 0xDE, 0xDA, 0xDE, 0xDA, 0xDE, 0xFF, 0xFF, 0x07, 0x00, 0xBA, 0xDE, 
	0x9A, 0xDE, 0x9A, 0xD6, 0x9A, 0xD6, 0x9A, 0xD6, 0xBA, 0xDE, 0xBA, 0xDE, 0x9A, 0xD6, 0x9A, 0xD6, 
	0x99, 0xD6, 0x99, 0xD6, 0xFF, 0xFF, 0x04, 0x00, 0x79, 0xD6, 0x99, 0xD6, 0x99, 0xD6, 0x78, 0xD6, 
	0x79, 0xD6, 0x59, 0xD6, 0x59, 0xD6, 0x39, 0xD6, 0x39, 0xD6, 0xFF, 0xFF, 0x0A, 0x00, 0x38, 0xCE, 
	0x18, 0xCE, 0x17, 0xCE, 0x18, 0xCE, 0x17, 0xCE, 0xB6, 0xC5, 0x38, 0xCE, 0xFF, 0xFF, 0x1A, 0x00, 
	0xDB, 0xDE, 0x9A, 0xD6, 0x39, 0xC6, 0x34, 0xA5, 0x55, 0xAD, 0xFF, 0xFF, 0x04, 0x00, 0x17, 0xCE, 
	0x18, 0xCE, 0x18, 0xCE, 0xFF, 0xFF, 0x04, 0x00, 0x38, 0xCE, 0x39, 0xCE, 0x38, 0xCE, 0x38, 0xCE, 
	0x39, 0xCE, 0x39, 0xCE, 0x39, 0xD6, 0x39, 0xD6, 0xFF, 0xFF, 0x03, 0x00, 0x59, 0xD6, 0x79, 0xD6, 
	0x99, 0xD6, 0x99, 0xD6, 0x79, 0xD6, 0x79, 0xD6, 0x99, 0xD6, 0xFF, 0xFF, 0x03, 0x00, 0x9A, 0xDE, 
	0x9A, 0xD6, 0x9A, 0xDE, 0xBA, 0xDE, 0xBA, 0xDE, 0x9A, 0xDE, 0xFF, 0xFF, 0x03, 0x00, 0xBA, 0xDE, 
	0x9A, 0xDE, 0x9A, 0xDE, 0xBA, 0xDE, 0xDB, 0xDE, 0xDB, 0xE6, 0xDB, 0xE6, 0xFF, 0xFF, 0x04, 0x00, 
	0xFB, 0xE6, 0xDB, 0xE6, 0xDB, 0xE6, 0xFF, 0xFF, 0x03, 0x00, 0xFB, 0xE6, 0x1C, 0xE7, 0x1C, 0xE7, 
	0x1C, 0xEF, 0x1C, 0xEF, 0x1C, 0xE7, 0xFB, 0xE6, 0xFB, 0xE6, 0xFB, 0xE6, 0x1C, 0xE7, 0x1C, 0xE7, 
	0x1C, 0xE7, 0x1C, 0xEF, 0xFF, 0xFF, 0x03, 0x00, 0x1C, 0xE7, 0xFF, 0xFF, 0x05, 0x00, 0x1C, 0xEF, 
	0xFF, 0xFF, 0x06, 0x00, 0x3C, 0xEF, 0xFF, 0xFF, 0x08, 0x00, 0x1C, 0xEF, 0x1C, 0xE7, 0x1C, 0xEF, 
	0x1C, 0xEF, 0x1C, 0xEF, 0xFF, 0xFF, 0x03, 0x00, 0x3C, 0xEF, 0x1C, 0xEF, 0x1C, 0xEF, 0x1C, 0xEF, 
	0xFF, 0xFF, 0x05, 0x00, 0x1C, 0xE7, 0xFB, 0xE6, 0x1C, 0xE7, 0x1C, 0xE7, 0xFF, 0xFF, 0x04, 0x00, 
	0xFB, 0xE6, 0xFF, 0xFF, 0x04, 0x00, 0x1C, 0xE7, 0xFF, 0xFF, 0x04, 0x00, 0xFB, 0xE6, 0xDB, 0xE6, 
	0xDB, 0xE6, 0xDB, 0xE6, 0xFB, 0xE6, 0xFB, 0xE6, 0xDB, 0xE6, 0xFB, 0xE6, 0xDB, 0xE6, 0xDB, 0xDE, 
	0xFF, 0xFF, 0x07, 0x00, 0xBA, 0xDE, 0xFF, 0xFF, 0x04, 0x00, 0x9A, 0xDE, 0xFF, 0xFF, 0x03, 0x00, 
	0x9A, 0xD6, 0x7A, 0xD6, 0xFF, 0xFF, 0x04, 0x00, 0x79, 0xD6, 0x59, 0xD6, 0x59, 0xD6, 0x59, 0xD6, 
	0x38, 0xD6, 0x59, 0xD6, 0xBA, 0xD6, 0xFF, 0xFF, 0x36, 0x00, 0xDB, 0xDE, 0xBB, 0xD6, 0xF7, 0xBD, 
	0x17, 0xC6, 0x38, 0xCE, 0xFF, 0xFF, 0x03, 0x00, 0xF7, 0xC5, 0xFF, 0xFF, 0x03, 0x00, 0x18, 0xCE, 
	0xFF, 0xFF, 0x08, 0x00, 0x38, 0xCE, 0x58, 0xD6, 0xFF, 0xFF, 0x03, 0x00, 0x38, 0xCE, 0x58, 0xD6, 
	0x59, 0xD6, 0xFF, 0xFF, 0x03, 0x00, 0x79, 0xD6, 0x59, 0xD6, 0x79, 0xD6, 0x79, 0xD6, 0x99, 0xDE, 
	0x79, 0xD6, 0x79, 0xD6, 0x99, 0xD6, 0x79, 0xD6, 0x79, 0xD6, 0x79, 0xD6, 0x9A, 0xD6, 0x9A, 0xD6, 
	0xFF, 0xFF, 0x03, 0x00, 0x9A, 0xDE, 0xBA, 0xDE, 0xBA, 0xDE, 0xFF, 0xFF, 0x03, 0x00, 0x9A, 0xDE, 
	0xBA, 0xDE, 0xBA, 0xDE, 0x9A, 0xDE, 0xFF, 0xFF, 0x0A, 0x00, 0xBA, 0xDE, 0x9A, 0xDE, 0xFF, 0xFF, 
	0x09, 0x00, 0xBA, 0xDE, 0xFF, 0xFF, 0x03, 0x00, 0xDB, 0xDE, 0xDB, 0xE6, 0xDB, 0xE6, 0xDB, 0xDE, 
	0xDB, 0xDE, 0xFF, 0xFF, 0x12, 0x00, 0xBA, 0xDE, 0xBB, 0xDE, 0xBA, 0xDE, 0xBA, 0xDE, 0xBA, 0xDE, 
	0x9A, 0xDE, 0xBA, 0xDE, 0xBA, 0xDE, 0xBA, 0xDE, 0x9A, 0xD6, 0x9A, 0xD6, 0x9A, 0xD6, 0xFF, 0xFF, 
	0x06, 0x00, 0x9A, 0xDE, 0x7A, 0xDE, 0x9A, 0xD6, 0x9A, 0xDE, 0x9A, 0xDE, 0x9A, 0xD6, 0x9A, 0xD6, 
	0xFF, 0xFF, 0x09, 0x00, 0x79, 0xD6, 0x59, 0xD6, 0x59, 0xD6, 0x39, 0xD6, 0x39, 0xD6, 0xFF, 0xFF, 
	0x06, 0x00, 0x38, 0xD6, 0x58, 0xD6, 0x58, 0xD6, 0x58, 0xD6, 0xFF, 0xFF, 0x04, 0x00, 0x79, 0xD6, 
	0x58, 0xD6, 0x38, 0xCE, 0x38, 0xCE, 0x38, 0xCE, 0xF7, 0xC5, 0xF7, 0xC5, 0x18, 0xC6, 0x58, 0xCE, 
	0x9A, 0xD6, 0xBB, 0xD6, 0xFF, 0xFF, 0x2B, 0x00, 0xDB, 0xDE, 0x39, 0xC6, 0xF7, 0xC5, 0x38, 0xCE, 
	0xF7, 0xCD, 0xF7, 0xC5, 0xF7, 0xCD, 0x17, 0xCE, 0x17, 0xCE, 0x18, 0xCE, 0x18, 0xCE, 0x17, 0xCE, 
	0xFF, 0xFF, 0x05, 0x00, 0x38, 0xCE, 0x18, 0xCE, 0x18, 0xCE, 0x38, 0xCE, 0x38, 0xD6, 0x38, 0xD6, 
	0x38, 0xCE, 0x38, 0xCE, 0x58, 0xD6, 0x59, 0xD6, 0x59, 0xD6, 0xFF, 0xFF, 0x06, 0x00, 0x79, 0xD6, 
	0x99, 0xD6, 0x99, 0xD6, 0x79, 0xD6, 0x79, 0xD6, 0x9A, 0xD6, 0x9A, 0xD6, 0x9A, 0xDE, 0xBA, 0xDE, 
	0xBA, 0xDE, 0x9A, 0xD6, 0x9A, 0xD6, 0xBA, 0xDE, 0x9A, 0xDE, 0xBA, 0xDE, 0xBA, 0xDE, 0x9A, 0xDE, 
	0xFF, 0xFF, 0x0A, 0x00, 0xBA, 0xDE, 0xDB, 0xDE, 0xBA, 0xDE, 0xDB, 0xDE, 0xDB, 0xDE, 0xDB, 0xDE, 
	0xFF, 0xFF, 0x03, 0x00, 0xDB, 0xE6, 0xFF, 0xFF, 0x14, 0x00, 0xFB, 0xE6, 0xDB, 0xE6, 0xFB, 0xE6, 
	0xDB, 0xE6, 0xFF, 0xFF, 0x03, 0x00, 0xFB, 0xE6, 0xDB, 0xE6, 0xFB, 0xE6, 0xDB, 0xE6, 0xFF, 0xFF, 
	0x06, 0x00, 0xFB, 0xE6, 0xDB, 0xE6, 0xDB, 0xE6, 0xDB, 0xDE, 0xDB, 0xE6, 0xDB, 0xE6, 0xDB, 0xDE, 
	0xFF, 0xFF, 0x06, 0x00, 0xBA, 0xDE, 0xDA, 0xDE, 0xDA, 0xDE, 0xFF, 0xFF, 0x03, 0x00, 0xBA, 0xDE, 
	0xFF, 0xFF, 0x09, 0x00, 0x9A, 0xDE, 0x9A, 0xD6, 0x9A, 0xD6, 0x99, 0xD6, 0x99, 0xD6, 0x79, 0xD6, 
	0x79, 0xD6, 0x99, 0xD6, 0x99, 0xD6, 0x79, 0xD6, 0x79, 0xD6, 0x79, 0xD6, 0x78, 0xD6, 0x78, 0xD6, 
	0x58, 0xD6, 0xFF, 0xFF, 0x03, 0x00, 0x39, 0xD6, 0xFF, 0xFF, 0x09, 0x00, 0x38, 0xCE, 0x18, 0xCE, 
	0x17, 0xCE, 0x18, 0xCE, 0x17, 0xCE, 0xD6, 0xC5, 0x18, 0xC6, 0xFF, 0xFF, 0x1A, 0x00, 0xDB, 0xDE, 
	0x9A, 0xD6, 0x19, 0xC6, 0x14, 0xA5, 0x55, 0xAD, 0x18, 0xCE, 0x18, 0xCE, 0x17, 0xCE, 0x17, 0xCE, 
	0x17, 0xCE, 0x18, 0xCE, 0x18, 0xCE, 0xFF, 0xFF, 0x05, 0x00, 0x38, 0xCE, 0x18, 0xCE, 0x18, 0xCE, 
	0x38, 0xCE, 0x39, 0xCE, 0x39, 0xD6, 0x39, 0xD6, 0xFF, 0xFF, 0x03, 0x00, 0x59, 0xD6, 0x79, 0xD6, 
	0x99, 0xD6, 0x99, 0xD6, 0x99, 0xD6, 0x79, 0xD6, 0x99, 0xD6, 0x9A, 0xD6, 0x9A, 0xDE, 0x9A, 0xDE, 
	0x9A, 0xDE, 0x9A, 0xD6, 0x9A, 0xDE, 0x9A, 0xD6, 0x9A, 0xDE, 0x9A, 0xDE, 0xFF, 0xFF, 0x06, 0x00, 
	0xBA, 0xDE, 0xDB, 0xDE, 0xDB, 0xDE, 0xDB, 0xDE, 0xDB, 0xE6, 0xFF, 0xFF, 0x0A, 0x00, 0xFB, 0xE6, 
	0xFF, 0xFF, 0x03, 0x00, 0x1C, 0xE7, 0xFB, 0xE6, 0xFB, 0xE6, 0xFB, 0xE6, 0x1C, 0xE7, 0xFB, 0xE6, 
	0xFF, 0xFF, 0x07, 0x00, 0x1C, 0xE7, 0x1C, 0xEF, 0x1C, 0xE7, 0x1C, 0xE7, 0x1C, 0xE7, 0x1C, 0xEF, 
	0x1C, 0xEF, 0x3C, 0xEF, 0x3C, 0xEF, 0x3C, 0xEF, 0xFF, 0xFF, 0x05, 0x00, 0x1C, 0xEF, 0xFF, 0xFF, 
	0x09, 0x00, 0x3C, 0xEF, 0x1C, 0xEF, 0x1C, 0xE7, 0xFF, 0xFF, 0x08, 0x00, 0x1C, 0xEF, 0xFF, 0xFF, 
	0x05, 0x00, 0xFB, 0xE6, 0xFF, 0xFF, 0x04, 0x00, 0x1C, 0xE7, 0xFF, 0xFF, 0x08, 0x00, 0xFB, 0xE6, 
	0xFF, 0xFF, 0x03, 0x00, 0xDB, 0xE6, 0xDB, 0xDE, 0xDB, 0xDE, 0xDB, 0xE6, 0xFF, 0xFF, 0x08, 0x00, 
	0xBA, 0xDE, 0xFF, 0xFF, 0x04, 0x00, 0x9A, 0xDE, 0x9A, 0xD6, 0x9A, 0xD6, 0x9A, 0xD6, 0x79, 0xD6, 
	0x79, 0xD6, 0x79, 0xD6, 0x59, 0xD6, 0xFF, 0xFF, 0x03, 0x00, 0x79, 0xD6, 0x59, 0xD6, 0x58, 0xD6, 
	0x38, 0xD6, 0x58, 0xCE, 0xBA, 0xD6, 0xFF, 0xFF, 0x37, 0x00, 0xDB, 0xDE, 0x18, 0xC6, 0x17, 0xC6, 
	0x38, 0xCE, 0xF7, 0xC5, 0xF7, 0xC5, 0xF7, 0xC5, 0x17, 0xCE, 0xFF, 0xFF, 0x05, 0x00, 0x18, 0xCE, 
	0xFF, 0xFF, 0x0B, 0x00, 0x38, 0xCE, 0xFF, 0xFF, 0x03, 0x00, 0x58, 0xD6, 0x79, 0xD6, 0x79, 0xD6, 
	0x59, 0xD6, 0xFF, 0xFF, 0x04, 0x00, 0x79, 0xD6, 0x99, 0xD6, 0x99, 0xD6, 0x79, 0xD6, 0xFF, 0xFF, 
	0x04, 0x00, 0x9A, 0xD6, 0x9A, 0xDE, 0x9A, 0xD6, 0xFF, 0xFF, 0x05, 0x00, 0x9A, 0xDE, 0xFF, 0xFF, 
	0x03, 0x00, 0xBA, 0xDE, 0x9A, 0xDE, 0xFF, 0xFF, 0x24, 0x00, 0xBA, 0xDE, 0xDB, 0xDE, 0xFF, 0xFF, 
	0x10, 0x00, 0xBA, 0xDE, 0xBA, 0xD6, 0xBA, 0xDE, 0xBA, 0xDE, 0xFF, 0xFF, 0x03, 0x00, 0x9A, 0xDE, 
	0xBA, 0xDE, 0xBA, 0xDE, 0x9A, 0xDE, 0x99, 0xDE, 0x7A, 0xDE, 0xFF, 0xFF, 0x05, 0x00, 0x79, 0xD6, 
	0x79, 0xDE, 0x79, 0xDE, 0x79, 0xDE, 0x79, 0xD6, 0x79, 0xD6, 0xFF, 0xFF, 0x04, 0x00, 0x59, 0xD6, 
	0x79, 0xD6, 0x7A, 0xD6, 0x9A, 0xD6, 0x99, 0xD6, 0xFF, 0xFF, 0x03, 0x00, 0x99, 0xDE, 0x79, 0xD6, 
	0x79, 0xD6, 0x59, 0xD6, 0x58, 0xCE, 0x38, 0xCE, 0x38, 0xCE, 0x58, 0xCE, 0xFF, 0xFF, 0x04, 0x00, 
	0x59, 0xCE, 0x79, 0xCE, 0x7A, 0xCE, 0x7A, 0xCE, 0x9A, 0xD6, 0xBB, 0xD6, 0xFF, 0xFF, 0x2D, 0x00, 
	0xDB, 0xDE, 0x38, 0xC6, 0xD7, 0xBD, 0x38, 0xCE, 0xF7, 0xCD, 0xFF, 0xFF, 0x03, 0x00, 0xF7, 0xC5, 
	0x18, 0xCE, 0x18, 0xCE, 0x17, 0xCE, 0x18, 0xCE, 0xFF, 0xFF, 0x06, 0x00, 0x38, 0xCE, 0x18, 0xCE, 
	0xFF, 0xFF, 0x03, 0x00, 0x38, 0xCE, 0x58, 0xD6, 0x58, 0xD6, 0x58, 0xD6, 0x59, 0xD6, 0x79, 0xD6, 
	0x79, 0xD6, 0x79, 0xD6, 0x99, 0xD6, 0x99, 0xD6, 0xFF, 0xFF, 0x05, 0x00, 0x79, 0xD6, 0x9A, 0xD6, 
	0x9A, 0xDE, 0x9A, 0xDE, 0x9A, 0xDE, 0xBA, 0xDE, 0xBA, 0xDE, 0xBA, 0xDE, 0xFF, 0xFF, 0x05, 0x00, 
	0x9A, 0xDE, 0xFF, 0xFF, 0x0B, 0x00, 0xBA, 0xDE, 0xDB, 0xDE, 0xDB, 0xDE, 0xDB, 0xDE, 0xFF, 0xFF, 
	0x03, 0x00, 0xDB, 0xE6, 0xFB, 0xE6, 0xDB, 0xE6, 0xFB, 0xE6, 0xFB, 0xE6, 0xDB, 0xE6, 0xFF, 0xFF, 
	0x07, 0x00, 0xFB, 0xE6, 0xDB, 0xE6, 0xFF, 0xFF, 0x08, 0x00, 0xFB, 0xE6, 0xDB, 0xE6, 0xFB, 0xE6, 
	0xFB, 0xE6, 0xFB, 0xE6, 0xDB, 0xE6, 0xDB, 0xE6, 0xFB, 0xE6, 0xFB, 0xE6, 0xFF, 0xFF, 0x07, 0x00, 
	0xDB, 0xE6, 0xDB, 0xDE, 0xDB, 0xDE, 0xDB, 0xDE, 0xFF, 0xFF, 0x07, 0x00, 0xBA, 0xDE, 0xDA, 0xDE, 
	0xDA, 0xDE, 0xFF, 0xFF, 0x03, 0x00, 0xBA, 0xDE, 0x9A, 0xDE, 0x99, 0xD6, 0x9A, 0xDE, 0xBA, 0xDE, 
	0xBA, 0xDE, 0xBA, 0xDE, 0x9A, 0xDE, 0xFF, 0xFF, 0x04, 0x00, 0x9A, 0xD6, 0x99, 0xD6, 0x99, 0xD6, 
	0x79, 0xD6, 0x79, 0xD6, 0x79, 0xD6, 0x99, 0xD6, 0x79, 0xD6, 0x79, 0xD6, 0x79, 0xD6, 0x78, 0xD6, 
	0x78, 0xD6, 0x58, 0xD6, 0xFF, 0xFF, 0x03, 0x00, 0x39, 0xD6, 0xFF, 0xFF, 0x08, 0x00, 0x38, 0xCE, 
	0x18, 0xCE, 0x17, 0xCE, 0xF8, 0xCD, 0x18, 0xCE, 0xF7, 0xCD, 0xD6, 0xC5, 0x17, 0xC6, 0xFF, 0xFF, 
	0x1A, 0x00, 0xDB, 0xDE, 0xBB, 0xD6, 0x39, 0xC6, 0x14, 0xA5, 0x54, 0xAD, 0x18, 0xCE, 0x18, 0xCE, 
	0x17, 0xCE, 0x17, 0xCE, 0x17, 0xCE, 0x18, 0xCE, 0x18, 0xCE, 0xFF, 0xFF, 0x05, 0x00, 0x38, 0xCE, 
	0x18, 0xCE, 0x18, 0xCE, 0x38, 0xCE, 0x38, 0xCE, 0x38, 0xCE, 0x39, 0xD6, 0xFF, 0xFF, 0x03, 0x00, 
	0x59, 0xD6, 0x79, 0xD6, 0x79, 0xD6, 0x99, 0xD6, 0x99, 0xD6, 0x79, 0xD6, 0x99, 0xD6, 0x79, 0xD6, 
	0xFF, 0xFF, 0x03, 0x00, 0x9A, 0xDE, 0x9A, 0xD6, 0x9A, 0xD6, 0x79, 0xD6, 0x9A, 0xDE, 0xFF, 0xFF, 
	0x09, 0x00, 0xBA, 0xDE, 0xFF, 0xFF, 0x03, 0x00, 0xDB, 0xE6, 0xFF, 0xFF, 0x08, 0x00, 0xFB, 0xE6, 
	0xFF, 0xFF, 0x04, 0x00, 0x1C, 0xE7, 0xFB, 0xE6, 0xFF, 0xFF, 0x04, 0x00, 0x1C, 0xE7, 0xFB, 0xE6, 
	0xFB, 0xE6, 0x1C, 0xE7, 0x1C, 0xE7, 0x1C, 0xE7, 0x1C, 0xEF, 0x1C, 0xE7, 0x1C, 0xE7, 0x1C, 0xE7, 
	0xFF, 0xFF, 0x13, 0x00, 0x1C, 0xEF, 0x1C, 0xE7, 0x1C, 0xE7, 0x1C, 0xE7, 0x1C, 0xEF, 0x1C, 0xE7, 
	0x1C, 0xEF, 0x1C, 0xEF, 0x1C, 0xE7, 0x1C, 0xEF, 0x1C, 0xE7, 0x1C, 0xE7, 0x1C, 0xE7, 0xFF, 0xFF, 
	0x06, 0x00, 0xFB, 0xE6, 0x1C, 0xE7, 0x1C, 0xE7, 0x1C, 0xE7, 0xFF, 0xFF, 0x05, 0x00, 0xFB, 0xE6, 
	0xDB, 0xE6, 0xFB, 0xE6, 0xDB, 0xE6, 0xFB, 0xE6, 0xFB, 0xE6, 0xDB, 0xE6, 0xDB, 0xE6, 0xDB, 0xE6, 
	0xDB, 0xDE, 0xFF, 0xFF, 0x0A, 0x00, 0xBA, 0xDE, 0xFF, 0xFF, 0x05, 0x00, 0x9A, 0xDE, 0x9A, 0xD6, 
	0x99, 0xD6, 0xFF, 0xFF, 0x06, 0x00, 0x79, 0xD6, 0x59, 0xD6, 0x59, 0xD6, 0x38, 0xD6, 0x38, 0xCE, 
	0x38, 0xCE, 0xBA, 0xD6, 0xFF, 0xFF, 0x37, 0x00, 0xDB, 0xDE, 0x18, 0xC6, 0xF7, 0xC5, 0x38, 0xCE, 
	0xFF, 0xFF, 0x03, 0x00, 0xF7, 0xC5, 0x17, 0xCE, 0x17, 0xCE, 0x17, 0xCE, 0xFF, 0xFF, 0x03, 0x00, 
	0x18, 0xCE, 0xFF, 0xFF, 0x07, 0x00, 0x38, 0xCE, 0x18, 0xCE, 0x38, 0xCE, 0x39, 0xD6, 0x58, 0xD6, 
	0x38, 0xCE, 0x38, 0xCE, 0x58, 0xD6, 0x58, 0xD6, 0x59, 0xD6, 0x59, 0xD6, 0xFF, 0xFF, 0x05, 0x00, 
	0x79, 0xD6, 0x99, 0xD6, 0x9A, 0xD6, 0xFF, 0xFF, 0x03, 0x00, 0x79, 0xD6, 0x9A, 0xD6, 0x9A, 0xD6, 
	0x9A, 0xD6, 0x9A, 0xDE, 0x9A, 0xDE, 0x9A, 0xDE, 0x9A, 0xD6, 0x9A, 0xDE, 0x9A, 0xD6, 0xFF, 0xFF, 
	0x04, 0x00, 0x9A, 0xDE, 0xFF, 0xFF, 0x18, 0x00, 0xBA, 0xDE, 0x9A, 0xDE, 0xFF, 0xFF, 0x17, 0x00, 
	0xBA, 0xDE, 0xFF, 0xFF, 0x03, 0x00, 0x9A, 0xDE, 0xBA, 0xDE, 0xBA, 0xD6, 0xBA, 0xD6, 0xBA, 0xD6, 
	0x9A, 0xD6, 0xFF, 0xFF, 0x03, 0x00, 0x99, 0xD6, 0x99, 0xDE, 0x9A, 0xDE, 0x9A, 0xDE, 0x99, 0xDE, 
	0xFF, 0xFF, 0x04, 0x00, 0x79, 0xD6, 0x59, 0xD6, 0x59, 0xD6, 0x79, 0xDE, 0x99, 0xDE, 0xBA, 0xDE, 
	0xBA, 0xE6, 0xBA, 0xDE, 0x9A, 0xDE, 0x99, 0xDE, 0x99, 0xDE, 0x9A, 0xDE, 0x9A, 0xDE, 0xBA, 0xD6, 
	0x9A, 0xD6, 0x79, 0xD6, 0x59, 0xCE, 0x58, 0xCE, 0x38, 0xCE, 0x38, 0xCE, 0xF7, 0xC5, 0xD6, 0xBD, 
	0xB6, 0xBD, 0xB6, 0xBD, 0xF7, 0xBD, 0x59, 0xCE, 0xBB, 0xD6, 0xFF, 0xFF, 0x37, 0x00, 0xDB, 0xDE, 
	0x18, 0xC6, 0xB6, 0xBD, 0x38, 0xCE, 0xF7, 0xCD, 0xD7, 0xC5, 0xF7, 0xC5, 0xF7, 0xC5, 0xF7, 0xC5, 
	0x17, 0xCE, 0x17, 0xCE, 0x18, 0xCE, 0x38, 0xCE, 0x18, 0xCE, 0xFF, 0xFF, 0x0A, 0x00, 0x38, 0xCE, 
	0x58, 0xD6, 0x58, 0xD6, 0x38, 0xCE, 0x58, 0xD6, 0xFF, 0xFF, 0x0B, 0x00, 0x79, 0xD6, 0x99, 0xD6, 
	0x99, 0xD6, 0x99, 0xD6, 0x9A, 0xDE, 0x99, 0xD6, 0x99, 0xD6, 0x99, 0xD6, 0x9A, 0xD6, 0xFF, 0xFF, 
	0x04, 0x00, 0x9A, 0xDE, 0xFF, 0xFF, 0x0B, 0x00, 0xBA, 0xDE, 0xFF, 0xFF, 0x03, 0x00, 0xDB, 0xDE, 
	0xDB, 0xE6, 0xDB, 0xE6, 0xDB, 0xDE, 0xDB, 0xDE, 0xDB, 0xDE, 0xDB, 0xE6, 0xDB, 0xE6, 0xDB, 0xE6, 
	0xFB, 0xE6, 0xFB, 0xE6, 0xFF, 0xFF, 0x03, 0x00, 0xDB, 0xE6, 0xDB, 0xDE, 0xDB, 0xE6, 0xFB, 0xE6, 
	0xDB, 0xE6, 0xFF, 0xFF, 0x05, 0x00, 0xFB, 0xE6, 0xFF, 0xFF, 0x05, 0x00, 0xDB, 0xE6, 0xFB, 0xE6, 
	0xFB, 0xE6, 0xDB, 0xE6, 0xDB, 0xE6, 0xDB, 0xE6, 0xFF, 0xFF, 0x05, 0x00, 0xDB, 0xDE, 0xBA, 0xDE, 
	0xDB, 0xDE, 0xDB, 0xDE, 0xFF, 0xFF, 0x07, 0x00, 0xBA, 0xDE, 0xBB, 0xDE, 0xBB, 0xDE, 0xBA, 0xDE, 
	0x9A, 0xDE, 0x9A, 0xDE, 0x9A, 0xDE, 0xBA, 0xDE, 0x99, 0xD6, 0x99, 0xDE, 0xBA, 0xDE, 0xBA, 0xDE, 
	0xBA, 0xDE, 0x9A, 0xDE, 0x9A, 0xD6, 0x7A, 0xD6, 0x7A, 0xD6, 0x7A, 0xD6, 0xFF, 0xFF, 0x03, 0x00, 
	0x79, 0xD6, 0x99, 0xD6, 0x79, 0xD6, 0x79, 0xD6, 0x79, 0xD6, 0x59, 0xD6, 0x59, 0xD6, 0x59, 0xD6, 
	0x58, 0xD6, 0x58, 0xD6, 0x38, 0xD6, 0x38, 0xCE, 0x38, 0xD6, 0x38, 0xCE, 0x38, 0xCE, 0x18, 0xCE, 
	0x38, 0xCE, 0x38, 0xCE, 0x18, 0xCE, 0xFF, 0xFF, 0x03, 0x00, 0x38, 0xCE, 0x18, 0xCE, 0x18, 0xCE, 
	0x17, 0xCE, 0x17, 0xCE, 0xF7, 0xCD, 0xD6, 0xC5, 0x17, 0xC6, 0xFF, 0xFF, 0x1B, 0x00, 0xDB, 0xDE, 
	0x59, 0xCE, 0x34, 0xA5, 0x55, 0xAD, 0x18, 0xCE, 0xFF, 0xFF, 0x05, 0x00, 0x17, 0xCE, 0x18, 0xCE, 
	0xFF, 0xFF, 0x08, 0x00, 0x38, 0xCE, 0x38, 0xD6, 0xFF, 0xFF, 0x04, 0x00, 0x59, 0xD6, 0x79, 0xD6, 
	0x79, 0xD6, 0x79, 0xD6, 0x99, 0xD6, 0x79, 0xD6, 0x79, 0xD6, 0x79, 0xD6, 0x9A, 0xD6, 0xFF, 0xFF, 
	0x03, 0x00, 0x9A, 0xDE, 0x9A, 0xD6, 0x9A, 0xDE, 0x9A, 0xD6, 0x9A, 0xDE, 0xFF, 0xFF, 0x09, 0x00, 
	0xBA, 0xDE, 0xFF, 0xFF, 0x03, 0x00, 0xDB, 0xE6, 0xFF, 0xFF, 0x03, 0x00, 0xFB, 0xE6, 0xDB, 0xE6, 
	0xDB, 0xE6, 0xDB, 0xE6, 0xFF, 0xFF, 0x03, 0x00, 0xFB, 0xE6, 0x1C, 0xE7, 0xFB, 0xE6, 0xFB, 0xE6, 
	0xFB, 0xE6, 0x1C, 0xE7, 0x1C, 0xE7, 0xFB, 0xE6, 0xFB, 0xE6, 0x1C, 0xE7, 0xFB, 0xE6, 0xFB, 0xE6, 
	0xFF, 0xFF, 0x05, 0x00, 0x1C, 0xE7, 0x1C, 0xEF, 0x1C, 0xE7, 0xFF, 0xFF, 0x08, 0x00, 0x1C, 0xEF, 
	0x1C, 0xE7, 0x1C, 0xE7, 0x1C, 0xEF, 0x1C, 0xE7, 0x1C, 0xE7, 0x1C, 0xE7, 0xFB, 0xE6, 0xFB, 0xE6, 
	0xFF, 0xFF, 0x09, 0x00, 0x1C, 0xE7, 0xFB, 0xE6, 0xFB, 0xE6, 0xFB, 0xE6, 0x1C, 0xE7, 0x1C, 0xE7, 
	0x1C, 0xEF, 0x1C, 0xE7, 0x1C, 0xE7, 0xFF, 0xFF, 0x08, 0x00, 0xFB, 0xE6, 0xDB, 0xE6, 0xDB, 0xE6, 
	0xDB, 0xE6, 0xFB, 0xE6, 0xDB, 0xE6, 0xFB, 0xE6, 0xFB, 0xE6, 0xDB, 0xE6, 0xDB, 0xE6, 0xDB, 0xE6, 
	0xDB, 0xDE, 0xFF, 0xFF, 0x06, 0x00, 0xBA, 0xDE, 0xFF, 0xFF, 0x06, 0x00, 0x9A, 0xDE, 0xFF, 0xFF, 
	0x03, 0x00, 0x9A, 0xD6, 0xFF, 0xFF, 0x06, 0x00, 0x79, 0xD6, 0x59, 0xD6, 0x59, 0xD6, 0x59, 0xD6, 
	0x38, 0xD6, 0x38, 0xCE, 0x38, 0xCE, 0xBA, 0xD6, 0xFF, 0xFF, 0x37, 0x00, 0xDB, 0xDE, 0x18, 0xC6, 
	0xD6, 0xBD, 0x38, 0xCE, 0xF7, 0xCD, 0xF7, 0xC5, 0xF7, 0xC5, 0xF7, 0xC5, 0x17, 0xC6, 0x17, 0xCE, 
	0x18, 0xCE, 0x17, 0xCE, 0x18, 0xCE, 0x18, 0xCE, 0x18, 0xCE, 0xFF, 0xFF, 0x07, 0x00, 0x38, 0xCE, 
	0x18, 0xCE, 0x38, 0xCE, 0x39, 0xCE, 0x38, 0xD6, 0x38, 0xCE, 0x38, 0xCE, 0x38, 0xD6, 0x38, 0xD6, 
	0x58, 0xD6, 0x59, 0xD6, 0x59, 0xD6, 0x59, 0xD6, 0xFF, 0xFF, 0x03, 0x00, 0x79, 0xD6, 0x99, 0xDE, 
	0x99, 0xDE, 0xFF, 0xFF, 0x04, 0x00, 0x79, 0xD6, 0x9A, 0xD6, 0x9A, 0xD6, 0x9A, 0xD6, 0x99, 0xD6, 
	0x9A, 0xD6, 0x9A, 0xD6, 0x9A, 0xD6, 0x9A, 0xDE, 0x9A, 0xDE, 0x9A, 0xD6, 0x9A, 0xD6, 0x9A, 0xD6, 
	0xFF, 0xFF, 0x03, 0x00, 0x9A, 0xDE, 0x9A, 0xD6, 0x9A, 0xDE, 0x9A, 0xDE, 0xBA, 0xDE, 0xBA, 0xDE, 
	0xBA, 0xDE, 0x9A, 0xDE, 0xFF, 0xFF, 0x28, 0x00, 0xBA, 0xDE, 0xFF, 0xFF, 0x03, 0x00, 0x9A, 0xDE, 
	0xFF, 0xFF, 0x03, 0x00, 0x99, 0xD6, 0x9A, 0xD6, 0x9A, 0xD6, 0xB9, 0xD6, 0xBA, 0xD6, 0xBA, 0xDE, 
	0x99, 0xD6, 0x79, 0xD6, 0x99, 0xDE, 0x9A, 0xDE, 0x9A, 0xDE, 0xBA, 0xDE, 0xBA, 0xDE, 0xBA, 0xDE, 
	0x9A, 0xDE, 0x9A, 0xDE, 0xFF, 0xFF, 0x03, 0x00, 0xBA, 0xDE, 0x9A, 0xDE, 0x9A, 0xDE, 0x7A, 0xD6, 
	0x7A, 0xD6, 0x7A, 0xD6, 0x9A, 0xCE, 0x9A, 0xD6, 0x7A, 0xCE, 0x79, 0xCE, 0x59, 0xCE, 0x38, 0xC6, 
	0x18, 0xC6, 0xF7, 0xBD, 0xD7, 0xBD, 0xF7, 0xBD, 0x18, 0xC6, 0x79, 0xCE, 0xBB, 0xD6, 0xFF, 0xFF, 
	0x39, 0x00, 0xDB, 0xDE, 0xF8, 0xBD, 0xB6, 0xBD, 0x38, 0xCE, 0xF7, 0xCD, 0xD7, 0xC5, 0xF7, 0xC5, 
	0xF7, 0xC5, 0xF7, 0xC5, 0x17, 0xCE, 0x18, 0xCE, 0x17, 0xCE, 0x18, 0xCE, 0x18, 0xCE, 0x17, 0xCE, 
	0x17, 0xCE, 0xFF, 0xFF, 0x09, 0x00, 0x38, 0xCE, 0x58, 0xD6, 0x38, 0xCE, 0x58, 0xD6, 0x58, 0xD6, 
	0x59, 0xD6, 0x79, 0xD6, 0x79, 0xD6, 0x59, 0xD6, 0xFF, 0xFF, 0x06, 0x00, 0x79, 0xD6, 0xFF, 0xFF, 
	0x05, 0x00, 0x99, 0xD6, 0x9A, 0xD6, 0x9A, 0xD6, 0x9A, 0xDE, 0xBA, 0xDE, 0x9A, 0xDE, 0x9A, 0xD6, 
	0x9A, 0xDE, 0xFF, 0xFF, 0x11, 0x00, 0xBA, 0xDE, 0xFF, 0xFF, 0x05, 0x00, 0xDB, 0xDE, 0xDB, 0xE6, 
	0xFB, 0xE6, 0xDB, 0xE6, 0xDB, 0xE6, 0xDB, 0xE6, 0xDB, 0xDE, 0xDB, 0xDE, 0xDB, 0xE6, 0xDB, 0xDE, 
	0xDB, 0xDE, 0xFF, 0xFF, 0x06, 0x00, 0xDB, 0xE6, 0xFB, 0xE6, 0xFF, 0xFF, 0x03, 0x00, 0xDB, 0xE6, 
	0xFB, 0xE6, 0xDB, 0xE6, 0xDB, 0xDE, 0xDB, 0xE6, 0xFB, 0xE6, 0xDB, 0xDE, 0xDB, 0xDE, 0xFF, 0xFF, 
	0x10, 0x00, 0xBA, 0xDE, 0x9A, 0xDE, 0x9A, 0xDE, 0x9A, 0xDE, 0xFF, 0xFF, 0x06, 0x00, 0xBA, 0xDE, 
	0x9A, 0xDE, 0x99, 0xD6, 0xFF, 0xFF, 0x0A, 0x00, 0x79, 0xD6, 0x59, 0xD6, 0x58, 0xD6, 0x58, 0xD6, 
	0x59, 0xD6, 0x38, 0xD6, 0x38, 0xD6, 0xFF, 0xFF, 0x03, 0x00, 0x38, 0xCE, 0x18, 0xCE, 0x38, 0xCE, 
	0x38, 0xCE, 0x38, 0xCE, 0x18, 0xCE, 0x18, 0xCE, 0x38, 0xCE, 0x18, 0xCE, 0x18, 0xCE, 0x18, 0xCE, 
	0xF8, 0xCD, 0xF7, 0xCD, 0xF7, 0xCD, 0xD7, 0xC5, 0xF7, 0xC5, 0xFF, 0xFF, 0x1B, 0x00, 0xDB, 0xDE, 
	0x9A, 0xD6, 0x55, 0xAD, 0x55, 0xAD, 0x18, 0xCE, 0x17, 0xCE, 0x17, 0xCE, 0xF7, 0xC5, 0x17, 0xCE, 
	0x17, 0xCE, 0x17, 0xCE, 0xFF, 0xFF, 0x09, 0x00, 0x38, 0xCE, 0x38, 0xD6, 0xFF, 0xFF, 0x04, 0x00, 
	0x59, 0xD6, 0xFF, 0xFF, 0x07, 0x00, 0x79, 0xD6, 0x9A, 0xD6, 0x9A, 0xDE, 0x9A, 0xDE, 0x9A, 0xDE, 
	0xBA, 0xDE, 0xBA, 0xDE, 0x9A, 0xDE, 0x9A, 0xDE, 0xBA, 0xDE, 0xBA, 0xDE, 0xBA, 0xDE, 0x9A, 0xDE, 
	0xFF, 0xFF, 0x04, 0x00, 0xBA, 0xDE, 0xDB, 0xDE, 0xFF, 0xFF, 0x03, 0x00, 0xDB, 0xE6, 0xFF, 0xFF, 
	0x03, 0x00, 0xFB, 0xE6, 0xDB, 0xE6, 0xDB, 0xE6, 0xDB, 0xE6, 0xFB, 0xE6, 0xDB, 0xE6, 0xFB, 0xE6, 
	0xFB, 0xE6, 0x1C, 0xE7, 0xFB, 0xE6, 0xFB, 0xE6, 0x1C, 0xE7, 0xFB, 0xE6, 0xFF, 0xFF, 0x04, 0x00, 
	0x1C, 0xE7, 0xFB, 0xE6, 0xFB, 0xE6, 0xFB, 0xE6, 0x1C, 0xE7, 0xFB, 0xE6, 0xFB, 0xE6, 0xFB, 0xE6, 
	0x1C, 0xE7, 0xFB, 0xE6, 0x1C, 0xE7, 0x1C, 0xE7, 0xFF, 0xFF, 0x06, 0x00, 0x1C, 0xEF, 0x3C, 0xEF, 
	0xFF, 0xFF, 0x03, 0x00, 0x1C, 0xEF, 0xFF, 0xFF, 0x07, 0x00, 0x1C, 0xE7, 0xFB, 0xE6, 0xFF, 0xFF, 
	0x03, 0x00, 0x1C, 0xE7, 0xFB, 0xE6, 0xFB, 0xE6, 0xFB, 0xE6, 0x1C, 0xE7, 0x1C, 0xEF, 0x1C, 0xEF, 
	0x1C, 0xEF, 0x1C, 0xE7, 0xFF, 0xFF, 0x05, 0x00, 0xFB, 0xE6, 0xDB, 0xE6, 0xDB, 0xE6, 0xFB, 0xE6, 
	0xDB, 0xE6, 0xFB, 0xE6, 0xFB, 0xE6, 0xFB, 0xE6, 0xDB, 0xE6, 0xFB, 0xE6, 0xDB, 0xE6, 0xDB, 0xE6, 
	0xDB, 0xDE, 0xDB, 0xDE, 0xFF, 0xFF, 0x07, 0x00, 0xBA, 0xDE, 0x9A, 0xDE, 0x9A, 0xD6, 0x9A, 0xDE, 
	0x9A, 0xDE, 0x9A, 0xDE, 0x9A, 0xD6, 0x9A, 0xD6, 0x9A, 0xD6, 0xFF, 0xFF, 0x09, 0x00, 0x79, 0xD6, 
	0x58, 0xD6, 0x58, 0xD6, 0x59, 0xD6, 0x38, 0xD6, 0x38, 0xCE, 0x38, 0xCE, 0xBB, 0xD6, 0xFF, 0xFF, 
	0x37, 0x00, 0xDB, 0xDE, 0x18, 0xC6, 0xB6, 0xBD, 0x38, 0xCE, 0xF7, 0xCD, 0xF7, 0xC5, 0xF7, 0xC5, 
	0xF7, 0xC5, 0x17, 0xC6, 0xF7, 0xCD, 0x17, 0xCE, 0x17, 0xCE, 0x18, 0xCE, 0x17, 0xCE, 0x18, 0xCE, 
	0xFF, 0xFF, 0x08, 0x00, 0x38, 0xCE, 0x18, 0xCE, 0x18, 0xCE, 0x38, 0xCE, 0x38, 0xD6, 0x39, 0xD6, 
	0x39, 0xD6, 0x38, 0xD6, 0x58, 0xD6, 0x59, 0xD6, 0x59, 0xD6, 0xFF, 0xFF, 0x04, 0x00, 0x79, 0xD6, 
	0x99, 0xDE, 0x99, 0xDE, 0xFF, 0xFF, 0x06, 0x00, 0x79, 0xD6, 0x99, 0xDE, 0x9A, 0xDE, 0x9A, 0xDE, 
	0x9A, 0xDE, 0xFF, 0xFF, 0x03, 0x00, 0x9A, 0xD6, 0xFF, 0xFF, 0x03, 0x00, 0x9A, 0xDE, 0x9A, 0xD6, 
	0x9A, 0xD6, 0x9A, 0xD6, 0x9A, 0xDE, 0x9A, 0xD6, 0xFF, 0xFF, 0x03, 0x00, 0x9A, 0xDE, 0xFF, 0xFF, 
	0x04, 0x00, 0xBA, 0xDE, 0xDA, 0xDE, 0xDA, 0xDE, 0xFF, 0xFF, 0x1A, 0x00, 0xBA, 0xDE, 0x9A, 0xDE, 
	0xBA, 0xDE, 0x9A, 0xD6, 0xBA, 0xDE, 0xFF, 0xFF, 0x06, 0x00, 0x9A, 0xDE, 0x99, 0xDE, 0xFF, 0xFF, 
	0x06, 0x00, 0x9A, 0xDE, 0x99, 0xD6, 0x9A, 0xDE, 0x9A, 0xDE, 0xBA, 0xDE, 0xBA, 0xDE, 0xBA, 0xDE, 
	0xDA, 0xDE, 0xBA, 0xDE, 0xBA, 0xDE, 0x9A, 0xD6, 0x79, 0xD6, 0x59, 0xCE, 0x58, 0xCE, 0x38, 0xCE, 
	0xFF, 0xFF, 0x03, 0x00, 0x38, 0xC6, 0x79, 0xCE, 0xBB, 0xD6, 0xFF, 0xFF, 0x46, 0x00, 0xDB, 0xDE, 
	0xF8, 0xBD, 0xB6, 0xBD, 0x38, 0xCE, 0xF7, 0xCD, 0xD7, 0xC5, 0xF7, 0xC5, 0xF7, 0xC5, 0xF7, 0xC5, 
	0x17, 0xCE, 0x17, 0xCE, 0xF7, 0xC5, 0xFF, 0xFF, 0x03, 0x00, 0x17, 0xCE, 0x18, 0xCE, 0xFF, 0xFF, 
	0x06, 0x00, 0x38, 0xCE, 0x58, 0xD6, 0x38, 0xCE, 0x58, 0xD6, 0x39, 0xD6, 0x38, 0xD6, 0x38, 0xD6, 
	0x38, 0xCE, 0x59, 0xD6, 0x59, 0xD6, 0x59, 0xD6, 0xFF, 0xFF, 0x05, 0x00, 0x79, 0xD6, 0xFF, 0xFF, 
	0x03, 0x00, 0x99, 0xD6, 0x9A, 0xD6, 0x9A, 0xD6, 0xFF, 0xFF, 0x08, 0x00, 0x9A, 0xDE, 0x9A, 0xD6, 
	0x9A, 0xD6, 0xFF, 0xFF, 0x07, 0x00, 0xBA, 0xDE, 0xDB, 0xDE, 0xBA, 0xDE, 0x9A, 0xDE, 0xFF, 0xFF, 
	0x09, 0x00, 0xBA, 0xDE, 0xDB, 0xDE, 0xFF, 0xFF, 0x06, 0x00, 0xDB, 0xE6, 0xDB, 0xDE, 0xDB, 0xDE, 
	0xDB, 0xE6, 0xDB, 0xDE, 0xDB, 0xE6, 0xDB, 0xE6, 0xDB, 0xDE, 0xDB, 0xDE, 0xDB, 0xE6, 0xDB, 0xE6, 
	0xDB, 0xE6, 0xDB, 0xDE, 0xDB, 0xDE, 0xDB, 0xDE, 0xDB, 0xE6, 0xDB, 0xDE, 0xBA, 0xDE, 0xDB, 0xDE, 
	0xDB, 0xE6, 0xFF, 0xFF, 0x03, 0x00, 0xBA, 0xDE, 0x9A, 0xDE, 0xFF, 0xFF, 0x07, 0x00, 0xBA, 0xDE, 
	0xBB, 0xDE, 0xBA, 0xDE, 0xBA, 0xDE, 0x9A, 0xDE, 0x9A, 0xDE, 0x9A, 0xDE, 0x9A, 0xD6, 0x9A, 0xD6, 
	0x99, 0xD6, 0x9A, 0xDE, 0xBA, 0xDE, 0xBA, 0xDE, 0xBA, 0xDE, 0x99, 0xD6, 0x99, 0xD6, 0x9A, 0xD6, 
	0x99, 0xD6, 0x99, 0xD6, 0x99, 0xD6, 0xFF, 0xFF, 0x08, 0x00, 0x79, 0xD6, 0x59, 0xD6, 0x58, 0xD6, 
	0x58, 0xD6, 0x59, 0xD6, 0x58, 0xD6, 0xFF, 0xFF, 0x09, 0x00, 0x38, 0xCE, 0xFF, 0xFF, 0x04, 0x00, 
	0x18, 0xCE, 0x17, 0xCE, 0xF7, 0xC5, 0xF7, 0xC5, 0xF7, 0xCD, 0xD6, 0xC5, 0xF7, 0xC5, 0xFF, 0xFF, 
	0x1C, 0x00, 0xDB, 0xDE, 0x96, 0xB5, 0x75, 0xB5, 0x38, 0xCE, 0x17, 0xCE, 0xF7, 0xC5, 0xF7, 0xC5, 
	0xFF, 0xFF, 0x04, 0x00, 0x17, 0xCE, 0xFF, 0xFF, 0x08, 0x00, 0x38, 0xCE, 0x38, 0xD6, 0x59, 0xD6, 
	0x58, 0xD6, 0x59, 0xD6, 0x59, 0xD6, 0x59, 0xD6, 0xFF, 0xFF, 0x03, 0x00, 0x79, 0xD6, 0x99, 0xD6, 
	0xFF, 0xFF, 0x03, 0x00, 0x79, 0xD6, 0x9A, 0xD6, 0xFF, 0xFF, 0x05, 0x00, 0x9A, 0xDE, 0x9A, 0xD6, 
	0x9A, 0xDE, 0x9A, 0xDE, 0xFF, 0xFF, 0x05, 0x00, 0xBA, 0xDE, 0xFF, 0xFF, 0x03, 0x00, 0xDB, 0xDE, 
	0xDB, 0xE6, 0xFF, 0xFF, 0x05, 0x00, 0xFB, 0xE6, 0xDB, 0xE6, 0xFF, 0xFF, 0x05, 0x00, 0xFB, 0xE6, 
	0x1C, 0xE7, 0xFB, 0xE6, 0xFF, 0xFF, 0x08, 0x00, 0x1C, 0xE7, 0xFF, 0xFF, 0x05, 0x00, 0xFB, 0xE6, 
	0xFF, 0xFF, 0x0C, 0x00, 0x1C, 0xE7, 0xFF, 0xFF, 0x06, 0x00, 0xFB, 0xE6, 0x1C, 0xE7, 0x1C, 0xE7, 
	0xFB, 0xE6, 0xFF, 0xFF, 0x09, 0x00, 0x1C, 0xE7, 0xFF, 0xFF, 0x05, 0x00, 0xFB, 0xE6, 0xDB, 0xE6, 
	0xDB, 0xE6, 0xFB, 0xE6, 0xFB, 0xE6, 0xDB, 0xE6, 0xFB, 0xE6, 0xFB, 0xE6, 0xFF, 0xFF, 0x03, 0x00, 
	0xDB, 0xE6, 0xDB, 0xDE, 0xFF, 0xFF, 0x09, 0x00, 0xBA, 0xDE, 0x9A, 0xDE, 0x9A, 0xD6, 0x9A, 0xDE, 
	0x9A, 0xDE, 0x9A, 0xDE, 0x9A, 0xD6, 0x9A, 0xD6, 0x9A, 0xD6, 0xFF, 0xFF, 0x09, 0x00, 0x79, 0xD6, 
	0x58, 0xD6, 0x58, 0xD6, 0x38, 0xD6, 0x38, 0xD6, 0x38, 0xCE, 0x38, 0xCE, 0xBB, 0xD6, 0xFF, 0xFF, 
	0x37, 0x00, 0xDB, 0xDE, 0x79, 0xCE, 0xB6, 0xBD, 0x38, 0xCE, 0x18, 0xCE, 0xFF, 0xFF, 0x05, 0x00, 
	0xF7, 0xC5, 0xFF, 0xFF, 0x04, 0x00, 0x17, 0xCE, 0xFF, 0xFF, 0x03, 0x00, 0x18, 0xCE, 0x38, 0xCE, 
	0x38, 0xD6, 0x38, 0xD6, 0x38, 0xCE, 0x18, 0xCE, 0x18, 0xCE, 0x38, 0xCE, 0x38, 0xD6, 0x39, 0xD6, 
	0x39, 0xD6, 0x38, 0xD6, 0x38, 0xCE, 0x58, 0xCE, 0x59, 0xD6, 0x79, 0xD6, 0x79, 0xD6, 0x59, 0xD6, 
	0x59, 0xD6, 0xFF, 0xFF, 0x06, 0x00, 0x79, 0xD6, 0x79, 0xDE, 0x79, 0xD6, 0x79, 0xD6, 0x79, 0xD6, 
	0x99, 0xDE, 0xFF, 0xFF, 0x07, 0x00, 0x9A, 0xD6, 0xFF, 0xFF, 0x0A, 0x00, 0x9A, 0xDE, 0xFF, 0xFF, 
	0x04, 0x00, 0xBA, 0xDE, 0xDA, 0xDE, 0xDA, 0xDE, 0xFF, 0xFF, 0x03, 0x00, 0xBA, 0xDE, 0x9A, 0xDE, 
	0xBA, 0xDE, 0xBA, 0xDE, 0x9A, 0xDE, 0xFF, 0xFF, 0x0A, 0x00, 0xBA, 0xDE, 0x9A, 0xDE, 0x9A, 0xD6, 
	0xBA, 0xDE, 0xBA, 0xDE, 0xBA, 0xDE, 0x9A, 0xDE, 0xBA, 0xDE, 0xBA, 0xDE, 0x9A, 0xDE, 0xFF, 0xFF, 
	0x06, 0x00, 0xBA, 0xDE, 0x9A, 0xDE, 0xBA, 0xDE, 0xBA, 0xDE, 0x9A, 0xDE, 0xBA, 0xDE, 0xBA, 0xDE, 
	0xBA, 0xDE, 0xBB, 0xDE, 0xBB, 0xDE, 0xBA, 0xDE, 0xBA, 0xDE, 0xBA, 0xDE, 0x9A, 0xD6, 0x9A, 0xD6, 
	0x7A, 0xD6, 0x79, 0xCE, 0x59, 0xCE, 0x79, 0xCE, 0x7A, 0xCE, 0x79, 0xCE, 0x59, 0xCE, 0x59, 0xCE, 
	0x59, 0xCE, 0x7A, 0xCE, 0xBB, 0xD6, 0xFF, 0xFF, 0x4C, 0x00, 0xDB, 0xDE, 0xF8, 0xBD, 0xB6, 0xBD, 
	0x58, 0xD6, 0xF7, 0xCD, 0xD7, 0xC5, 0xFF, 0xFF, 0x05, 0x00, 0xF7, 0xC5, 0x17, 0xCE, 0xF8, 0xCD, 
	0x17, 0xCE, 0x18, 0xCE, 0x18, 0xCE, 0x18, 0xCE, 0x17, 0xCE, 0xFF, 0xFF, 0x07, 0x00, 0x38, 0xCE, 
	0x38, 0xD6, 0x38, 0xCE, 0x38, 0xCE, 0x38, 0xD6, 0x39, 0xD6, 0x58, 0xD6, 0x59, 0xD6, 0x59, 0xD6, 
	0xFF, 0xFF, 0x06, 0x00, 0x79, 0xD6, 0x99, 0xDE, 0x79, 0xD6, 0x79, 0xD6, 0xFF, 0xFF, 0x05, 0x00, 
	0x9A, 0xDE, 0x9A, 0xD6, 0x9A, 0xD6, 0x9A, 0xDE, 0x9A, 0xDE, 0x9A, 0xDE, 0x9A, 0xD6, 0x9A, 0xDE, 
	0x9A, 0xDE, 0xFF, 0xFF, 0x13, 0x00, 0xBA, 0xDE, 0xFF, 0xFF, 0x0E, 0x00, 0xDB, 0xDE, 0xDA, 0xDE, 
	0xDB, 0xDE, 0xFF, 0xFF, 0x03, 0x00, 0xBA, 0xDE, 0xDB, 0xDE, 0xDA, 0xDE, 0xBA, 0xDE, 0xBA, 0xDE, 
	0xBA, 0xDE, 0x9A, 0xDE, 0x9A, 0xDE, 0xBA, 0xDE, 0xBA, 0xDE, 0xBA, 0xDE, 0xDB, 0xDE, 0xDB, 0xDE, 
	0xFF, 0xFF, 0x06, 0x00, 0xBA, 0xDE, 0x9A, 0xDE, 0xBA, 0xDE, 0xBA, 0xDE, 0xFF, 0xFF, 0x03, 0x00, 
	0x99, 0xD6, 0x9A, 0xD6, 0x9A, 0xDE, 0x9A, 0xDE, 0xBA, 0xDE, 0x9A, 0xDE, 0x9A, 0xDE, 0xFF, 0xFF, 
	0x05, 0x00, 0x99, 0xD6, 0xFF, 0xFF, 0x04, 0x00, 0x79, 0xD6, 0x59, 0xD6, 0x59, 0xD6, 0x59, 0xD6, 
	0xFF, 0xFF, 0x04, 0x00, 0x58, 0xD6, 0x38, 0xCE, 0x18, 0xCE, 0x18, 0xCE, 0xFF, 0xFF, 0x06, 0x00, 
	0x38, 0xCE, 0x18, 0xCE, 0xFF, 0xFF, 0x04, 0x00, 0x17, 0xCE, 0xF7, 0xC5, 0xF7, 0xC5, 0xF7, 0xC5, 
	0xD6, 0xC5, 0xF7, 0xC5, 0xDB, 0xD6, 0xFF, 0xFF, 0x1B, 0x00, 0xDB, 0xDE, 0xF7, 0xBD, 0x75, 0xB5, 
	0x38, 0xCE, 0x17, 0xCE, 0xF7, 0xC5, 0xF7, 0xC5, 0xF7, 0xC5, 0xFF, 0xFF, 0x03, 0x00, 0x17, 0xCE, 
	0x18, 0xCE, 0xFF, 0xFF, 0x09, 0x00, 0x38, 0xCE, 0x38, 0xD6, 0x58, 0xD6, 0x58, 0xD6, 0x58, 0xD6, 
	0xFF, 0xFF, 0x03, 0x00, 0x79, 0xD6, 0x99, 0xD6, 0xFF, 0xFF, 0x03, 0x00, 0x79, 0xD6, 0x9A, 0xD6, 
	0x9A, 0xD6, 0xFF, 0xFF, 0x04, 0x00, 0x9A, 0xDE, 0x9A, 0xD6, 0x9A, 0xDE, 0x9A, 0xDE, 0xFF, 0xFF, 
	0x08, 0x00, 0xBA, 0xDE, 0xDB, 0xDE, 0xDB, 0xDE, 0xDB, 0xE6, 0xDB, 0xE6, 0xDB, 0xE6, 0xFF, 0xFF, 
	0x0D, 0x00, 0xFB, 0xE6, 0xFF, 0xFF, 0x03, 0x00, 0x1C, 0xE7, 0x1C, 0xEF, 0x1C, 0xEF, 0x1C, 0xE7, 
	0x1C, 0xE7, 0xFF, 0xFF, 0x18, 0x00, 0xFB, 0xE6, 0x1C, 0xE7, 0x1C, 0xE7, 0xFB, 0xE6, 0x1C, 0xE7, 
	0x1C, 0xE7, 0x1C, 0xE7, 0x1C, 0xEF, 0x1C, 0xE7, 0x1C, 0xE7, 0xFF, 0xFF, 0x0C, 0x00, 0xFB, 0xE6, 
	0xDB, 0xE6, 0xDB, 0xE6, 0xDB, 0xE6, 0xFB, 0xE6, 0xDB, 0xE6, 0xDB, 0xE6, 0xDB, 0xDE, 0xDB, 0xDE, 
	0xFF, 0xFF, 0x08, 0x00, 0xBA, 0xDE, 0x9A, 0xDE, 0x9A, 0xDE, 0x9A, 0xDE, 0x9A, 0xD6, 0x9A, 0xD6, 
	0x9A, 0xDE, 0x9A, 0xDE, 0x9A, 0xDE, 0x9A, 0xD6, 0xFF, 0xFF, 0x08, 0x00, 0x79, 0xD6, 0x59, 0xD6, 
	0x59, 0xD6, 0x38, 0xD6, 0x38, 0xCE, 0x38, 0xCE, 0x38, 0xCE, 0x18, 0xCE, 0x38, 0xCE, 0xBB, 0xD6, 
	0xFF, 0xFF, 0x37, 0x00, 0xDB, 0xDE, 0xBB, 0xD6, 0xD7, 0xBD, 0x38, 0xCE, 0x38, 0xCE, 0xFF, 0xFF, 
	0x06, 0x00, 0xF7, 0xC5, 0xFF, 0xFF, 0x04, 0x00, 0x17, 0xCE, 0x18, 0xCE, 0x18, 0xCE, 0x18, 0xCE, 
	0x38, 0xCE, 0x38, 0xD6, 0x38, 0xD6, 0x38, 0xCE, 0x38, 0xCE, 0x18, 0xCE, 0xFF, 0xFF, 0x05, 0x00, 
	0x38, 0xCE, 0x58, 0xCE, 0x58, 0xCE, 0x58, 0xD6, 0x79, 0xD6, 0x58, 0xD6, 0x58, 0xD6, 0x59, 0xD6, 
	0x59, 0xD6, 0xFF, 0xFF, 0x09, 0x00, 0x79, 0xD6, 0xFF, 0xFF, 0x06, 0x00, 0x9A, 0xD6, 0x9A, 0xDE, 
	0x9A, 0xD6, 0x9A, 0xD6, 0xFF, 0xFF, 0x07, 0x00, 0x9A, 0xDE, 0xFF, 0xFF, 0x03, 0x00, 0xBA, 0xDE, 
	0x99, 0xDE, 0x99, 0xDE, 0xBA, 0xDE, 0xBA, 0xDE, 0xBA, 0xDE, 0x9A, 0xDE, 0xBA, 0xDE, 0xFF, 0xFF, 
	0x07, 0x00, 0x9A, 0xDE, 0xBA, 0xDE, 0xBA, 0xDE, 0x9A, 0xDE, 0xBA, 0xDE, 0xBA, 0xDE, 0x9A, 0xDE, 
	0xBA, 0xDE, 0x9A, 0xDE, 0x9A, 0xD6, 0x9A, 0xD6, 0x9A, 0xDE, 0xBA, 0xDE, 0xFF, 0xFF, 0x03, 0x00, 
	0x9A, 0xDE, 0xFF, 0xFF, 0x07, 0x00, 0xBA, 0xDE, 0xBB, 0xDE, 0xDB, 0xDE, 0xDB, 0xDE, 0xBA, 0xDE, 
	0xBA, 0xDE, 0x9A, 0xD6, 0x9A, 0xD6, 0x79, 0xD6, 0x79, 0xCE, 0x59, 0xCE, 0x79, 0xCE, 0xFF, 0xFF, 
	0x03, 0x00, 0x7A, 0xCE, 0x9A, 0xD6, 0x9A, 0xD6, 0xFF, 0xFF, 0x54, 0x00, 0xDB, 0xDE, 0x59, 0xCE, 
	0xD7, 0xBD, 0x59, 0xD6, 0xF7, 0xCD, 0xD7, 0xC5, 0xF7, 0xC5, 0xD7, 0xC5, 0xFF, 0xFF, 0x05, 0x00, 
	0xF7, 0xC5, 0x17, 0xCE, 0x38, 0xCE, 0x17, 0xCE, 0x17, 0xCE, 0x17, 0xCE, 0x18, 0xCE, 0xFF, 0xFF, 
	0x07, 0x00, 0x38, 0xCE, 0x38, 0xD6, 0x39, 0xD6, 0x38, 0xD6, 0x38, 0xD6, 0x59, 0xD6, 0x59, 0xD6, 
	0x59, 0xD6, 0xFF, 0xFF, 0x08, 0x00, 0x79, 0xD6, 0x59, 0xD6, 0x79, 0xDE, 0x79, 0xD6, 0x7A, 0xDE, 
	0x79, 0xD6, 0x79, 0xD6, 0xFF, 0xFF, 0x04, 0x00, 0x9A, 0xD6, 0x9A, 0xDE, 0x9A, 0xD6, 0x9A, 0xD6, 
	0x9A, 0xDE, 0x9A, 0xDE, 0xBA, 0xDE, 0x9A, 0xDE, 0xBA, 0xDE, 0x9A, 0xDE, 0x9A, 0xDE, 0x9A, 0xDE, 
	0xFF, 0xFF, 0x1D, 0x00, 0xBA, 0xDE, 0x9A, 0xDE, 0xFF, 0xFF, 0x04, 0x00, 0xBA, 0xDE, 0x9A, 0xDE, 
	0x9A, 0xDE, 0xFF, 0xFF, 0x05, 0x00, 0xBA, 0xDE, 0xDA, 0xDE, 0xBA, 0xDE, 0xBA, 0xDE, 0xBA, 0xDE, 
	0xFF, 0xFF, 0x04, 0x00, 0x9A, 0xDE, 0x9A, 0xD6, 0x9A, 0xDE, 0x9A, 0xDE, 0x99, 0xD6, 0x99, 0xDE, 
	0xBA, 0xDE, 0xBA, 0xDE, 0xBA, 0xDE, 0x9A, 0xD6, 0x9A, 0xD6, 0x79, 0xD6, 0x79, 0xD6, 0x9A, 0xD6, 
	0x79, 0xD6, 0x79, 0xD6, 0x79, 0xD6, 0x99, 0xD6, 0x99, 0xD6, 0x79, 0xD6, 0x79, 0xD6, 0x79, 0xD6, 
	0x59, 0xD6, 0x79, 0xD6, 0xFF, 0xFF, 0x03, 0x00, 0x59, 0xD6, 0x58, 0xD6, 0x38, 0xD6, 0x38, 0xD6, 
	0x38, 0xD6, 0x38, 0xCE, 0x38, 0xCE, 0x38, 0xCE, 0x18, 0xCE, 0xFF, 0xFF, 0x06, 0x00, 0x38, 0xCE, 
	0x17, 0xCE, 0x17, 0xCE, 0x18, 0xCE, 0x17, 0xCE, 0x17, 0xCE, 0x17, 0xCE, 0xF7, 0xC5, 0xF7, 0xC5, 
	0xD7, 0xC5, 0xF7, 0xC5, 0xF7, 0xC5, 0xBB, 0xD6, 0xFF, 0xFF, 0x1B, 0x00, 0xDB, 0xDE, 0xF8, 0xBD, 
	0x75, 0xB5, 0x38, 0xCE, 0x17, 0xCE, 0xF7, 0xC5, 0xF7, 0xC5, 0xF7, 0xC5, 0x17, 0xCE, 0x17, 0xCE, 
	0x17, 0xCE, 0x18, 0xCE, 0x18, 0xCE, 0x18, 0xCE, 0xFF, 0xFF, 0x09, 0x00, 0x38, 0xCE, 0x58, 0xD6, 
	0x58, 0xD6, 0x59, 0xD6, 0x79, 0xD6, 0x59, 0xD6, 0x59, 0xD6, 0x79, 0xD6, 0x79, 0xD6, 0x79, 0xD6, 
	0x59, 0xD6, 0x59, 0xD6, 0x79, 0xD6, 0xFF, 0xFF, 0x03, 0x00, 0x9A, 0xD6, 0x9A, 0xDE, 0x9A, 0xDE, 
	0x9A, 0xDE, 0x9A, 0xD6, 0x9A, 0xD6, 0x9A, 0xDE, 0xFF, 0xFF, 0x09, 0x00, 0xBA, 0xDE, 0xDB, 0xDE, 
	0xDB, 0xDE, 0xDB, 0xDE, 0xDB, 0xE6, 0xFF, 0xFF, 0x04, 0x00, 0xFB, 0xE6, 0xDB, 0xE6, 0xFF, 0xFF, 
	0x06, 0x00, 0xFB, 0xE6, 0x1C, 0xE7, 0x1C, 0xE7, 0x1C, 0xE7, 0xFB, 0xE6, 0xFB, 0xE6, 0xFF, 0xFF, 
	0x05, 0x00, 0x1C, 0xE7, 0x1C, 0xEF, 0xFF, 0xFF, 0x03, 0x00, 0x1C, 0xE7, 0xFB, 0xE6, 0xFB, 0xE6, 
	0x1C, 0xE7, 0x1C, 0xE7, 0x1C, 0xE7, 0xFF, 0xFF, 0x07, 0x00, 0xFB, 0xE6, 0xFF, 0xFF, 0x04, 0x00, 
	0x1C, 0xE7, 0xFB, 0xE6, 0x1C, 0xE7, 0x1C, 0xE7, 0xFB, 0xE6, 0x1C, 0xE7, 0x1C, 0xE7, 0xFF, 0xFF, 
	0x07, 0x00, 0xFB, 0xE6, 0xDB, 0xE6, 0xDB, 0xE6, 0xFF, 0xFF, 0x05, 0x00, 0xFB, 0xE6, 0xDB, 0xE6, 
	0xFB, 0xE6, 0xDB, 0xE6, 0xDB, 0xE6, 0xDB, 0xDE, 0xFF, 0xFF, 0x0A, 0x00, 0xBA, 0xDE, 0xFF, 0xFF, 
	0x04, 0x00, 0x9A, 0xDE, 0x9A, 0xD6, 0x9A, 0xD6, 0x9A, 0xDE, 0x9A, 0xDE, 0x9A, 0xD6, 0x79, 0xD6, 
	0x79, 0xD6, 0x79, 0xD6, 0x99, 0xD6, 0xFF, 0xFF, 0x04, 0x00, 0x79, 0xD6, 0x59, 0xD6, 0x59, 0xD6, 
	0x38, 0xD6, 0x38, 0xCE, 0x38, 0xD6, 0x38, 0xCE, 0x17, 0xCE, 0x38, 0xCE, 0xBB, 0xD6, 0xFF, 0xFF, 
	0x38, 0x00, 0xDB, 0xDE, 0xF7, 0xBD, 0x18, 0xCE, 0x38, 0xCE, 0xFF, 0xFF, 0x06, 0x00, 0xF7, 0xC5, 
	0x17, 0xCE, 0x17, 0xCE, 0x17, 0xCE, 0xFF, 0xFF, 0x06, 0x00, 0x18, 0xCE, 0xFF, 0xFF, 0x05, 0x00, 
	0x38, 0xCE, 0x18, 0xCE, 0xFF, 0xFF, 0x03, 0x00, 0x38, 0xCE, 0x59, 0xCE, 0xFF, 0xFF, 0x05, 0x00, 
	0x58, 0xD6, 0x59, 0xD6, 0x59, 0xD6, 0xFF, 0xFF, 0x0A, 0x00, 0x79, 0xD6, 0xFF, 0xFF, 0x09, 0x00, 
	0x9A, 0xD6, 0x9A, 0xDE, 0xBA, 0xDE, 0xBA, 0xDE, 0xBA, 0xDE, 0x9A, 0xDE, 0x9A, 0xDE, 0x9A, 0xDE, 
	0xBA, 0xDE, 0x99, 0xDE, 0x99, 0xD6, 0x99, 0xDE, 0xB9, 0xDE, 0xBA, 0xDE, 0xFF, 0xFF, 0x07, 0x00, 
	0x9A, 0xDE, 0x9A, 0xD6, 0x9A, 0xD6, 0xFF, 0xFF, 0x03, 0x00, 0x9A, 0xDE, 0xFF, 0xFF, 0x04, 0x00, 
	0x9A, 0xD6, 0x9A, 0xDE, 0x9A, 0xDE, 0x9A, 0xDE, 0xBA, 0xDE, 0xDB, 0xDE, 0xBB, 0xDE, 0xDB, 0xDE, 
	0xDB, 0xDE, 0xDB, 0xDE, 0xDA, 0xDE, 0xBA, 0xDE, 0xBA, 0xDE, 0xBA, 0xDE, 0x9A, 0xDE, 0x9A, 0xD6, 
	0x7A, 0xD6, 0x7A, 0xD6, 0x79, 0xD6, 0x79, 0xD6, 0x7A, 0xCE, 0xFF, 0xFF, 0x03, 0x00, 0x9A, 0xD6, 
	0x9A, 0xCE, 0xBA, 0xD6, 0xDB, 0xD6, 0xFF, 0xFF, 0x5A, 0x00, 0xDB, 0xDE, 0xBB, 0xD6, 0xF7, 0xBD, 
	0x59, 0xD6, 0x18, 0xCE, 0xD7, 0xC5, 0xD7, 0xC5, 0xD7, 0xC5, 0xFF, 0xFF, 0x04, 0x00, 0xF7, 0xC5, 
	0x17, 0xCE, 0xFF, 0xFF, 0x03, 0x00, 0x18, 0xCE, 0x17, 0xCE, 0x17, 0xCE, 0x38, 0xCE, 0x58, 0xD6, 
	0xFF, 0xFF, 0x03, 0x00, 0x38, 0xCE, 0x18, 0xCE, 0x38, 0xCE, 0x38, 0xCE, 0x38, 0xCE, 0x38, 0xD6, 
	0x39, 0xD6, 0x58, 0xD6, 0x59, 0xD6, 0x59, 0xD6, 0xFF, 0xFF, 0x0B, 0x00, 0x79, 0xD6, 0x99, 0xDE, 
	0x79, 0xD6, 0x99, 0xD6, 0x9A, 0xD6, 0x9A, 0xD6, 0x9A, 0xDE, 0x9A, 0xDE, 0x9A, 0xD6, 0x9A, 0xD6, 
	0x9A, 0xDE, 0x9A, 0xD6, 0x9A, 0xDE, 0x9A, 0xD6, 0x9A, 0xDE, 0x9A, 0xDE, 0xBA, 0xDE, 0xBA, 0xDE, 
	0xFF, 0xFF, 0x03, 0x00, 0x9A, 0xDE, 0xFF, 0xFF, 0x1F, 0x00, 0xBA, 0xDE, 0xBA, 0xE6, 0xBA, 0xE6, 
	0xFF, 0xFF, 0x03, 0x00, 0xBA, 0xDE, 0xDA, 0xDE, 0xFF, 0xFF, 0x03, 0x00, 0xBA, 0xDE, 0x9A, 0xDE, 
	0x9A, 0xDE, 0xBA, 0xDE, 0x9A, 0xDE, 0x9A, 0xD6, 0x9A, 0xD6, 0x9A, 0xDE, 0x9A, 0xD6, 0x9A, 0xDE, 
	0x9A, 0xDE, 0x9A, 0xDE, 0xBA, 0xDE, 0xBA, 0xDE, 0xBA, 0xDE, 0x9A, 0xDE, 0x9A, 0xDE, 0x9A, 0xDE, 
	0x9A, 0xD6, 0x7A, 0xD6, 0x9A, 0xD6, 0x9A, 0xD6, 0x79, 0xD6, 0xFF, 0xFF, 0x04, 0x00, 0x99, 0xD6, 
	0x79, 0xD6, 0x79, 0xD6, 0x79, 0xD6, 0x59, 0xD6, 0x58, 0xD6, 0x59, 0xD6, 0x59, 0xD6, 0x59, 0xD6, 
	0x58, 0xD6, 0x58, 0xD6, 0xFF, 0xFF, 0x03, 0x00, 0x38, 0xCE, 0x18, 0xCE, 0x38, 0xCE, 0x38, 0xCE, 
	0x58, 0xCE, 0xFF, 0xFF, 0x03, 0x00, 0x38, 0xCE, 0xFF, 0xFF, 0x03, 0x00, 0x18, 0xCE, 0x17, 0xCE, 
	0x17, 0xCE, 0xFF, 0xFF, 0x03, 0x00, 0xF7, 0xC5, 0xD7, 0xC5, 0xF7, 0xC5, 0xBB, 0xD6, 0xFF, 0xFF, 
	0x1B, 0x00, 0xDB, 0xDE, 0xF8, 0xBD, 0x75, 0xB5, 0x38, 0xD6, 0xF7, 0xCD, 0xF7, 0xC5, 0xF7, 0xC5, 
	0xF7, 0xCD, 0xF7, 0xC5, 0x17, 0xCE, 0x17, 0xCE, 0xFF, 0xFF, 0x04, 0x00, 0x18, 0xCE, 0xFF, 0xFF, 
	0x08, 0x00, 0x38, 0xCE, 0x58, 0xD6, 0x59, 0xD6, 0x59, 0xD6, 0x59, 0xD6, 0xFF, 0xFF, 0x07, 0x00, 
	0x79, 0xD6, 0x9A, 0xD6, 0x9A, 0xD6, 0x9A, 0xD6, 0xFF, 0xFF, 0x05, 0x00, 0x9A, 0xDE, 0xBA, 0xDE, 
	0x9A, 0xDE, 0x9A, 0xDE, 0xFF, 0xFF, 0x09, 0x00, 0xBA, 0xDE, 0xDB, 0xDE, 0xDB, 0xE6, 0xFF, 0xFF, 
	0x03, 0x00, 0xFB, 0xE6, 0xDB, 0xE6, 0xFB, 0xE6, 0xFB, 0xE6, 0xDB, 0xE6, 0xDB, 0xE6, 0xFF, 0xFF, 
	0x0A, 0x00, 0xFB, 0xE6, 0x1C, 0xE7, 0x1C, 0xE7, 0x1C, 0xE7, 0x1C, 0xEF, 0x1C, 0xE7, 0x1C, 0xE7, 
	0x1C, 0xEF, 0x1C, 0xEF, 0x1C, 0xEF, 0xFF, 0xFF, 0x10, 0x00, 0x1C, 0xE7, 0xFF, 0xFF, 0x06, 0x00, 
	0xFB, 0xE6, 0xDB, 0xE6, 0xFF, 0xFF, 0x05, 0x00, 0xFB, 0xE6, 0xDB, 0xE6, 0xFF, 0xFF, 0x05, 0x00, 
	0xFB, 0xE6, 0xFF, 0xFF, 0x04, 0x00, 0xDB, 0xE6, 0xDB, 0xDE, 0xFF, 0xFF, 0x08, 0x00, 0xBA, 0xDE, 
	0xFF, 0xFF, 0x06, 0x00, 0x9A, 0xDE, 0x9A, 0xD6, 0x9A, 0xD6, 0x9A, 0xD6, 0x9A, 0xDE, 0x9A, 0xD6, 
	0xFF, 0xFF, 0x06, 0x00, 0x79, 0xD6, 0xFF, 0xFF, 0x03, 0x00, 0x59, 0xD6, 0x39, 0xD6, 0x39, 0xCE, 
	0x38, 0xD6, 0x38, 0xCE, 0x17, 0xCE, 0x38, 0xCE, 0xBB, 0xDE, 0xFF, 0xFF, 0x38, 0x00, 0xDB, 0xDE, 
	0x18, 0xC6, 0x18, 0xCE, 0x58, 0xCE, 0xF7, 0xC5, 0xF7, 0xC5, 0xD7, 0xC5, 0xD7, 0xC5, 0xFF, 0xFF, 
	0x03, 0x00, 0xF7, 0xC5, 0x17, 0xCE, 0xF7, 0xCD, 0x17, 0xCE, 0xFF, 0xFF, 0x04, 0x00, 0x18, 0xCE, 
	0xFF, 0xFF, 0x06, 0x00, 0x38, 0xCE, 0x18, 0xCE, 0xFF, 0xFF, 0x04, 0x00, 0x38, 0xCE, 0x58, 0xCE, 
	0x58, 0xD6, 0x59, 0xD6, 0xFF, 0xFF, 0x03, 0x00, 0x58, 0xD6, 0x59, 0xD6, 0x59, 0xD6, 0xFF, 0xFF, 
	0x04, 0x00, 0x79, 0xD6, 0x79, 0xDE, 0x79, 0xDE, 0xFF, 0xFF, 0x06, 0x00, 0x79, 0xD6, 0x9A, 0xD6, 
	0x9A, 0xDE, 0x9A, 0xDE, 0x9A, 0xDE, 0x9A, 0xD6, 0x9A, 0xD6, 0x9A, 0xD6, 0x9A, 0xDE, 0xBA, 0xDE, 
	0x9A, 0xD6, 0x9A, 0xD6, 0xFF, 0xFF, 0x03, 0x00, 0xBA, 0xDE, 0x9A, 0xD6, 0x99, 0xD6, 0x9A, 0xD6, 
	0x9A, 0xD6, 0xFF, 0xFF, 0x05, 0x00, 0x9A, 0xDE, 0x99, 0xDE, 0x99, 0xDE, 0x79, 0xDE, 0x79, 0xDE, 
	0x99, 0xDE, 0x9A, 0xDE, 0x9A, 0xDE, 0x9A, 0xDE, 0xBA, 0xDE, 0xBB, 0xDE, 0xBB, 0xDE, 0xBB, 0xDE, 
	0xFF, 0xFF, 0x05, 0x00, 0xDB, 0xDE, 0xBA, 0xDE, 0xBA, 0xD6, 0x9A, 0xD6, 0x9A, 0xD6, 0x9A, 0xD6, 
	0x79, 0xD6, 0x79, 0xD6, 0x79, 0xCE, 0x79, 0xCE, 0x7A, 0xD6, 0xFF, 0xFF, 0x03, 0x00, 0x9A, 0xD6, 
	0xBB, 0xD6, 0xFF, 0xFF, 0x62, 0x00, 0xDB, 0xDE, 0x18, 0xC6, 0x59, 0xD6, 0x38, 0xD6, 0xF7, 0xC5, 
	0xD7, 0xC5, 0xFF, 0xFF, 0x05, 0x00, 0xF7, 0xC5, 0x17, 0xCE, 0x17, 0xCE, 0xF7, 0xC5, 0x17, 0xCE, 
	0xFF, 0xFF, 0x10, 0x00, 0x38, 0xCE, 0x58, 0xD6, 0x58, 0xD6, 0x58, 0xD6, 0xFF, 0xFF, 0x0A, 0x00, 
	0x79, 0xD6, 0x99, 0xD6, 0x99, 0xD6, 0x99, 0xD6, 0x79, 0xD6, 0x9A, 0xD6, 0x9A, 0xDE, 0x9A, 0xD6, 
	0x9A, 0xD6, 0xBA, 0xDE, 0xBA, 0xDE, 0x9A, 0xDE, 0x9A, 0xDE, 0x9A, 0xDE, 0xFF, 0xFF, 0x18, 0x00, 
	0xBA, 0xDE, 0xFF, 0xFF, 0x03, 0x00, 0xBA, 0xE6, 0xDA, 0xE6, 0xFF, 0xFF, 0x03, 0x00, 0xBA, 0xE6, 
	0xDA, 0xE6, 0xDA, 0xE6, 0xBA, 0xE6, 0xBA, 0xE6, 0xFF, 0xFF, 0x09, 0x00, 0xBA, 0xDE, 0x9A, 0xDE, 
	0xBA, 0xDE, 0x9A, 0xD6, 0xBA, 0xDE, 0xBA, 0xDE, 0xBA, 0xDE, 0x9A, 0xD6, 0x99, 0xD6, 0x9A, 0xD6, 
	0x99, 0xD6, 0x9A, 0xDE, 0x9A, 0xD6, 0xBA, 0xDE, 0xBA, 0xDE, 0xBA, 0xDE, 0x9A, 0xD6, 0x9A, 0xDE, 
	0xFF, 0xFF, 0x03, 0x00, 0x7A, 0xDE, 0x79, 0xD6, 0x79, 0xD6, 0xFF, 0xFF, 0x04, 0x00, 0x99, 0xD6, 
	0x79, 0xCE, 0xFF, 0xFF, 0x03, 0x00, 0x79, 0xD6, 0x58, 0xCE, 0x58, 0xCE, 0x58, 0xCE, 0x58, 0xD6, 
	0xFF, 0xFF, 0x06, 0x00, 0x38, 0xCE, 0x58, 0xCE, 0x58, 0xCE, 0x38, 0xCE, 0x38, 0xCE, 0x17, 0xCE, 
	0x17, 0xCE, 0x17, 0xCE, 0x18, 0xCE, 0x18, 0xCE, 0x18, 0xCE, 0x17, 0xCE, 0xF7, 0xC5, 0xF7, 0xC5, 
	0xF7, 0xC5, 0x17, 0xC6, 0xF7, 0xCD, 0xF7, 0xCD, 0xF7, 0xC5, 0xF7, 0xC5, 0xBB, 0xD6, 0xFF, 0xFF, 
	0x1B, 0x00, 0xDB, 0xDE, 0xF8, 0xC5, 0x95, 0xB5, 0x58, 0xD6, 0xF7, 0xCD, 0xD7, 0xC5, 0xF7, 0xC5, 
	0xF7, 0xC5, 0xF7, 0xCD, 0x17, 0xCE, 0x17, 0xCE, 0x17, 0xCE, 0x18, 0xCE, 0x18, 0xCE, 0x17, 0xCE, 
	0x17, 0xCE, 0x18, 0xCE, 0xFF, 0xFF, 0x08, 0x00, 0x38, 0xCE, 0x58, 0xD6, 0x58, 0xD6, 0x58, 0xD6, 
	0x79, 0xD6, 0x59, 0xD6, 0xFF, 0xFF, 0x04, 0x00, 0x79, 0xD6, 0x99, 0xD6, 0x99, 0xD6, 0x9A, 0xD6, 
	0x99, 0xD6, 0x9A, 0xD6, 0x9A, 0xD6, 0xFF, 0xFF, 0x03, 0x00, 0x9A, 0xDE, 0x9A, 0xD6, 0x9A, 0xD6, 
	0x9A, 0xD6, 0x9A, 0xDE, 0xFF, 0xFF, 0x0A, 0x00, 0xBA, 0xDE, 0xDB, 0xDE, 0xDB, 0xE6, 0xDB, 0xE6, 
	0xDB, 0xE6, 0xFF, 0xFF, 0x03, 0x00, 0xFB, 0xE6, 0xDB, 0xE6, 0xDB, 0xE6, 0xFB, 0xE6, 0xDB, 0xE6, 
	0xFB, 0xE6, 0xFB, 0xE6, 0xFB, 0xE6, 0xDB, 0xE6, 0xFF, 0xFF, 0x0A, 0x00, 0xFB, 0xE6, 0x1C, 0xE7, 
	0xFF, 0xFF, 0x03, 0x00, 0xFB, 0xE6, 0x1C, 0xE7, 0xFB, 0xE6, 0xFB, 0xE6, 0x1C, 0xE7, 0xFB, 0xE6, 
	0xFB, 0xE6, 0x1C, 0xE7, 0x1C, 0xE7, 0xFB, 0xE6, 0xFB, 0xE6, 0xFF, 0xFF, 0x03, 0x00, 0x1C, 0xE7, 
	0xFF, 0xFF, 0x08, 0x00, 0xFB, 0xE6, 0xDB, 0xE6, 0xFB, 0xE6, 0xDB, 0xE6, 0xDB, 0xE6, 0xDB, 0xE6, 
	0xFF, 0xFF, 0x03, 0x00, 0xFB, 0xE6, 0xDB, 0xE6, 0xFF, 0xFF, 0x07, 0x00, 0xDB, 0xDE, 0xFF, 0xFF, 
	0x08, 0x00, 0xBA, 0xDE, 0xFF, 0xFF, 0x03, 0x00, 0x9A, 0xDE, 0x9A, 0xD6, 0x9A, 0xDE, 0x9A, 0xD6, 
	0x9A, 0xDE, 0x9A, 0xD6, 0x79, 0xD6, 0x99, 0xD6, 0x79, 0xD6, 0x79, 0xD6, 0x99, 0xD6, 0x99, 0xD6, 
	0x79, 0xD6, 0x79, 0xD6, 0x79, 0xD6, 0x59, 0xD6, 0x58, 0xD6, 0x58, 0xD6, 0x39, 0xD6, 0x59, 0xD6, 
	0x39, 0xD6, 0x38, 0xCE, 0x38, 0xCE, 0x18, 0xCE, 0x17, 0xCE, 0x58, 0xCE, 0xFF, 0xFF, 0x39, 0x00, 
	0xDB, 0xDE, 0x18, 0xC6, 0x18, 0xC6, 0x59, 0xD6, 0xF7, 0xC5, 0xD7, 0xC5, 0xD6, 0xC5, 0xB6, 0xC5, 
	0xD7, 0xC5, 0xD7, 0xC5, 0xF7, 0xC5, 0xF7, 0xC5, 0xF7, 0xCD, 0xF7, 0xC5, 0xF7, 0xCD, 0xF7, 0xCD, 
	0x17, 0xCE, 0x17, 0xCE, 0x17, 0xCE, 0x18, 0xCE, 0x38, 0xCE, 0x18, 0xCE, 0xFF, 0xFF, 0x09, 0x00, 
	0x38, 0xCE, 0x18, 0xCE, 0x38, 0xCE, 0x38, 0xCE, 0x59, 0xD6, 0x58, 0xD6, 0x38, 0xCE, 0x58, 0xD6, 
	0x58, 0xD6, 0x59, 0xD6, 0x59, 0xD6, 0x59, 0xD6, 0xFF, 0xFF, 0x05, 0x00, 0x79, 0xD6, 0x79, 0xDE, 
	0xFF, 0xFF, 0x06, 0x00, 0x79, 0xD6, 0x99, 0xD6, 0x9A, 0xDE, 0x9A, 0xDE, 0x9A, 0xDE, 0x99, 0xDE, 
	0x79, 0xD6, 0x79, 0xD6, 0x9A, 0xD6, 0x9A, 0xDE, 0x9A, 0xD6, 0xBA, 0xDE, 0xBA, 0xDE, 0x9A, 0xD6, 
	0x9A, 0xD6, 0x9A, 0xD6, 0x9A, 0xDE, 0x9A, 0xD6, 0x9A, 0xD6, 0x9A, 0xDE, 0xFF, 0xFF, 0x09, 0x00, 
	0xBA, 0xDE, 0xFF, 0xFF, 0x03, 0x00, 0xBB, 0xDE, 0xDB, 0xDE, 0xDB, 0xDE, 0xBB, 0xDE, 0xBB, 0xDE, 
	0xBA, 0xD6, 0xBA, 0xD6, 0xBA, 0xD6, 0x9A, 0xD6, 0x9A, 0xD6, 0x9A, 0xD6, 0xBA, 0xD6, 0xFF, 0xFF, 
	0x03, 0x00, 0x9A, 0xD6, 0xBA, 0xD6, 0xBB, 0xD6, 0xBB, 0xD6, 0xFF, 0xFF, 0x68, 0x00, 0xDB, 0xDE, 
	0x18, 0xC6, 0x38, 0xCE, 0x38, 0xD6, 0xD7, 0xC5, 0xD7, 0xC5, 0xFF, 0xFF, 0x08, 0x00, 0xF7, 0xC5, 
	0x17, 0xCE, 0x18, 0xCE, 0x18, 0xCE, 0x18, 0xCE, 0xFF, 0xFF, 0x10, 0x00, 0x38, 0xCE, 0x58, 0xD6, 
	0x58, 0xD6, 0xFF, 0xFF, 0x08, 0x00, 0x79, 0xD6, 0xFF, 0xFF, 0x03, 0x00, 0x99, 0xD6, 0xFF, 0xFF, 
	0x03, 0x00, 0x9A, 0xD6, 0x9A, 0xDE, 0xBA, 0xDE, 0x9A, 0xD6, 0x9A, 0xDE, 0x9A, 0xD6, 0x9A, 0xDE, 
	0x9A, 0xDE, 0x9A, 0xDE, 0xBA, 0xDE, 0xFF, 0xFF, 0x03, 0x00, 0x9A, 0xDE, 0xBA, 0xDE, 0x9A, 0xDE, 
	0xFF, 0xFF, 0x0E, 0x00, 0xBA, 0xDE, 0xFF, 0xFF, 0x04, 0x00, 0xDB, 0xDE, 0xFF, 0xFF, 0x09, 0x00, 
	0xBA, 0xDE, 0x9A, 0xDE, 0x9A, 0xDE, 0xFF, 0xFF, 0x03, 0x00, 0xBA, 0xDE, 0x9A, 0xDE, 0x9A, 0xDE, 
	0x9A, 0xDE, 0x9A, 0xD6, 0xFF, 0xFF, 0x05, 0x00, 0x9A, 0xDE, 0xBA, 0xDE, 0xBA, 0xDE, 0xB9, 0xD6, 
	0x9A, 0xD6, 0xBA, 0xDE, 0xBA, 0xDE, 0x9A, 0xDE, 0x99, 0xDE, 0x7A, 0xDE, 0x7A, 0xDE, 0x59, 0xD6, 
	0x59, 0xD6, 0x79, 0xD6, 0x59, 0xD6, 0x59, 0xD6, 0xFF, 0xFF, 0x07, 0x00, 0x79, 0xD6, 0x59, 0xD6, 
	0x59, 0xD6, 0x58, 0xD6, 0x38, 0xD6, 0x38, 0xD6, 0x38, 0xD6, 0x38, 0xCE, 0x18, 0xCE, 0x38, 0xCE, 
	0x38, 0xCE, 0x38, 0xD6, 0x38, 0xCE, 0x38, 0xCE, 0x38, 0xCE, 0x38, 0xD6, 0x38, 0xCE, 0x38, 0xCE, 
	0xFF, 0xFF, 0x03, 0x00, 0x18, 0xCE, 0x17, 0xCE, 0x17, 0xCE, 0x17, 0xCE, 0x18, 0xCE, 0x17, 0xCE, 
	0xF8, 0xCD, 0xF7, 0xC5, 0xD6, 0xC5, 0xF7, 0xC5, 0xF8, 0xC5, 0x38, 0xC6, 0xBB, 0xD6, 0xFF, 0xFF, 
	0x1B, 0x00, 0xDB, 0xDE, 0x18, 0xC6, 0xB6, 0xBD, 0x58, 0xD6, 0x17, 0xCE, 0xD7, 0xC5, 0xF7, 0xC5, 
	0xF7, 0xC5, 0xF7, 0xCD, 0x17, 0xCE, 0x18, 0xCE, 0x17, 0xCE, 0x18, 0xCE, 0x18, 0xCE, 0x17, 0xCE, 
	0x18, 0xCE, 0x18, 0xCE, 0xFF, 0xFF, 0x04, 0x00, 0x38, 0xCE, 0x18, 0xCE, 0x38, 0xCE, 0x38, 0xCE, 
	0x38, 0xCE, 0x58, 0xD6, 0x59, 0xD6, 0x58, 0xD6, 0x59, 0xD6, 0x58, 0xD6, 0x59, 0xD6, 0x59, 0xD6, 
	0xFF, 0xFF, 0x03, 0x00, 0x79, 0xD6, 0x99, 0xD6, 0x99, 0xD6, 0x99, 0xD6, 0x9A, 0xD6, 0x79, 0xD6, 
	0x9A, 0xD6, 0x9A, 0xDE, 0x9A, 0xDE, 0x9A, 0xDE, 0x9A, 0xD6, 0xFF, 0xFF, 0x03, 0x00, 0x9A, 0xDE, 
	0xFF, 0xFF, 0x0A, 0x00, 0xBA, 0xDE, 0xDB, 0xDE, 0xDB, 0xDE, 0xDB, 0xE6, 0xDB, 0xE6, 0xDB, 0xDE, 
	0xFF, 0xFF, 0x07, 0x00, 0xFB, 0xE6, 0xDB, 0xE6, 0xDB, 0xE6, 0xFF, 0xFF, 0x15, 0x00, 0xFB, 0xE6, 
	0xFF, 0xFF, 0x03, 0x00, 0x1C, 0xE7, 0xFF, 0xFF, 0x0C, 0x00, 0xFB, 0xE6, 0xDB, 0xE6, 0xDB, 0xE6, 
	0xFB, 0xE6, 0xFB, 0xE6, 0xDB, 0xE6, 0xDB, 0xE6, 0xFB, 0xE6, 0xFB, 0xE6, 0xFB, 0xE6, 0xDB, 0xE6, 
	0xDB, 0xE6, 0xDB, 0xDE, 0xFF, 0xFF, 0x0D, 0x00, 0xBA, 0xDE, 0xFF, 0xFF, 0x03, 0x00, 0x9A, 0xDE, 
	0x99, 0xD6, 0x9A, 0xDE, 0x9A, 0xDE, 0x99, 0xD6, 0x9A, 0xDE, 0x9A, 0xD6, 0x79, 0xD6, 0x79, 0xD6, 
	0x99, 0xD6, 0x99, 0xD6, 0x99, 0xD6, 0x79, 0xD6, 0x79, 0xD6, 0x79, 0xD6, 0x59, 0xD6, 0x59, 0xD6, 
	0x58, 0xD6, 0x58, 0xD6, 0x38, 0xD6, 0x39, 0xD6, 0x38, 0xD6, 0x38, 0xCE, 0x38, 0xCE, 0x18, 0xCE, 
	0xF7, 0xCD, 0x58, 0xCE, 0xFF, 0xFF, 0x39, 0x00, 0xDB, 0xDE, 0x59, 0xCE, 0x38, 0xC6, 0x59, 0xCE, 
	0x17, 0xCE, 0xF7, 0xC5, 0xD6, 0xC5, 0xD7, 0xC5, 0xD7, 0xC5, 0xD7, 0xC5, 0xFF, 0xFF, 0x06, 0x00, 
	0xF7, 0xC5, 0x17, 0xCE, 0x17, 0xCE, 0x18, 0xCE, 0xFF, 0xFF, 0x03, 0x00, 0x38, 0xCE, 0x18, 0xCE, 
	0xFF, 0xFF, 0x04, 0x00, 0x38, 0xCE, 0x18, 0xCE, 0x18, 0xCE, 0xF8, 0xCD, 0x18, 0xCE, 0x38, 0xCE, 
	0x58, 0xD6, 0x58, 0xD6, 0x38, 0xCE, 0x58, 0xD6, 0x59, 0xD6, 0x58, 0xD6, 0x58, 0xD6, 0x59, 0xD6, 
	0x79, 0xD6, 0x79, 0xD6, 0x99, 0xD6, 0x79, 0xD6, 0x79, 0xD6, 0x59, 0xD6, 0x79, 0xD6, 0x79, 0xD6, 
	0x79, 0xD6, 0xFF, 0xFF, 0x03, 0x00, 0x99, 0xD6, 0xFF, 0xFF, 0x03, 0x00, 0x79, 0xD6, 0x99, 0xDE, 
	0x79, 0xDE, 0x79, 0xDE, 0x79, 0xDE, 0x7A, 0xDE, 0x9A, 0xDE, 0x9A, 0xDE, 0x9A, 0xDE, 0x79, 0xD6, 
	0x9A, 0xD6, 0x9A, 0xD6, 0x9A, 0xDE, 0xFF, 0xFF, 0x03, 0x00, 0xBB, 0xDE, 0xFF, 0xFF, 0x08, 0x00, 
	0xBA, 0xDE, 0xBB, 0xDE, 0xBB, 0xDE, 0xBB, 0xDE, 0xFF, 0xFF, 0x03, 0x00, 0xBB, 0xD6, 0xBA, 0xD6, 
	0x9A, 0xD6, 0x9A, 0xD6, 0x9A, 0xD6, 0xBB, 0xD6, 0xBB, 0xD6, 0xBB, 0xD6, 0xFF, 0xFF, 0x71, 0x00, 
	0xDB, 0xDE, 0x18, 0xC6, 0x38, 0xCE, 0x18, 0xCE, 0xD7, 0xC5, 0xD7, 0xC5, 0xD7, 0xC5, 0xF7, 0xC5, 
	0xF7, 0xC5, 0xD7, 0xC5, 0xFF, 0xFF, 0x04, 0x00, 0xF7, 0xC5, 0xFF, 0xFF, 0x04, 0x00, 0x17, 0xCE, 
	0x18, 0xCE, 0x18, 0xCE, 0xFF, 0xFF, 0x06, 0x00, 0x38, 0xCE, 0x18, 0xCE, 0xFF, 0xFF, 0x03, 0x00, 
	0x38, 0xCE, 0x58, 0xD6, 0x38, 0xCE, 0x38, 0xCE, 0x58, 0xD6, 0x58, 0xD6, 0x59, 0xD6, 0xFF, 0xFF, 
	0x08, 0x00, 0x79, 0xD6, 0x99, 0xD6, 0x99, 0xD6, 0x9A, 0xD6, 0x79, 0xD6, 0x9A, 0xD6, 0x9A, 0xD6, 
	0x9A, 0xD6, 0x9A, 0xDE, 0x9A, 0xD6, 0x9A, 0xD6, 0x9A, 0xD6, 0x9A, 0xDE, 0x9A, 0xDE, 0x9A, 0xDE, 
	0x9A, 0xD6, 0x9A, 0xDE, 0x9A, 0xDE, 0x9A, 0xD6, 0x9A, 0xD6, 0x9A, 0xD6, 0xFF, 0xFF, 0x05, 0x00, 
	0x9A, 0xDE, 0x9A, 0xD6, 0xFF, 0xFF, 0x03, 0x00, 0x9A, 0xDE, 0xFF, 0xFF, 0x04, 0x00, 0xBA, 0xDE, 
	0xBA, 0xD6, 0xBB, 0xDE, 0xBB, 0xDE, 0xBB, 0xDE, 0xBA, 0xDE, 0xBA, 0xDE, 0xBA, 0xD6, 0xFF, 0xFF, 
	0x05, 0x00, 0xBA, 0xDE, 0xBB, 0xDE, 0xBB, 0xDE, 0xBB, 0xDE, 0xDB, 0xDE, 0xBA, 0xDE, 0x7A, 0xDE, 
	0xFF, 0xFF, 0x08, 0x00, 0x9A, 0xDE, 0x99, 0xDE, 0xFF, 0xFF, 0x04, 0x00, 0x9A, 0xDE, 0x99, 0xDE, 
	0x99, 0xDE, 0x99, 0xD6, 0x99, 0xD6, 0x99, 0xD6, 0x79, 0xD6, 0x79, 0xDE, 0x79, 0xD6, 0x79, 0xD6, 
	0x79, 0xD6, 0x59, 0xD6, 0x59, 0xD6, 0x59, 0xD6, 0x79, 0xDE, 0x79, 0xD6, 0x79, 0xDE, 0x79, 0xDE, 
	0x79, 0xD6, 0xFF, 0xFF, 0x07, 0x00, 0x59, 0xD6, 0x38, 0xD6, 0x38, 0xD6, 0x38, 0xD6, 0xFF, 0xFF, 
	0x08, 0x00, 0x58, 0xD6, 0x59, 0xD6, 0x59, 0xD6, 0x38, 0xCE, 0x18, 0xCE, 0x17, 0xCE, 0x17, 0xCE, 
	0x17, 0xCE, 0xF7, 0xCD, 0xF7, 0xC5, 0xF7, 0xC5, 0x18, 0xC6, 0x59, 0xCE, 0x7A, 0xCE, 0x9A, 0xD6, 
	0xFF, 0xFF, 0x1C, 0x00, 0xDB, 0xDE, 0x18, 0xC6, 0xB6, 0xBD, 0x58, 0xD6, 0xF7, 0xCD, 0xFF, 0xFF, 
	0x05, 0x00, 0xF7, 0xC5, 0xFF, 0xFF, 0x05, 0x00, 0x17, 0xCE, 0xFF, 0xFF, 0x04, 0x00, 0x38, 0xCE, 
	0x18, 0xCE, 0xFF, 0xFF, 0x03, 0x00, 0x38, 0xCE, 0xFF, 0xFF, 0x03, 0x00, 0x58, 0xD6, 0x59, 0xD6, 
	0x59, 0xD6, 0x59, 0xD6, 0xFF, 0xFF, 0x07, 0x00, 0x79, 0xD6, 0x9A, 0xD6, 0x9A, 0xD6, 0x9A, 0xDE, 
	0x9A, 0xD6, 0xFF, 0xFF, 0x05, 0x00, 0x9A, 0xDE, 0xFF, 0xFF, 0x0A, 0x00, 0xBA, 0xDE, 0xDB, 0xDE, 
	0xDB, 0xE6, 0xDB, 0xE6, 0xDB, 0xDE, 0xDB, 0xDE, 0xFB, 0xE6, 0xDB, 0xE6, 0xFB, 0xE6, 0xDB, 0xE6, 
	0xFB, 0xE6, 0xFB, 0xE6, 0xFB, 0xE6, 0xDB, 0xE6, 0xDB, 0xE6, 0xFF, 0xFF, 0x1B, 0x00, 0xFB, 0xE6, 
	0xDB, 0xE6, 0xFF, 0xFF, 0x04, 0x00, 0xFB, 0xE6, 0xDB, 0xE6, 0xDB, 0xE6, 0xFF, 0xFF, 0x08, 0x00, 
	0xFB, 0xE6, 0xFF, 0xFF, 0x04, 0x00, 0xDB, 0xE6, 0xFF, 0xFF, 0x0B, 0x00, 0xBA, 0xDE, 0x9A, 0xDE, 
	0x9A, 0xDE, 0xFF, 0xFF, 0x08, 0x00, 0x9A, 0xD6, 0x99, 0xD6, 0x99, 0xD6, 0x79, 0xD6, 0x79, 0xD6, 
	0x99, 0xD6, 0xFF, 0xFF, 0x04, 0x00, 0x79, 0xD6, 0x59, 0xD6, 0x58, 0xD6, 0x58, 0xD6, 0x38, 0xCE, 
	0x38, 0xCE, 0x38, 0xD6, 0x38, 0xCE, 0x38, 0xCE, 0x38, 0xCE, 0x18, 0xCE, 0x17, 0xCE, 0x59, 0xCE, 
	0xFF, 0xFF, 0x39, 0x00, 0xDB, 0xDE, 0xBB, 0xD6, 0x38, 0xC6, 0x38, 0xCE, 0x18, 0xCE, 0xFF, 0xFF, 
	0x03, 0x00, 0xD7, 0xC5, 0xFF, 0xFF, 0x06, 0x00, 0xF7, 0xC5, 0xF7, 0xCD, 0xF7, 0xC5, 0x17, 0xCE, 
	0x18, 0xCE, 0x17, 0xC6, 0x18, 0xCE, 0x18, 0xCE, 0x17, 0xCE, 0x18, 0xCE, 0x38, 0xCE, 0x38, 0xCE, 
	0x58, 0xD6, 0xFF, 0xFF, 0x04, 0x00, 0x38, 0xCE, 0x18, 0xCE, 0x38, 0xCE, 0x38, 0xD6, 0x38, 0xCE, 
	0x38, 0xCE, 0x58, 0xD6, 0x38, 0xCE, 0x18, 0xCE, 0x38, 0xD6, 0x58, 0xD6, 0x58, 0xD6, 0xFF, 0xFF, 
	0x0A, 0x00, 0x79, 0xD6, 0x99, 0xD6, 0xFF, 0xFF, 0x03, 0x00, 0x79, 0xD6, 0x99, 0xD6, 0x99, 0xD6, 
	0x9A, 0xDE, 0xBA, 0xDE, 0xFF, 0xFF, 0x03, 0x00, 0x9A, 0xDE, 0xFF, 0xFF, 0x03, 0x00, 0xBA, 0xDE, 
	0xBB, 0xDE, 0xBB, 0xDE, 0xBB, 0xDE, 0xDB, 0xDE, 0xDB, 0xDE, 0xBB, 0xD6, 0xBA, 0xD6, 0x9A, 0xD6, 
	0xBA, 0xD6, 0x9A, 0xD6, 0xBA, 0xD6, 0xFF, 0xFF, 0x04, 0x00, 0xBB, 0xD6, 0xDB, 0xD6, 0xFF, 0xFF, 
	0x7B, 0x00, 0xDB, 0xDE, 0x18, 0xC6, 0x18, 0xCE, 0x18, 0xCE, 0xD7, 0xC5, 0xD7, 0xC5, 0xD7, 0xC5, 
	0xF7, 0xC5, 0xD7, 0xC5, 0xD7, 0xC5, 0xFF, 0xFF, 0x07, 0x00, 0xF7, 0xC5, 0x17, 0xCE, 0x17, 0xCE, 
	0x17, 0xCE, 0x18, 0xCE, 0x18, 0xCE, 0xFF, 0xFF, 0x0A, 0x00, 0x38, 0xCE, 0x58, 0xD6, 0x38, 0xCE, 
	0xFF, 0xFF, 0x03, 0x00, 0x58, 0xD6, 0x59, 0xD6, 0xFF, 0xFF, 0x06, 0x00, 0x79, 0xD6, 0x99, 0xD6, 
	0x99, 0xD6, 0x99, 0xD6, 0x79, 0xD6, 0x79, 0xD6, 0x7A, 0xD6, 0x7A, 0xD6, 0xFF, 0xFF, 0x05, 0x00, 
	0x9A, 0xD6, 0x9A, 0xDE, 0x9A, 0xD6, 0x9A, 0xD6, 0xBA, 0xDE, 0x9A, 0xDE, 0x9A, 0xD6, 0x9A, 0xD6, 
	0xBA, 0xDE, 0x9A, 0xDE, 0x9A, 0xDE, 0x9A, 0xD6, 0x9A, 0xDE, 0xFF, 0xFF, 0x03, 0x00, 0x9A, 0xD6, 
	0xFF, 0xFF, 0x05, 0x00, 0xBA, 0xDE, 0x9A, 0xDE, 0x9A, 0xDE, 0xFF, 0xFF, 0x0F, 0x00, 0xBA, 0xDE, 
	0xFF, 0xFF, 0x0B, 0x00, 0x9A, 0xDE, 0x99, 0xDE, 0x99, 0xDE, 0x99, 0xDE, 0x9A, 0xDE, 0x9A, 0xDE, 
	0x99, 0xDE, 0x79, 0xDE, 0x99, 0xDE, 0x99, 0xDE, 0x99, 0xD6, 0x99, 0xD6, 0x9A, 0xDE, 0x99, 0xDE, 
	0x9A, 0xDE, 0x9A, 0xDE, 0x9A, 0xDE, 0x99, 0xDE, 0xFF, 0xFF, 0x04, 0x00, 0x9A, 0xDE, 0x99, 0xDE, 
	0xFF, 0xFF, 0x09, 0x00, 0x79, 0xDE, 0x99, 0xDE, 0xFF, 0xFF, 0x04, 0x00, 0x79, 0xD6, 0x58, 0xCE, 
	0x38, 0xCE, 0x38, 0xCE, 0x17, 0xCE, 0x17, 0xC6, 0xF7, 0xC5, 0xD7, 0xC5, 0xB6, 0xBD, 0xB6, 0xBD, 
	0xD6, 0xBD, 0xD7, 0xBD, 0xF7, 0xC5, 0x17, 0xC6, 0x38, 0xCE, 0x9A, 0xD6, 0xBB, 0xDE, 0xFF, 0xFF, 
	0x1F, 0x00, 0xDB, 0xDE, 0x18, 0xC6, 0xB6, 0xBD, 0x58, 0xD6, 0xF7, 0xCD, 0xD7, 0xC5, 0xFF, 0xFF, 
	0x04, 0x00, 0xF7, 0xC5, 0xF7, 0xCD, 0xFF, 0xFF, 0x04, 0x00, 0x17, 0xCE, 0x18, 0xCE, 0xFF, 0xFF, 
	0x0A, 0x00, 0x38, 0xCE, 0x58, 0xD6, 0x58, 0xD6, 0x58, 0xD6, 0x59, 0xD6, 0x59, 0xD6, 0x79, 0xD6, 
	0x99, 0xD6, 0xFF, 0xFF, 0x06, 0x00, 0x79, 0xD6, 0xFF, 0xFF, 0x06, 0x00, 0x9A, 0xD6, 0xFF, 0xFF, 
	0x03, 0x00, 0x9A, 0xDE, 0xFF, 0xFF, 0x08, 0x00, 0xBA, 0xDE, 0xFF, 0xFF, 0x07, 0x00, 0xDB, 0xDE, 
	0xDB, 0xE6, 0xFF, 0xFF, 0x04, 0x00, 0xFB, 0xE6, 0xDB, 0xE6, 0xFF, 0xFF, 0x07, 0x00, 0xFB, 0xE6, 
	0xDB, 0xE6, 0xDB, 0xE6, 0xFF, 0xFF, 0x07, 0x00, 0xFB, 0xE6, 0xDB, 0xE6, 0xFF, 0xFF, 0x06, 0x00, 
	0xFB, 0xE6, 0xDB, 0xE6, 0xDB, 0xE6, 0xDB, 0xE6, 0xFF, 0xFF, 0x03, 0x00, 0xFB, 0xE6, 0xDB, 0xE6, 
	0xDB, 0xE6, 0xDB, 0xE6, 0xFF, 0xFF, 0x05, 0x00, 0xFB, 0xE6, 0xDB, 0xE6, 0xDB, 0xE6, 0xDB, 0xE6, 
	0xDB, 0xDE, 0xDB, 0xE6, 0xDB, 0xE6, 0xDB, 0xDE, 0xDB, 0xDE, 0xFF, 0xFF, 0x03, 0x00, 0xBA, 0xDE, 
	0xDB, 0xDE, 0xFF, 0xFF, 0x04, 0x00, 0xBA, 0xDE, 0x9A, 0xDE, 0x9A, 0xDE, 0x9A, 0xDE, 0xFF, 0xFF, 
	0x03, 0x00, 0x9A, 0xD6, 0x9A, 0xDE, 0x9A, 0xDE, 0x9A, 0xD6, 0x9A, 0xD6, 0xFF, 0xFF, 0x0A, 0x00, 
	0x79, 0xD6, 0x59, 0xD6, 0x58, 0xD6, 0x58, 0xD6, 0x38, 0xCE, 0x38, 0xCE, 0x38, 0xCE, 0x18, 0xCE, 
	0x18, 0xCE, 0x38, 0xCE, 0x18, 0xCE, 0x17, 0xCE, 0x59, 0xD6, 0xFF, 0xFF, 0x3A, 0x00, 0xDB, 0xDE, 
	0x39, 0xC6, 0x38, 0xCE, 0x38, 0xCE, 0xF7, 0xC5, 0xD7, 0xC5, 0xD7, 0xC5, 0xD7, 0xC5, 0xFF, 0xFF, 
	0x08, 0x00, 0xF7, 0xC5, 0xF7, 0xCD, 0x17, 0xCE, 0x17, 0xC6, 0xFF, 0xFF, 0x04, 0x00, 0x18, 0xCE, 
	0xFF, 0xFF, 0x0C, 0x00, 0x38, 0xCE, 0x58, 0xD6, 0x59, 0xD6, 0x39, 0xD6, 0x39, 0xD6, 0x39, 0xD6, 
	0x59, 0xD6, 0x58, 0xD6, 0x59, 0xD6, 0x79, 0xD6, 0x79, 0xD6, 0x79, 0xD6, 0x59, 0xD6, 0x59, 0xD6, 
	0x59, 0xD6, 0x79, 0xD6, 0x79, 0xD6, 0x79, 0xDE, 0x99, 0xDE, 0xB9, 0xD6, 0xB9, 0xD6, 0x99, 0xD6, 
	0x9A, 0xD6, 0x9A, 0xD6, 0xBA, 0xD6, 0x9A, 0xD6, 0x9A, 0xDE, 0x9A, 0xD6, 0x9A, 0xD6, 0xBA, 0xDE, 
	0xBA, 0xDE, 0xBA, 0xDE, 0xBA, 0xD6, 0xFF, 0xFF, 0x03, 0x00, 0x9A, 0xD6, 0xBA, 0xD6, 0xFF, 0xFF, 
	0x03, 0x00, 0xBB, 0xD6, 0xDB, 0xD6, 0xFF, 0xFF, 0x83, 0x00, 0xDB, 0xDE, 0x18, 0xC6, 0x17, 0xCE, 
	0x18, 0xCE, 0xF7, 0xC5, 0xD7, 0xC5, 0xD7, 0xC5, 0xF7, 0xC5, 0xF7, 0xC5, 0xD7, 0xC5, 0xD7, 0xC5, 
	0xFF, 0xFF, 0x03, 0x00, 0xF7, 0xC5, 0xF7, 0xCD, 0xF7, 0xC5, 0xF7, 0xC5, 0xF7, 0xCD, 0xF7, 0xCD, 
	0x17, 0xCE, 0x18, 0xCE, 0x18, 0xCE, 0xFF, 0xFF, 0x0C, 0x00, 0x38, 0xCE, 0x58, 0xD6, 0x58, 0xD6, 
	0x58, 0xD6, 0x38, 0xCE, 0x58, 0xD6, 0x59, 0xD6, 0xFF, 0xFF, 0x07, 0x00, 0x79, 0xD6, 0x99, 0xD6, 
	0xFF, 0xFF, 0x04, 0x00, 0x79, 0xD6, 0x9A, 0xD6, 0x99, 0xD6, 0x99, 0xD6, 0x9A, 0xDE, 0x9A, 0xDE, 
	0x99, 0xD6, 0x9A, 0xD6, 0x9A, 0xD6, 0xFF, 0xFF, 0x0D, 0x00, 0x9A, 0xDE, 0xBA, 0xDE, 0xBA, 0xDE, 
	0x9A, 0xDE, 0x9A, 0xDE, 0x9A, 0xD6, 0x9A, 0xDE, 0xBA, 0xDE, 0x9A, 0xDE, 0x9A, 0xDE, 0x99, 0xDE, 
	0x99, 0xDE, 0x9A, 0xDE, 0x9A, 0xDE, 0xFF, 0xFF, 0x0A, 0x00, 0x99, 0xDE, 0x9A, 0xDE, 0xFF, 0xFF, 
	0x04, 0x00, 0xBA, 0xDE, 0x9A, 0xDE, 0x9A, 0xDE, 0x9A, 0xDE, 0xFF, 0xFF, 0x06, 0x00, 0xBA, 0xDE, 
	0x9A, 0xDE, 0x9A, 0xDE, 0x9A, 0xDE, 0xFF, 0xFF, 0x04, 0x00, 0xBA, 0xDE, 0xDA, 0xE6, 0xDA, 0xE6, 
	0xDA, 0xE6, 0xDA, 0xDE, 0xDA, 0xDE, 0xDA, 0xDE, 0xBA, 0xDE, 0x9A, 0xDE, 0x99, 0xDE, 0x79, 0xD6, 
	0x79, 0xD6, 0x79, 0xD6, 0x59, 0xD6, 0x58, 0xCE, 0x38, 0xCE, 0x18, 0xCE, 0xF7, 0xC5, 0xF7, 0xC5, 
	0xD6, 0xBD, 0xB6, 0xBD, 0x96, 0xB5, 0x95, 0xB5, 0x75, 0xB5, 0x75, 0xAD, 0x54, 0xAD, 0x54, 0xAD, 
	0x34, 0xA5, 0x13, 0xA5, 0xF3, 0x9C, 0xF3, 0x9C, 0xD2, 0x9C, 0xF3, 0x9C, 0xD3, 0xA4, 0xF4, 0xA4, 
	0x34, 0xA5, 0x55, 0xAD, 0x96, 0xB5, 0x18, 0xC6, 0x79, 0xCE, 0xBB, 0xD6, 0xFF, 0xFF, 0x21, 0x00, 
	0xDB, 0xDE, 0x18, 0xC6, 0xB6, 0xBD, 0x38, 0xD6, 0xF7, 0xCD, 0xF7, 0xC5, 0xD7, 0xC5, 0xFF, 0xFF, 
	0x04, 0x00, 0xF7, 0xC5, 0xF7, 0xCD, 0xFF, 0xFF, 0x03, 0x00, 0x17, 0xCE, 0x18, 0xCE, 0x38, 0xCE, 
	0x38, 0xCE, 0x38, 0xCE, 0x58, 0xD6, 0x18, 0xCE, 0x18, 0xCE, 0xFF, 0xFF, 0x04, 0x00, 0x38, 0xCE, 
	0x58, 0xD6, 0x58, 0xD6, 0xFF, 0xFF, 0x03, 0x00, 0x59, 0xD6, 0x79, 0xD6, 0x99, 0xD6, 0xFF, 0xFF, 
	0x06, 0x00, 0x79, 0xD6, 0xFF, 0xFF, 0x05, 0x00, 0x9A, 0xD6, 0x9A, 0xDE, 0x9A, 0xD6, 0x9A, 0xDE, 
	0x9A, 0xDE, 0xFF, 0xFF, 0x0E, 0x00, 0xBA, 0xDE, 0xDB, 0xDE, 0xDB, 0xDE, 0xFF, 0xFF, 0x05, 0x00, 
	0xDB, 0xE6, 0xFF, 0xFF, 0x04, 0x00, 0xFB, 0xE6, 0xDB, 0xE6, 0xDB, 0xE6, 0xFB, 0xE6, 0xFB, 0xE6, 
	0xDB, 0xE6, 0xFF, 0xFF, 0x07, 0x00, 0xFB, 0xE6, 0xDB, 0xE6, 0xDB, 0xE6, 0xDB, 0xE6, 0xFB, 0xE6, 
	0xFF, 0xFF, 0x06, 0x00, 0xDB, 0xE6, 0xFF, 0xFF, 0x0D, 0x00, 0xFB, 0xE6, 0xDB, 0xE6, 0xDB, 0xE6, 
	0xFF, 0xFF, 0x03, 0x00, 0xDB, 0xDE, 0xFF, 0xFF, 0x05, 0x00, 0xBA, 0xDE, 0xDB, 0xDE, 0xFF, 0xFF, 
	0x03, 0x00, 0xBA, 0xDE, 0xFF, 0xFF, 0x09, 0x00, 0x9A, 0xDE, 0x9A, 0xD6, 0x9A, 0xD6, 0xFF, 0xFF, 
	0x05, 0x00, 0x79, 0xD6, 0x79, 0xDE, 0x79, 0xD6, 0x79, 0xD6, 0x59, 0xD6, 0x59, 0xD6, 0x59, 0xD6, 
	0x58, 0xD6, 0xFF, 0xFF, 0x04, 0x00, 0x38, 0xCE, 0x18, 0xCE, 0x38, 0xCE, 0x18, 0xCE, 0x17, 0xCE, 
	0x79, 0xD6, 0xFF, 0xFF, 0x3A, 0x00, 0xDB, 0xDE, 0x59, 0xC6, 0x38, 0xCE, 0x38, 0xCE, 0xFF, 0xFF, 
	0x03, 0x00, 0xD7, 0xC5, 0xFF, 0xFF, 0x07, 0x00, 0xF7, 0xC5, 0x17, 0xCE, 0xF7, 0xCD, 0x17, 0xCE, 
	0x18, 0xCE, 0x18, 0xCE, 0x18, 0xCE, 0x38, 0xCE, 0x18, 0xCE, 0x18, 0xCE, 0xFF, 0xFF, 0x05, 0x00, 
	0x38, 0xCE, 0x18, 0xCE, 0xFF, 0xFF, 0x04, 0x00, 0x38, 0xCE, 0x58, 0xD6, 0x38, 0xD6, 0x59, 0xD6, 
	0x39, 0xD6, 0x39, 0xD6, 0x38, 0xD6, 0x38, 0xD6, 0x38, 0xD6, 0xFF, 0xFF, 0x04, 0x00, 0x59, 0xD6, 
	0x79, 0xDE, 0x79, 0xDE, 0x99, 0xDE, 0x9A, 0xDE, 0x9A, 0xDE, 0x9A, 0xDE, 0xBA, 0xDE, 0xBA, 0xDE, 
	0xBA, 0xDE, 0xBA, 0xD6, 0x9A, 0xD6, 0x9A, 0xD6, 0x9A, 0xD6, 0x7A, 0xD6, 0x7A, 0xD6, 0x7A, 0xD6, 
	0xFF, 0xFF, 0x04, 0x00, 0x9A, 0xD6, 0xBB, 0xD6, 0xFF, 0xFF, 0x8B, 0x00, 0xDB, 0xDE, 0x38, 0xC6, 
	0xF7, 0xC5, 0x17, 0xCE, 0xF7, 0xC5, 0xD7, 0xC5, 0xD7, 0xC5, 0xF7, 0xC5, 0xF7, 0xC5, 0xD7, 0xC5, 
	0xFF, 0xFF, 0x03, 0x00, 0xF7, 0xC5, 0xD7, 0xC5, 0xF7, 0xC5, 0xFF, 0xFF, 0x03, 0x00, 0xF7, 0xCD, 
	0x17, 0xCE, 0x18, 0xCE, 0x18, 0xCE, 0x18, 0xCE, 0xFF, 0xFF, 0x0B, 0x00, 0x38, 0xCE, 0x58, 0xD6, 
	0x59, 0xD6, 0x58, 0xD6, 0x38, 0xCE, 0x38, 0xCE, 0x58, 0xD6, 0x58, 0xD6, 0x79, 0xD6, 0x79, 0xD6, 
	0x59, 0xD6, 0xFF, 0xFF, 0x08, 0x00, 0x79, 0xD6, 0x79, 0xDE, 0x79, 0xD6, 0x79, 0xD6, 0xFF, 0xFF, 
	0x06, 0x00, 0x99, 0xD6, 0xFF, 0xFF, 0x03, 0x00, 0x9A, 0xDE, 0xBA, 0xDE, 0xFF, 0xFF, 0x09, 0x00, 
	0x9A, 0xDE, 0x9A, 0xD6, 0x9A, 0xD6, 0x79, 0xD6, 0x99, 0xD6, 0x9A, 0xDE, 0x99, 0xDE, 0x99, 0xDE, 
	0x99, 0xDE, 0xFF, 0xFF, 0x03, 0x00, 0x9A, 0xDE, 0x99, 0xDE, 0x99, 0xDE, 0x99, 0xDE, 0x9A, 0xDE, 
	0x9A, 0xDE, 0xBA, 0xDE, 0xBA, 0xDE, 0xBA, 0xE6, 0xBA, 0xE6, 0xBA, 0xE6, 0xBA, 0xDE, 0xDA, 0xDE, 
	0xDA, 0xDE, 0xDA, 0xDE, 0xDA, 0xE6, 0xDB, 0xE6, 0xDA, 0xE6, 0xDA, 0xE6, 0xDA, 0xE6, 0xFA, 0xDE, 
	0xDB, 0xDE, 0xDA, 0xDE, 0xFF, 0xFF, 0x03, 0x00, 0xBA, 0xDE, 0x9A, 0xD6, 0x9A, 0xD6, 0x79, 0xD6, 
	0x79, 0xCE, 0x79, 0xCE, 0x58, 0xCE, 0x38, 0xCE, 0x18, 0xC6, 0x18, 0xC6, 0xF7, 0xC5, 0xF7, 0xC5, 
	0xD6, 0xBD, 0xB6, 0xBD, 0xB6, 0xB5, 0x96, 0xB5, 0x95, 0xB5, 0x75, 0xB5, 0x54, 0xAD, 0x54, 0xAD, 
	0x54, 0xAD, 0x34, 0xAD, 0x34, 0xA5, 0x14, 0xA5, 0x13, 0xA5, 0xF3, 0x9C, 0xF3, 0x9C, 0xF3, 0x9C, 
	0xD2, 0x9C, 0xD2, 0x9C, 0xB2, 0x94, 0xB2, 0x94, 0x92, 0x94, 0x92, 0x94, 0xFF, 0xFF, 0x04, 0x00, 
	0x91, 0x94, 0xB1, 0x94, 0xB3, 0x94, 0xB3, 0x9C, 0xF4, 0x9C, 0x35, 0xA5, 0x97, 0xB5, 0x18, 0xBE, 
	0x7A, 0xCE, 0xBB, 0xD6, 0xFF, 0xFF, 0x22, 0x00, 0xDB, 0xDE, 0x18, 0xC6, 0xB6, 0xBD, 0x38, 0xCE, 
	0xF7, 0xCD, 0xF7, 0xC5, 0xD7, 0xC5, 0xD7, 0xC5, 0xFF, 0xFF, 0x03, 0x00, 0xF7, 0xC5, 0xF7, 0xCD, 
	0xF7, 0xC5, 0x17, 0xCE, 0x17, 0xCE, 0x17, 0xCE, 0x18, 0xCE, 0x18, 0xCE, 0xFF, 0xFF, 0x0B, 0x00, 
	0x38, 0xCE, 0x39, 0xD6, 0x59, 0xD6, 0x59, 0xD6, 0xFF, 0xFF, 0x0C, 0x00, 0x79, 0xD6, 0x9A, 0xD6, 
	0xFF, 0xFF, 0x03, 0x00, 0x9A, 0xDE, 0x9A, 0xD6, 0x9A, 0xD6, 0x9A, 0xDE, 0x9A, 0xDE, 0x9A, 0xDE, 
	0xBA, 0xDE, 0x9A, 0xDE, 0x9A, 0xDE, 0xFF, 0xFF, 0x03, 0x00, 0xBA, 0xDE, 0x9A, 0xDE, 0x9A, 0xDE, 
	0xBA, 0xDE, 0xBA, 0xDE, 0xBA, 0xDE, 0xDB, 0xDE, 0xDB, 0xDE, 0xDB, 0xDE, 0xDB, 0xE6, 0xDB, 0xDE, 
	0xDB, 0xDE, 0xDB, 0xDE, 0xDB, 0xE6, 0xFF, 0xFF, 0x04, 0x00, 0xFB, 0xE6, 0xFF, 0xFF, 0x04, 0x00, 
	0xDB, 0xE6, 0xFF, 0xFF, 0x05, 0x00, 0xFB, 0xE6, 0xDB, 0xE6, 0xFF, 0xFF, 0x04, 0x00, 0xFB, 0xE6, 
	0xDB, 0xE6, 0xDB, 0xE6, 0xFB, 0xE6, 0xDB, 0xE6, 0xFF, 0xFF, 0x0A, 0x00, 0xFB, 0xE6, 0xDB, 0xE6, 
	0xDB, 0xE6, 0xFB, 0xE6, 0xFB, 0xE6, 0xDB, 0xE6, 0xDB, 0xE6, 0xDB, 0xE6, 0xDB, 0xDE, 0xFF, 0xFF, 
	0x0B, 0x00, 0xBA, 0xDE, 0x9A, 0xDE, 0xBA, 0xDE, 0xBA, 0xDE, 0x9A, 0xDE, 0x9A, 0xDE, 0x9A, 0xDE, 
	0x9A, 0xD6, 0x9A, 0xDE, 0x9A, 0xDE, 0x9A, 0xD6, 0x9A, 0xDE, 0x9A, 0xD6, 0x9A, 0xD6, 0x9A, 0xD6, 
	0x79, 0xD6, 0x79, 0xD6, 0x79, 0xD6, 0x59, 0xD6, 0xFF, 0xFF, 0x03, 0x00, 0x79, 0xD6, 0x59, 0xD6, 
	0x59, 0xD6, 0x58, 0xD6, 0x58, 0xD6, 0x59, 0xD6, 0x59, 0xD6, 0xFF, 0xFF, 0x06, 0x00, 0x38, 0xCE, 
	0x18, 0xCE, 0xF7, 0xCD, 0x79, 0xD6, 0xFF, 0xFF, 0x3A, 0x00, 0xDB, 0xDE, 0x38, 0xC6, 0x18, 0xC6, 
	0x38, 0xCE, 0xD7, 0xC5, 0xD7, 0xC5, 0xD7, 0xC5, 0xFF, 0xFF, 0x03, 0x00, 0xF7, 0xC5, 0xD7, 0xC5, 
	0xFF, 0xFF, 0x04, 0x00, 0xF7, 0xC5, 0xF7, 0xCD, 0xFF, 0xFF, 0x03, 0x00, 0x17, 0xCE, 0x18, 0xCE, 
	0x18, 0xCE, 0x17, 0xCE, 0x17, 0xCE, 0xF7, 0xC5, 0x17, 0xCE, 0xFF, 0xFF, 0x09, 0x00, 0x38, 0xCE, 
	0x18, 0xCE, 0x38, 0xCE, 0x38, 0xCE, 0x58, 0xD6, 0x59, 0xD6, 0x59, 0xD6, 0xFF, 0xFF, 0x03, 0x00, 
	0x79, 0xD6, 0xFF, 0xFF, 0x05, 0x00, 0x9A, 0xDE, 0x79, 0xD6, 0x79, 0xD6, 0xFF, 0xFF, 0x08, 0x00, 
	0x9A, 0xD6, 0xBB, 0xD6, 0xFF, 0xFF, 0x91, 0x00, 0xDB, 0xDE, 0x39, 0xC6, 0xF7, 0xC5, 0x17, 0xCE, 
	0xF7, 0xC5, 0xD7, 0xC5, 0xD7, 0xC5, 0xF7, 0xC5, 0xD7, 0xC5, 0xF7, 0xC5, 0xF7, 0xC5, 0xD7, 0xC5, 
	0xF7, 0xC5, 0xF7, 0xC5, 0xD7, 0xC5, 0xFF, 0xFF, 0x03, 0x00, 0xF7, 0xC5, 0xF7, 0xCD, 0xF7, 0xCD, 
	0x17, 0xCE, 0x18, 0xCE, 0x17, 0xCE, 0x18, 0xCE, 0xFF, 0xFF, 0x0B, 0x00, 0x38, 0xCE, 0x39, 0xD6, 
	0x38, 0xD6, 0x38, 0xCE, 0x38, 0xCE, 0x38, 0xCE, 0x58, 0xD6, 0x58, 0xD6, 0x59, 0xD6, 0x59, 0xD6, 
	0x79, 0xD6, 0x59, 0xD6, 0x59, 0xD6, 0xFF, 0xFF, 0x05, 0x00, 0x79, 0xD6, 0x79, 0xDE, 0xFF, 0xFF, 
	0x04, 0x00, 0x79, 0xD6, 0xFF, 0xFF, 0x03, 0x00, 0x99, 0xD6, 0x99, 0xDE, 0x7A, 0xDE, 0x7A, 0xDE, 
	0xFF, 0xFF, 0x0A, 0x00, 0x9A, 0xDE, 0xFF, 0xFF, 0x04, 0x00, 0xBA, 0xDE, 0xFF, 0xFF, 0x07, 0x00, 
	0xDA, 0xDE, 0xDA, 0xE6, 0xFF, 0xFF, 0x03, 0x00, 0xDA, 0xDE, 0xFF, 0xFF, 0x04, 0x00, 0xBA, 0xDE, 
	0x99, 0xD6, 0x99, 0xD6, 0x9A, 0xD6, 0x99, 0xD6, 0x79, 0xD6, 0x79, 0xCE, 0x59, 0xCE, 0x58, 0xCE, 
	0x58, 0xCE, 0xFF, 0xFF, 0x03, 0x00, 0x38, 0xC6, 0x39, 0xC6, 0x39, 0xC6, 0x38, 0xC6, 0x38, 0xC6, 
	0x18, 0xC6, 0xF8, 0xBD, 0xD7, 0xBD, 0xD7, 0xBD, 0xD7, 0xBD, 0xB7, 0xB5, 0x76, 0xB5, 0x55, 0xAD, 
	0x34, 0xAD, 0x34, 0xA5, 0x34, 0xA5, 0x14, 0xA5, 0x14, 0xA5, 0x14, 0xA5, 0xF3, 0x9C, 0xF3, 0x9C, 
	0xD3, 0x9C, 0xD2, 0x9C, 0xD3, 0x9C, 0xF3, 0x9C, 0xF3, 0x9C, 0x14, 0xA5, 0x14, 0xA5, 0x35, 0xA5, 
	0x55, 0xA5, 0x55, 0xA5, 0x35, 0xA5, 0x34, 0xA5, 0xFF, 0xFF, 0x03, 0x00, 0x14, 0xA5, 0x14, 0x9D, 
	0xF3, 0x9C, 0xF3, 0x9C, 0x14, 0x9D, 0x14, 0xA5, 0x34, 0xA5, 0x35, 0xA5, 0x35, 0xA5, 0x56, 0xAD, 
	0xD7, 0xB5, 0x39, 0xC6, 0x7A, 0xCE, 0xBB, 0xD6, 0xFF, 0xFF, 0x23, 0x00, 0xDB, 0xDE, 0xF8, 0xBD, 
	0xD6, 0xBD, 0x18, 0xCE, 0xF7, 0xC5, 0xD7, 0xC5, 0xD7, 0xC5, 0xD7, 0xC5, 0xFF, 0xFF, 0x03, 0x00, 
	0xF7, 0xC5, 0x17, 0xCE, 0x17, 0xC6, 0x17, 0xCE, 0x18, 0xCE, 0x17, 0xCE, 0x18, 0xCE, 0x18, 0xCE, 
	0x18, 0xCE, 0xFF, 0xFF, 0x0B, 0x00, 0x38, 0xCE, 0x39, 0xD6, 0x58, 0xD6, 0x58, 0xD6, 0x59, 0xD6, 
	0xFF, 0xFF, 0x0A, 0x00, 0x79, 0xD6, 0x9A, 0xD6, 0x9A, 0xD6, 0x9A, 0xD6, 0xFF, 0xFF, 0x05, 0x00, 
	0x9A, 0xDE, 0x9A, 0xD6, 0x9A, 0xDE, 0x9A, 0xDE, 0xFF, 0xFF, 0x04, 0x00, 0xBA, 0xDE, 0x9A, 0xDE, 
	0xFF, 0xFF, 0x05, 0x00, 0xBA, 0xDE, 0xFF, 0xFF, 0x03, 0x00, 0xDB, 0xDE, 0xFF, 0xFF, 0x03, 0x00, 
	0xDB, 0xE6, 0xDB, 0xDE, 0xFF, 0xFF, 0x0A, 0x00, 0xDB, 0xE6, 0xFB, 0xE6, 0xFB, 0xE6, 0xFB, 0xE6, 
	0xDB, 0xE6, 0xFF, 0xFF, 0x03, 0x00, 0xFB, 0xE6, 0xDB, 0xE6, 0xDB, 0xE6, 0xDB, 0xE6, 0xFB, 0xE6, 
	0xFB, 0xE6, 0xFF, 0xFF, 0x08, 0x00, 0xDB, 0xE6, 0xDB, 0xDE, 0xDB, 0xDE, 0xDB, 0xE6, 0xDB, 0xE6, 
	0xDB, 0xDE, 0xFF, 0xFF, 0x0D, 0x00, 0xBA, 0xDE, 0x9A, 0xDE, 0x9A, 0xD6, 0x9A, 0xD6, 0x9A, 0xD6, 
	0xFF, 0xFF, 0x05, 0x00, 0x9A, 0xDE, 0x9A, 0xD6, 0x79, 0xD6, 0x9A, 0xD6, 0x9A, 0xD6, 0xFF, 0xFF, 
	0x08, 0x00, 0x79, 0xD6, 0x59, 0xD6, 0x59, 0xD6, 0x58, 0xD6, 0x39, 0xD6, 0x38, 0xD6, 0x39, 0xD6, 
	0xFF, 0xFF, 0x07, 0x00, 0x38, 0xCE, 0x17, 0xCE, 0xF7, 0xC5, 0x79, 0xD6, 0xFF, 0xFF, 0x3A, 0x00, 
	0xDB, 0xDE, 0x38, 0xC6, 0xF7, 0xC5, 0x38, 0xCE, 0xD7, 0xC5, 0xD7, 0xC5, 0xF7, 0xC5, 0xFF, 0xFF, 
	0x08, 0x00, 0xD7, 0xC5, 0xFF, 0xFF, 0x04, 0x00, 0xF7, 0xC5, 0xF7, 0xCD, 0xF7, 0xCD, 0x17, 0xCE, 
	0x17, 0xCE, 0x17, 0xCE, 0xF7, 0xC5, 0x17, 0xCE, 0x18, 0xCE, 0x18, 0xCE, 0x18, 0xCE, 0x38, 0xCE, 
	0x38, 0xD6, 0x38, 0xCE, 0x38, 0xD6, 0x58, 0xD6, 0x59, 0xD6, 0x59, 0xD6, 0x59, 0xD6, 0x79, 0xD6, 
	0x79, 0xD6, 0x7A, 0xD6, 0x9A, 0xD6, 0x79, 0xD6, 0x79, 0xD6, 0x59, 0xD6, 0x59, 0xCE, 0x59, 0xCE, 
	0x59, 0xCE, 0x79, 0xCE, 0x79, 0xCE, 0x7A, 0xD6, 0x7A, 0xD6, 0x9A, 0xD6, 0xBA, 0xD6, 0xBB, 0xD6, 
	0xFF, 0xFF, 0x9B, 0x00, 0xDB, 0xDE, 0x39, 0xC6, 0xF7, 0xC5, 0x17, 0xCE, 0xF7, 0xC5, 0xFF, 0xFF, 
	0x04, 0x00, 0xD7, 0xC5, 0xF7, 0xCD, 0xD7, 0xC5, 0xFF, 0xFF, 0x07, 0x00, 0xF7, 0xC5, 0xF7, 0xCD, 
	0x17, 0xCE, 0x17, 0xCE, 0x17, 0xCE, 0xFF, 0xFF, 0x06, 0x00, 0x18, 0xCE, 0xFF, 0xFF, 0x03, 0x00, 
	0x38, 0xCE, 0x18, 0xCE, 0x38, 0xCE, 0x39, 0xCE, 0x39, 0xCE, 0x39, 0xCE, 0x39, 0xD6, 0x38, 0xD6, 
	0x39, 0xD6, 0x39, 0xD6, 0x59, 0xD6, 0x39, 0xD6, 0x39, 0xD6, 0x59, 0xD6, 0x59, 0xD6, 0x79, 0xD6, 
	0x79, 0xD6, 0x59, 0xD6, 0x79, 0xD6, 0x78, 0xD6, 0x99, 0xDE, 0x99, 0xDE, 0xFF, 0xFF, 0x04, 0x00, 
	0x99, 0xD6, 0x99, 0xDE, 0x9A, 0xDE, 0xBA, 0xDE, 0xBA, 0xDE, 0xFF, 0xFF, 0x03, 0x00, 0x9A, 0xDE, 
	0xBA, 0xDE, 0xBA, 0xDE, 0x9A, 0xDE, 0x9A, 0xDE, 0xFF, 0xFF, 0x05, 0x00, 0xBA, 0xDE, 0xFF, 0xFF, 
	0x04, 0x00, 0x9A, 0xDE, 0xBA, 0xDE, 0xFF, 0xFF, 0x04, 0x00, 0x9A, 0xD6, 0x99, 0xD6, 0x79, 0xD6, 
	0x79, 0xD6, 0x79, 0xCE, 0x79, 0xCE, 0x59, 0xCE, 0x59, 0xCE, 0x59, 0xCE, 0x38, 0xC6, 0x38, 0xC6, 
	0x38, 0xC6, 0x59, 0xCE, 0x39, 0xC6, 0x39, 0xC6, 0x38, 0xC6, 0x18, 0xC6, 0x18, 0xC6, 0x18, 0xC6, 
	0xF8, 0xBD, 0xFF, 0xFF, 0x03, 0x00, 0x18, 0xC6, 0xF8, 0xBD, 0x18, 0xBE, 0x18, 0xBE, 0x38, 0xC6, 
	0xFF, 0xFF, 0x05, 0x00, 0x39, 0xC6, 0x18, 0xC6, 0xF8, 0xBD, 0xD7, 0xBD, 0xB7, 0xBD, 0xB6, 0xB5, 
	0x96, 0xB5, 0xFF, 0xFF, 0x03, 0x00, 0xB6, 0xB5, 0xB7, 0xB5, 0xB6, 0xB5, 0xB6, 0xB5, 0xB6, 0xB5, 
	0xB7, 0xB5, 0xD7, 0xBD, 0xF8, 0xBD, 0x18, 0xC6, 0x18, 0xC6, 0x19, 0xC6, 0x18, 0xC6, 0x18, 0xBE, 
	0x18, 0xC6, 0x18, 0xC6, 0x39, 0xC6, 0x39, 0xC6, 0x39, 0xC6, 0x18, 0xC6, 0xF8, 0xBD, 0xD7, 0xBD, 
	0xB7, 0xB5, 0xB7, 0xB5, 0xD7, 0xBD, 0xB7, 0xB5, 0xD7, 0xBD, 0xB7, 0xBD, 0xF8, 0xBD, 0x39, 0xC6, 
	0x9A, 0xD6, 0xBB, 0xD6, 0xFF, 0xFF, 0x24, 0x00, 0xDB, 0xDE, 0xF7, 0xBD, 0xD7, 0xC5, 0x38, 0xCE, 
	0xF7, 0xCD, 0xD7, 0xC5, 0xD7, 0xC5, 0xFF, 0xFF, 0x03, 0x00, 0xF7, 0xC5, 0xF7, 0xCD, 0x17, 0xCE, 
	0xF7, 0xC5, 0xF7, 0xC5, 0x18, 0xCE, 0x17, 0xCE, 0xFF, 0xFF, 0x04, 0x00, 0x18, 0xCE, 0xFF, 0xFF, 
	0x09, 0x00, 0x38, 0xCE, 0x39, 0xCE, 0x39, 0xD6, 0x58, 0xD6, 0x58, 0xD6, 0x59, 0xD6, 0x59, 0xD6, 
	0xFF, 0xFF, 0x09, 0x00, 0x79, 0xD6, 0x9A, 0xD6, 0x9A, 0xD6, 0x9A, 0xD6, 0x9A, 0xDE, 0x9A, 0xDE, 
	0x9A, 0xDE, 0x9A, 0xD6, 0x9A, 0xDE, 0x9A, 0xD6, 0x9A, 0xD6, 0x9A, 0xDE, 0xBA, 0xDE, 0xBA, 0xDE, 
	0x9A, 0xDE, 0xFF, 0xFF, 0x0C, 0x00, 0xBA, 0xDE, 0xDB, 0xDE, 0xDB, 0xDE, 0xDB, 0xDE, 0xDB, 0xE6, 
	0xDB, 0xDE, 0xDB, 0xDE, 0xFF, 0xFF, 0x09, 0x00, 0xDB, 0xE6, 0xFB, 0xE6, 0xFB, 0xE6, 0xFB, 0xE6, 
	0xDB, 0xE6, 0xDB, 0xE6, 0xFB, 0xE6, 0xFF, 0xFF, 0x03, 0x00, 0xDB, 0xE6, 0xDB, 0xDE, 0xDB, 0xE6, 
	0xDB, 0xDE, 0xDB, 0xDE, 0xFF, 0xFF, 0x03, 0x00, 0xDB, 0xE6, 0xFF, 0xFF, 0x05, 0x00, 0xDB, 0xDE, 
	0xFF, 0xFF, 0x0F, 0x00, 0xBA, 0xDE, 0xFF, 0xFF, 0x0A, 0x00, 0x9A, 0xDE, 0x9A, 0xD6, 0x99, 0xD6, 
	0xFF, 0xFF, 0x06, 0x00, 0x79, 0xD6, 0x59, 0xD6, 0x79, 0xD6, 0x79, 0xD6, 0x79, 0xD6, 0x58, 0xD6, 
	0x38, 0xD6, 0x39, 0xD6, 0x39, 0xD6, 0x38, 0xCE, 0x38, 0xCE, 0x38, 0xCE, 0x18, 0xCE, 0xFF, 0xFF, 
	0x05, 0x00, 0x38, 0xCE, 0x17, 0xCE, 0xF7, 0xC5, 0x79, 0xD6, 0xFF, 0xFF, 0x3A, 0x00, 0xDB, 0xDE, 
	0x18, 0xC6, 0xF7, 0xC5, 0x38, 0xD6, 0xD7, 0xC5, 0xD7, 0xC5, 0xD7, 0xC5, 0xF7, 0xC5, 0xFF, 0xFF, 
	0x07, 0x00, 0xD7, 0xC5, 0xFF, 0xFF, 0x04, 0x00, 0xF7, 0xC5, 0xF7, 0xCD, 0xF7, 0xCD, 0xF7, 0xC5, 
	0x17, 0xCE, 0x17, 0xCE, 0x18, 0xCE, 0x38, 0xCE, 0x38, 0xD6, 0x38, 0xCE, 0x38, 0xCE, 0x58, 0xD6, 
	0x59, 0xD6, 0x58, 0xD6, 0x58, 0xD6, 0x59, 0xD6, 0x59, 0xD6, 0x58, 0xD6, 0x58, 0xCE, 0x58, 0xCE, 
	0x59, 0xCE, 0x79, 0xCE, 0x9A, 0xCE, 0xFF, 0xFF, 0x06, 0x00, 0x9A, 0xD6, 0xBB, 0xD6, 0xBB, 0xD6, 
	0xFF, 0xFF, 0x9F, 0x00, 0xDB, 0xDE, 0x39, 0xC6, 0xF7, 0xC5, 0x18, 0xCE, 0xF7, 0xC5, 0xD6, 0xC5, 
	0xD7, 0xC5, 0xD7, 0xC5, 0xD7, 0xC5, 0xF7, 0xCD, 0xF7, 0xC5, 0xD7, 0xC5, 0xD7, 0xC5, 0xD7, 0xC5, 
	0xFF, 0xFF, 0x05, 0x00, 0xF7, 0xC5, 0xF7, 0xCD, 0xF7, 0xC5, 0x17, 0xCE, 0x17, 0xCE, 0x18, 0xCE, 
	0xFF, 0xFF, 0x03, 0x00, 0x17, 0xCE, 0x18, 0xCE, 0xFF, 0xFF, 0x08, 0x00, 0x38, 0xCE, 0x38, 0xD6, 
	0x39, 0xD6, 0xFF, 0xFF, 0x04, 0x00, 0x59, 0xD6, 0x79, 0xD6, 0x79, 0xD6, 0x7A, 0xD6, 0x9A, 0xDE, 
	0x9A, 0xDE, 0x9A, 0xDE, 0xFF, 0xFF, 0x03, 0x00, 0x99, 0xDE, 0xFF, 0xFF, 0x03, 0x00, 0x99, 0xD6, 
	0x9A, 0xD6, 0xFF, 0xFF, 0x03, 0x00, 0x99, 0xD6, 0x7A, 0xD6, 0x79, 0xD6, 0x9A, 0xD6, 0x99, 0xD6, 
	0x9A, 0xD6, 0xFF, 0xFF, 0x05, 0x00, 0x79, 0xD6, 0xFF, 0xFF, 0x03, 0x00, 0x59, 0xCE, 0x38, 0xCE, 
	0x38, 0xCE, 0x38, 0xCE, 0x38, 0xC6, 0x39, 0xCE, 0x59, 0xCE, 0x59, 0xCE, 0x59, 0xC6, 0x39, 0xC6, 
	0x38, 0xC6, 0xFF, 0xFF, 0x03, 0x00, 0x18, 0xC6, 0xFF, 0xFF, 0x05, 0x00, 0x39, 0xC6, 0x59, 0xCE, 
	0xFF, 0xFF, 0x06, 0x00, 0x7A, 0xCE, 0x9A, 0xCE, 0x9A, 0xCE, 0xFF, 0xFF, 0x03, 0x00, 0x9A, 0xD6, 
	0x9A, 0xCE, 0x9A, 0xD6, 0x9A, 0xD6, 0x9A, 0xD6, 0xBA, 0xD6, 0xFF, 0xFF, 0x03, 0x00, 0xBB, 0xD6, 
	0x9A, 0xD6, 0x9A, 0xD6, 0x7A, 0xCE, 0x7A, 0xCE, 0x79, 0xCE, 0x79, 0xCE, 0x7A, 0xCE, 0xFF, 0xFF, 
	0x0F, 0x00, 0x9A, 0xD6, 0xFF, 0xFF, 0x03, 0x00, 0xBB, 0xD6, 0x9A, 0xD6, 0xFF, 0xFF, 0x05, 0x00, 
	0x7A, 0xCE, 0x59, 0xCE, 0x38, 0xC6, 0x39, 0xC6, 0x9A, 0xD6, 0xFF, 0xFF, 0x26, 0x00, 0xDB, 0xDE, 
	0xF7, 0xBD, 0xD7, 0xC5, 0x38, 0xCE, 0xF7, 0xC5, 0xD7, 0xC5, 0xD7, 0xC5, 0xFF, 0xFF, 0x03, 0x00, 
	0xF7, 0xC5, 0xF7, 0xCD, 0xF7, 0xCD, 0xF7, 0xC5, 0xF7, 0xC5, 0xFF, 0xFF, 0x05, 0x00, 0x17, 0xCE, 
	0x18, 0xCE, 0xFF, 0xFF, 0x06, 0x00, 0x38, 0xCE, 0x18, 0xCE, 0x38, 0xCE, 0x38, 0xCE, 0x39, 0xCE, 
	0x39, 0xCE, 0x39, 0xD6, 0x58, 0xD6, 0x59, 0xD6, 0x59, 0xD6, 0x59, 0xD6, 0xFF, 0xFF, 0x08, 0x00, 
	0x79, 0xD6, 0x99, 0xDE, 0x9A, 0xD6, 0x9A, 0xD6, 0xFF, 0xFF, 0x07, 0x00, 0x9A, 0xDE, 0xBA, 0xDE, 
	0x9A, 0xDE, 0x9A, 0xD6, 0x9A, 0xDE, 0x9A, 0xDE, 0xFF, 0xFF, 0x0D, 0x00, 0xBA, 0xDE, 0xFF, 0xFF, 
	0x03, 0x00, 0xDB, 0xDE, 0xFF, 0xFF, 0x03, 0x00, 0xDB, 0xE6, 0xDB, 0xDE, 0xFF, 0xFF, 0x09, 0x00, 
	0xDB, 0xE6, 0xDB, 0xDE, 0xDB, 0xDE, 0xFF, 0xFF, 0x03, 0x00, 0xDB, 0xE6, 0xDB, 0xDE, 0xDB, 0xDE, 
	0xDB, 0xE6, 0xFF, 0xFF, 0x06, 0x00, 0xDB, 0xDE, 0xFF, 0xFF, 0x0F, 0x00, 0xBA, 0xDE, 0x9A, 0xD6, 
	0x9A, 0xD6, 0xFF, 0xFF, 0x08, 0x00, 0x9A, 0xDE, 0xFF, 0xFF, 0x03, 0x00, 0x99, 0xD6, 0xFF, 0xFF, 
	0x03, 0x00, 0x79, 0xD6, 0x99, 0xD6, 0xFF, 0xFF, 0x04, 0x00, 0x79, 0xD6, 0x59, 0xD6, 0x58, 0xD6, 
	0x38, 0xD6, 0x38, 0xCE, 0x39, 0xD6, 0x38, 0xCE, 0x38, 0xCE, 0x38, 0xCE, 0x18, 0xCE, 0xFF, 0xFF, 
	0x05, 0x00, 0x38, 0xCE, 0x17, 0xCE, 0xF7, 0xC5, 0x79, 0xD6, 0xFF, 0xFF, 0x3A, 0x00, 0xDB, 0xDE, 
	0x18, 0xC6, 0xF7, 0xC5, 0x38, 0xD6, 0xD7, 0xC5, 0xB6, 0xC5, 0xD6, 0xC5, 0xD6, 0xC5, 0xFF, 0xFF, 
	0x07, 0x00, 0xD7, 0xC5, 0xF7, 0xC5, 0xF7, 0xC5, 0xF7, 0xCD, 0x17, 0xCE, 0xFF, 0xFF, 0x0A, 0x00, 
	0x38, 0xCE, 0x58, 0xCE, 0x38, 0xCE, 0x38, 0xCE, 0x18, 0xC6, 0x38, 0xCE, 0x38, 0xCE, 0x59, 0xCE, 
	0x59, 0xCE, 0x79, 0xCE, 0x9A, 0xD6, 0xDB, 0xD6, 0xFF, 0xFF, 0xA9, 0x00, 0xDB, 0xDE, 0x38, 0xC6, 
	0xD7, 0xC5, 0x38, 0xCE, 0xD7, 0xC5, 0xB6, 0xBD, 0xD6, 0xC5, 0xD7, 0xC5, 0xD6, 0xC5, 0xFF, 0xFF, 
	0x08, 0x00, 0xD7, 0xC5, 0xF7, 0xCD, 0xF7, 0xCD, 0x17, 0xCE, 0xF7, 0xCD, 0xF7, 0xCD, 0xF7, 0xCD, 
	0x18, 0xCE, 0x18, 0xCE, 0x38, 0xCE, 0x18, 0xCE, 0x38, 0xD6, 0x38, 0xD6, 0x58, 0xD6, 0x59, 0xD6, 
	0x59, 0xD6, 0x59, 0xD6, 0x58, 0xD6, 0x58, 0xD6, 0x58, 0xD6, 0x59, 0xD6, 0x58, 0xD6, 0x59, 0xD6, 
	0x59, 0xD6, 0x59, 0xD6, 0x79, 0xD6, 0x59, 0xD6, 0x79, 0xD6, 0x59, 0xD6, 0x79, 0xD6, 0x79, 0xD6, 
	0x7A, 0xD6, 0xFF, 0xFF, 0x04, 0x00, 0x9A, 0xD6, 0x7A, 0xD6, 0x79, 0xD6, 0x79, 0xD6, 0xFF, 0xFF, 
	0x03, 0x00, 0x79, 0xCE, 0x58, 0xCE, 0xFF, 0xFF, 0x03, 0x00, 0x38, 0xC6, 0xFF, 0xFF, 0x05, 0x00, 
	0x18, 0xC6, 0x18, 0xBE, 0x18, 0xC6, 0x18, 0xC6, 0x38, 0xC6, 0x39, 0xC6, 0x38, 0xC6, 0xFF, 0xFF, 
	0x03, 0x00, 0x39, 0xC6, 0x59, 0xCE, 0x59, 0xCE, 0x7A, 0xCE, 0x9A, 0xCE, 0x9A, 0xCE, 0x9A, 0xCE, 
	0xFF, 0xFF, 0x0A, 0x00, 0x9A, 0xD6, 0xBB, 0xD6, 0xBB, 0xD6, 0xFF, 0xFF, 0x08, 0x00, 0xDB, 0xD6, 
	0xFF, 0xFF, 0x28, 0x00, 0xDB, 0xDE, 0xFF, 0xFF, 0x08, 0x00, 0xBB, 0xD6, 0xFF, 0xFF, 0x27, 0x00, 
	0xDB, 0xDE, 0xF7, 0xBD, 0xF7, 0xC5, 0x18, 0xCE, 0xD7, 0xC5, 0xD7, 0xC5, 0xF7, 0xCD, 0xD7, 0xC5, 
	0xF7, 0xCD, 0xF7, 0xC5, 0xD7, 0xC5, 0xD7, 0xC5, 0xD7, 0xC5, 0xFF, 0xFF, 0x03, 0x00, 0xF7, 0xC5, 
	0x17, 0xCE, 0xF7, 0xCD, 0x17, 0xCE, 0xFF, 0xFF, 0x04, 0x00, 0x18, 0xCE, 0xFF, 0xFF, 0x03, 0x00, 
	0x38, 0xCE, 0x18, 0xCE, 0x18, 0xCE, 0x38, 0xCE, 0x39, 0xD6, 0x39, 0xCE, 0x38, 0xCE, 0x38, 0xCE, 
	0x38, 0xD6, 0x59, 0xD6, 0x59, 0xD6, 0xFF, 0xFF, 0x08, 0x00, 0x79, 0xD6, 0x99, 0xDE, 0x99, 0xDE, 
	0x9A, 0xD6, 0x9A, 0xD6, 0x9A, 0xD6, 0x9A, 0xDE, 0x9A, 0xDE, 0x9A, 0xDE, 0xBA, 0xDE, 0xBA, 0xDE, 
	0x9A, 0xDE, 0x99, 0xD6, 0x9A, 0xD6, 0x9A, 0xD6, 0x9A, 0xDE, 0x9A, 0xDE, 0xFF, 0xFF, 0x16, 0x00, 
	0xBA, 0xDE, 0xDB, 0xDE, 0xDB, 0xDE, 0xDB, 0xDE, 0xDB, 0xE6, 0xDB, 0xE6, 0xDB, 0xDE, 0xDB, 0xDE, 
	0xDB, 0xDE, 0xDB, 0xE6, 0xDB, 0xE6, 0xDB, 0xE6, 0xDB, 0xDE, 0xDB, 0xDE, 0xDB, 0xDE, 0xFF, 0xFF, 
	0x04, 0x00, 0xDB, 0xE6, 0xDB, 0xDE, 0xBA, 0xDE, 0xBA, 0xDE, 0xBA, 0xDE, 0xDB, 0xDE, 0xFF, 0xFF, 
	0x0C, 0x00, 0xBA, 0xDE, 0xDA, 0xDE, 0xBA, 0xDE, 0xFF, 0xFF, 0x04, 0x00, 0xBA, 0xD6, 0xFF, 0xFF, 
	0x04, 0x00, 0x9A, 0xDE, 0x9A, 0xD6, 0x9A, 0xDE, 0x9A, 0xD6, 0x9A, 0xD6, 0x99, 0xDE, 0xFF, 0xFF, 
	0x09, 0x00, 0x79, 0xD6, 0x59, 0xD6, 0x59, 0xD6, 0x59, 0xD6, 0x58, 0xD6, 0x59, 0xD6, 0x59, 0xD6, 
	0x39, 0xD6, 0x39, 0xD6, 0xFF, 0xFF, 0x06, 0x00, 0x38, 0xCE, 0x18, 0xCE, 0x18, 0xCE, 0x38, 0xCE, 
	0xF7, 0xCD, 0xD7, 0xC5, 0x79, 0xCE, 0xFF, 0xFF, 0x3A, 0x00, 0xDB, 0xDE, 0x39, 0xC6, 0xF7, 0xC5, 
	0x59, 0xD6, 0xF7, 0xCD, 0xB6, 0xC5, 0xB6, 0xBD, 0xD6, 0xC5, 0xF7, 0xC5, 0xF7, 0xC5, 0xF7, 0xC5, 
	0x17, 0xCE, 0x18, 0xCE, 0xFF, 0xFF, 0x03, 0x00, 0x38, 0xCE, 0xFF, 0xFF, 0x03, 0x00, 0x18, 0xCE, 
	0x38, 0xCE, 0x38, 0xCE, 0x17, 0xC6, 0x17, 0xC6, 0x17, 0xC6, 0x38, 0xC6, 0x38, 0xCE, 0x79, 0xCE, 
	0x7A, 0xCE, 0xFF, 0xFF, 0x03, 0x00, 0x9A, 0xD6, 0xBA, 0xD6, 0xBB, 0xD6, 0xDB, 0xD6, 0xFF, 0xFF, 
	0xAE, 0x00, 0xDB, 0xDE, 0x18, 0xC6, 0xD7, 0xC5, 0x38, 0xCE, 0x18, 0xCE, 0xF7, 0xC5, 0xF7, 0xCD, 
	0xF7, 0xCD, 0xF7, 0xCD, 0x18, 0xCE, 0x18, 0xCE, 0x38, 0xCE, 0x38, 0xCE, 0x38, 0xCE, 0x18, 0xCE, 
	0x18, 0xCE, 0x17, 0xCE, 0xF7, 0xCD, 0xF7, 0xCD, 0x17, 0xCE, 0xFF, 0xFF, 0x04, 0x00, 0x38, 0xCE, 
	0x38, 0xD6, 0x38, 0xCE, 0x38, 0xCE, 0x58, 0xCE, 0x38, 0xCE, 0x38, 0xCE, 0x58, 0xCE, 0x58, 0xCE, 
	0x58, 0xCE, 0xFF, 0xFF, 0x03, 0x00, 0x38, 0xCE, 0x58, 0xCE, 0xFF, 0xFF, 0x08, 0x00, 0x59, 0xCE, 
	0x79, 0xCE, 0x7A, 0xCE, 0xFF, 0xFF, 0x04, 0x00, 0x9A, 0xD6, 0x9A, 0xCE, 0x9A, 0xCE, 0xFF, 0xFF, 
	0x05, 0x00, 0x9A, 0xD6, 0x9A, 0xCE, 0x7A, 0xCE, 0x79, 0xCE, 0x59, 0xCE, 0x59, 0xCE, 0x7A, 0xCE, 
	0x7A, 0xCE, 0x9A, 0xCE, 0xFF, 0xFF, 0x0B, 0x00, 0x9A, 0xD6, 0xBB, 0xD6, 0xBB, 0xD6, 0xFF, 0xFF, 
	0x03, 0x00, 0xDB, 0xD6, 0xDB, 0xDE, 0xDB, 0xDE, 0xDB, 0xDE, 0xFF, 0xFF, 0x06, 0x00, 0xDB, 0xD6, 
	0xFF, 0xFF, 0x63, 0x00, 0xDB, 0xDE, 0xDB, 0xD6, 0xF8, 0xBD, 0x18, 0xCE, 0x18, 0xCE, 0xF7, 0xC5, 
	0xF7, 0xC5, 0xD7, 0xC5, 0xF7, 0xC5, 0xF7, 0xC5, 0xF7, 0xC5, 0xD7, 0xC5, 0xD7, 0xC5, 0xFF, 0xFF, 
	0x04, 0x00, 0xF7, 0xC5, 0x17, 0xC6, 0x17, 0xC6, 0x17, 0xCE, 0x18, 0xCE, 0x17, 0xCE, 0x18, 0xCE, 
	0x18, 0xCE, 0x18, 0xCE, 0x38, 0xCE, 0x38, 0xCE, 0x58, 0xD6, 0x38, 0xCE, 0x38, 0xCE, 0x38, 0xCE, 
	0x38, 0xD6, 0x39, 0xD6, 0x39, 0xD6, 0x38, 0xD6, 0x38, 0xD6, 0x38, 0xD6, 0x39, 0xD6, 0x58, 0xD6, 
	0x58, 0xD6, 0x59, 0xD6, 0xFF, 0xFF, 0x06, 0x00, 0x79, 0xD6, 0x99, 0xDE, 0x99, 0xD6, 0x99, 0xD6, 
	0x99, 0xD6, 0x9A, 0xD6, 0x9A, 0xD6, 0x9A, 0xD6, 0xFF, 0xFF, 0x05, 0x00, 0x9A, 0xDE, 0x9A, 0xD6, 
	0x9A, 0xD6, 0x9A, 0xDE, 0x9A, 0xDE, 0x9A, 0xDE, 0xBA, 0xDE, 0xBA, 0xDE, 0x9A, 0xDE, 0xFF, 0xFF, 
	0x12, 0x00, 0xBA, 0xDE, 0xDB, 0xDE, 0xFF, 0xFF, 0x0D, 0x00, 0xBA, 0xDE, 0xDB, 0xDE, 0xDB, 0xDE, 
	0xFF, 0xFF, 0x14, 0x00, 0xBA, 0xDE, 0xBA, 0xD6, 0xBA, 0xDE, 0xBA, 0xDE, 0xBA, 0xDE, 0xBA, 0xD6, 
	0x9A, 0xD6, 0xFF, 0xFF, 0x04, 0x00, 0x9A, 0xDE, 0x9A, 0xD6, 0xFF, 0xFF, 0x0C, 0x00, 0x79, 0xD6, 
	0x59, 0xD6, 0xFF, 0xFF, 0x03, 0x00, 0x58, 0xD6, 0x39, 0xD6, 0xFF, 0xFF, 0x0B, 0x00, 0x38, 0xCE, 
	0x17, 0xCE, 0xD7, 0xC5, 0x7A, 0xD6, 0xFC, 0xDE, 0xFF, 0xFF, 0x39, 0x00, 0xDB, 0xDE, 0xBB, 0xD6, 
	0x18, 0xC6, 0x38, 0xD6, 0x18, 0xCE, 0xF7, 0xCD, 0xF7, 0xC5, 0x17, 0xC6, 0x17, 0xCE, 0x17, 0xC6, 
	0x17, 0xCE, 0x38, 0xCE, 0x59, 0xD6, 0x59, 0xD6, 0x59, 0xD6, 0x38, 0xCE, 0x18, 0xCE, 0xF7, 0xC5, 
	0xD6, 0xBD, 0xF7, 0xC5, 0x18, 0xC6, 0x38, 0xC6, 0x59, 0xCE, 0x79, 0xCE, 0x7A, 0xCE, 0x9A, 0xCE, 
	0xBB, 0xD6, 0xFF, 0xFF, 0xB8, 0x00, 0xDB, 0xDE, 0x38, 0xC6, 0xD7, 0xC5, 0xFF, 0xFF, 0x05, 0x00, 
	0x38, 0xCE, 0x59, 0xD6, 0x59, 0xD6, 0x58, 0xCE, 0xFF, 0xFF, 0x06, 0x00, 0x59, 0xCE, 0x39, 0xCE, 
	0x38, 0xCE, 0x18, 0xCE, 0xFF, 0xFF, 0x04, 0x00, 0x18, 0xC6, 0x39, 0xCE, 0x59, 0xCE, 0x59, 0xCE, 
	0xFF, 0xFF, 0x05, 0x00, 0x79, 0xCE, 0x7A, 0xCE, 0x9A, 0xCE, 0x9A, 0xD6, 0xFF, 0xFF, 0x06, 0x00, 
	0xBB, 0xD6, 0xDB, 0xD6, 0xFF, 0xFF, 0x12, 0x00, 0xDB, 0xDE, 0xFF, 0xFF, 0x03, 0x00, 0xDB, 0xD6, 
	0xFF, 0xFF, 0x80, 0x00, 0xDB, 0xDE, 0xDB, 0xD6, 0x18, 0xC6, 0x39, 0xCE, 0x38, 0xCE, 0xFF, 0xFF, 
	0x04, 0x00, 0xF7, 0xC5, 0x17, 0xC6, 0xFF, 0xFF, 0x03, 0x00, 0xF7, 0xC5, 0xFF, 0xFF, 0x05, 0x00, 
	0x17, 0xC6, 0x17, 0xCE, 0x17, 0xCE, 0xFF, 0xFF, 0x03, 0x00, 0x18, 0xCE, 0xFF, 0xFF, 0x06, 0x00, 
	0x38, 0xCE, 0x39, 0xCE, 0x38, 0xCE, 0x38, 0xCE, 0x38, 0xCE, 0x39, 0xCE, 0x38, 0xCE, 0x38, 0xCE, 
	0x58, 0xD6, 0x59, 0xD6, 0xFF, 0xFF, 0x05, 0x00, 0x79, 0xD6, 0x79, 0xDE, 0x79, 0xD6, 0x99, 0xD6, 
	0x99, 0xD6, 0x99, 0xD6, 0x9A, 0xD6, 0x99, 0xD6, 0x9A, 0xD6, 0x9A, 0xD6, 0x9A, 0xD6, 0x9A, 0xDE, 
	0xBA, 0xDE, 0xBA, 0xDE, 0xFF, 0xFF, 0x04, 0x00, 0x9A, 0xDE, 0xBA, 0xDE, 0xBA, 0xDE, 0xFF, 0xFF, 
	0x03, 0x00, 0x9A, 0xDE, 0xFF, 0xFF, 0x31, 0x00, 0xBA, 0xDE, 0xFF, 0xFF, 0x03, 0x00, 0x9A, 0xDE, 
	0x9A, 0xD6, 0x9A, 0xDE, 0x9A, 0xDE, 0x9A, 0xDE, 0xBA, 0xDE, 0xBA, 0xDE, 0x9A, 0xDE, 0xFF, 0xFF, 
	0x03, 0x00, 0x9A, 0xD6, 0x99, 0xD6, 0x99, 0xD6, 0x99, 0xD6, 0xFF, 0xFF, 0x09, 0x00, 0x79, 0xD6, 
	0xFF, 0xFF, 0x03, 0x00, 0x58, 0xD6, 0x38, 0xCE, 0x58, 0xD6, 0x38, 0xCE, 0x38, 0xCE, 0x18, 0xCE, 
	0x18, 0xCE, 0xFF, 0xFF, 0x05, 0x00, 0x38, 0xCE, 0x18, 0xCE, 0x18, 0xCE, 0x18, 0xCE, 0x17, 0xCE, 
	0xD7, 0xC5, 0x9A, 0xD6, 0xFC, 0xDE, 0xFF, 0xFF, 0x3A, 0x00, 0xDB, 0xDE, 0x79, 0xCE, 0x59, 0xD6, 
	0x38, 0xCE, 0x38, 0xCE, 0x17, 0xCE, 0x17, 0xC6, 0xF7, 0xC5, 0xF7, 0xC5, 0x18, 0xC6, 0x38, 0xC6, 
	0xFF, 0xFF, 0x03, 0x00, 0x59, 0xCE, 0x39, 0xC6, 0x39, 0xC6, 0x59, 0xCE, 0x9A, 0xD6, 0xFF, 0xFF, 
	0xBF, 0x00, 0xDB, 0xDE, 0x79, 0xCE, 0xF7, 0xBD, 0x59, 0xCE, 0x59, 0xCE, 0x7A, 0xCE, 0x7A, 0xD6, 
	0x7A, 0xCE, 0x79, 0xCE, 0x79, 0xCE, 0x59, 0xCE, 0x59, 0xCE, 0x59, 0xCE, 0x79, 0xCE, 0x79, 0xCE, 
	0xFF, 0xFF, 0x08, 0x00, 0x59, 0xCE, 0x79, 0xCE, 0x7A, 0xCE, 0x9A, 0xD6, 0xDB, 0xD6, 0xFF, 0xFF, 
	0xAA, 0x00, 0xDB, 0xDE, 0xDB, 0xD6, 0x18, 0xBE, 0x39, 0xCE, 0x18, 0xCE, 0xD7, 0xC5, 0xD6, 0xBD, 
	0xD6, 0xC5, 0xD6, 0xC5, 0xF7, 0xC5, 0xF7, 0xC5, 0xF7, 0xC5, 0xD7, 0xC5, 0xD7, 0xC5, 0xFF, 0xFF, 
	0x04, 0x00, 0xF7, 0xC5, 0xFF, 0xFF, 0x03, 0x00, 0x17, 0xC6, 0xFF, 0xFF, 0x03, 0x00, 0x17, 0xCE, 
	0x38, 0xCE, 0x18, 0xCE, 0x18, 0xCE, 0x18, 0xCE, 0x38, 0xCE, 0x18, 0xCE, 0x18, 0xCE, 0x38, 0xCE, 
	0x38, 0xCE, 0x38, 0xCE, 0x38, 0xD6, 0x39, 0xD6, 0x38, 0xD6, 0x38, 0xD6, 0x39, 0xD6, 0xFF, 0xFF, 
	0x03, 0x00, 0x59, 0xD6, 0xFF, 0xFF, 0x03, 0x00, 0x79, 0xD6, 0x99, 0xD6, 0x99, 0xD6, 0x99, 0xD6, 
	0x79, 0xD6, 0x99, 0xD6, 0x79, 0xD6, 0x99, 0xD6, 0x9A, 0xD6, 0x9A, 0xD6, 0xFF, 0xFF, 0x05, 0x00, 
	0x9A, 0xDE, 0xBA, 0xDE, 0xBA, 0xDE, 0x99, 0xDE, 0xFF, 0xFF, 0x05, 0x00, 0x9A, 0xDE, 0xFF, 0xFF, 
	0x03, 0x00, 0xBA, 0xDE, 0x9A, 0xDE, 0xFF, 0xFF, 0x27, 0x00, 0xBA, 0xDE, 0x9A, 0xDE, 0x9A, 0xDE, 
	0x9A, 0xDE, 0xBA, 0xDE, 0xFF, 0xFF, 0x09, 0x00, 0x9A, 0xDE, 0xFF, 0xFF, 0x03, 0x00, 0x9A, 0xD6, 
	0x99, 0xD6, 0x79, 0xD6, 0x79, 0xD6, 0x99, 0xD6, 0xFF, 0xFF, 0x06, 0x00, 0x79, 0xD6, 0x59, 0xD6, 
	0xFF, 0xFF, 0x03, 0x00, 0x58, 0xD6, 0xFF, 0xFF, 0x04, 0x00, 0x38, 0xCE, 0x18, 0xCE, 0x18, 0xCE, 
	0xFF, 0xFF, 0x05, 0x00, 0x38, 0xCE, 0x18, 0xCE, 0x18, 0xCE, 0x17, 0xCE, 0x17, 0xCE, 0xF7, 0xCD, 
	0xD7, 0xC5, 0x9A, 0xD6, 0xFC, 0xDE, 0xFF, 0xFF, 0x3A, 0x00, 0xDB, 0xDE, 0xDB, 0xD6, 0x9A, 0xD6, 
	0x59, 0xCE, 0x59, 0xCE, 0x59, 0xCE, 0x39, 0xC6, 0x39, 0xC6, 0x39, 0xC6, 0x79, 0xCE, 0xBB, 0xD6, 
	0xFF, 0xFF, 0xC7, 0x00, 0xDB, 0xDE, 0xDB, 0xD6, 0x9A, 0xD6, 0xBB, 0xD6, 0xFF, 0xFF, 0xC2, 0x00, 
	0xDB, 0xDE, 0xDB, 0xD6, 0x18, 0xBE, 0x38, 0xCE, 0xF8, 0xCD, 0xFF, 0xFF, 0x03, 0x00, 0xD6, 0xC5, 
	0xFF, 0xFF, 0x03, 0x00, 0xD7, 0xC5, 0xD6, 0xC5, 0xD7, 0xC5, 0xD7, 0xC5, 0xD7, 0xC5, 0xF7, 0xC5, 
	0xF7, 0xC5, 0xF7, 0xCD, 0xFF, 0xFF, 0x05, 0x00, 0x17, 0xCE, 0x18, 0xCE, 0x38, 0xCE, 0x18, 0xCE, 
	0x18, 0xCE, 0x38, 0xCE, 0x38, 0xCE, 0x38, 0xCE, 0x18, 0xCE, 0x18, 0xCE, 0x38, 0xCE, 0x38, 0xCE, 
	0x38, 0xD6, 0x38, 0xD6, 0x58, 0xD6, 0x59, 0xD6, 0x39, 0xD6, 0x39, 0xCE, 0x39, 0xD6, 0xFF, 0xFF, 
	0x03, 0x00, 0x59, 0xD6, 0x79, 0xD6, 0x79, 0xD6, 0x79, 0xD6, 0x99, 0xD6, 0x99, 0xD6, 0x79, 0xD6, 
	0x79, 0xD6, 0x99, 0xD6, 0x99, 0xD6, 0xFF, 0xFF, 0x05, 0x00, 0x9A, 0xD6, 0x99, 0xD6, 0x9A, 0xDE, 
	0xBA, 0xDE, 0xBA, 0xDE, 0xBA, 0xDE, 0x9A, 0xDE, 0x9A, 0xD6, 0xFF, 0xFF, 0x05, 0x00, 0x9A, 0xDE, 
	0xFF, 0xFF, 0x28, 0x00, 0xBA, 0xDE, 0xFF, 0xFF, 0x04, 0x00, 0x9A, 0xDE, 0xBA, 0xDE, 0xFF, 0xFF, 
	0x09, 0x00, 0x9A, 0xDE, 0x9A, 0xD6, 0x9A, 0xD6, 0x99, 0xD6, 0x79, 0xD6, 0x79, 0xD6, 0x99, 0xD6, 
	0x79, 0xD6, 0x79, 0xD6, 0x99, 0xDE, 0xFF, 0xFF, 0x05, 0x00, 0x79, 0xD6, 0xFF, 0xFF, 0x04, 0x00, 
	0x58, 0xD6, 0xFF, 0xFF, 0x04, 0x00, 0x38, 0xCE, 0x18, 0xCE, 0x18, 0xCE, 0xFF, 0xFF, 0x05, 0x00, 
	0x38, 0xCE, 0x18, 0xCE, 0x17, 0xCE, 0x17, 0xCE, 0x17, 0xCE, 0xF7, 0xCD, 0xD7, 0xC5, 0x9A, 0xD6, 
	0xFC, 0xDE, 0xFF, 0xFF, 0xD2, 0x01, 0xDB, 0xDE, 0xDB, 0xD6, 0x18, 0xC6, 0x59, 0xCE, 0x38, 0xCE, 
	0xF7, 0xC5, 0xFF, 0xFF, 0x04, 0x00, 0xD7, 0xC5, 0xF7, 0xC5, 0xF7, 0xC5, 0xD7, 0xC5, 0xD7, 0xC5, 
	0xD7, 0xCD, 0xD7, 0xC5, 0xD7, 0xC5, 0xD7, 0xC5, 0xF7, 0xCD, 0xF7, 0xCD, 0xF7, 0xC5, 0xF7, 0xCD, 
	0xFF, 0xFF, 0x03, 0x00, 0x17, 0xCE, 0x18, 0xCE, 0x18, 0xCE, 0xFF, 0xFF, 0x06, 0x00, 0x38, 0xCE, 
	0x18, 0xCE, 0x38, 0xCE, 0x38, 0xCE, 0x38, 0xD6, 0x39, 0xD6, 0x39, 0xCE, 0x39, 0xCE, 0x39, 0xD6, 
	0xFF, 0xFF, 0x05, 0x00, 0x59, 0xD6, 0x78, 0xD6, 0x78, 0xD6, 0xFF, 0xFF, 0x07, 0x00, 0x79, 0xD6, 
	0x99, 0xD6, 0x99, 0xD6, 0x99, 0xD6, 0x9A, 0xDE, 0x9A, 0xDE, 0xBA, 0xDE, 0xBA, 0xDE, 0xBA, 0xDE, 
	0xFF, 0xFF, 0x07, 0x00, 0x9A, 0xDE, 0xFF, 0xFF, 0x08, 0x00, 0xBA, 0xDE, 0x9A, 0xDE, 0xFF, 0xFF, 
	0x15, 0x00, 0xBA, 0xDE, 0xFF, 0xFF, 0x08, 0x00, 0x9A, 0xDE, 0x9A, 0xD6, 0x9A, 0xD6, 0xFF, 0xFF, 
	0x0B, 0x00, 0x9A, 0xDE, 0x7A, 0xDE, 0x79, 0xDE, 0x79, 0xD6, 0x99, 0xD6, 0x99, 0xD6, 0xFF, 0xFF, 
	0x04, 0x00, 0x79, 0xD6, 0x79, 0xDE, 0xFF, 0xFF, 0x05, 0x00, 0x79, 0xD6, 0x59, 0xD6, 0x58, 0xD6, 
	0x58, 0xD6, 0x59, 0xD6, 0x59, 0xD6, 0xFF, 0xFF, 0x0A, 0x00, 0x38, 0xCE, 0x18, 0xCE, 0x18, 0xCE, 
	0x18, 0xCE, 0x17, 0xCE, 0x17, 0xCE, 0x17, 0xCE, 0xF7, 0xCD, 0xD7, 0xC5, 0x9A, 0xD6, 0xFC, 0xDE, 
	0xFF, 0xFF, 0xD2, 0x01, 0xDB, 0xDE, 0xDB, 0xD6, 0x39, 0xC6, 0x59, 0xD6, 0x79, 0xD6, 0x38, 0xCE, 
	0x18, 0xCE, 0x38, 0xCE, 0x38, 0xCE, 0x38, 0xCE, 0x18, 0xCE, 0xFF, 0xFF, 0x04, 0x00, 0x38, 0xCE, 
	0x18, 0xCE, 0x18, 0xCE, 0x18, 0xCE, 0xF7, 0xCD, 0x18, 0xCE, 0x18, 0xCE, 0x18, 0xCE, 0x17, 0xCE, 
	0x17, 0xCE, 0x18, 0xCE, 0x38, 0xCE, 0xFF, 0xFF, 0x04, 0x00, 0x18, 0xCE, 0xFF, 0xFF, 0x03, 0x00, 
	0x38, 0xCE, 0x18, 0xCE, 0x18, 0xCE, 0x18, 0xCE, 0x38, 0xCE, 0x38, 0xCE, 0x38, 0xCE, 0x38, 0xD6, 
	0xFF, 0xFF, 0x05, 0x00, 0x59, 0xD6, 0xFF, 0xFF, 0x09, 0x00, 0x79, 0xD6, 0xFF, 0xFF, 0x05, 0x00, 
	0x99, 0xD6, 0x99, 0xDE, 0x99, 0xDE, 0x99, 0xD6, 0xFF, 0xFF, 0x09, 0x00, 0x9A, 0xDE, 0x9A, 0xD6, 
	0xFF, 0xFF, 0x04, 0x00, 0x9A, 0xDE, 0xFF, 0xFF, 0x1A, 0x00, 0xBA, 0xDE, 0xFF, 0xFF, 0x05, 0x00, 
	0x9A, 0xDE, 0x9A, 0xD6, 0x9A, 0xD6, 0xFF, 0xFF, 0x08, 0x00, 0x9A, 0xDE, 0x7A, 0xDE, 0x7A, 0xDE, 
	0xFF, 0xFF, 0x0E, 0x00, 0x79, 0xD6, 0xFF, 0xFF, 0x03, 0x00, 0x59, 0xD6, 0x58, 0xD6, 0x39, 0xD6, 
	0x39, 0xD6, 0x39, 0xD6, 0xFF, 0xFF, 0x0A, 0x00, 0x38, 0xCE, 0x18, 0xCE, 0xFF, 0xFF, 0x03, 0x00, 
	0x17, 0xCE, 0xF7, 0xCD, 0xD7, 0xC5, 0xD7, 0xC5, 0x9A, 0xD6, 0xFC, 0xDE, 0xFF, 0xFF, 0xD3, 0x01, 
	0xDB, 0xDE, 0x59, 0xCE, 0x18, 0xC6, 0xF8, 0xC5, 0xD7, 0xBD, 0xD7, 0xBD, 0xD6, 0xBD, 0xD7, 0xBD, 
	0xD7, 0xBD, 0xF7, 0xC5, 0xF7, 0xC5, 0x18, 0xCE, 0x18, 0xCE, 0xFF, 0xFF, 0x03, 0x00, 0x18, 0xC6, 
	0x18, 0xCE, 0x18, 0xCE, 0x18, 0xCE, 0x38, 0xCE, 0x38, 0xCE, 0x18, 0xCE, 0xFF, 0xFF, 0x04, 0x00, 
	0x38, 0xCE, 0x58, 0xD6, 0x58, 0xD6, 0x38, 0xCE, 0xFF, 0xFF, 0x06, 0x00, 0x38, 0xD6, 0xFF, 0xFF, 
	0x08, 0x00, 0x59, 0xD6, 0x79, 0xD6, 0x79, 0xDE, 0x79, 0xDE, 0x79, 0xD6, 0x79, 0xD6, 0x79, 0xD6, 
	0x79, 0xDE, 0x99, 0xDE, 0x79, 0xDE, 0x79, 0xD6, 0x79, 0xDE, 0x79, 0xD6, 0xFF, 0xFF, 0x06, 0x00, 
	0x99, 0xD6, 0x9A, 0xD6, 0x9A, 0xD6, 0xFF, 0xFF, 0x08, 0x00, 0x9A, 0xDE, 0xFF, 0xFF, 0x04, 0x00, 
	0x9A, 0xD6, 0x9A, 0xDE, 0x9A, 0xDE, 0x9A, 0xDE, 0xBA, 0xDE, 0xFF, 0xFF, 0x07, 0x00, 0x9A, 0xDE, 
	0xBA, 0xDE, 0x9A, 0xDE, 0x9A, 0xDE, 0xBA, 0xDE, 0xBA, 0xDE, 0xBA, 0xDE, 0xFF, 0xFF, 0x03, 0x00, 
	0x9A, 0xDE, 0xBA, 0xDE, 0xBA, 0xDE, 0x9A, 0xDE, 0x9A, 0xDE, 0x9A, 0xDE, 0xBA, 0xDE, 0xBA, 0xDE, 
	0xBA, 0xDE, 0xFF, 0xFF, 0x09, 0x00, 0x9A, 0xDE, 0xFF, 0xFF, 0x03, 0x00, 0x9A, 0xD6, 0xFF, 0xFF, 
	0x06, 0x00, 0x79, 0xD6, 0x59, 0xD6, 0xFF, 0xFF, 0x07, 0x00, 0x79, 0xD6, 0x59, 0xD6, 0xFF, 0xFF, 
	0x04, 0x00, 0x58, 0xD6, 0x39, 0xD6, 0x38, 0xD6, 0x38, 0xCE, 0x38, 0xCE, 0x18, 0xCE, 0xFF, 0xFF, 
	0x08, 0x00, 0x38, 0xCE, 0x18, 0xCE, 0x18, 0xCE, 0xFF, 0xFF, 0x03, 0x00, 0x17, 0xCE, 0xF7, 0xC5, 
	0xD7, 0xC5, 0xD7, 0xC5, 0x9A, 0xD6, 0xFC, 0xDE, 0xFF, 0xFF, 0xD3, 0x01, 0xDB, 0xDE, 0xBB, 0xD6, 
	0x59, 0xCE, 0xF8, 0xC5, 0xB6, 0xB5, 0xB6, 0xB5, 0xB6, 0xB5, 0xD6, 0xB5, 0xD6, 0xB5, 0xD7, 0xBD, 
	0xD7, 0xBD, 0xFF, 0xFF, 0x04, 0x00, 0xF7, 0xBD, 0xD6, 0xBD, 0x96, 0xB5, 0x75, 0xB5, 0x75, 0xB5, 
	0x95, 0xB5, 0x95, 0xB5, 0xB6, 0xBD, 0xD6, 0xBD, 0xD6, 0xBD, 0xD7, 0xBD, 0xF7, 0xC5, 0xF7, 0xC5, 
	0x17, 0xCE, 0x17, 0xC6, 0x17, 0xCE, 0x17, 0xCE, 0x18, 0xCE, 0x18, 0xCE, 0x18, 0xCE, 0xFF, 0xFF, 
	0x04, 0x00, 0x38, 0xCE, 0x58, 0xD6, 0x58, 0xD6, 0x58, 0xD6, 0xFF, 0xFF, 0x04, 0x00, 0x59, 0xD6, 
	0x79, 0xD6, 0x79, 0xD6, 0x79, 0xD6, 0x79, 0xDE, 0x79, 0xDE, 0xFF, 0xFF, 0x05, 0x00, 0x99, 0xDE, 
	0x99, 0xD6, 0x99, 0xD6, 0x9A, 0xDE, 0x99, 0xDE, 0xBA, 0xDE, 0xBA, 0xDE, 0x9A, 0xDE, 0x9A, 0xDE, 
	0x9A, 0xDE, 0xFF, 0xFF, 0x03, 0x00, 0xBA, 0xDE, 0x9A, 0xDE, 0x9A, 0xDE, 0xBA, 0xDE, 0x9A, 0xDE, 
	0xBA, 0xDE, 0xBA, 0xDE, 0xFF, 0xFF, 0x03, 0x00, 0x9A, 0xDE, 0xFF, 0xFF, 0x0D, 0x00, 0x9A, 0xD6, 
	0xFF, 0xFF, 0x04, 0x00, 0x9A, 0xDE, 0x9A, 0xD6, 0x9A, 0xD6, 0x9A, 0xD6, 0xFF, 0xFF, 0x03, 0x00, 
	0x9A, 0xDE, 0x9A, 0xD6, 0xFF, 0xFF, 0x0B, 0x00, 0x9A, 0xDE, 0x9A, 0xD6, 0x79, 0xD6, 0x9A, 0xD6, 
	0x99, 0xD6, 0x99, 0xD6, 0x9A, 0xD6, 0xFF, 0xFF, 0x05, 0x00, 0x79, 0xD6, 0x79, 0xDE, 0x79, 0xDE, 
	0xFF, 0xFF, 0x04, 0x00, 0x79, 0xD6, 0x58, 0xD6, 0x58, 0xCE, 0x58, 0xD6, 0xFF, 0xFF, 0x04, 0x00, 
	0x38, 0xCE, 0x38, 0xD6, 0x38, 0xCE, 0x18, 0xCE, 0x18, 0xCE, 0xFF, 0xFF, 0x06, 0x00, 0x38, 0xCE, 
	0x18, 0xCE, 0x18, 0xCE, 0x38, 0xCE, 0x18, 0xCE, 0x18, 0xCE, 0x17, 0xCE, 0x17, 0xCE, 0xF7, 0xC5, 
	0x17, 0xCE, 0xF7, 0xC5, 0xD7, 0xC5, 0xD7, 0xC5, 0x9A, 0xD6, 0xFC, 0xDE, 0xFF, 0xFF, 0xE2, 0x01, 
	0xDB, 0xDE, 0xBB, 0xD6, 0x7A, 0xCE, 0x59, 0xCE, 0x59, 0xC6, 0x59, 0xCE, 0x59, 0xCE, 0xFF, 0xFF, 
	0x06, 0x00, 0x7A, 0xCE, 0x39, 0xC6, 0xF8, 0xBD, 0xFF, 0xFF, 0x0C, 0x00, 0xD7, 0xBD, 0xF7, 0xBD, 
	0xF8, 0xBD, 0xF8, 0xC5, 0xFF, 0xFF, 0x03, 0x00, 0x18, 0xC6, 0x17, 0xCE, 0x38, 0xCE, 0x38, 0xCE, 
	0x59, 0xD6, 0x79, 0xD6, 0x78, 0xD6, 0x78, 0xD6, 0xFF, 0xFF, 0x03, 0x00, 0x79, 0xD6, 0x99, 0xD6, 
	0x99, 0xD6, 0x79, 0xD6, 0x79, 0xD6, 0x9A, 0xD6, 0x9A, 0xD6, 0xFF, 0xFF, 0x12, 0x00, 0xBA, 0xDE, 
	0xFF, 0xFF, 0x03, 0x00, 0xBA, 0xE6, 0xBA, 0xDE, 0xBA, 0xE6, 0xBA, 0xE6, 0xFF, 0xFF, 0x07, 0x00, 
	0xBA, 0xDE, 0x9A, 0xDE, 0xBA, 0xDE, 0xFF, 0xFF, 0x0C, 0x00, 0x9A, 0xDE, 0x7A, 0xDE, 0x7A, 0xDE, 
	0x7A, 0xDE, 0x9A, 0xDE, 0x7A, 0xDE, 0xFF, 0xFF, 0x07, 0x00, 0x79, 0xD6, 0x59, 0xD6, 0x59, 0xD6, 
	0xFF, 0xFF, 0x06, 0x00, 0x79, 0xD6, 0x59, 0xD6, 0x59, 0xD6, 0x59, 0xD6, 0x59, 0xCE, 0x59, 0xCE, 
	0x38, 0xCE, 0x59, 0xCE, 0xFF, 0xFF, 0x0B, 0x00, 0x38, 0xCE, 0x18, 0xCE, 0x18, 0xCE, 0xF8, 0xCD, 
	0xF8, 0xCD, 0x18, 0xCE, 0x18, 0xCE, 0x17, 0xCE, 0xFF, 0xFF, 0x03, 0x00, 0xF7, 0xCD, 0xD6, 0xC5, 
	0xD7, 0xBD, 0xBB, 0xD6, 0xFC, 0xDE, 0xFF, 0xFF, 0xEF, 0x01, 0xDB, 0xDE, 0x9A, 0xD6, 0x59, 0xCE, 
	0x18, 0xC6, 0x18, 0xC6, 0x18, 0xC6, 0x38, 0xC6, 0x38, 0xC6, 0xFF, 0xFF, 0x03, 0x00, 0x39, 0xC6, 
	0x38, 0xC6, 0x18, 0xC6, 0xF8, 0xBD, 0xF7, 0xBD, 0xF7, 0xBD, 0xFF, 0xFF, 0x08, 0x00, 0xD7, 0xBD, 
	0xF7, 0xBD, 0xF7, 0xBD, 0xD7, 0xBD, 0xF7, 0xBD, 0xF7, 0xBD, 0xF7, 0xC5, 0xF8, 0xC5, 0x18, 0xC6, 
	0x17, 0xC6, 0x18, 0xC6, 0x18, 0xC6, 0x18, 0xC6, 0xFF, 0xFF, 0x03, 0x00, 0x39, 0xCE, 0x38, 0xC6, 
	0x38, 0xCE, 0xFF, 0xFF, 0x04, 0x00, 0x59, 0xCE, 0x79, 0xD6, 0x99, 0xD6, 0x99, 0xD6, 0x99, 0xD6, 
	0x9A, 0xD6, 0xFF, 0xFF, 0x04, 0x00, 0xBA, 0xDE, 0xFF, 0xFF, 0x04, 0x00, 0xDA, 0xDE, 0xDB, 0xE6, 
	0xDB, 0xE6, 0xDA, 0xE6, 0xBA, 0xDE, 0xBA, 0xDE, 0xBA, 0xDE, 0xDA, 0xE6, 0xBA, 0xDE, 0xDA, 0xE6, 
	0xDA, 0xE6, 0xBA, 0xE6, 0xDA, 0xE6, 0xDA, 0xE6, 0xFF, 0xFF, 0x0A, 0x00, 0xBA, 0xDE, 0xFF, 0xFF, 
	0x05, 0x00, 0x9A, 0xDE, 0x9A, 0xD6, 0x99, 0xD6, 0x99, 0xDE, 0x9A, 0xDE, 0x99, 0xDE, 0x79, 0xDE, 
	0x99, 0xDE, 0x99, 0xDE, 0xFF, 0xFF, 0x03, 0x00, 0x79, 0xDE, 0xFF, 0xFF, 0x03, 0x00, 0x79, 0xD6, 
	0xFF, 0xFF, 0x04, 0x00, 0x59, 0xD6, 0x39, 0xD6, 0x38, 0xCE, 0x38, 0xCE, 0x38, 0xCE, 0xFF, 0xFF, 
	0x03, 0x00, 0x18, 0xCE, 0x38, 0xCE, 0x38, 0xCE, 0xFF, 0xFF, 0x03, 0x00, 0x18, 0xCE, 0xF7, 0xCD, 
	0xF7, 0xCD, 0x17, 0xCE, 0x18, 0xCE, 0xF7, 0xCD, 0xF7, 0xCD, 0xFF, 0xFF, 0x05, 0x00, 0xF7, 0xC5, 
	0xB6, 0xC5, 0xD7, 0xC5, 0xBB, 0xD6, 0xFC, 0xDE, 0xFF, 0xFF, 0xF0, 0x01, 0xDB, 0xDE, 0xBB, 0xD6, 
	0xFF, 0xFF, 0x04, 0x00, 0x9A, 0xD6, 0xBA, 0xD6, 0xFF, 0xFF, 0x03, 0x00, 0xBB, 0xD6, 0x9A, 0xD6, 
	0x79, 0xCE, 0x59, 0xCE, 0x59, 0xCE, 0x39, 0xCE, 0x39, 0xC6, 0x39, 0xC6, 0x39, 0xC6, 0x59, 0xCE, 
	0x59, 0xCE, 0xFF, 0xFF, 0x05, 0x00, 0x7A, 0xCE, 0x5A, 0xCE, 0x59, 0xCE, 0x39, 0xC6, 0x39, 0xC6, 
	0x39, 0xC6, 0x38, 0xC6, 0x38, 0xC6, 0x39, 0xC6, 0x59, 0xCE, 0x59, 0xCE, 0x59, 0xCE, 0x39, 0xCE, 
	0x39, 0xC6, 0x38, 0xC6, 0x38, 0xC6, 0xFF, 0xFF, 0x08, 0x00, 0x18, 0xC6, 0xFF, 0xFF, 0x0D, 0x00, 
	0x38, 0xC6, 0x58, 0xCE, 0x59, 0xCE, 0xFF, 0xFF, 0x04, 0x00, 0x79, 0xCE, 0xFF, 0xFF, 0x04, 0x00, 
	0x79, 0xD6, 0x9A, 0xD6, 0x9A, 0xD6, 0x9A, 0xD6, 0xBA, 0xDE, 0xBA, 0xDE, 0xBA, 0xDE, 0xDA, 0xDE, 
	0xDB, 0xDE, 0xBA, 0xDE, 0xBA, 0xDE, 0xDB, 0xDE, 0xDA, 0xDE, 0xDB, 0xDE, 0xDB, 0xDE, 0xDB, 0xDE, 
	0xDA, 0xDE, 0xDB, 0xE6, 0xDA, 0xE6, 0xBA, 0xE6, 0xFF, 0xFF, 0x03, 0x00, 0xDA, 0xE6, 0xBA, 0xE6, 
	0xBA, 0xDE, 0xBA, 0xDE, 0xFF, 0xFF, 0x03, 0x00, 0x9A, 0xDE, 0xFF, 0xFF, 0x04, 0x00, 0x79, 0xD6, 
	0x7A, 0xD6, 0x79, 0xD6, 0x79, 0xD6, 0x79, 0xD6, 0xFF, 0xFF, 0x03, 0x00, 0x59, 0xD6, 0x38, 0xCE, 
	0x38, 0xCE, 0x38, 0xD6, 0x38, 0xD6, 0x38, 0xCE, 0x38, 0xCE, 0x38, 0xCE, 0x18, 0xCE, 0x18, 0xCE, 
	0x18, 0xCE, 0x17, 0xCE, 0xF7, 0xCD, 0xF7, 0xC5, 0xF7, 0xC5, 0x17, 0xCE, 0x17, 0xCE, 0xF6, 0xC5, 
	0xF6, 0xC5, 0xF7, 0xC5, 0xB6, 0xC5, 0xF7, 0xC5, 0xBB, 0xD6, 0xDC, 0xDE, 0xFF, 0xFF, 0xFC, 0x01, 
	0xDB, 0xDE, 0xDB, 0xD6, 0xFF, 0xFF, 0x0B, 0x00, 0xBB, 0xD6, 0xDB, 0xD6, 0xDB, 0xDE, 0xDB, 0xDE, 
	0xDB, 0xD6, 0xDB, 0xD6, 0xFF, 0xFF, 0x09, 0x00, 0xBB, 0xD6, 0x9A, 0xD6, 0xFF, 0xFF, 0x03, 0x00, 
	0x7A, 0xCE, 0x79, 0xCE, 0x59, 0xCE, 0x59, 0xCE, 0x59, 0xC6, 0x59, 0xCE, 0x59, 0xCE, 0x59, 0xCE, 
	0xFF, 0xFF, 0x0B, 0x00, 0x59, 0xC6, 0x39, 0xC6, 0x38, 0xC6, 0x38, 0xC6, 0xFF, 0xFF, 0x13, 0x00, 
	0x18, 0xC6, 0x38, 0xC6, 0x39, 0xCE, 0x59, 0xCE, 0x59, 0xCE, 0x59, 0xCE, 0x38, 0xC6, 0x38, 0xC6, 
	0x17, 0xC6, 0x17, 0xC6, 0x37, 0xCE, 0x38, 0xCE, 0x38, 0xCE, 0x58, 0xCE, 0x58, 0xD6, 0x59, 0xD6, 
	0x59, 0xD6, 0x59, 0xD6, 0x79, 0xD6, 0x79, 0xD6, 0xFF, 0xFF, 0x05, 0x00, 0x9A, 0xD6, 0x9A, 0xDE, 
	0x9A, 0xD6, 0x9A, 0xDE, 0x9A, 0xDE, 0x9A, 0xDE, 0xBA, 0xDE, 0xBA, 0xDE, 0xBA, 0xDE, 0x9A, 0xDE, 
	0x9A, 0xDE, 0x99, 0xDE, 0x99, 0xDE, 0x79, 0xD6, 0x79, 0xD6, 0x59, 0xD6, 0x59, 0xD6, 0x58, 0xD6, 
	0x38, 0xCE, 0x38, 0xCE, 0x17, 0xCE, 0x17, 0xCE, 0xF7, 0xCD, 0x17, 0xCE, 0xF7, 0xC5, 0xF6, 0xC5, 
	0xD6, 0xC5, 0xB6, 0xC5, 0x96, 0xC5, 0xF7, 0xC5, 0xBB, 0xD6, 0xFF, 0xFF, 0x1B, 0x02, 0xDB, 0xDE, 
	0xDB, 0xD6, 0xDB, 0xD6, 0xDB, 0xD6, 0xDB, 0xDE, 0xDB, 0xDE, 0xFF, 0xFF, 0x09, 0x00, 0xDB, 0xD6, 
	0xFF, 0xFF, 0x07, 0x00, 0xBB, 0xD6, 0x9A, 0xD6, 0x9A, 0xCE, 0x9A, 0xCE, 0xFF, 0xFF, 0x05, 0x00, 
	0x7A, 0xCE, 0x59, 0xCE, 0x59, 0xC6, 0x39, 0xC6, 0x39, 0xC6, 0x38, 0xC6, 0x38, 0xC6, 0x18, 0xC6, 
	0x18, 0xBE, 0x18, 0xBE, 0x18, 0xBE, 0x18, 0xC6, 0x18, 0xC6, 0x18, 0xC6, 0xF8, 0xBD, 0x18, 0xC6, 
	0x59, 0xCE, 0x7A, 0xCE, 0x59, 0xCE, 0x59, 0xCE, 0x39, 0xC6, 0xFF, 0xFF, 0x07, 0x00, 0x38, 0xC6, 
	0x39, 0xCE, 0xFF, 0xFF, 0x0F, 0x00, 0x59, 0xCE, 0x38, 0xC6, 0x38, 0xCE, 0xFF, 0xFF, 0x06, 0x00, 
	0x17, 0xC6, 0x18, 0xCE, 0x18, 0xCE, 0x38, 0xCE, 0x18, 0xCE, 0x18, 0xC6, 0xFF, 0xFF, 0x04, 0x00, 
	0xF7, 0xC5, 0xD7, 0xC5, 0xD7, 0xC5, 0x38, 0xCE, 0xBB, 0xD6, 0xFF, 0xFF, 0x33, 0x02, 0xDB, 0xDE, 
	0xFF, 0xFF, 0x03, 0x00, 0xDB, 0xD6, 0xFF, 0xFF, 0x06, 0x00, 0xBB, 0xD6, 0xBA, 0xD6, 0xBA, 0xD6, 
	0xBA, 0xD6, 0xFF, 0xFF, 0x03, 0x00, 0x9A, 0xD6, 0xBA, 0xD6, 0x9A, 0xD6, 0x9A, 0xD6, 0x9A, 0xD6, 
	0xBB, 0xD6, 0xFF, 0xFF, 0x1D, 0x00, 0xDB, 0xDE, 0xBB, 0xD6, 0x38, 0xC6, 0xD7, 0xB5, 0xB6, 0xB5, 
	0xD6, 0xB5, 0xD7, 0xBD, 0xD7, 0xBD, 0xF7, 0xBD, 0xF7, 0xBD, 0x18, 0xC6, 0x59, 0xCE, 0x59, 0xCE, 
	0x79, 0xCE, 0x5A, 0xCE, 0x59, 0xCE, 0x59, 0xCE, 0x7A, 0xCE, 0x9A, 0xD6, 0xBB, 0xD6, 0x9A, 0xD6, 
	0x7A, 0xD6, 0x7A, 0xD6, 0xBB, 0xD6, 0xFF, 0xFF, 0x6B, 0x02, 0xDB, 0xDE, 0xFF, 0xFF, 0x04, 0x00, 
	0xDB, 0xD6, 0xFF, 0xFF, 0x04, 0x00, 0xDB, 0xDE, 0xBB, 0xD6, 0xBB, 0xD6, 0xBB, 0xD6, 0xFF, 0xFF, 
	0xFD, 0xFF, 0xDB, 0xDE, 0xFF, 0xFF, 0x7A, 0x1B, 0xDB, 0xDE
};


const _ipf_img_src_ osdenc_simplephoto = {
   .data_size = sizeof(simplephoto),
   .data = simplephoto
};

const unsigned char hairphoto[9142] = {
	0xFF, 0xFF, 0x3D, 0x9C, 0x00, 0x00, 0x01, 0x08, 0x65, 0x50, 0x65, 0x50, 0x01, 0x08, 0xFF, 0xFF, 
	0x7B, 0x02, 0x00, 0x00, 0x43, 0x30, 0x0E, 0xC1, 0xED, 0xB8, 0x43, 0x30, 0xFF, 0xFF, 0x7B, 0x02, 
	0x00, 0x00, 0x65, 0x50, 0x0F, 0xD1, 0x0F, 0xD1, 0x65, 0x50, 0xFF, 0xFF, 0x79, 0x02, 0x00, 0x00, 
	0x87, 0x68, 0x87, 0x68, 0x87, 0x68, 0x0F, 0xD1, 0x0F, 0xD1, 0x87, 0x68, 0x87, 0x68, 0x87, 0x68, 
	0xFF, 0xFF, 0x72, 0x02, 0x00, 0x00, 0x01, 0x08, 0x00, 0x00, 0x00, 0x00, 0x00, 0x00, 0x01, 0x08, 
	0xA9, 0x80, 0x87, 0x68, 0x87, 0x68, 0x0F, 0xD1, 0x0F, 0xD1, 0x87, 0x68, 0x87, 0x68, 0xA9, 0x80, 
	0x01, 0x08, 0x00, 0x00, 0x00, 0x00, 0x00, 0x00, 0x01, 0x08, 0xFF, 0xFF, 0x66, 0x02, 0x00, 0x00, 
	0x86, 0x58, 0x22, 0x18, 0x01, 0x08, 0xFF, 0xFF, 0x03, 0x00, 0x00, 0x00, 0xCB, 0x98, 0x22, 0x28, 
	0xCA, 0x90, 0x00, 0x00, 0x43, 0x30, 0x0F, 0xD1, 0x87, 0x68, 0x87, 0x68, 0x0F, 0xD1, 0x0F, 0xD1, 
	0x87, 0x68, 0x87, 0x68, 0x0F, 0xD1, 0x43, 0x30, 0x00, 0x00, 0xCA, 0x90, 0x22, 0x28, 0xCB, 0x98, 
	0xFF, 0xFF, 0x03, 0x00, 0x00, 0x00, 0x01, 0x08, 0x22, 0x18, 0x86, 0x58, 0xFF, 0xFF, 0x5E, 0x02, 
	0x00, 0x00, 0x43, 0x30, 0xA9, 0x80, 0xA9, 0x80, 0x87, 0x68, 0x86, 0x58, 0x00, 0x00, 0x00, 0x00, 
	0x22, 0x18, 0xCB, 0x98, 0xA8, 0x78, 0xED, 0xB8, 0x00, 0x00, 0x87, 0x68, 0x0F, 0xD1, 0x87, 0x68, 
	0x87, 0x68, 0x0F, 0xD1, 0x0F, 0xD1, 0x87, 0x68, 0x87, 0x68, 0x0F, 0xD1, 0x87, 0x68, 0x00, 0x00, 
	0xED, 0xB8, 0xA8, 0x78, 0xCB, 0x98, 0x22, 0x18, 0x00, 0x00, 0x00, 0x00, 0x86, 0x58, 0x86, 0x58, 
	0xA9, 0x80, 0xA9, 0x80, 0x44, 0x40, 0xFF, 0xFF, 0x5D, 0x02, 0x00, 0x00, 0xA8, 0x78, 0xED, 0xB8, 
	0x0E, 0xC1, 0x43, 0x30, 0x0F, 0xD1, 0x00, 0x00, 0x44, 0x40, 0xED, 0xB8, 0xCB, 0x98, 0xED, 0xB8, 
	0x0F, 0xD1, 0x22, 0x28, 0x87, 0x68, 0x0F, 0xD1, 0x87, 0x68, 0x87, 0x68, 0x0F, 0xD1, 0x0F, 0xD1, 
	0x87, 0x68, 0x87, 0x68, 0x0F, 0xD1, 0x87, 0x68, 0x22, 0x28, 0x0F, 0xD1, 0xED, 0xB8, 0xCB, 0x98, 
	0xEC, 0xA8, 0x44, 0x40, 0x00, 0x00, 0x0F, 0xD1, 0x43, 0x30, 0x0E, 0xC1, 0xED, 0xB8, 0xA8, 0x78, 
	0xFF, 0xFF, 0x5D, 0x02, 0x00, 0x00, 0xEC, 0xA8, 0x0F, 0xD1, 0x0F, 0xD1, 0x43, 0x30, 0x0F, 0xD1, 
	0xCA, 0x90, 0xCA, 0x90, 0xCA, 0x90, 0xA8, 0x78, 0x0F, 0xD1, 0x0F, 0xD1, 0x43, 0x30, 0x87, 0x68, 
	0x0F, 0xD1, 0x87, 0x68, 0x87, 0x68, 0x0F, 0xD1, 0x0F, 0xD1, 0x87, 0x68, 0x87, 0x68, 0x0F, 0xD1, 
	0x87, 0x68, 0x43, 0x30, 0x0F, 0xD1, 0x0F, 0xD1, 0xCB, 0x98, 0xCA, 0x90, 0xCA, 0x90, 0xCA, 0x90, 
	0x0F, 0xD1, 0x43, 0x30, 0x0F, 0xD1, 0x0F, 0xD1, 0xEC, 0xA8, 0xFF, 0xFF, 0x5A, 0x02, 0x00, 0x00, 
	0x86, 0x58, 0x65, 0x50, 0xFF, 0xFF, 0x03, 0x00, 0x0F, 0xD1, 0x87, 0x68, 0x0F, 0xD1, 0x0F, 0xD1, 
	0x0F, 0xD1, 0x87, 0x68, 0x87, 0x68, 0x0F, 0xD1, 0x0F, 0xD1, 0x00, 0x00, 0xCA, 0x90, 0x0F, 0xD1, 
	0x87, 0x68, 0x87, 0x68, 0x0F, 0xD1, 0x0F, 0xD1, 0x87, 0x68, 0x87, 0x68, 0x0F, 0xD1, 0xCA, 0x90, 
	0x00, 0x00, 0x0F, 0xD1, 0x0F, 0xD1, 0x87, 0x68, 0x87, 0x68, 0x0F, 0xD1, 0x0F, 0xD1, 0x0F, 0xD1, 
	0x87, 0x68, 0xFF, 0xFF, 0x03, 0x00, 0x0F, 0xD1, 0x65, 0x50, 0x86, 0x58, 0xFF, 0xFF, 0x57, 0x02, 
	0x00, 0x00, 0xA9, 0x80, 0xEC, 0xA8, 0x0E, 0xC1, 0x0F, 0xD1, 0xED, 0xB8, 0x0F, 0xD1, 0xED, 0xB8, 
	0x0F, 0xD1, 0x0F, 0xD1, 0x0F, 0xD1, 0x43, 0x30, 0xA9, 0x80, 0x0F, 0xD1, 0xED, 0xB8, 0x00, 0x00, 
	0xCB, 0x98, 0x0F, 0xD1, 0x87, 0x68, 0x87, 0x68, 0x0F, 0xD1, 0x0F, 0xD1, 0x87, 0x68, 0x87, 0x68, 
	0x0F, 0xD1, 0xCB, 0x98, 0x00, 0x00, 0xED, 0xB8, 0x0F, 0xD1, 0xA9, 0x80, 0x43, 0x30, 0x0F, 0xD1, 
	0x0F, 0xD1, 0x0F, 0xD1, 0xED, 0xB8, 0x0F, 0xD1, 0xED, 0xB8, 0x0F, 0xD1, 0x0F, 0xD1, 0xEC, 0xA8, 
	0xA9, 0x80, 0xFF, 0xFF, 0x57, 0x02, 0x00, 0x00, 0xCB, 0x98, 0x0F, 0xD1, 0xED, 0xB8, 0x0F, 0xD1, 
	0xEC, 0xA8, 0xFF, 0xFF, 0x04, 0x00, 0x0F, 0xD1, 0x01, 0x08, 0x0E, 0xC1, 0x0F, 0xD1, 0xCB, 0x98, 
	0x00, 0x00, 0x0F, 0xD1, 0x0F, 0xD1, 0x87, 0x68, 0xCA, 0x90, 0x0F, 0xD1, 0x0F, 0xD1, 0xCA, 0x90, 
	0x87, 0x68, 0x0F, 0xD1, 0x0F, 0xD1, 0x00, 0x00, 0xCB, 0x98, 0x0F, 0xD1, 0x0E, 0xC1, 0x01, 0x08, 
	0xFF, 0xFF, 0x04, 0x00, 0x0F, 0xD1, 0xCB, 0x98, 0x0F, 0xD1, 0xEC, 0xA8, 0x0F, 0xD1, 0xCB, 0x98, 
	0xFF, 0xFF, 0x51, 0x02, 0x00, 0x00, 0x86, 0x58, 0xCA, 0x90, 0x00, 0x00, 0x86, 0x58, 0x44, 0x40, 
	0x00, 0x00, 0xED, 0xB8, 0x0E, 0xC1, 0xCB, 0x98, 0x0E, 0xC1, 0xCA, 0x90, 0xFF, 0xFF, 0x03, 0x00, 
	0x0F, 0xD1, 0xED, 0xB8, 0x44, 0x40, 0x0F, 0xD1, 0x0F, 0xD1, 0x87, 0x68, 0x01, 0x08, 0x0F, 0xD1, 
	0x0F, 0xD1, 0x87, 0x68, 0xCB, 0x98, 0x0F, 0xD1, 0x0F, 0xD1, 0xCB, 0x98, 0x87, 0x68, 0x0F, 0xD1, 
	0x0F, 0xD1, 0x01, 0x08, 0x87, 0x68, 0x0F, 0xD1, 0x0F, 0xD1, 0x44, 0x40, 0xED, 0xB8, 0xFF, 0xFF, 
	0x03, 0x00, 0x0F, 0xD1, 0xCA, 0x90, 0x0E, 0xC1, 0xCB, 0x98, 0x0E, 0xC1, 0x0E, 0xC1, 0x00, 0x00, 
	0x44, 0x40, 0x86, 0x58, 0x00, 0x00, 0xCA, 0x90, 0x86, 0x58, 0xFF, 0xFF, 0x4B, 0x02, 0x00, 0x00, 
	0xCA, 0x90, 0xCB, 0x98, 0x00, 0x00, 0xEC, 0xA8, 0x87, 0x68, 0x00, 0x00, 0x0F, 0xD1, 0xCA, 0x90, 
	0x0F, 0xD1, 0xA9, 0x80, 0xEC, 0xA8, 0x0F, 0xD1, 0xED, 0xB8, 0x0F, 0xD1, 0x0F, 0xD1, 0xCA, 0x90, 
	0xA9, 0x80, 0x0F, 0xD1, 0x0F, 0xD1, 0x65, 0x50, 0x43, 0x30, 0x0F, 0xD1, 0x0F, 0xD1, 0x87, 0x68, 
	0xED, 0xB8, 0x0F, 0xD1, 0x0F, 0xD1, 0xED, 0xB8, 0x87, 0x68, 0x0F, 0xD1, 0x0F, 0xD1, 0x43, 0x30, 
	0x65, 0x50, 0x0F, 0xD1, 0x0F, 0xD1, 0xA9, 0x80, 0xCA, 0x90, 0x0F, 0xD1, 0x0F, 0xD1, 0xED, 0xB8, 
	0x0F, 0xD1, 0xEC, 0xA8, 0xA9, 0x80, 0x0F, 0xD1, 0xCA, 0x90, 0x0F, 0xD1, 0x01, 0x08, 0x87, 0x68, 
	0xED, 0xB8, 0x00, 0x00, 0xCB, 0x98, 0xCA, 0x90, 0xFF, 0xFF, 0x4B, 0x02, 0x00, 0x00, 0xEC, 0xA8, 
	0xCB, 0x98, 0x22, 0x28, 0x0F, 0xD1, 0x87, 0x68, 0x43, 0x30, 0x0F, 0xD1, 0xCA, 0x90, 0x0F, 0xD1, 
	0x65, 0x50, 0x0F, 0xD1, 0x0F, 0xD1, 0xCB, 0x98, 0x0F, 0xD1, 0x0F, 0xD1, 0x86, 0x58, 0xED, 0xB8, 
	0x0F, 0xD1, 0x0F, 0xD1, 0x43, 0x30, 0x87, 0x68, 0x0F, 0xD1, 0x0F, 0xD1, 0x87, 0x68, 0xFF, 0xFF, 
	0x03, 0x00, 0x0F, 0xD1, 0x87, 0x68, 0x0F, 0xD1, 0x0F, 0xD1, 0x87, 0x68, 0x43, 0x30, 0x0F, 0xD1, 
	0x0F, 0xD1, 0x0E, 0xC1, 0x86, 0x58, 0x0F, 0xD1, 0x0F, 0xD1, 0xCB, 0x98, 0x0F, 0xD1, 0x0F, 0xD1, 
	0x65, 0x50, 0x0F, 0xD1, 0xCA, 0x90, 0x0F, 0xD1, 0x44, 0x40, 0x87, 0x68, 0x0F, 0xD1, 0x22, 0x28, 
	0xCB, 0x98, 0xEC, 0xA8, 0xFF, 0xFF, 0x47, 0x02, 0x00, 0x00, 0x44, 0x40, 0x22, 0x28, 0xED, 0xB8, 
	0x00, 0x00, 0x0F, 0xD1, 0xCB, 0x98, 0xA9, 0x80, 0x0F, 0xD1, 0x87, 0x68, 0xA9, 0x80, 0x0E, 0xC1, 
	0xA9, 0x80, 0x0F, 0xD1, 0x44, 0x40, 0x0F, 0xD1, 0x0F, 0xD1, 0xCB, 0x98, 0x0F, 0xD1, 0x0F, 0xD1, 
	0x65, 0x50, 0x0F, 0xD1, 0x0F, 0xD1, 0x0F, 0xD1, 0x00, 0x00, 0xCA, 0x90, 0x0F, 0xD1, 0x0F, 0xD1, 
	0xA8, 0x78, 0xFF, 0xFF, 0x03, 0x00, 0x0F, 0xD1, 0xA9, 0x80, 0x0F, 0xD1, 0x0F, 0xD1, 0xCB, 0x98, 
	0x00, 0x00, 0x0F, 0xD1, 0x0F, 0xD1, 0x0F, 0xD1, 0x65, 0x50, 0x0F, 0xD1, 0x0F, 0xD1, 0xCB, 0x98, 
	0x0F, 0xD1, 0x0F, 0xD1, 0x44, 0x40, 0x0F, 0xD1, 0xCA, 0x90, 0x0E, 0xC1, 0xA9, 0x80, 0x87, 0x68, 
	0x0F, 0xD1, 0xA9, 0x80, 0xCB, 0x98, 0x0F, 0xD1, 0x00, 0x00, 0xEC, 0xA8, 0x22, 0x28, 0x44, 0x40, 
	0xFF, 0xFF, 0x42, 0x02, 0x00, 0x00, 0x43, 0x30, 0xA9, 0x80, 0xCA, 0x90, 0x0F, 0xD1, 0x22, 0x28, 
	0x0F, 0xD1, 0xCB, 0x98, 0xEC, 0xA8, 0x0F, 0xD1, 0x65, 0x50, 0x0F, 0xD1, 0xCB, 0x98, 0x0E, 0xC1, 
	0xED, 0xB8, 0x44, 0x40, 0x0F, 0xD1, 0xEC, 0xA8, 0x0E, 0xC1, 0x0F, 0xD1, 0x0E, 0xC1, 0xA8, 0x78, 
	0x0F, 0xD1, 0x0F, 0xD1, 0xED, 0xB8, 0x00, 0x00, 0x0E, 0xC1, 0x0F, 0xD1, 0x0F, 0xD1, 0xCB, 0x98, 
	0xFF, 0xFF, 0x03, 0x00, 0x0F, 0xD1, 0xCB, 0x98, 0x0F, 0xD1, 0x0F, 0xD1, 0x0E, 0xC1, 0x00, 0x00, 
	0xED, 0xB8, 0x0F, 0xD1, 0x0F, 0xD1, 0xA8, 0x78, 0xED, 0xB8, 0x0F, 0xD1, 0x0E, 0xC1, 0xEC, 0xA8, 
	0x0F, 0xD1, 0x65, 0x50, 0xEC, 0xA8, 0x0F, 0xD1, 0xEC, 0xA8, 0x0F, 0xD1, 0x44, 0x40, 0x0F, 0xD1, 
	0xEC, 0xA8, 0xCB, 0x98, 0x0F, 0xD1, 0x22, 0x28, 0x0F, 0xD1, 0xCA, 0x90, 0xA8, 0x78, 0x43, 0x30, 
	0xFF, 0xFF, 0x3F, 0x02, 0x00, 0x00, 0x43, 0x30, 0x43, 0x30, 0x87, 0x68, 0x87, 0x68, 0x0E, 0xC1, 
	0xEC, 0xA8, 0x65, 0x50, 0x0F, 0xD1, 0x0F, 0xD1, 0xCB, 0x98, 0x0F, 0xD1, 0xCA, 0x90, 0x0F, 0xD1, 
	0xEC, 0xA8, 0x0F, 0xD1, 0xA8, 0x78, 0x87, 0x68, 0x0F, 0xD1, 0xCB, 0x98, 0x0F, 0xD1, 0x0F, 0xD1, 
	0xA9, 0x80, 0xED, 0xB8, 0x0F, 0xD1, 0x0F, 0xD1, 0xCB, 0x98, 0x22, 0x28, 0x0F, 0xD1, 0x0F, 0xD1, 
	0x0F, 0xD1, 0xED, 0xB8, 0xFF, 0xFF, 0x03, 0x00, 0x0F, 0xD1, 0xED, 0xB8, 0x0F, 0xD1, 0x0F, 0xD1, 
	0x0F, 0xD1, 0x22, 0x28, 0xCB, 0x98, 0x0F, 0xD1, 0x0F, 0xD1, 0x0E, 0xC1, 0xA9, 0x80, 0x0F, 0xD1, 
	0x0F, 0xD1, 0xEC, 0xA8, 0x0F, 0xD1, 0x87, 0x68, 0xA8, 0x78, 0x0F, 0xD1, 0xEC, 0xA8, 0x0F, 0xD1, 
	0xCA, 0x90, 0x0F, 0xD1, 0xA9, 0x80, 0x0F, 0xD1, 0x0F, 0xD1, 0x65, 0x50, 0xEC, 0xA8, 0x0E, 0xC1, 
	0x87, 0x68, 0x87, 0x68, 0x22, 0x28, 0x43, 0x30, 0xFF, 0xFF, 0x3C, 0x02, 0x00, 0x00, 0xA9, 0x80, 
	0xA9, 0x80, 0x87, 0x68, 0xCB, 0x98, 0xA9, 0x80, 0x0F, 0xD1, 0xCB, 0x98, 0x87, 0x68, 0x0F, 0xD1, 
	0x0F, 0xD1, 0x86, 0x58, 0xFF, 0xFF, 0x04, 0x00, 0x0F, 0xD1, 0x44, 0x40, 0xCB, 0x98, 0x0F, 0xD1, 
	0xED, 0xB8, 0x0F, 0xD1, 0x0F, 0xD1, 0xCA, 0x90, 0x0F, 0xD1, 0x0F, 0xD1, 0x0F, 0xD1, 0xCB, 0x98, 
	0x86, 0x58, 0xFF, 0xFF, 0x0B, 0x00, 0x0F, 0xD1, 0x87, 0x68, 0xCB, 0x98, 0x0F, 0xD1, 0x0F, 0xD1, 
	0x0F, 0xD1, 0xA9, 0x80, 0x0F, 0xD1, 0x0F, 0xD1, 0xED, 0xB8, 0x0F, 0xD1, 0xCB, 0x98, 0x44, 0x40, 
	0xFF, 0xFF, 0x04, 0x00, 0x0F, 0xD1, 0x65, 0x50, 0x0F, 0xD1, 0x0F, 0xD1, 0x87, 0x68, 0xCB, 0x98, 
	0x0F, 0xD1, 0xA9, 0x80, 0xCB, 0x98, 0x87, 0x68, 0xA9, 0x80, 0xA9, 0x80, 0xFF, 0xFF, 0x3B, 0x02, 
	0x00, 0x00, 0xCB, 0x98, 0xEC, 0xA8, 0x86, 0x58, 0x0E, 0xC1, 0xED, 0xB8, 0x0F, 0xD1, 0xCB, 0x98, 
	0xCB, 0x98, 0x0F, 0xD1, 0xED, 0xB8, 0x87, 0x68, 0xFF, 0xFF, 0x04, 0x00, 0x0F, 0xD1, 0x22, 0x18, 
	0x0E, 0xC1, 0x0F, 0xD1, 0xED, 0xB8, 0x0F, 0xD1, 0x0F, 0xD1, 0xCA, 0x90, 0x0F, 0xD1, 0xED, 0xB8, 
	0x0F, 0xD1, 0xEC, 0xA8, 0x0E, 0xC1, 0x0F, 0xD1, 0x0F, 0xD1, 0x0F, 0xD1, 0x0E, 0xC1, 0xFF, 0xFF, 
	0x03, 0x00, 0x0F, 0xD1, 0x0E, 0xC1, 0x0F, 0xD1, 0x0F, 0xD1, 0x0F, 0xD1, 0x0E, 0xC1, 0xEC, 0xA8, 
	0x0F, 0xD1, 0xED, 0xB8, 0x0F, 0xD1, 0xCA, 0x90, 0x0F, 0xD1, 0x0F, 0xD1, 0x0E, 0xC1, 0x0F, 0xD1, 
	0x0E, 0xC1, 0x01, 0x08, 0xFF, 0xFF, 0x04, 0x00, 0x0F, 0xD1, 0x87, 0x68, 0xEC, 0xA8, 0x0F, 0xD1, 
	0xCB, 0x98, 0xCB, 0x98, 0x0F, 0xD1, 0xED, 0xB8, 0x0E, 0xC1, 0x65, 0x50, 0xEC, 0xA8, 0xCB, 0x98, 
	0xFF, 0xFF, 0x39, 0x02, 0x00, 0x00, 0x22, 0x28, 0x22, 0x18, 0xCB, 0x98, 0x0F, 0xD1, 0xEC, 0xA8, 
	0x0F, 0xD1, 0x0F, 0xD1, 0x0F, 0xD1, 0xCB, 0x98, 0xED, 0xB8, 0x0F, 0xD1, 0xA8, 0x78, 0xA8, 0x78, 
	0xFF, 0xFF, 0x03, 0x00, 0x0F, 0xD1, 0xED, 0xB8, 0x22, 0x18, 0x0F, 0xD1, 0x0E, 0xC1, 0x0F, 0xD1, 
	0x0F, 0xD1, 0xEC, 0xA8, 0x0E, 0xC1, 0x0F, 0xD1, 0xEC, 0xA8, 0xFF, 0xFF, 0x11, 0x00, 0x0F, 0xD1, 
	0xEC, 0xA8, 0x0F, 0xD1, 0x0E, 0xC1, 0xED, 0xB8, 0x0F, 0xD1, 0x0F, 0xD1, 0x0E, 0xC1, 0x0F, 0xD1, 
	0x22, 0x18, 0xED, 0xB8, 0xFF, 0xFF, 0x03, 0x00, 0x0F, 0xD1, 0xA9, 0x80, 0x87, 0x68, 0x0F, 0xD1, 
	0x0E, 0xC1, 0xCB, 0x98, 0x0F, 0xD1, 0x0F, 0xD1, 0x0F, 0xD1, 0xEC, 0xA8, 0x0F, 0xD1, 0xEC, 0xA8, 
	0x22, 0x18, 0x22, 0x28, 0xFF, 0xFF, 0x37, 0x02, 0x00, 0x00, 0xA8, 0x78, 0xCB, 0x98, 0xFF, 0xFF, 
	0x05, 0x00, 0x0F, 0xD1, 0xCA, 0x90, 0x0F, 0xD1, 0x0F, 0xD1, 0x86, 0x58, 0xEC, 0xA8, 0xFF, 0xFF, 
	0x03, 0x00, 0x0F, 0xD1, 0xA9, 0x80, 0x65, 0x50, 0xFF, 0xFF, 0x03, 0x00, 0x0F, 0xD1, 0xED, 0xB8, 
	0x0F, 0xD1, 0xED, 0xB8, 0xFF, 0xFF, 0x13, 0x00, 0x0F, 0xD1, 0xED, 0xB8, 0x0F, 0xD1, 0xED, 0xB8, 
	0xFF, 0xFF, 0x03, 0x00, 0x0F, 0xD1, 0x65, 0x50, 0xA9, 0x80, 0xFF, 0xFF, 0x03, 0x00, 0x0F, 0xD1, 
	0xEC, 0xA8, 0x65, 0x50, 0x0F, 0xD1, 0x0F, 0xD1, 0xCA, 0x90, 0xFF, 0xFF, 0x05, 0x00, 0x0F, 0xD1, 
	0xCA, 0x90, 0xA8, 0x78, 0xFF, 0xFF, 0x36, 0x02, 0x00, 0x00, 0x22, 0x18, 0xEC, 0xA8, 0xEC, 0xA8, 
	0x0F, 0xD1, 0x0F, 0xD1, 0x0E, 0xC1, 0x0F, 0xD1, 0x0F, 0xD1, 0x0F, 0xD1, 0xCB, 0x98, 0x0F, 0xD1, 
	0x0F, 0xD1, 0x44, 0x40, 0xFF, 0xFF, 0x04, 0x00, 0x0F, 0xD1, 0x86, 0x58, 0xCA, 0x90, 0xFF, 0xFF, 
	0x03, 0x00, 0x0F, 0xD1, 0x0E, 0xC1, 0x0F, 0xD1, 0xEC, 0xA8, 0xFF, 0xFF, 0x13, 0x00, 0x0F, 0xD1, 
	0xCB, 0x98, 0x0F, 0xD1, 0x0E, 0xC1, 0xFF, 0xFF, 0x03, 0x00, 0x0F, 0xD1, 0xCA, 0x90, 0x86, 0x58, 
	0xFF, 0xFF, 0x04, 0x00, 0x0F, 0xD1, 0x44, 0x40, 0x0F, 0xD1, 0x0F, 0xD1, 0xCB, 0x98, 0x0F, 0xD1, 
	0x0F, 0xD1, 0x0F, 0xD1, 0x0E, 0xC1, 0x0F, 0xD1, 0x0F, 0xD1, 0xED, 0xB8, 0xEC, 0xA8, 0x22, 0x18, 
	0xFF, 0xFF, 0x35, 0x02, 0x00, 0x00, 0x0E, 0xC1, 0x0F, 0xD1, 0xCB, 0x98, 0x0F, 0xD1, 0x0F, 0xD1, 
	0xED, 0xB8, 0x0F, 0xD1, 0x0E, 0xC1, 0x0F, 0xD1, 0xEC, 0xA8, 0x0F, 0xD1, 0x0F, 0xD1, 0x86, 0x58, 
	0xFF, 0xFF, 0x04, 0x00, 0x0F, 0xD1, 0x22, 0x28, 0xFF, 0xFF, 0x06, 0x00, 0x0F, 0xD1, 0xEC, 0xA8, 
	0xFF, 0xFF, 0x13, 0x00, 0x0F, 0xD1, 0xED, 0xB8, 0xFF, 0xFF, 0x06, 0x00, 0x0F, 0xD1, 0x22, 0x28, 
	0xFF, 0xFF, 0x04, 0x00, 0x0F, 0xD1, 0x86, 0x58, 0x0F, 0xD1, 0x0F, 0xD1, 0xEC, 0xA8, 0x0F, 0xD1, 
	0x0E, 0xC1, 0x0F, 0xD1, 0xED, 0xB8, 0x0F, 0xD1, 0x0F, 0xD1, 0xCB, 0x98, 0x0F, 0xD1, 0x0E, 0xC1, 
	0xFF, 0xFF, 0x34, 0x02, 0x00, 0x00, 0x65, 0x50, 0x0F, 0xD1, 0x0F, 0xD1, 0x87, 0x68, 0x0F, 0xD1, 
	0x0E, 0xC1, 0x0E, 0xC1, 0x0F, 0xD1, 0xED, 0xB8, 0x0F, 0xD1, 0xED, 0xB8, 0x0F, 0xD1, 0x0E, 0xC1, 
	0x87, 0x68, 0xFF, 0xFF, 0x03, 0x00, 0x0F, 0xD1, 0xED, 0xB8, 0x86, 0x58, 0xFF, 0xFF, 0x05, 0x00, 
	0x0F, 0xD1, 0xEC, 0xA8, 0xFF, 0xFF, 0x15, 0x00, 0x0F, 0xD1, 0xCB, 0x98, 0xFF, 0xFF, 0x05, 0x00, 
	0x0F, 0xD1, 0x86, 0x58, 0xED, 0xB8, 0xFF, 0xFF, 0x03, 0x00, 0x0F, 0xD1, 0x87, 0x68, 0x0E, 0xC1, 
	0x0F, 0xD1, 0xED, 0xB8, 0x0F, 0xD1, 0xED, 0xB8, 0x0F, 0xD1, 0x0E, 0xC1, 0xED, 0xB8, 0x0F, 0xD1, 
	0x86, 0x58, 0x0F, 0xD1, 0x0F, 0xD1, 0x65, 0x50, 0xFF, 0xFF, 0x33, 0x02, 0x00, 0x00, 0xCB, 0x98, 
	0x0F, 0xD1, 0xCA, 0x90, 0x87, 0x68, 0x0F, 0xD1, 0xED, 0xB8, 0x0F, 0xD1, 0xED, 0xB8, 0xED, 0xB8, 
	0x0F, 0xD1, 0xED, 0xB8, 0x0F, 0xD1, 0xCB, 0x98, 0xEC, 0xA8, 0xFF, 0xFF, 0x03, 0x00, 0x0F, 0xD1, 
	0xA8, 0x78, 0xEC, 0xA8, 0xFF, 0xFF, 0x05, 0x00, 0x0F, 0xD1, 0xED, 0xB8, 0xFF, 0xFF, 0x15, 0x00, 
	0x0F, 0xD1, 0xED, 0xB8, 0xFF, 0xFF, 0x05, 0x00, 0x0F, 0xD1, 0xED, 0xB8, 0xA8, 0x78, 0xFF, 0xFF, 
	0x03, 0x00, 0x0F, 0xD1, 0xEC, 0xA8, 0xCB, 0x98, 0x0F, 0xD1, 0xEC, 0xA8, 0x0F, 0xD1, 0x0E, 0xC1, 
	0xED, 0xB8, 0x0F, 0xD1, 0xED, 0xB8, 0x0F, 0xD1, 0x87, 0x68, 0xCA, 0x90, 0x0F, 0xD1, 0xEC, 0xA8, 
	0xFF, 0xFF, 0x32, 0x02, 0x00, 0x00, 0x22, 0x28, 0x0F, 0xD1, 0x0F, 0xD1, 0x44, 0x40, 0xCA, 0x90, 
	0x0F, 0xD1, 0x0F, 0xD1, 0x0F, 0xD1, 0xA9, 0x80, 0xFF, 0xFF, 0x03, 0x00, 0x0F, 0xD1, 0xCB, 0x98, 
	0xFF, 0xFF, 0x04, 0x00, 0x0F, 0xD1, 0x86, 0x58, 0xFF, 0xFF, 0x06, 0x00, 0x0F, 0xD1, 0x0E, 0xC1, 
	0xFF, 0xFF, 0x15, 0x00, 0x0F, 0xD1, 0x0E, 0xC1, 0xFF, 0xFF, 0x06, 0x00, 0x0F, 0xD1, 0x86, 0x58, 
	0xFF, 0xFF, 0x04, 0x00, 0x0F, 0xD1, 0xCB, 0x98, 0xFF, 0xFF, 0x03, 0x00, 0x0F, 0xD1, 0xA9, 0x80, 
	0x0F, 0xD1, 0x0F, 0xD1, 0x0F, 0xD1, 0xCB, 0x98, 0x44, 0x40, 0x0F, 0xD1, 0x0F, 0xD1, 0x22, 0x28, 
	0xFF, 0xFF, 0x2E, 0x02, 0x00, 0x00, 0x87, 0x68, 0xCB, 0x98, 0x00, 0x00, 0xA9, 0x80, 0x0F, 0xD1, 
	0x0F, 0xD1, 0x43, 0x30, 0x0E, 0xC1, 0x0F, 0xD1, 0x0F, 0xD1, 0x0F, 0xD1, 0xA9, 0x80, 0xFF, 0xFF, 
	0x08, 0x00, 0x0F, 0xD1, 0x0E, 0xC1, 0xA9, 0x80, 0xFF, 0xFF, 0x05, 0x00, 0x0F, 0xD1, 0x0E, 0xC1, 
	0xFF, 0xFF, 0x17, 0x00, 0x0F, 0xD1, 0x0E, 0xC1, 0xFF, 0xFF, 0x05, 0x00, 0x0F, 0xD1, 0xA9, 0x80, 
	0x0E, 0xC1, 0xFF, 0xFF, 0x08, 0x00, 0x0F, 0xD1, 0xA8, 0x78, 0x0F, 0xD1, 0x0F, 0xD1, 0x0F, 0xD1, 
	0x0E, 0xC1, 0x43, 0x30, 0x0F, 0xD1, 0x0F, 0xD1, 0xA9, 0x80, 0x00, 0x00, 0xCB, 0x98, 0x87, 0x68, 
	0xFF, 0xFF, 0x26, 0x02, 0x00, 0x00, 0xCA, 0x90, 0x00, 0x00, 0x00, 0x00, 0x00, 0x00, 0x43, 0x30, 
	0x0F, 0xD1, 0xEC, 0xA8, 0x01, 0x08, 0x0F, 0xD1, 0x0F, 0xD1, 0x0F, 0xD1, 0x22, 0x28, 0xFF, 0xFF, 
	0x03, 0x00, 0x0F, 0xD1, 0x86, 0x58, 0xFF, 0xFF, 0x08, 0x00, 0x0F, 0xD1, 0xCA, 0x90, 0x0E, 0xC1, 
	0xFF, 0xFF, 0x26, 0x00, 0x0F, 0xD1, 0xCA, 0x90, 0xFF, 0xFF, 0x08, 0x00, 0x0F, 0xD1, 0x87, 0x68, 
	0xFF, 0xFF, 0x03, 0x00, 0x0F, 0xD1, 0x22, 0x28, 0x0F, 0xD1, 0x0F, 0xD1, 0x0F, 0xD1, 0x01, 0x08, 
	0xEC, 0xA8, 0x0F, 0xD1, 0x43, 0x30, 0x00, 0x00, 0x00, 0x00, 0x00, 0x00, 0xA9, 0x80, 0xFF, 0xFF, 
	0x21, 0x02, 0x00, 0x00, 0x87, 0x68, 0x65, 0x50, 0x00, 0x00, 0x00, 0x00, 0x86, 0x58, 0x0F, 0xD1, 
	0x87, 0x68, 0x86, 0x58, 0x0F, 0xD1, 0x0F, 0xD1, 0x0F, 0xD1, 0x44, 0x40, 0x0F, 0xD1, 0x0F, 0xD1, 
	0x0F, 0xD1, 0xEC, 0xA8, 0xA8, 0x78, 0xFF, 0xFF, 0x08, 0x00, 0x0F, 0xD1, 0xEC, 0xA8, 0xFF, 0xFF, 
	0x27, 0x00, 0x0F, 0xD1, 0xEC, 0xA8, 0xFF, 0xFF, 0x08, 0x00, 0x0F, 0xD1, 0xA9, 0x80, 0xEC, 0xA8, 
	0x0F, 0xD1, 0x0F, 0xD1, 0x0F, 0xD1, 0x44, 0x40, 0x0F, 0xD1, 0x0F, 0xD1, 0x0F, 0xD1, 0x86, 0x58, 
	0x87, 0x68, 0x0F, 0xD1, 0x86, 0x58, 0x00, 0x00, 0x00, 0x00, 0x65, 0x50, 0x87, 0x68, 0xFF, 0xFF, 
	0x21, 0x02, 0x00, 0x00, 0x43, 0x30, 0xED, 0xB8, 0x00, 0x00, 0x00, 0x00, 0xA9, 0x80, 0x0F, 0xD1, 
	0x43, 0x30, 0xEC, 0xA8, 0x0E, 0xC1, 0x0F, 0xD1, 0xEC, 0xA8, 0xA9, 0x80, 0x0F, 0xD1, 0x0F, 0xD1, 
	0x0F, 0xD1, 0xA8, 0x78, 0xCB, 0x98, 0xFF, 0xFF, 0x07, 0x00, 0x0F, 0xD1, 0x0E, 0xC1, 0xED, 0xB8, 
	0xFF, 0xFF, 0x27, 0x00, 0x0F, 0xD1, 0x0E, 0xC1, 0x0E, 0xC1, 0xFF, 0xFF, 0x07, 0x00, 0x0F, 0xD1, 
	0xEC, 0xA8, 0xA8, 0x78, 0x0F, 0xD1, 0x0F, 0xD1, 0x0F, 0xD1, 0xA9, 0x80, 0xEC, 0xA8, 0x0F, 0xD1, 
	0x0F, 0xD1, 0xEC, 0xA8, 0x43, 0x30, 0x0F, 0xD1, 0xCA, 0x90, 0x00, 0x00, 0x00, 0x00, 0xED, 0xB8, 
	0x43, 0x30, 0xFF, 0xFF, 0x22, 0x02, 0x00, 0x00, 0x0F, 0xD1, 0x22, 0x18, 0x00, 0x00, 0xCB, 0x98, 
	0x0F, 0xD1, 0x22, 0x18, 0x0F, 0xD1, 0x0E, 0xC1, 0x0F, 0xD1, 0xEC, 0xA8, 0x0E, 0xC1, 0x0F, 0xD1, 
	0x0F, 0xD1, 0x0F, 0xD1, 0x65, 0x50, 0xFF, 0xFF, 0x3D, 0x00, 0x0F, 0xD1, 0x65, 0x50, 0x0F, 0xD1, 
	0x0F, 0xD1, 0x0F, 0xD1, 0x0E, 0xC1, 0xEC, 0xA8, 0x0F, 0xD1, 0xED, 0xB8, 0x0F, 0xD1, 0x22, 0x28, 
	0x0F, 0xD1, 0xCB, 0x98, 0x00, 0x00, 0x22, 0x18, 0x0F, 0xD1, 0xFF, 0xFF, 0x23, 0x02, 0x00, 0x00, 
	0x0E, 0xC1, 0xCB, 0x98, 0x65, 0x50, 0x0F, 0xD1, 0xCB, 0x98, 0xA8, 0x78, 0x0F, 0xD1, 0x0E, 0xC1, 
	0xFF, 0xFF, 0x05, 0x00, 0x0F, 0xD1, 0x65, 0x50, 0xFF, 0xFF, 0x3D, 0x00, 0x0F, 0xD1, 0x65, 0x50, 
	0xFF, 0xFF, 0x05, 0x00, 0x0F, 0xD1, 0x0E, 0xC1, 0x0E, 0xC1, 0xA8, 0x78, 0xCB, 0x98, 0x0F, 0xD1, 
	0x65, 0x50, 0xCA, 0x90, 0x0E, 0xC1, 0xFF, 0xFF, 0x21, 0x02, 0x00, 0x00, 0x01, 0x08, 0x44, 0x40, 
	0xCB, 0x98, 0x0F, 0xD1, 0x44, 0x40, 0x0F, 0xD1, 0x87, 0x68, 0xED, 0xB8, 0xFF, 0xFF, 0x06, 0x00, 
	0x0F, 0xD1, 0xCB, 0x98, 0xCA, 0x90, 0xFF, 0xFF, 0x3D, 0x00, 0x0F, 0xD1, 0xCA, 0x90, 0xCB, 0x98, 
	0xFF, 0xFF, 0x06, 0x00, 0x0F, 0xD1, 0xED, 0xB8, 0x87, 0x68, 0x0F, 0xD1, 0x44, 0x40, 0x0F, 0xD1, 
	0xCB, 0x98, 0x44, 0x40, 0x01, 0x08, 0xFF, 0xFF, 0x1B, 0x02, 0x00, 0x00, 0x22, 0x28, 0x00, 0x00, 
	0x00, 0x00, 0x00, 0x00, 0x65, 0x50, 0xCB, 0x98, 0xCB, 0x98, 0xED, 0xB8, 0x86, 0x58, 0x0F, 0xD1, 
	0x86, 0x58, 0xFF, 0xFF, 0x07, 0x00, 0x0F, 0xD1, 0xA9, 0x80, 0x0E, 0xC1, 0xFF, 0xFF, 0x3E, 0x00, 
	0x0F, 0xD1, 0xA9, 0x80, 0xFF, 0xFF, 0x07, 0x00, 0x0F, 0xD1, 0x86, 0x58, 0x0F, 0xD1, 0x86, 0x58, 
	0xED, 0xB8, 0xCB, 0x98, 0xCB, 0x98, 0x65, 0x50, 0x00, 0x00, 0x00, 0x00, 0x00, 0x00, 0x22, 0x28, 
	0xFF, 0xFF, 0x17, 0x02, 0x00, 0x00, 0xCB, 0x98, 0x43, 0x30, 0x00, 0x00, 0x00, 0x00, 0xA9, 0x80, 
	0xA8, 0x78, 0xEC, 0xA8, 0xCB, 0x98, 0xEC, 0xA8, 0x0F, 0xD1, 0xEC, 0xA8, 0xFF, 0xFF, 0x07, 0x00, 
	0x0F, 0xD1, 0xCA, 0x90, 0xFF, 0xFF, 0x3F, 0x00, 0x0F, 0xD1, 0xCA, 0x90, 0xFF, 0xFF, 0x07, 0x00, 
	0x0F, 0xD1, 0xEC, 0xA8, 0x0F, 0xD1, 0xEC, 0xA8, 0xCB, 0x98, 0xEC, 0xA8, 0x87, 0x68, 0xA9, 0x80, 
	0x00, 0x00, 0x00, 0x00, 0x43, 0x30, 0xEC, 0xA8, 0xFF, 0xFF, 0x16, 0x02, 0x00, 0x00, 0xCB, 0x98, 
	0x0F, 0xD1, 0x01, 0x08, 0x44, 0x40, 0xCA, 0x90, 0xEC, 0xA8, 0x87, 0x68, 0x0F, 0xD1, 0xED, 0xB8, 
	0xFF, 0xFF, 0x0A, 0x00, 0x0F, 0xD1, 0x0E, 0xC1, 0xFF, 0xFF, 0x3F, 0x00, 0x0F, 0xD1, 0x0E, 0xC1, 
	0xFF, 0xFF, 0x0A, 0x00, 0x0F, 0xD1, 0xED, 0xB8, 0x0F, 0xD1, 0x87, 0x68, 0xED, 0xB8, 0xCA, 0x90, 
	0x44, 0x40, 0x01, 0x08, 0x0F, 0xD1, 0xCB, 0x98, 0xFF, 0xFF, 0x14, 0x02, 0x00, 0x00, 0x01, 0x08, 
	0x0F, 0xD1, 0x0F, 0xD1, 0x00, 0x00, 0xA8, 0x78, 0xCB, 0x98, 0x0F, 0xD1, 0xA8, 0x78, 0xFF, 0xFF, 
	0x5B, 0x00, 0x0F, 0xD1, 0xA9, 0x80, 0x0F, 0xD1, 0xCB, 0x98, 0xA8, 0x78, 0x00, 0x00, 0x0F, 0xD1, 
	0x0F, 0xD1, 0x01, 0x08, 0xFF, 0xFF, 0x10, 0x02, 0x00, 0x00, 0x01, 0x08, 0x00, 0x00, 0xA9, 0x80, 
	0x43, 0x30, 0x0F, 0xD1, 0x0F, 0xD1, 0x00, 0x00, 0xCB, 0x98, 0xED, 0xB8, 0x0E, 0xC1, 0xCB, 0x98, 
	0xFF, 0xFF, 0x5B, 0x00, 0x0F, 0xD1, 0xCB, 0x98, 0x0E, 0xC1, 0xED, 0xB8, 0xCB, 0x98, 0x00, 0x00, 
	0x0F, 0xD1, 0x0F, 0xD1, 0x43, 0x30, 0xA9, 0x80, 0x00, 0x00, 0x01, 0x08, 0xFF, 0xFF, 0x0D, 0x02, 
	0x00, 0x00, 0xCA, 0x90, 0x87, 0x68, 0x0F, 0xD1, 0x86, 0x58, 0x0F, 0xD1, 0x0F, 0xD1, 0x00, 0x00, 
	0x0F, 0xD1, 0x0F, 0xD1, 0xEC, 0xA8, 0xFF, 0xFF, 0x5D, 0x00, 0x0F, 0xD1, 0xEC, 0xA8, 0x0F, 0xD1, 
	0x0F, 0xD1, 0x00, 0x00, 0x0F, 0xD1, 0x0F, 0xD1, 0x86, 0x58, 0x0F, 0xD1, 0xA8, 0x78, 0xCA, 0x90, 
	0xFF, 0xFF, 0x0D, 0x02, 0x00, 0x00, 0x0E, 0xC1, 0xCA, 0x90, 0x0F, 0xD1, 0xA8, 0x78, 0x0F, 0xD1, 
	0xEC, 0xA8, 0x22, 0x28, 0x0F, 0xD1, 0x0F, 0xD1, 0x0E, 0xC1, 0xFF, 0xFF, 0x5D, 0x00, 0x0F, 0xD1, 
	0x0E, 0xC1, 0x0F, 0xD1, 0x0F, 0xD1, 0x22, 0x28, 0xCB, 0x98, 0x0F, 0xD1, 0xA8, 0x78, 0x0F, 0xD1, 
	0xCA, 0x90, 0x0E, 0xC1, 0xFF, 0xFF, 0x0C, 0x02, 0x00, 0x00, 0x22, 0x18, 0x0F, 0xD1, 0xCB, 0x98, 
	0x0F, 0xD1, 0xCB, 0x98, 0x0F, 0xD1, 0xCB, 0x98, 0x65, 0x50, 0xFF, 0xFF, 0x63, 0x00, 0x0F, 0xD1, 
	0x65, 0x50, 0xCB, 0x98, 0x0F, 0xD1, 0xCB, 0x98, 0x0F, 0xD1, 0xEC, 0xA8, 0x0F, 0xD1, 0x22, 0x18, 
	0xFF, 0xFF, 0x0B, 0x02, 0x00, 0x00, 0x65, 0x50, 0xCB, 0x98, 0xFF, 0xFF, 0x03, 0x00, 0x0F, 0xD1, 
	0xCB, 0x98, 0xA8, 0x78, 0xFF, 0xFF, 0x63, 0x00, 0x0F, 0xD1, 0xA9, 0x80, 0xCA, 0x90, 0xFF, 0xFF, 
	0x03, 0x00, 0x0F, 0xD1, 0xCB, 0x98, 0x65, 0x50, 0xFF, 0xFF, 0x08, 0x02, 0x00, 0x00, 0x01, 0x08, 
	0x00, 0x00, 0x22, 0x18, 0xA9, 0x80, 0xEC, 0xA8, 0xFF, 0xFF, 0x03, 0x00, 0x0F, 0xD1, 0x87, 0x68, 
	0xEC, 0xA8, 0xFF, 0xFF, 0x63, 0x00, 0x0F, 0xD1, 0xEC, 0xA8, 0x87, 0x68, 0xFF, 0xFF, 0x03, 0x00, 
	0x0F, 0xD1, 0xED, 0xB8, 0xA9, 0x80, 0x22, 0x18, 0x00, 0x00, 0x01, 0x08, 0xFF, 0xFF, 0x05, 0x02, 
	0x00, 0x00, 0xA8, 0x78, 0x43, 0x30, 0xCA, 0x90, 0x0E, 0xC1, 0x0E, 0xC1, 0xFF, 0xFF, 0x03, 0x00, 
	0x0F, 0xD1, 0x86, 0x58, 0xFF, 0xFF, 0x65, 0x00, 0x0F, 0xD1, 0x87, 0x68, 0xFF, 0xFF, 0x03, 0x00, 
	0x0F, 0xD1, 0x0E, 0xC1, 0xED, 0xB8, 0xCA, 0x90, 0x43, 0x30, 0xA8, 0x78, 0xFF, 0xFF, 0x05, 0x02, 
	0x00, 0x00, 0xEC, 0xA8, 0x00, 0x00, 0xFF, 0xFF, 0x06, 0x00, 0x0F, 0xD1, 0xA9, 0x80, 0xFF, 0xFF, 
	0x05, 0x00, 0x0F, 0xD1, 0x0E, 0xC1, 0xFF, 0xFF, 0x57, 0x00, 0x0F, 0xD1, 0x0E, 0xC1, 0xFF, 0xFF, 
	0x05, 0x00, 0x0F, 0xD1, 0xA9, 0x80, 0xFF, 0xFF, 0x06, 0x00, 0x0F, 0xD1, 0x00, 0x00, 0xEC, 0xA8, 
	0xFF, 0xFF, 0x01, 0x02, 0x00, 0x00, 0x0E, 0xC1, 0x87, 0x68, 0x65, 0x50, 0x01, 0x08, 0xED, 0xB8, 
	0x44, 0x40, 0xFF, 0xFF, 0x06, 0x00, 0x0F, 0xD1, 0xCA, 0x90, 0xFF, 0xFF, 0x04, 0x00, 0x0F, 0xD1, 
	0x0E, 0xC1, 0xFF, 0xFF, 0x59, 0x00, 0x0F, 0xD1, 0x0E, 0xC1, 0xFF, 0xFF, 0x04, 0x00, 0x0F, 0xD1, 
	0xCA, 0x90, 0xFF, 0xFF, 0x06, 0x00, 0x0F, 0xD1, 0x44, 0x40, 0xED, 0xB8, 0x01, 0x08, 0x65, 0x50, 
	0x87, 0x68, 0x0E, 0xC1, 0xFF, 0xFF, 0xFC, 0x01, 0x00, 0x00, 0x01, 0x08, 0x0F, 0xD1, 0xCB, 0x98, 
	0x43, 0x30, 0x65, 0x50, 0xCA, 0x90, 0xA8, 0x78, 0xFF, 0xFF, 0x05, 0x00, 0x0F, 0xD1, 0xED, 0xB8, 
	0x0E, 0xC1, 0xFF, 0xFF, 0x04, 0x00, 0x0F, 0xD1, 0xED, 0xB8, 0xFF, 0xFF, 0x59, 0x00, 0x0F, 0xD1, 
	0xEC, 0xA8, 0xFF, 0xFF, 0x04, 0x00, 0x0F, 0xD1, 0x0E, 0xC1, 0xED, 0xB8, 0xFF, 0xFF, 0x05, 0x00, 
	0x0F, 0xD1, 0xA8, 0x78, 0xCA, 0x90, 0x65, 0x50, 0x43, 0x30, 0xCB, 0x98, 0x0F, 0xD1, 0x01, 0x08, 
	0xFF, 0xFF, 0xF9, 0x01, 0x00, 0x00, 0x01, 0x08, 0x44, 0x40, 0x43, 0x30, 0xCB, 0x98, 0xED, 0xB8, 
	0x01, 0x08, 0xA9, 0x80, 0x87, 0x68, 0xED, 0xB8, 0xFF, 0xFF, 0x05, 0x00, 0x0F, 0xD1, 0xED, 0xB8, 
	0xFF, 0xFF, 0x05, 0x00, 0x0F, 0xD1, 0x0E, 0xC1, 0xFF, 0xFF, 0x59, 0x00, 0x0F, 0xD1, 0x0E, 0xC1, 
	0xFF, 0xFF, 0x05, 0x00, 0x0F, 0xD1, 0xEC, 0xA8, 0xFF, 0xFF, 0x05, 0x00, 0x0F, 0xD1, 0xED, 0xB8, 
	0x87, 0x68, 0xA9, 0x80, 0x01, 0x08, 0x0E, 0xC1, 0xCB, 0x98, 0x43, 0x30, 0x44, 0x40, 0x01, 0x08, 
	0xFF, 0xFF, 0xF7, 0x01, 0x00, 0x00, 0xEC, 0xA8, 0x0F, 0xD1, 0x65, 0x50, 0xED, 0xB8, 0x0E, 0xC1, 
	0x00, 0x00, 0xED, 0xB8, 0xA9, 0x80, 0xFF, 0xFF, 0x06, 0x00, 0x0F, 0xD1, 0x0E, 0xC1, 0xFF, 0xFF, 
	0x04, 0x00, 0x0F, 0xD1, 0x0E, 0xC1, 0xFF, 0xFF, 0x5B, 0x00, 0x0F, 0xD1, 0x0E, 0xC1, 0xFF, 0xFF, 
	0x04, 0x00, 0x0F, 0xD1, 0x0E, 0xC1, 0xFF, 0xFF, 0x06, 0x00, 0x0F, 0xD1, 0xA9, 0x80, 0xED, 0xB8, 
	0x00, 0x00, 0x0E, 0xC1, 0xED, 0xB8, 0x65, 0x50, 0x0F, 0xD1, 0xED, 0xB8, 0xFF, 0xFF, 0xF7, 0x01, 
	0x00, 0x00, 0x0F, 0xD1, 0xED, 0xB8, 0x87, 0x68, 0x0F, 0xD1, 0xCB, 0x98, 0x22, 0x28, 0x0F, 0xD1, 
	0xEC, 0xA8, 0x0F, 0xD1, 0x0F, 0xD1, 0x0F, 0xD1, 0x0E, 0xC1, 0xFF, 0xFF, 0x73, 0x00, 0x0F, 0xD1, 
	0xEC, 0xA8, 0x0F, 0xD1, 0x22, 0x28, 0xCB, 0x98, 0x0F, 0xD1, 0x87, 0x68, 0xED, 0xB8, 0x0F, 0xD1, 
	0xFF, 0xFF, 0xF6, 0x01, 0x00, 0x00, 0x22, 0x18, 0x0F, 0xD1, 0xCB, 0x98, 0xA8, 0x78, 0x0F, 0xD1, 
	0xA8, 0x78, 0x86, 0x58, 0x0F, 0xD1, 0x0E, 0xC1, 0xFF, 0xFF, 0x74, 0x00, 0x0F, 0xD1, 0x0E, 0xC1, 
	0x0F, 0xD1, 0x0F, 0xD1, 0x0E, 0xC1, 0x0F, 0xD1, 0x86, 0x58, 0xA8, 0x78, 0x0F, 0xD1, 0xA9, 0x80, 
	0xCB, 0x98, 0x0F, 0xD1, 0x22, 0x28, 0xFF, 0xFF, 0xF5, 0x01, 0x00, 0x00, 0x43, 0x30, 0x0F, 0xD1, 
	0xCB, 0x98, 0xCB, 0x98, 0x0F, 0xD1, 0x65, 0x50, 0xCA, 0x90, 0xFF, 0xFF, 0x76, 0x00, 0x0F, 0xD1, 
	0x0E, 0xC1, 0xFF, 0xFF, 0x03, 0x00, 0x0F, 0xD1, 0xCA, 0x90, 0x65, 0x50, 0x0F, 0xD1, 0xCB, 0x98, 
	0xCB, 0x98, 0x0F, 0xD1, 0x43, 0x30, 0xFF, 0xFF, 0xF5, 0x01, 0x00, 0x00, 0x65, 0x50, 0x0F, 0xD1, 
	0xCB, 0x98, 0xEC, 0xA8, 0x0F, 0xD1, 0x22, 0x18, 0xFF, 0xFF, 0x04, 0x00, 0x0F, 0xD1, 0x0E, 0xC1, 
	0xFF, 0xFF, 0x71, 0x00, 0x0F, 0xD1, 0x0E, 0xC1, 0xFF, 0xFF, 0x04, 0x00, 0x0F, 0xD1, 0x01, 0x08, 
	0x0F, 0xD1, 0xED, 0xB8, 0xCB, 0x98, 0x0F, 0xD1, 0x65, 0x50, 0xFF, 0xFF, 0xF5, 0x01, 0x00, 0x00, 
	0x87, 0x68, 0x0F, 0xD1, 0xA8, 0x78, 0x0F, 0xD1, 0xEC, 0xA8, 0x44, 0x40, 0xFF, 0xFF, 0x7D, 0x00, 
	0x0F, 0xD1, 0x44, 0x40, 0xEC, 0xA8, 0x0F, 0xD1, 0x87, 0x68, 0x0F, 0xD1, 0x87, 0x68, 0xFF, 0xFF, 
	0xF5, 0x01, 0x00, 0x00, 0xCB, 0x98, 0x0F, 0xD1, 0xCA, 0x90, 0x0F, 0xD1, 0xA8, 0x78, 0xA9, 0x80, 
	0xFF, 0xFF, 0x7D, 0x00, 0x0F, 0xD1, 0xA9, 0x80, 0xA8, 0x78, 0x0F, 0xD1, 0xCA, 0x90, 0x0F, 0xD1, 
	0xCB, 0x98, 0xFF, 0xFF, 0xF3, 0x01, 0x00, 0x00, 0x86, 0x58, 0x87, 0x68, 0x0E, 0xC1, 0x0F, 0xD1, 
	0xA9, 0x80, 0x0F, 0xD1, 0x44, 0x40, 0xED, 0xB8, 0xFF, 0xFF, 0x7D, 0x00, 0x0F, 0xD1, 0x0E, 0xC1, 
	0x44, 0x40, 0x0F, 0xD1, 0xA9, 0x80, 0x0F, 0xD1, 0x0E, 0xC1, 0x87, 0x68, 0x86, 0x58, 0xFF, 0xFF, 
	0xEE, 0x01, 0x00, 0x00, 0x86, 0x58, 0x00, 0x00, 0x43, 0x30, 0xED, 0xB8, 0xA9, 0x80, 0x0F, 0xD1, 
	0x0F, 0xD1, 0xEC, 0xA8, 0x0F, 0xD1, 0x43, 0x30, 0xFF, 0xFF, 0x7F, 0x00, 0x0F, 0xD1, 0x43, 0x30, 
	0x0F, 0xD1, 0xEC, 0xA8, 0x0F, 0xD1, 0x0F, 0xD1, 0xCA, 0x90, 0xED, 0xB8, 0x44, 0x40, 0x00, 0x00, 
	0x86, 0x58, 0xFF, 0xFF, 0xEB, 0x01, 0x00, 0x00, 0xCB, 0x98, 0x22, 0x18, 0x87, 0x68, 0x0F, 0xD1, 
	0xED, 0xB8, 0x0F, 0xD1, 0x0F, 0xD1, 0xED, 0xB8, 0xED, 0xB8, 0xA8, 0x78, 0xFF, 0xFF, 0x7F, 0x00, 
	0x0F, 0xD1, 0xA8, 0x78, 0xED, 0xB8, 0xED, 0xB8, 0x0F, 0xD1, 0x0F, 0xD1, 0xEC, 0xA8, 0x0F, 0xD1, 
	0x87, 0x68, 0x22, 0x18, 0xCB, 0x98, 0xFF, 0xFF, 0xEB, 0x01, 0x00, 0x00, 0x87, 0x68, 0x65, 0x50, 
	0x87, 0x68, 0x0F, 0xD1, 0x0E, 0xC1, 0x0F, 0xD1, 0x0F, 0xD1, 0x0F, 0xD1, 0xCB, 0x98, 0xED, 0xB8, 
	0xFF, 0xFF, 0x7F, 0x00, 0x0F, 0xD1, 0x0E, 0xC1, 0xCB, 0x98, 0x0F, 0xD1, 0x0F, 0xD1, 0x0F, 0xD1, 
	0x0E, 0xC1, 0x0F, 0xD1, 0x87, 0x68, 0x65, 0x50, 0x87, 0x68, 0xFF, 0xFF, 0xEB, 0x01, 0x00, 0x00, 
	0x0F, 0xD1, 0xCA, 0x90, 0x87, 0x68, 0xFF, 0xFF, 0x04, 0x00, 0x0F, 0xD1, 0xEC, 0xA8, 0xFF, 0xFF, 
	0x81, 0x00, 0x0F, 0xD1, 0xEC, 0xA8, 0xFF, 0xFF, 0x04, 0x00, 0x0F, 0xD1, 0x87, 0x68, 0xCA, 0x90, 
	0x0F, 0xD1, 0xFF, 0xFF, 0xEB, 0x01, 0x00, 0x00, 0x0F, 0xD1, 0xED, 0xB8, 0x87, 0x68, 0xFF, 0xFF, 
	0x04, 0x00, 0x0F, 0xD1, 0xEC, 0xA8, 0xFF, 0xFF, 0x81, 0x00, 0x0F, 0xD1, 0xED, 0xB8, 0xFF, 0xFF, 
	0x04, 0x00, 0x0F, 0xD1, 0x87, 0x68, 0xED, 0xB8, 0x0F, 0xD1, 0xFF, 0xFF, 0xEB, 0x01, 0x00, 0x00, 
	0x0F, 0xD1, 0x0F, 0xD1, 0x87, 0x68, 0xFF, 0xFF, 0x88, 0x00, 0x0F, 0xD1, 0x0E, 0xC1, 0xFF, 0xFF, 
	0x03, 0x00, 0x0F, 0xD1, 0xA8, 0x78, 0x0F, 0xD1, 0x0F, 0xD1, 0xFF, 0xFF, 0xEB, 0x01, 0x00, 0x00, 
	0x0F, 0xD1, 0x0F, 0xD1, 0x0E, 0xC1, 0xFF, 0xFF, 0x8D, 0x00, 0x0F, 0xD1, 0xED, 0xB8, 0x0F, 0xD1, 
	0x0F, 0xD1, 0xFF, 0xFF, 0xEB, 0x01, 0x00, 0x00, 0xFF, 0xFF, 0x93, 0x00, 0x0F, 0xD1, 0x22, 0x18, 
	0xFF, 0xFF, 0xE9, 0x01, 0x00, 0x00, 0x43, 0x30, 0xFF, 0xFF, 0x93, 0x00, 0x0F, 0xD1, 0x43, 0x30, 
	0xFF, 0xFF, 0xE9, 0x01, 0x00, 0x00, 0x43, 0x30, 0xFF, 0xFF, 0x93, 0x00, 0x0F, 0xD1, 0x43, 0x30, 
	0xFF, 0xFF, 0xE9, 0x01, 0x00, 0x00, 0x43, 0x30, 0xFF, 0xFF, 0x93, 0x00, 0x0F, 0xD1, 0x43, 0x30, 
	0xFF, 0xFF, 0xE9, 0x01, 0x00, 0x00, 0x43, 0x30, 0xFF, 0xFF, 0x93, 0x00, 0x0F, 0xD1, 0x43, 0x30, 
	0xFF, 0xFF, 0xE9, 0x01, 0x00, 0x00, 0x87, 0x68, 0xFF, 0xFF, 0x93, 0x00, 0x0F, 0xD1, 0x87, 0x68, 
	0xFF, 0xFF, 0xE9, 0x01, 0x00, 0x00, 0x87, 0x68, 0xFF, 0xFF, 0x1D, 0x00, 0x0F, 0xD1, 0xCB, 0x98, 
	0x87, 0x68, 0x43, 0x30, 0x43, 0x30, 0x86, 0x58, 0x87, 0x68, 0xCB, 0x98, 0xFF, 0xFF, 0x49, 0x00, 
	0x0F, 0xD1, 0xCB, 0x98, 0x87, 0x68, 0x86, 0x58, 0x43, 0x30, 0x43, 0x30, 0x87, 0x68, 0xCA, 0x90, 
	0xFF, 0xFF, 0x1D, 0x00, 0x0F, 0xD1, 0x87, 0x68, 0xFF, 0xFF, 0xE9, 0x01, 0x00, 0x00, 0xA8, 0x78, 
	0xFF, 0xFF, 0x1B, 0x00, 0x0F, 0xD1, 0xA9, 0x80, 0x22, 0x18, 0xFF, 0xFF, 0x07, 0x00, 0x00, 0x00, 
	0x43, 0x30, 0x87, 0x68, 0xCB, 0x98, 0xFF, 0xFF, 0x41, 0x00, 0x0F, 0xD1, 0xEC, 0xA8, 0x87, 0x68, 
	0x43, 0x30, 0xFF, 0xFF, 0x07, 0x00, 0x00, 0x00, 0x22, 0x18, 0xA9, 0x80, 0xFF, 0xFF, 0x1B, 0x00, 
	0x0F, 0xD1, 0xA8, 0x78, 0xFF, 0xFF, 0xE9, 0x01, 0x00, 0x00, 0xCB, 0x98, 0xFF, 0xFF, 0x19, 0x00, 
	0x0F, 0xD1, 0xEC, 0xA8, 0x43, 0x30, 0xFF, 0xFF, 0x0C, 0x00, 0x00, 0x00, 0x01, 0x08, 0x44, 0x40, 
	0xA8, 0x78, 0xEC, 0xA8, 0xFF, 0xFF, 0x39, 0x00, 0x0F, 0xD1, 0xED, 0xB8, 0xA8, 0x78, 0x44, 0x40, 
	0x01, 0x08, 0xFF, 0xFF, 0x0C, 0x00, 0x00, 0x00, 0x43, 0x30, 0xEC, 0xA8, 0xFF, 0xFF, 0x19, 0x00, 
	0x0F, 0xD1, 0xEC, 0xA8, 0xFF, 0xFF, 0xE8, 0x01, 0x00, 0x00, 0x22, 0x18, 0xFF, 0xFF, 0x19, 0x00, 
	0x0F, 0xD1, 0xA8, 0x78, 0xFF, 0xFF, 0x12, 0x00, 0x00, 0x00, 0x22, 0x18, 0x86, 0x58, 0xCB, 0x98, 
	0xFF, 0xFF, 0x33, 0x00, 0x0F, 0xD1, 0xCB, 0x98, 0x86, 0x58, 0x22, 0x18, 0xFF, 0xFF, 0x12, 0x00, 
	0x00, 0x00, 0xA8, 0x78, 0xFF, 0xFF, 0x19, 0x00, 0x0F, 0xD1, 0x22, 0x18, 0xFF, 0xFF, 0xE7, 0x01, 
	0x00, 0x00, 0x86, 0x58, 0xFF, 0xFF, 0x17, 0x00, 0x0F, 0xD1, 0x0E, 0xC1, 0x43, 0x30, 0xFF, 0xFF, 
	0x16, 0x00, 0x00, 0x00, 0x01, 0x08, 0x65, 0x50, 0xCA, 0x90, 0xFF, 0xFF, 0x2D, 0x00, 0x0F, 0xD1, 
	0xCA, 0x90, 0x65, 0x50, 0x01, 0x08, 0xFF, 0xFF, 0x16, 0x00, 0x00, 0x00, 0x43, 0x30, 0x0E, 0xC1, 
	0xFF, 0xFF, 0x17, 0x00, 0x0F, 0xD1, 0x86, 0x58, 0xFF, 0xFF, 0xE7, 0x01, 0x00, 0x00, 0xEC, 0xA8, 
	0xFF, 0xFF, 0x16, 0x00, 0x0F, 0xD1, 0xED, 0xB8, 0x22, 0x28, 0xFF, 0xFF, 0x1A, 0x00, 0x00, 0x00, 
	0x01, 0x08, 0x65, 0x50, 0xCA, 0x90, 0x0E, 0xC1, 0xFF, 0xFF, 0x26, 0x00, 0x0F, 0xD1, 0xCA, 0x90, 
	0x65, 0x50, 0x01, 0x08, 0xFF, 0xFF, 0x1A, 0x00, 0x00, 0x00, 0x22, 0x28, 0xED, 0xB8, 0xFF, 0xFF, 
	0x16, 0x00, 0x0F, 0xD1, 0xEC, 0xA8, 0xFF, 0xFF, 0xE6, 0x01, 0x00, 0x00, 0x22, 0x18, 0xFF, 0xFF, 
	0x16, 0x00, 0x0F, 0xD1, 0xEC, 0xA8, 0x01, 0x08, 0xFF, 0xFF, 0x1F, 0x00, 0x00, 0x00, 0x44, 0x40, 
	0xA9, 0x80, 0xED, 0xB8, 0xFF, 0xFF, 0x1F, 0x00, 0x0F, 0xD1, 0xED, 0xB8, 0xA9, 0x80, 0x44, 0x40, 
	0xFF, 0xFF, 0x1F, 0x00, 0x00, 0x00, 0x01, 0x08, 0xEC, 0xA8, 0xFF, 0xFF, 0x16, 0x00, 0x0F, 0xD1, 
	0x22, 0x18, 0xFF, 0xFF, 0xE5, 0x01, 0x00, 0x00, 0x86, 0x58, 0xFF, 0xFF, 0x15, 0x00, 0x0F, 0xD1, 
	0xEC, 0xA8, 0x01, 0x08, 0xFF, 0xFF, 0x23, 0x00, 0x00, 0x00, 0x22, 0x28, 0x86, 0x58, 0xCA, 0x90, 
	0x0E, 0xC1, 0xFF, 0xFF, 0x17, 0x00, 0x0F, 0xD1, 0x0E, 0xC1, 0xCB, 0x98, 0x86, 0x58, 0x22, 0x28, 
	0xFF, 0xFF, 0x23, 0x00, 0x00, 0x00, 0x01, 0x08, 0xEC, 0xA8, 0xFF, 0xFF, 0x15, 0x00, 0x0F, 0xD1, 
	0xA8, 0x78, 0xFF, 0xFF, 0xE5, 0x01, 0x00, 0x00, 0xED, 0xB8, 0xFF, 0xFF, 0x14, 0x00, 0x0F, 0xD1, 
	0x0E, 0xC1, 0x01, 0x08, 0xFF, 0xFF, 0x28, 0x00, 0x00, 0x00, 0x22, 0x28, 0x65, 0x50, 0x87, 0x68, 
	0xCB, 0x98, 0xED, 0xB8, 0xFF, 0xFF, 0x0D, 0x00, 0x0F, 0xD1, 0xED, 0xB8, 0xCB, 0x98, 0x87, 0x68, 
	0x65, 0x50, 0x22, 0x28, 0xFF, 0xFF, 0x28, 0x00, 0x00, 0x00, 0x01, 0x08, 0x0E, 0xC1, 0xFF, 0xFF, 
	0x14, 0x00, 0x0F, 0xD1, 0xED, 0xB8, 0xFF, 0xFF, 0xE4, 0x01, 0x00, 0x00, 0x22, 0x18, 0xFF, 0xFF, 
	0x15, 0x00, 0x0F, 0xD1, 0x87, 0x68, 0xFF, 0xFF, 0x30, 0x00, 0x00, 0x00, 0xFF, 0xFF, 0x09, 0x00, 
	0x43, 0x30, 0xFF, 0xFF, 0x30, 0x00, 0x00, 0x00, 0x87, 0x68, 0xFF, 0xFF, 0x15, 0x00, 0x0F, 0xD1, 
	0x22, 0x28, 0xFF, 0xFF, 0xE3, 0x01, 0x00, 0x00, 0x86, 0x58, 0xFF, 0xFF, 0x15, 0x00, 0x0F, 0xD1, 
	0x65, 0x50, 0xFF, 0xFF, 0x6B, 0x00, 0x00, 0x00, 0x44, 0x40, 0xFF, 0xFF, 0x15, 0x00, 0x0F, 0xD1, 
	0xA8, 0x78, 0xFF, 0xFF, 0xE3, 0x01, 0x00, 0x00, 0xEC, 0xA8, 0xFF, 0xFF, 0x15, 0x00, 0x0F, 0xD1, 
	0x87, 0x68, 0xFF, 0xFF, 0x6B, 0x00, 0x00, 0x00, 0x87, 0x68, 0xFF, 0xFF, 0x15, 0x00, 0x0F, 0xD1, 
	0xEC, 0xA8, 0xFF, 0xFF, 0xE2, 0x01, 0x00, 0x00, 0x22, 0x18, 0xFF, 0xFF, 0x16, 0x00, 0x0F, 0xD1, 
	0xCA, 0x90, 0xFF, 0xFF, 0x6B, 0x00, 0x00, 0x00, 0xCA, 0x90, 0xFF, 0xFF, 0x16, 0x00, 0x0F, 0xD1, 
	0x22, 0x18, 0xFF, 0xFF, 0xE1, 0x01, 0x00, 0x00, 0x65, 0x50, 0xFF, 0xFF, 0x17, 0x00, 0x0F, 0xD1, 
	0x01, 0x08, 0xFF, 0xFF, 0x6A, 0x00, 0x00, 0x00, 0x0E, 0xC1, 0xFF, 0xFF, 0x16, 0x00, 0x0F, 0xD1, 
	0x86, 0x58, 0xFF, 0xFF, 0xE1, 0x01, 0x00, 0x00, 0xA8, 0x78, 0xFF, 0xFF, 0x17, 0x00, 0x0F, 0xD1, 
	0x65, 0x50, 0xFF, 0xFF, 0x69, 0x00, 0x00, 0x00, 0x65, 0x50, 0xFF, 0xFF, 0x17, 0x00, 0x0F, 0xD1, 
	0xA8, 0x78, 0xFF, 0xFF, 0xE1, 0x01, 0x00, 0x00, 0xCB, 0x98, 0xFF, 0xFF, 0x17, 0x00, 0x0F, 0xD1, 
	0xCB, 0x98, 0xFF, 0xFF, 0x69, 0x00, 0x00, 0x00, 0xCA, 0x90, 0xFF, 0xFF, 0x17, 0x00, 0x0F, 0xD1, 
	0xCB, 0x98, 0xFF, 0xFF, 0xE1, 0x01, 0x00, 0x00, 0x0E, 0xC1, 0xFF, 0xFF, 0x18, 0x00, 0x0F, 0xD1, 
	0x22, 0x18, 0xFF, 0xFF, 0x67, 0x00, 0x00, 0x00, 0x01, 0x08, 0xFF, 0xFF, 0x18, 0x00, 0x0F, 0xD1, 
	0x0E, 0xC1, 0xFF, 0xFF, 0xE1, 0x01, 0x00, 0x00, 0xFF, 0xFF, 0x19, 0x00, 0x0F, 0xD1, 0x65, 0x50, 
	0xFF, 0xFF, 0x67, 0x00, 0x00, 0x00, 0x65, 0x50, 0xFF, 0xFF, 0x19, 0x00, 0x0F, 0xD1, 0xFF, 0xFF, 
	0xE0, 0x01, 0x00, 0x00, 0x22, 0x28, 0xFF, 0xFF, 0x19, 0x00, 0x0F, 0xD1, 0xA8, 0x78, 0xFF, 0xFF, 
	0x67, 0x00, 0x00, 0x00, 0xA8, 0x78, 0xFF, 0xFF, 0x19, 0x00, 0x0F, 0xD1, 0x43, 0x30, 0xFF, 0xFF, 
	0xDF, 0x01, 0x00, 0x00, 0x43, 0x30, 0xFF, 0xFF, 0x19, 0x00, 0x0F, 0xD1, 0xCB, 0x98, 0xFF, 0xFF, 
	0x67, 0x00, 0x00, 0x00, 0xCB, 0x98, 0xFF, 0xFF, 0x19, 0x00, 0x0F, 0xD1, 0x43, 0x30, 0xFF, 0xFF, 
	0xDF, 0x01, 0x00, 0x00, 0x43, 0x30, 0xFF, 0xFF, 0x19, 0x00, 0x0F, 0xD1, 0x0E, 0xC1, 0xFF, 0xFF, 
	0x67, 0x00, 0x00, 0x00, 0xED, 0xB8, 0xFF, 0xFF, 0x19, 0x00, 0x0F, 0xD1, 0x43, 0x30, 0xFF, 0xFF, 
	0xDF, 0x01, 0x00, 0x00, 0x43, 0x30, 0xFF, 0xFF, 0x1A, 0x00, 0x0F, 0xD1, 0xFF, 0xFF, 0x67, 0x00, 
	0x00, 0x00, 0xFF, 0xFF, 0x1A, 0x00, 0x0F, 0xD1, 0x43, 0x30, 0xFF, 0xFF, 0xDF, 0x01, 0x00, 0x00, 
	0x43, 0x30, 0xFF, 0xFF, 0x1A, 0x00, 0x0F, 0xD1, 0xFF, 0xFF, 0x67, 0x00, 0x00, 0x00, 0xFF, 0xFF, 
	0x1A, 0x00, 0x0F, 0xD1, 0x43, 0x30, 0xFF, 0xFF, 0xDF, 0x01, 0x00, 0x00, 0x43, 0x30, 0xFF, 0xFF, 
	0x1A, 0x00, 0x0F, 0xD1, 0xFF, 0xFF, 0x67, 0x00, 0x00, 0x00, 0xFF, 0xFF, 0x1A, 0x00, 0x0F, 0xD1, 
	0x87, 0x68, 0xFF, 0xFF, 0xDF, 0x01, 0x00, 0x00, 0x86, 0x58, 0xFF, 0xFF, 0x1A, 0x00, 0x0F, 0xD1, 
	0xFF, 0xFF, 0x67, 0x00, 0x00, 0x00, 0xFF, 0xFF, 0x1A, 0x00, 0x0F, 0xD1, 0x87, 0x68, 0xFF, 0xFF, 
	0xDF, 0x01, 0x00, 0x00, 0x87, 0x68, 0xFF, 0xFF, 0x19, 0x00, 0x0F, 0xD1, 0xED, 0xB8, 0xFF, 0xFF, 
	0x67, 0x00, 0x00, 0x00, 0xEC, 0xA8, 0xFF, 0xFF, 0x19, 0x00, 0x0F, 0xD1, 0x87, 0x68, 0xFF, 0xFF, 
	0xDF, 0x01, 0x00, 0x00, 0x87, 0x68, 0xFF, 0xFF, 0x19, 0x00, 0x0F, 0xD1, 0xCA, 0x90, 0xFF, 0xFF, 
	0x67, 0x00, 0x00, 0x00, 0xCA, 0x90, 0xFF, 0xFF, 0x19, 0x00, 0x0F, 0xD1, 0x87, 0x68, 0xFF, 0xFF, 
	0xDF, 0x01, 0x00, 0x00, 0x87, 0x68, 0xFF, 0xFF, 0x19, 0x00, 0x0F, 0xD1, 0x86, 0x58, 0xFF, 0xFF, 
	0x67, 0x00, 0x00, 0x00, 0x86, 0x58, 0xFF, 0xFF, 0x19, 0x00, 0x0F, 0xD1, 0x87, 0x68, 0xFF, 0xFF, 
	0xDF, 0x01, 0x00, 0x00, 0x87, 0x68, 0xFF, 0xFF, 0x19, 0x00, 0x0F, 0xD1, 0x22, 0x18, 0xFF, 0xFF, 
	0x67, 0x00, 0x00, 0x00, 0x22, 0x18, 0xFF, 0xFF, 0x19, 0x00, 0x0F, 0xD1, 0x87, 0x68, 0xFF, 0xFF, 
	0xDF, 0x01, 0x00, 0x00, 0x87, 0x68, 0xFF, 0xFF, 0x18, 0x00, 0x0F, 0xD1, 0xCB, 0x98, 0xFF, 0xFF, 
	0x69, 0x00, 0x00, 0x00, 0xCB, 0x98, 0xFF, 0xFF, 0x18, 0x00, 0x0F, 0xD1, 0x87, 0x68, 0xFF, 0xFF, 
	0xDF, 0x01, 0x00, 0x00, 0x87, 0x68, 0xFF, 0xFF, 0x18, 0x00, 0x0F, 0xD1, 0x43, 0x30, 0xFF, 0xFF, 
	0x69, 0x00, 0x00, 0x00, 0x43, 0x30, 0xFF, 0xFF, 0x18, 0x00, 0x0F, 0xD1, 0x87, 0x68, 0xFF, 0xFF, 
	0xDF, 0x01, 0x00, 0x00, 0x87, 0x68, 0xFF, 0xFF, 0x17, 0x00, 0x0F, 0xD1, 0xCA, 0x90, 0xFF, 0xFF, 
	0x6B, 0x00, 0x00, 0x00, 0xCA, 0x90, 0xFF, 0xFF, 0x17, 0x00, 0x0F, 0xD1, 0x87, 0x68, 0xFF, 0xFF, 
	0xDF, 0x01, 0x00, 0x00, 0x87, 0x68, 0xFF, 0xFF, 0x16, 0x00, 0x0F, 0xD1, 0x0E, 0xC1, 0x01, 0x08, 
	0xFF, 0xFF, 0x6B, 0x00, 0x00, 0x00, 0x01, 0x08, 0x0E, 0xC1, 0xFF, 0xFF, 0x16, 0x00, 0x0F, 0xD1, 
	0x87, 0x68, 0xFF, 0xFF, 0xDF, 0x01, 0x00, 0x00, 0x87, 0x68, 0xFF, 0xFF, 0x15, 0x00, 0x0F, 0xD1, 
	0x0E, 0xC1, 0x22, 0x28, 0xFF, 0xFF, 0x6D, 0x00, 0x00, 0x00, 0x22, 0x28, 0x0E, 0xC1, 0xFF, 0xFF, 
	0x15, 0x00, 0x0F, 0xD1, 0x87, 0x68, 0xFF, 0xFF, 0xDF, 0x01, 0x00, 0x00, 0x87, 0x68, 0xFF, 0xFF, 
	0x15, 0x00, 0x0F, 0xD1, 0x65, 0x50, 0xFF, 0xFF, 0x6F, 0x00, 0x00, 0x00, 0x44, 0x40, 0xFF, 0xFF, 
	0x15, 0x00, 0x0F, 0xD1, 0x87, 0x68, 0xFF, 0xFF, 0xDF, 0x01, 0x00, 0x00, 0x87, 0x68, 0xFF, 0xFF, 
	0x14, 0x00, 0x0F, 0xD1, 0x65, 0x50, 0xFF, 0xFF, 0x71, 0x00, 0x00, 0x00, 0x65, 0x50, 0xFF, 0xFF, 
	0x14, 0x00, 0x0F, 0xD1, 0x87, 0x68, 0xFF, 0xFF, 0xDF, 0x01, 0x00, 0x00, 0xCA, 0x90, 0xFF, 0xFF, 
	0x13, 0x00, 0x0F, 0xD1, 0xA8, 0x78, 0xFF, 0xFF, 0x73, 0x00, 0x00, 0x00, 0xA8, 0x78, 0xFF, 0xFF, 
	0x13, 0x00, 0x0F, 0xD1, 0xCB, 0x98, 0xFF, 0xFF, 0xDF, 0x01, 0x00, 0x00, 0xCB, 0x98, 0xFF, 0xFF, 
	0x12, 0x00, 0x0F, 0xD1, 0xED, 0xB8, 0x01, 0x08, 0xFF, 0xFF, 0x73, 0x00, 0x00, 0x00, 0x01, 0x08, 
	0xED, 0xB8, 0xFF, 0xFF, 0x12, 0x00, 0x0F, 0xD1, 0xCB, 0x98, 0xFF, 0xFF, 0xDF, 0x01, 0x00, 0x00, 
	0xCB, 0x98, 0xFF, 0xFF, 0x12, 0x00, 0x0F, 0xD1, 0x65, 0x50, 0xFF, 0xFF, 0x75, 0x00, 0x00, 0x00, 
	0x44, 0x40, 0xFF, 0xFF, 0x12, 0x00, 0x0F, 0xD1, 0xCB, 0x98, 0xFF, 0xFF, 0xDF, 0x01, 0x00, 0x00, 
	0xCB, 0x98, 0xFF, 0xFF, 0x11, 0x00, 0x0F, 0xD1, 0x0E, 0xC1, 0xFF, 0xFF, 0x77, 0x00, 0x00, 0x00, 
	0x0E, 0xC1, 0xFF, 0xFF, 0x11, 0x00, 0x0F, 0xD1, 0xCB, 0x98, 0xFF, 0xFF, 0xDF, 0x01, 0x00, 0x00, 
	0xCB, 0x98, 0xFF, 0xFF, 0x11, 0x00, 0x0F, 0xD1, 0xA9, 0x80, 0xFF, 0xFF, 0x77, 0x00, 0x00, 0x00, 
	0xA9, 0x80, 0xFF, 0xFF, 0x11, 0x00, 0x0F, 0xD1, 0xCB, 0x98, 0xFF, 0xFF, 0xDF, 0x01, 0x00, 0x00, 
	0xCB, 0x98, 0xFF, 0xFF, 0x11, 0x00, 0x0F, 0xD1, 0x22, 0x28, 0xFF, 0xFF, 0x77, 0x00, 0x00, 0x00, 
	0x22, 0x28, 0xFF, 0xFF, 0x11, 0x00, 0x0F, 0xD1, 0xCB, 0x98, 0xFF, 0xFF, 0xDF, 0x01, 0x00, 0x00, 
	0xCB, 0x98, 0xFF, 0xFF, 0x11, 0x00, 0x0F, 0xD1, 0xFF, 0xFF, 0x79, 0x00, 0x00, 0x00, 0xFF, 0xFF, 
	0x11, 0x00, 0x0F, 0xD1, 0xEC, 0xA8, 0xFF, 0xFF, 0xDF, 0x01, 0x00, 0x00, 0xFF, 0xFF, 0x11, 0x00, 
	0x0F, 0xD1, 0xCB, 0x98, 0xFF, 0xFF, 0x79, 0x00, 0x00, 0x00, 0xCB, 0x98, 0xFF, 0xFF, 0x11, 0x00, 
	0x0F, 0xD1, 0xFF, 0xFF, 0xDF, 0x01, 0x00, 0x00, 0xFF, 0xFF, 0x11, 0x00, 0x0F, 0xD1, 0xA8, 0x78, 
	0xFF, 0xFF, 0x79, 0x00, 0x00, 0x00, 0xA8, 0x78, 0xFF, 0xFF, 0x11, 0x00, 0x0F, 0xD1, 0xFF, 0xFF, 
	0xDF, 0x01, 0x00, 0x00, 0xFF, 0xFF, 0x11, 0x00, 0x0F, 0xD1, 0x65, 0x50, 0xFF, 0xFF, 0x79, 0x00, 
	0x00, 0x00, 0x65, 0x50, 0xFF, 0xFF, 0x11, 0x00, 0x0F, 0xD1, 0xFF, 0xFF, 0xDF, 0x01, 0x00, 0x00, 
	0xFF, 0xFF, 0x11, 0x00, 0x0F, 0xD1, 0x43, 0x30, 0xFF, 0xFF, 0x79, 0x00, 0x00, 0x00, 0x43, 0x30, 
	0xFF, 0xFF, 0x11, 0x00, 0x0F, 0xD1, 0xFF, 0xFF, 0xDF, 0x01, 0x00, 0x00, 0xFF, 0xFF, 0x11, 0x00, 
	0x0F, 0xD1, 0x43, 0x30, 0xFF, 0xFF, 0x79, 0x00, 0x00, 0x00, 0x43, 0x30, 0xFF, 0xFF, 0x11, 0x00, 
	0x0F, 0xD1, 0xFF, 0xFF, 0xDE, 0x01, 0x00, 0x00, 0x22, 0x18, 0xFF, 0xFF, 0x11, 0x00, 0x0F, 0xD1, 
	0x01, 0x08, 0xFF, 0xFF, 0x79, 0x00, 0x00, 0x00, 0x01, 0x08, 0xFF, 0xFF, 0x11, 0x00, 0x0F, 0xD1, 
	0x22, 0x28, 0xFF, 0xFF, 0xDD, 0x01, 0x00, 0x00, 0x43, 0x30, 0xFF, 0xFF, 0x11, 0x00, 0x0F, 0xD1, 
	0xFF, 0xFF, 0x7B, 0x00, 0x00, 0x00, 0xFF, 0xFF, 0x11, 0x00, 0x0F, 0xD1, 0x43, 0x30, 0xFF, 0xFF, 
	0xDD, 0x01, 0x00, 0x00, 0x43, 0x30, 0xFF, 0xFF, 0x11, 0x00, 0x0F, 0xD1, 0xFF, 0xFF, 0x7B, 0x00, 
	0x00, 0x00, 0xFF, 0xFF, 0x11, 0x00, 0x0F, 0xD1, 0x43, 0x30, 0xFF, 0xFF, 0xDD, 0x01, 0x00, 0x00, 
	0x22, 0x18, 0xFF, 0xFF, 0x11, 0x00, 0x0F, 0xD1, 0xFF, 0xFF, 0x7B, 0x00, 0x00, 0x00, 0xFF, 0xFF, 
	0x11, 0x00, 0x0F, 0xD1, 0x22, 0x18, 0xFF, 0xFF, 0xDE, 0x01, 0x00, 0x00, 0xFF, 0xFF, 0x11, 0x00, 
	0x0F, 0xD1, 0xFF, 0xFF, 0x7B, 0x00, 0x00, 0x00, 0xFF, 0xFF, 0x11, 0x00, 0x0F, 0xD1, 0xFF, 0xFF, 
	0xDF, 0x01, 0x00, 0x00, 0xEC, 0xA8, 0xFF, 0xFF, 0x10, 0x00, 0x0F, 0xD1, 0x22, 0x18, 0xFF, 0xFF, 
	0x79, 0x00, 0x00, 0x00, 0x01, 0x08, 0xFF, 0xFF, 0x10, 0x00, 0x0F, 0xD1, 0xEC, 0xA8, 0xFF, 0xFF, 
	0xDF, 0x01, 0x00, 0x00, 0xA9, 0x80, 0xFF, 0xFF, 0x10, 0x00, 0x0F, 0xD1, 0x43, 0x30, 0xFF, 0xFF, 
	0x79, 0x00, 0x00, 0x00, 0x43, 0x30, 0xFF, 0xFF, 0x10, 0x00, 0x0F, 0xD1, 0xA9, 0x80, 0xFF, 0xFF, 
	0xDF, 0x01, 0x00, 0x00, 0x87, 0x68, 0xFF, 0xFF, 0x10, 0x00, 0x0F, 0xD1, 0x43, 0x30, 0xFF, 0xFF, 
	0x79, 0x00, 0x00, 0x00, 0x43, 0x30, 0xFF, 0xFF, 0x10, 0x00, 0x0F, 0xD1, 0x87, 0x68, 0xFF, 0xFF, 
	0xDF, 0x01, 0x00, 0x00, 0x44, 0x40, 0xFF, 0xFF, 0x10, 0x00, 0x0F, 0xD1, 0x86, 0x58, 0xFF, 0xFF, 
	0x79, 0x00, 0x00, 0x00, 0x86, 0x58, 0xFF, 0xFF, 0x10, 0x00, 0x0F, 0xD1, 0x44, 0x40, 0xFF, 0xFF, 
	0xDF, 0x01, 0x00, 0x00, 0x22, 0x28, 0xFF, 0xFF, 0x10, 0x00, 0x0F, 0xD1, 0x87, 0x68, 0xFF, 0xFF, 
	0x79, 0x00, 0x00, 0x00, 0x87, 0x68, 0xFF, 0xFF, 0x10, 0x00, 0x0F, 0xD1, 0x22, 0x28, 0xFF, 0xFF, 
	0xE0, 0x01, 0x00, 0x00, 0xFF, 0xFF, 0x10, 0x00, 0x0F, 0xD1, 0xA9, 0x80, 0xFF, 0xFF, 0x79, 0x00, 
	0x00, 0x00, 0xA9, 0x80, 0xFF, 0xFF, 0x10, 0x00, 0x0F, 0xD1, 0xFF, 0xFF, 0xE1, 0x01, 0x00, 0x00, 
	0xEC, 0xA8, 0xFF, 0xFF, 0x0F, 0x00, 0x0F, 0xD1, 0xCB, 0x98, 0xFF, 0xFF, 0x79, 0x00, 0x00, 0x00, 
	0xCB, 0x98, 0xFF, 0xFF, 0x0F, 0x00, 0x0F, 0xD1, 0xEC, 0xA8, 0xFF, 0xFF, 0xE1, 0x01, 0x00, 0x00, 
	0x86, 0x58, 0xFF, 0xFF, 0x10, 0x00, 0x0F, 0xD1, 0xFF, 0xFF, 0x79, 0x00, 0x00, 0x00, 0xFF, 0xFF, 
	0x10, 0x00, 0x0F, 0xD1, 0x87, 0x68, 0xFF, 0xFF, 0xE1, 0x01, 0x00, 0x00, 0x22, 0x28, 0xFF, 0xFF, 
	0x10, 0x00, 0x0F, 0xD1, 0x43, 0x30, 0xFF, 0xFF, 0x77, 0x00, 0x00, 0x00, 0x43, 0x30, 0xFF, 0xFF, 
	0x10, 0x00, 0x0F, 0xD1, 0x22, 0x28, 0xFF, 0xFF, 0xE2, 0x01, 0x00, 0x00, 0xCB, 0x98, 0xFF, 0xFF, 
	0x0F, 0x00, 0x0F, 0xD1, 0x87, 0x68, 0xFF, 0xFF, 0x77, 0x00, 0x00, 0x00, 0x87, 0x68, 0xFF, 0xFF, 
	0x0F, 0x00, 0x0F, 0xD1, 0xCB, 0x98, 0xFF, 0xFF, 0xE3, 0x01, 0x00, 0x00, 0x43, 0x30, 0xFF, 0xFF, 
	0x0F, 0x00, 0x0F, 0xD1, 0xCB, 0x98, 0xFF, 0xFF, 0x77, 0x00, 0x00, 0x00, 0xCB, 0x98, 0xFF, 0xFF, 
	0x0F, 0x00, 0x0F, 0xD1, 0x43, 0x30, 0xFF, 0xFF, 0xE4, 0x01, 0x00, 0x00, 0xCA, 0x90, 0xFF, 0xFF, 
	0x0F, 0x00, 0x0F, 0xD1, 0x01, 0x08, 0xFF, 0xFF, 0x76, 0x00, 0x00, 0x00, 0xFF, 0xFF, 0x0F, 0x00, 
	0x0F, 0xD1, 0xCA, 0x90, 0xFF, 0xFF, 0xE5, 0x01, 0x00, 0x00, 0x01, 0x08, 0x0E, 0xC1, 0xFF, 0xFF, 
	0x0E, 0x00, 0x0F, 0xD1, 0x43, 0x30, 0xFF, 0xFF, 0x75, 0x00, 0x00, 0x00, 0x43, 0x30, 0xFF, 0xFF, 
	0x0E, 0x00, 0x0F, 0xD1, 0x0E, 0xC1, 0x01, 0x08, 0xFF, 0xFF, 0xE6, 0x01, 0x00, 0x00, 0x22, 0x28, 
	0x0E, 0xC1, 0xFF, 0xFF, 0x0D, 0x00, 0x0F, 0xD1, 0x87, 0x68, 0xFF, 0xFF, 0x75, 0x00, 0x00, 0x00, 
	0x87, 0x68, 0xFF, 0xFF, 0x0D, 0x00, 0x0F, 0xD1, 0x0E, 0xC1, 0x22, 0x28, 0xFF, 0xFF, 0xE8, 0x01, 
	0x00, 0x00, 0x22, 0x18, 0xA9, 0x80, 0xFF, 0xFF, 0x0C, 0x00, 0x0F, 0xD1, 0xA9, 0x80, 0xFF, 0xFF, 
	0x75, 0x00, 0x00, 0x00, 0xA9, 0x80, 0xFF, 0xFF, 0x0C, 0x00, 0x0F, 0xD1, 0xA9, 0x80, 0x22, 0x18, 
	0xFF, 0xFF, 0xEB, 0x01, 0x00, 0x00, 0x01, 0x08, 0x65, 0x50, 0xEC, 0xA8, 0xFF, 0xFF, 0x09, 0x00, 
	0x0F, 0xD1, 0xCB, 0x98, 0xFF, 0xFF, 0x75, 0x00, 0x00, 0x00, 0xCB, 0x98, 0xFF, 0xFF, 0x09, 0x00, 
	0x0F, 0xD1, 0xEC, 0xA8, 0x65, 0x50, 0x01, 0x08, 0xFF, 0xFF, 0xF0, 0x01, 0x00, 0x00, 0x43, 0x30, 
	0xEC, 0xA8, 0xFF, 0xFF, 0x07, 0x00, 0x0F, 0xD1, 0x0E, 0xC1, 0xFF, 0xFF, 0x75, 0x00, 0x00, 0x00, 
	0xED, 0xB8, 0xFF, 0xFF, 0x07, 0x00, 0x0F, 0xD1, 0xEC, 0xA8, 0x43, 0x30, 0xFF, 0xFF, 0xF5, 0x01, 
	0x00, 0x00, 0xA9, 0x80, 0xFF, 0xFF, 0x07, 0x00, 0x0F, 0xD1, 0xFF, 0xFF, 0x75, 0x00, 0x00, 0x00, 
	0xFF, 0xFF, 0x07, 0x00, 0x0F, 0xD1, 0xA9, 0x80, 0xFF, 0xFF, 0xF8, 0x01, 0x00, 0x00, 0x86, 0x58, 
	0xFF, 0xFF, 0x06, 0x00, 0x0F, 0xD1, 0x22, 0x18, 0xFF, 0xFF, 0x73, 0x00, 0x00, 0x00, 0x01, 0x08, 
	0xFF, 0xFF, 0x06, 0x00, 0x0F, 0xD1, 0x87, 0x68, 0xFF, 0xFF, 0xFA, 0x01, 0x00, 0x00, 0xA8, 0x78, 
	0xFF, 0xFF, 0x05, 0x00, 0x0F, 0xD1, 0x43, 0x30, 0xFF, 0xFF, 0x73, 0x00, 0x00, 0x00, 0x43, 0x30, 
	0xFF, 0xFF, 0x05, 0x00, 0x0F, 0xD1, 0xA9, 0x80, 0xFF, 0xFF, 0xFC, 0x01, 0x00, 0x00, 0xCB, 0x98, 
	0xFF, 0xFF, 0x04, 0x00, 0x0F, 0xD1, 0x65, 0x50, 0xFF, 0xFF, 0x73, 0x00, 0x00, 0x00, 0x44, 0x40, 
	0xFF, 0xFF, 0x04, 0x00, 0x0F, 0xD1, 0xCB, 0x98, 0xFF, 0xFF, 0xFD, 0x01, 0x00, 0x00, 0x22, 0x18, 
	0x0E, 0xC1, 0xFF, 0xFF, 0x03, 0x00, 0x0F, 0xD1, 0x87, 0x68, 0xFF, 0xFF, 0x73, 0x00, 0x00, 0x00, 
	0x87, 0x68, 0xFF, 0xFF, 0x03, 0x00, 0x0F, 0xD1, 0x0E, 0xC1, 0x22, 0x18, 0xFF, 0xFF, 0xFE, 0x01, 
	0x00, 0x00, 0x86, 0x58, 0xFF, 0xFF, 0x03, 0x00, 0x0F, 0xD1, 0x87, 0x68, 0xFF, 0xFF, 0x73, 0x00, 
	0x00, 0x00, 0x87, 0x68, 0xFF, 0xFF, 0x03, 0x00, 0x0F, 0xD1, 0x86, 0x58, 0xFF, 0xFF, 0x00, 0x02, 
	0x00, 0x00, 0xCB, 0x98, 0x0F, 0xD1, 0x0F, 0xD1, 0x0F, 0xD1, 0xCB, 0x98, 0xFF, 0xFF, 0x73, 0x00, 
	0x00, 0x00, 0xCA, 0x90, 0x0F, 0xD1, 0x0F, 0xD1, 0x0F, 0xD1, 0xCB, 0x98, 0xFF, 0xFF, 0x01, 0x02, 
	0x00, 0x00, 0x43, 0x30, 0x0F, 0xD1, 0x0F, 0xD1, 0x0F, 0xD1, 0xCB, 0x98, 0xFF, 0xFF, 0x73, 0x00, 
	0x00, 0x00, 0xCB, 0x98, 0x0F, 0xD1, 0x0F, 0xD1, 0x0F, 0xD1, 0x43, 0x30, 0xFF, 0xFF, 0x02, 0x02, 
	0x00, 0x00, 0xCB, 0x98, 0x0F, 0xD1, 0x0F, 0xD1, 0xCB, 0x98, 0xFF, 0xFF, 0x73, 0x00, 0x00, 0x00, 
	0xCB, 0x98, 0x0F, 0xD1, 0x0F, 0xD1, 0xCB, 0x98, 0xFF, 0xFF, 0x03, 0x02, 0x00, 0x00, 0x65, 0x50, 
	0x0F, 0xD1, 0x0F, 0xD1, 0xCB, 0x98, 0xFF, 0xFF, 0x73, 0x00, 0x00, 0x00, 0xCB, 0x98, 0x0F, 0xD1, 
	0x0F, 0xD1, 0x65, 0x50, 0xFF, 0xFF, 0x03, 0x02, 0x00, 0x00, 0x01, 0x08, 0x0F, 0xD1, 0x0F, 0xD1, 
	0x0F, 0xD1, 0xFF, 0xFF, 0x73, 0x00, 0x00, 0x00, 0x0F, 0xD1, 0x0F, 0xD1, 0x0F, 0xD1, 0x01, 0x08, 
	0xFF, 0xFF, 0x04, 0x02, 0x00, 0x00, 0xCA, 0x90, 0x0F, 0xD1, 0x0F, 0xD1, 0x22, 0x28, 0xFF, 0xFF, 
	0x71, 0x00, 0x00, 0x00, 0x22, 0x18, 0x0F, 0xD1, 0x0F, 0xD1, 0xCA, 0x90, 0xFF, 0xFF, 0x05, 0x02, 
	0x00, 0x00, 0x87, 0x68, 0x0F, 0xD1, 0x0F, 0xD1, 0x44, 0x40, 0xFF, 0xFF, 0x71, 0x00, 0x00, 0x00, 
	0x44, 0x40, 0x0F, 0xD1, 0x0F, 0xD1, 0x87, 0x68, 0xFF, 0xFF, 0x05, 0x02, 0x00, 0x00, 0x43, 0x30, 
	0x0F, 0xD1, 0x0F, 0xD1, 0x87, 0x68, 0xFF, 0xFF, 0x71, 0x00, 0x00, 0x00, 0x87, 0x68, 0x0F, 0xD1, 
	0x0F, 0xD1, 0x43, 0x30, 0xFF, 0xFF, 0x05, 0x02, 0x00, 0x00, 0x22, 0x28, 0x0F, 0xD1, 0x0F, 0xD1, 
	0x87, 0x68, 0xFF, 0xFF, 0x71, 0x00, 0x00, 0x00, 0x87, 0x68, 0x0F, 0xD1, 0x0F, 0xD1, 0x22, 0x28, 
	0xFF, 0xFF, 0x06, 0x02, 0x00, 0x00, 0x0F, 0xD1, 0x0F, 0xD1, 0x87, 0x68, 0xFF, 0xFF, 0x71, 0x00, 
	0x00, 0x00, 0x87, 0x68, 0x0F, 0xD1, 0x0F, 0xD1, 0xFF, 0xFF, 0x07, 0x02, 0x00, 0x00, 0x0F, 0xD1, 
	0x0F, 0xD1, 0xCB, 0x98, 0xFF, 0xFF, 0x71, 0x00, 0x00, 0x00, 0xCA, 0x90, 0x0F, 0xD1, 0x0F, 0xD1, 
	0xFF, 0xFF, 0x07, 0x02, 0x00, 0x00, 0xCB, 0x98, 0x0F, 0xD1, 0xCB, 0x98, 0xFF, 0xFF, 0x71, 0x00, 
	0x00, 0x00, 0xCB, 0x98, 0x0F, 0xD1, 0xCB, 0x98, 0xFF, 0xFF, 0x07, 0x02, 0x00, 0x00, 0xCB, 0x98, 
	0x0F, 0xD1, 0xED, 0xB8, 0xFF, 0xFF, 0x71, 0x00, 0x00, 0x00, 0xEC, 0xA8, 0x0F, 0xD1, 0xCB, 0x98, 
	0xFF, 0xFF, 0x07, 0x02, 0x00, 0x00, 0xA9, 0x80, 0x0F, 0xD1, 0x0F, 0xD1, 0xFF, 0xFF, 0x26, 0x00, 
	0x00, 0x00, 0x22, 0x18, 0x44, 0x40, 0xFF, 0xFF, 0x04, 0x00, 0x87, 0x68, 0x44, 0x40, 0x22, 0x28, 
	0xFF, 0xFF, 0x11, 0x00, 0x00, 0x00, 0x22, 0x28, 0x44, 0x40, 0xFF, 0xFF, 0x04, 0x00, 0x87, 0x68, 
	0x44, 0x40, 0x22, 0x18, 0xFF, 0xFF, 0x26, 0x00, 0x00, 0x00, 0x0F, 0xD1, 0x0F, 0xD1, 0xA9, 0x80, 
	0xFF, 0xFF, 0x07, 0x02, 0x00, 0x00, 0x86, 0x58, 0x0F, 0xD1, 0x0F, 0xD1, 0x43, 0x30, 0xFF, 0xFF, 
	0x22, 0x00, 0x00, 0x00, 0x22, 0x18, 0x87, 0x68, 0xED, 0xB8, 0xFF, 0xFF, 0x08, 0x00, 0x0F, 0xD1, 
	0x0E, 0xC1, 0xA9, 0x80, 0x22, 0x28, 0xFF, 0xFF, 0x0B, 0x00, 0x00, 0x00, 0x22, 0x28, 0xA9, 0x80, 
	0x0E, 0xC1, 0xFF, 0xFF, 0x08, 0x00, 0x0F, 0xD1, 0xED, 0xB8, 0x87, 0x68, 0x22, 0x18, 0xFF, 0xFF, 
	0x22, 0x00, 0x00, 0x00, 0x43, 0x30, 0x0F, 0xD1, 0x0F, 0xD1, 0x87, 0x68, 0xFF, 0xFF, 0x07, 0x02, 
	0x00, 0x00, 0x43, 0x30, 0x0F, 0xD1, 0x0F, 0xD1, 0x86, 0x58, 0xFF, 0xFF, 0x21, 0x00, 0x00, 0x00, 
	0x87, 0x68, 0xFF, 0xFF, 0x0E, 0x00, 0x0F, 0xD1, 0xCB, 0x98, 0x22, 0x28, 0xFF, 0xFF, 0x07, 0x00, 
	0x00, 0x00, 0x22, 0x18, 0xCB, 0x98, 0xFF, 0xFF, 0x0E, 0x00, 0x0F, 0xD1, 0x87, 0x68, 0xFF, 0xFF, 
	0x21, 0x00, 0x00, 0x00, 0x86, 0x58, 0x0F, 0xD1, 0x0F, 0xD1, 0x43, 0x30, 0xFF, 0xFF, 0x07, 0x02, 
	0x00, 0x00, 0x01, 0x08, 0x0F, 0xD1, 0x0F, 0xD1, 0xA8, 0x78, 0xFF, 0xFF, 0x1F, 0x00, 0x00, 0x00, 
	0x22, 0x18, 0xEC, 0xA8, 0xFF, 0xFF, 0x11, 0x00, 0x0F, 0xD1, 0x65, 0x50, 0xFF, 0xFF, 0x05, 0x00, 
	0x00, 0x00, 0x65, 0x50, 0xFF, 0xFF, 0x11, 0x00, 0x0F, 0xD1, 0xEC, 0xA8, 0x22, 0x18, 0xFF, 0xFF, 
	0x1F, 0x00, 0x00, 0x00, 0xA8, 0x78, 0x0F, 0xD1, 0x0F, 0xD1, 0x01, 0x08, 0xFF, 0xFF, 0x08, 0x02, 
	0x00, 0x00, 0xED, 0xB8, 0x0F, 0xD1, 0xCB, 0x98, 0xFF, 0xFF, 0x1E, 0x00, 0x00, 0x00, 0x22, 0x28, 
	0x0E, 0xC1, 0xFF, 0xFF, 0x13, 0x00, 0x0F, 0xD1, 0x22, 0x18, 0xFF, 0xFF, 0x03, 0x00, 0x00, 0x00, 
	0x01, 0x08, 0xFF, 0xFF, 0x13, 0x00, 0x0F, 0xD1, 0x0E, 0xC1, 0x22, 0x28, 0xFF, 0xFF, 0x1E, 0x00, 
	0x00, 0x00, 0xCB, 0x98, 0x0F, 0xD1, 0x0E, 0xC1, 0xFF, 0xFF, 0x09, 0x02, 0x00, 0x00, 0xCA, 0x90, 
	0x0F, 0xD1, 0xCB, 0x98, 0xFF, 0xFF, 0x1D, 0x00, 0x00, 0x00, 0x22, 0x28, 0x0E, 0xC1, 0xFF, 0xFF, 
	0x13, 0x00, 0x0F, 0xD1, 0xCB, 0x98, 0xFF, 0xFF, 0x05, 0x00, 0x00, 0x00, 0xCB, 0x98, 0xFF, 0xFF, 
	0x13, 0x00, 0x0F, 0xD1, 0x0E, 0xC1, 0x22, 0x28, 0xFF, 0xFF, 0x1D, 0x00, 0x00, 0x00, 0xCB, 0x98, 
	0x0F, 0xD1, 0xCA, 0x90, 0xFF, 0xFF, 0x09, 0x02, 0x00, 0x00, 0x87, 0x68, 0x0F, 0xD1, 0xCB, 0x98, 
	0xFF, 0xFF, 0x1C, 0x00, 0x00, 0x00, 0x22, 0x28, 0x0E, 0xC1, 0xFF, 0xFF, 0x13, 0x00, 0x0F, 0xD1, 
	0xED, 0xB8, 0x01, 0x08, 0xFF, 0xFF, 0x05, 0x00, 0x00, 0x00, 0x01, 0x08, 0xED, 0xB8, 0xFF, 0xFF, 
	0x13, 0x00, 0x0F, 0xD1, 0x0E, 0xC1, 0x22, 0x28, 0xFF, 0xFF, 0x1C, 0x00, 0x00, 0x00, 0xCB, 0x98, 
	0x0F, 0xD1, 0x87, 0x68, 0xFF, 0xFF, 0x09, 0x02, 0x00, 0x00, 0x43, 0x30, 0x0F, 0xD1, 0xCB, 0x98, 
	0xFF, 0xFF, 0x1B, 0x00, 0x00, 0x00, 0x22, 0x18, 0x0E, 0xC1, 0xFF, 0xFF, 0x13, 0x00, 0x0F, 0xD1, 
	0x0E, 0xC1, 0x22, 0x28, 0xFF, 0xFF, 0x07, 0x00, 0x00, 0x00, 0x22, 0x28, 0x0E, 0xC1, 0xFF, 0xFF, 
	0x13, 0x00, 0x0F, 0xD1, 0x0E, 0xC1, 0x22, 0x18, 0xFF, 0xFF, 0x1B, 0x00, 0x00, 0x00, 0xCB, 0x98, 
	0x0F, 0xD1, 0x43, 0x30, 0xFF, 0xFF, 0x09, 0x02, 0x00, 0x00, 0x01, 0x08, 0x0F, 0xD1, 0xCB, 0x98, 
	0xFF, 0xFF, 0x1A, 0x00, 0x00, 0x00, 0x01, 0x08, 0xEC, 0xA8, 0xFF, 0xFF, 0x13, 0x00, 0x0F, 0xD1, 
	0x0E, 0xC1, 0x22, 0x28, 0xFF, 0xFF, 0x09, 0x00, 0x00, 0x00, 0x22, 0x28, 0x0E, 0xC1, 0xFF, 0xFF, 
	0x13, 0x00, 0x0F, 0xD1, 0xEC, 0xA8, 0x01, 0x08, 0xFF, 0xFF, 0x1A, 0x00, 0x00, 0x00, 0xCB, 0x98, 
	0x0F, 0xD1, 0x01, 0x08, 0xFF, 0xFF, 0x0A, 0x02, 0x00, 0x00, 0xED, 0xB8, 0xA9, 0x80, 0xFF, 0xFF, 
	0x1A, 0x00, 0x00, 0x00, 0xEC, 0xA8, 0xFF, 0xFF, 0x14, 0x00, 0x0F, 0xD1, 0x65, 0x50, 0xFF, 0xFF, 
	0x0B, 0x00, 0x00, 0x00, 0x65, 0x50, 0x0E, 0xC1, 0xFF, 0xFF, 0x13, 0x00, 0x0F, 0xD1, 0xEC, 0xA8, 
	0xFF, 0xFF, 0x1A, 0x00, 0x00, 0x00, 0xA8, 0x78, 0x0E, 0xC1, 0xFF, 0xFF, 0x0B, 0x02, 0x00, 0x00, 
	0xCB, 0x98, 0x87, 0x68, 0xFF, 0xFF, 0x19, 0x00, 0x00, 0x00, 0xA9, 0x80, 0xFF, 0xFF, 0x13, 0x00, 
	0x0F, 0xD1, 0x0E, 0xC1, 0x22, 0x28, 0xFF, 0xFF, 0x0D, 0x00, 0x00, 0x00, 0x22, 0x28, 0x0E, 0xC1, 
	0xFF, 0xFF, 0x13, 0x00, 0x0F, 0xD1, 0xA9, 0x80, 0xFF, 0xFF, 0x19, 0x00, 0x00, 0x00, 0x87, 0x68, 
	0xCB, 0x98, 0xFF, 0xFF, 0x0B, 0x02, 0x00, 0x00, 0x87, 0x68, 0x65, 0x50, 0xFF, 0xFF, 0x18, 0x00, 
	0x00, 0x00, 0x86, 0x58, 0xFF, 0xFF, 0x13, 0x00, 0x0F, 0xD1, 0x0E, 0xC1, 0x22, 0x28, 0xFF, 0xFF, 
	0x0F, 0x00, 0x00, 0x00, 0x22, 0x28, 0x0E, 0xC1, 0xFF, 0xFF, 0x13, 0x00, 0x0F, 0xD1, 0x86, 0x58, 
	0xFF, 0xFF, 0x18, 0x00, 0x00, 0x00, 0x65, 0x50, 0xA8, 0x78, 0xFF, 0xFF, 0x0B, 0x02, 0x00, 0x00, 
	0x86, 0x58, 0x43, 0x30, 0xFF, 0xFF, 0x17, 0x00, 0x00, 0x00, 0x22, 0x28, 0x0E, 0xC1, 0xFF, 0xFF, 
	0x12, 0x00, 0x0F, 0xD1, 0xEC, 0xA8, 0x22, 0x28, 0xFF, 0xFF, 0x11, 0x00, 0x00, 0x00, 0x22, 0x28, 
	0xEC, 0xA8, 0xFF, 0xFF, 0x13, 0x00, 0x0F, 0xD1, 0x22, 0x28, 0xFF, 0xFF, 0x17, 0x00, 0x00, 0x00, 
	0x43, 0x30, 0x86, 0x58, 0xFF, 0xFF, 0x0B, 0x02, 0x00, 0x00, 0x01, 0x08, 0x01, 0x08, 0xFF, 0xFF, 
	0x17, 0x00, 0x00, 0x00, 0xEC, 0xA8, 0xFF, 0xFF, 0x12, 0x00, 0x0F, 0xD1, 0xCA, 0x90, 0x01, 0x08, 
	0xFF, 0xFF, 0x13, 0x00, 0x00, 0x00, 0x01, 0x08, 0xCA, 0x90, 0xFF, 0xFF, 0x12, 0x00, 0x0F, 0xD1, 
	0xEC, 0xA8, 0xFF, 0xFF, 0x17, 0x00, 0x00, 0x00, 0x01, 0x08, 0x01, 0x08, 0xFF, 0xFF, 0x24, 0x02, 
	0x00, 0x00, 0x65, 0x50, 0xFF, 0xFF, 0x11, 0x00, 0x0F, 0xD1, 0x0E, 0xC1, 0x86, 0x58, 0xFF, 0xFF, 
	0x17, 0x00, 0x00, 0x00, 0x86, 0x58, 0x0E, 0xC1, 0xFF, 0xFF, 0x11, 0x00, 0x0F, 0xD1, 0x65, 0x50, 
	0xFF, 0xFF, 0x3D, 0x02, 0x00, 0x00, 0x0E, 0xC1, 0xFF, 0xFF, 0x0F, 0x00, 0x0F, 0xD1, 0xEC, 0xA8, 
	0x86, 0x58, 0x01, 0x08, 0xFF, 0xFF, 0x19, 0x00, 0x00, 0x00, 0x01, 0x08, 0x86, 0x58, 0xEC, 0xA8, 
	0xFF, 0xFF, 0x0F, 0x00, 0x0F, 0xD1, 0x0E, 0xC1, 0x01, 0x08, 0xFF, 0xFF, 0x3B, 0x02, 0x00, 0x00, 
	0x65, 0x50, 0xFF, 0xFF, 0x0C, 0x00, 0x0F, 0xD1, 0x0E, 0xC1, 0xA9, 0x80, 0x65, 0x50, 0x22, 0x18, 
	0xFF, 0xFF, 0x1F, 0x00, 0x00, 0x00, 0x22, 0x18, 0x65, 0x50, 0xA9, 0x80, 0x0E, 0xC1, 0xFF, 0xFF, 
	0x0C, 0x00, 0x0F, 0xD1, 0x65, 0x50, 0xFF, 0xFF, 0x3B, 0x02, 0x00, 0x00, 0xED, 0xB8, 0xFF, 0xFF, 
	0x0A, 0x00, 0x0F, 0xD1, 0x0E, 0xC1, 0x87, 0x68, 0x01, 0x08, 0xFF, 0xFF, 0x25, 0x00, 0x00, 0x00, 
	0x01, 0x08, 0x87, 0x68, 0x0E, 0xC1, 0xFF, 0xFF, 0x0A, 0x00, 0x0F, 0xD1, 0xED, 0xB8, 0xFF, 0xFF, 
	0x3A, 0x02, 0x00, 0x00, 0x43, 0x30, 0xFF, 0xFF, 0x0A, 0x00, 0x0F, 0xD1, 0xCA, 0x90, 0x01, 0x08, 
	0xFF, 0xFF, 0x29, 0x00, 0x00, 0x00, 0x01, 0x08, 0xCA, 0x90, 0xFF, 0xFF, 0x0A, 0x00, 0x0F, 0xD1, 
	0x44, 0x40, 0xFF, 0xFF, 0x39, 0x02, 0x00, 0x00, 0xA9, 0x80, 0xFF, 0xFF, 0x08, 0x00, 0x0F, 0xD1, 
	0x0E, 0xC1, 0x44, 0x40, 0xFF, 0xFF, 0x2D, 0x00, 0x00, 0x00, 0x44, 0x40, 0x0E, 0xC1, 0xFF, 0xFF, 
	0x08, 0x00, 0x0F, 0xD1, 0xA9, 0x80, 0xFF, 0xFF, 0x39, 0x02, 0x00, 0x00, 0x0E, 0xC1, 0xFF, 0xFF, 
	0x07, 0x00, 0x0F, 0xD1, 0xEC, 0xA8, 0x22, 0x28, 0xFF, 0xFF, 0x2F, 0x00, 0x00, 0x00, 0x22, 0x28, 
	0xEC, 0xA8, 0xFF, 0xFF, 0x07, 0x00, 0x0F, 0xD1, 0x0E, 0xC1, 0xFF, 0xFF, 0x38, 0x02, 0x00, 0x00, 
	0x22, 0x28, 0xFF, 0xFF, 0x07, 0x00, 0x0F, 0xD1, 0xEC, 0xA8, 0x01, 0x08, 0xFF, 0xFF, 0x31, 0x00, 
	0x00, 0x00, 0x01, 0x08, 0xEC, 0xA8, 0xFF, 0xFF, 0x07, 0x00, 0x0F, 0xD1, 0x22, 0x28, 0xFF, 0xFF, 
	0x37, 0x02, 0x00, 0x00, 0x86, 0x58, 0xFF, 0xFF, 0x06, 0x00, 0x0F, 0xD1, 0xEC, 0xA8, 0x01, 0x08, 
	0xFF, 0xFF, 0x33, 0x00, 0x00, 0x00, 0x01, 0x08, 0xEC, 0xA8, 0xFF, 0xFF, 0x06, 0x00, 0x0F, 0xD1, 
	0x86, 0x58, 0xFF, 0xFF, 0x37, 0x02, 0x00, 0x00, 0xA9, 0x80, 0xFF, 0xFF, 0x05, 0x00, 0x0F, 0xD1, 
	0xEC, 0xA8, 0x01, 0x08, 0xFF, 0xFF, 0x35, 0x00, 0x00, 0x00, 0x01, 0x08, 0xEC, 0xA8, 0xFF, 0xFF, 
	0x05, 0x00, 0x0F, 0xD1, 0xA9, 0x80, 0xFF, 0xFF, 0x37, 0x02, 0x00, 0x00, 0xCB, 0x98, 0xFF, 0xFF, 
	0x04, 0x00, 0x0F, 0xD1, 0x0E, 0xC1, 0x22, 0x28, 0xFF, 0xFF, 0x37, 0x00, 0x00, 0x00, 0x22, 0x28, 
	0x0E, 0xC1, 0xFF, 0xFF, 0x04, 0x00, 0x0F, 0xD1, 0xCB, 0x98, 0xFF, 0xFF, 0x37, 0x02, 0x00, 0x00, 
	0x0E, 0xC1, 0xFF, 0xFF, 0x04, 0x00, 0x0F, 0xD1, 0x44, 0x40, 0xFF, 0xFF, 0x39, 0x00, 0x00, 0x00, 
	0x44, 0x40, 0xFF, 0xFF, 0x05, 0x00, 0x0F, 0xD1, 0xFF, 0xFF, 0x37, 0x02, 0x00, 0x00, 0xFF, 0xFF, 
	0x04, 0x00, 0x0F, 0xD1, 0xA9, 0x80, 0xFF, 0xFF, 0x3B, 0x00, 0x00, 0x00, 0xA8, 0x78, 0xFF, 0xFF, 
	0x04, 0x00, 0x0F, 0xD1, 0xFF, 0xFF, 0x37, 0x02, 0x00, 0x00, 0xFF, 0xFF, 0x03, 0x00, 0x0F, 0xD1, 
	0x0E, 0xC1, 0x01, 0x08, 0xFF, 0xFF, 0x3B, 0x00, 0x00, 0x00, 0x01, 0x08, 0x0E, 0xC1, 0xFF, 0xFF, 
	0x03, 0x00, 0x0F, 0xD1, 0xFF, 0xFF, 0x37, 0x02, 0x00, 0x00, 0xFF, 0xFF, 0x03, 0x00, 0x0F, 0xD1, 
	0x86, 0x58, 0xFF, 0xFF, 0x3D, 0x00, 0x00, 0x00, 0x65, 0x50, 0xFF, 0xFF, 0x03, 0x00, 0x0F, 0xD1, 
	0xFF, 0xFF, 0x37, 0x02, 0x00, 0x00, 0x0F, 0xD1, 0x0F, 0xD1, 0x0F, 0xD1, 0xED, 0xB8, 0xFF, 0xFF, 
	0x3F, 0x00, 0x00, 0x00, 0xED, 0xB8, 0x0F, 0xD1, 0x0F, 0xD1, 0x0F, 0xD1, 0xFF, 0xFF, 0x37, 0x02, 
	0x00, 0x00, 0x0F, 0xD1, 0x0F, 0xD1, 0x0F, 0xD1, 0x65, 0x50, 0xFF, 0xFF, 0x3F, 0x00, 0x00, 0x00, 
	0x65, 0x50, 0x0F, 0xD1, 0x0F, 0xD1, 0x0F, 0xD1, 0xFF, 0xFF, 0x37, 0x02, 0x00, 0x00, 0x0F, 0xD1, 
	0x0F, 0xD1, 0x0E, 0xC1, 0xFF, 0xFF, 0x41, 0x00, 0x00, 0x00, 0x0E, 0xC1, 0x0F, 0xD1, 0x0F, 0xD1, 
	0xFF, 0xFF, 0x37, 0x02, 0x00, 0x00, 0xCB, 0x98, 0x0F, 0xD1, 0xA8, 0x78, 0xFF, 0xFF, 0x41, 0x00, 
	0x00, 0x00, 0x87, 0x68, 0x0F, 0xD1, 0xCB, 0x98, 0xFF, 0xFF, 0x37, 0x02, 0x00, 0x00, 0xA9, 0x80, 
	0x0F, 0xD1, 0x22, 0x18, 0xFF, 0xFF, 0x41, 0x00, 0x00, 0x00, 0x22, 0x18, 0x0F, 0xD1, 0xCA, 0x90, 
	0xFF, 0xFF, 0x37, 0x02, 0x00, 0x00, 0x43, 0x30, 0x86, 0x58, 0xFF, 0xFF, 0x43, 0x00, 0x00, 0x00, 
	0x86, 0x58, 0x43, 0x30, 0xFF, 0xFF, 0xFD, 0xFF, 0x00, 0x00, 0xFF, 0xFF, 0xFD, 0xFF, 0x00, 0x00, 
	0xFF, 0xFF, 0x1F, 0x31, 0x00, 0x00
};

const _ipf_img_src_ osdenc_hairphoto = {
   .data_size = sizeof(hairphoto),
   .data = hairphoto
};

#if 1
const unsigned char breadhoto[1964] = {
	0xFF, 0xFF, 0xFD, 0xFF, 0x00, 0x00, 0xFF, 0xFF, 0xFD, 0xFF, 0x00, 0x00, 0xFF, 0xFF, 0x89, 0x01, 
	0x00, 0x00, 0x43, 0x30, 0x22, 0x18, 0xFF, 0xFF, 0x20, 0x00, 0x00, 0x00, 0x22, 0x18, 0x44, 0x40, 
	0x87, 0x68, 0xA8, 0x70, 0xCB, 0x98, 0xCB, 0x98, 0xCB, 0x98, 0xCA, 0x90, 0x87, 0x68, 0x87, 0x68, 
	0x44, 0x40, 0x01, 0x08, 0xFF, 0xFF, 0x19, 0x00, 0x00, 0x00, 0x01, 0x08, 0x44, 0x40, 0x87, 0x68, 
	0x87, 0x68, 0xCA, 0x90, 0xCB, 0x98, 0xCB, 0x98, 0xCB, 0x98, 0xA8, 0x70, 0x87, 0x68, 0x44, 0x40, 
	0x22, 0x18, 0xFF, 0xFF, 0x20, 0x00, 0x00, 0x00, 0x22, 0x18, 0x43, 0x30, 0xFF, 0xFF, 0x06, 0x02, 
	0x00, 0x00, 0x87, 0x68, 0x44, 0x40, 0xFF, 0xFF, 0x1E, 0x00, 0x00, 0x00, 0x22, 0x28, 0xA8, 0x70, 
	0xED, 0xB8, 0xFF, 0xFF, 0x0B, 0x00, 0x0F, 0xD1, 0xEC, 0xA8, 0xA8, 0x70, 0x22, 0x28, 0xFF, 0xFF, 
	0x13, 0x00, 0x00, 0x00, 0x22, 0x28, 0xA8, 0x70, 0xEC, 0xA8, 0xFF, 0xFF, 0x0B, 0x00, 0x0F, 0xD1, 
	0xED, 0xB8, 0xA8, 0x70, 0x22, 0x28, 0xFF, 0xFF, 0x1E, 0x00, 0x00, 0x00, 0x44, 0x40, 0x87, 0x68, 
	0xFF, 0xFF, 0x04, 0x02, 0x00, 0x00, 0xA9, 0x80, 0xCA, 0x90, 0xFF, 0xFF, 0x1D, 0x00, 0x00, 0x00, 
	0x65, 0x48, 0xED, 0xB8, 0xFF, 0xFF, 0x11, 0x00, 0x0F, 0xD1, 0xCB, 0x98, 0x65, 0x48, 0xFF, 0xFF, 
	0x0F, 0x00, 0x00, 0x00, 0x65, 0x48, 0xEC, 0xA8, 0xFF, 0xFF, 0x11, 0x00, 0x0F, 0xD1, 0xED, 0xB8, 
	0x65, 0x48, 0xFF, 0xFF, 0x1D, 0x00, 0x00, 0x00, 0xCB, 0x98, 0xA9, 0x80, 0xFF, 0xFF, 0x02, 0x02, 
	0x00, 0x00, 0xA9, 0x80, 0x0F, 0xD1, 0x22, 0x18, 0xFF, 0xFF, 0x1B, 0x00, 0x00, 0x00, 0x44, 0x40, 
	0xED, 0xB8, 0xFF, 0xFF, 0x15, 0x00, 0x0F, 0xD1, 0xEC, 0xA8, 0x43, 0x30, 0xFF, 0xFF, 0x0B, 0x00, 
	0x00, 0x00, 0x43, 0x30, 0xEC, 0xA8, 0xFF, 0xFF, 0x15, 0x00, 0x0F, 0xD1, 0xED, 0xB8, 0x44, 0x40, 
	0xFF, 0xFF, 0x1B, 0x00, 0x00, 0x00, 0x43, 0x30, 0x0F, 0xD1, 0xA9, 0x80, 0xFF, 0xFF, 0x00, 0x02, 
	0x00, 0x00, 0x87, 0x68, 0x0F, 0xD1, 0xCB, 0x98, 0xFF, 0xFF, 0x1A, 0x00, 0x00, 0x00, 0x22, 0x18, 
	0xCA, 0x90, 0xFF, 0xFF, 0x19, 0x00, 0x0F, 0xD1, 0xA9, 0x80, 0x01, 0x08, 0xFF, 0xFF, 0x07, 0x00, 
	0x00, 0x00, 0x01, 0x08, 0xA9, 0x80, 0xFF, 0xFF, 0x19, 0x00, 0x0F, 0xD1, 0xCA, 0x90, 0x01, 0x08, 
	0xFF, 0xFF, 0x1A, 0x00, 0x00, 0x00, 0xCB, 0x98, 0x0F, 0xD1, 0x87, 0x68, 0xFF, 0xFF, 0xFE, 0x01, 
	0x00, 0x00, 0x44, 0x40, 0x0F, 0xD1, 0x0F, 0xD1, 0x65, 0x50, 0xFF, 0xFF, 0x19, 0x00, 0x00, 0x00, 
	0x44, 0x40, 0x0E, 0xC1, 0xFF, 0xFF, 0x1B, 0x00, 0x0F, 0xD1, 0xED, 0xB8, 0x22, 0x28, 0xFF, 0xFF, 
	0x05, 0x00, 0x00, 0x00, 0x22, 0x28, 0xED, 0xB8, 0xFF, 0xFF, 0x1B, 0x00, 0x0F, 0xD1, 0x0E, 0xC1, 
	0x43, 0x30, 0xFF, 0xFF, 0x19, 0x00, 0x00, 0x00, 0x65, 0x50, 0x0F, 0xD1, 0x0F, 0xD1, 0x44, 0x40, 
	0xFF, 0xFF, 0xFC, 0x01, 0x00, 0x00, 0x01, 0x08, 0x0E, 0xC1, 0x0F, 0xD1, 0x0F, 0xD1, 0x22, 0x18, 
	0xFF, 0xFF, 0x18, 0x00, 0x00, 0x00, 0x87, 0x68, 0xFF, 0xFF, 0x1E, 0x00, 0x0F, 0xD1, 0x0E, 0xC1, 
	0x43, 0x30, 0xFF, 0xFF, 0x03, 0x00, 0x00, 0x00, 0x44, 0x40, 0x0E, 0xC1, 0xFF, 0xFF, 0x1E, 0x00, 
	0x0F, 0xD1, 0x87, 0x68, 0xFF, 0xFF, 0x18, 0x00, 0x00, 0x00, 0x22, 0x18, 0x0F, 0xD1, 0x0F, 0xD1, 
	0x0E, 0xC1, 0x01, 0x08, 0xFF, 0xFF, 0xFB, 0x01, 0x00, 0x00, 0xCA, 0x90, 0x0F, 0xD1, 0x0F, 0xD1, 
	0xED, 0xB8, 0xFF, 0xFF, 0x18, 0x00, 0x00, 0x00, 0xA9, 0x80, 0xFF, 0xFF, 0x21, 0x00, 0x0F, 0xD1, 
	0x65, 0x50, 0x00, 0x00, 0x00, 0x00, 0x65, 0x50, 0xFF, 0xFF, 0x21, 0x00, 0x0F, 0xD1, 0xA9, 0x80, 
	0xFF, 0xFF, 0x18, 0x00, 0x00, 0x00, 0xED, 0xB8, 0x0F, 0xD1, 0x0F, 0xD1, 0xCA, 0x90, 0xFF, 0xFF, 
	0xFA, 0x01, 0x00, 0x00, 0x43, 0x30, 0x0F, 0xD1, 0x0F, 0xD1, 0x0F, 0xD1, 0xCB, 0x98, 0xFF, 0xFF, 
	0x16, 0x00, 0x00, 0x00, 0x01, 0x08, 0xEC, 0xA8, 0xFF, 0xFF, 0x23, 0x00, 0x0F, 0xD1, 0x43, 0x30, 
	0x44, 0x40, 0xFF, 0xFF, 0x23, 0x00, 0x0F, 0xD1, 0xEC, 0xA8, 0x01, 0x08, 0xFF, 0xFF, 0x16, 0x00, 
	0x00, 0x00, 0xCB, 0x98, 0x0F, 0xD1, 0x0F, 0xD1, 0x0F, 0xD1, 0x43, 0x30, 0xFF, 0xFF, 0xF9, 0x01, 
	0x00, 0x00, 0xCB, 0x98, 0x0F, 0xD1, 0x0F, 0xD1, 0x0F, 0xD1, 0xA8, 0x78, 0xFF, 0xFF, 0x15, 0x00, 
	0x00, 0x00, 0x01, 0x08, 0xEC, 0xA8, 0xFF, 0xFF, 0x24, 0x00, 0x0F, 0xD1, 0x0E, 0xC1, 0x0E, 0xC1, 
	0xFF, 0xFF, 0x24, 0x00, 0x0F, 0xD1, 0xEC, 0xA8, 0x01, 0x08, 0xFF, 0xFF, 0x15, 0x00, 0x00, 0x00, 
	0xA9, 0x80, 0x0F, 0xD1, 0x0F, 0xD1, 0x0F, 0xD1, 0xCB, 0x98, 0xFF, 0xFF, 0xF8, 0x01, 0x00, 0x00, 
	0x43, 0x30, 0xFF, 0xFF, 0x03, 0x00, 0x0F, 0xD1, 0x87, 0x68, 0xFF, 0xFF, 0x14, 0x00, 0x00, 0x00, 
	0x01, 0x08, 0xEC, 0xA8, 0xFF, 0xFF, 0x4D, 0x00, 0x0F, 0xD1, 0xEC, 0xA8, 0x01, 0x08, 0xFF, 0xFF, 
	0x14, 0x00, 0x00, 0x00, 0x87, 0x68, 0xFF, 0xFF, 0x03, 0x00, 0x0F, 0xD1, 0x43, 0x30, 0xFF, 0xFF, 
	0xF7, 0x01, 0x00, 0x00, 0xA9, 0x80, 0xFF, 0xFF, 0x03, 0x00, 0x0F, 0xD1, 0x87, 0x68, 0xFF, 0xFF, 
	0x13, 0x00, 0x00, 0x00, 0x01, 0x08, 0xEC, 0xA8, 0xFF, 0xFF, 0x4F, 0x00, 0x0F, 0xD1, 0xEC, 0xA8, 
	0x01, 0x08, 0xFF, 0xFF, 0x13, 0x00, 0x00, 0x00, 0xA9, 0x80, 0xFF, 0xFF, 0x03, 0x00, 0x0F, 0xD1, 
	0xA9, 0x80, 0xFF, 0xFF, 0xF7, 0x01, 0x00, 0x00, 0x0E, 0xC1, 0xFF, 0xFF, 0x03, 0x00, 0x0F, 0xD1, 
	0xCB, 0x98, 0xFF, 0xFF, 0x12, 0x00, 0x00, 0x00, 0x01, 0x08, 0xEC, 0xA8, 0xFF, 0xFF, 0x51, 0x00, 
	0x0F, 0xD1, 0xEC, 0xA8, 0x01, 0x08, 0xFF, 0xFF, 0x12, 0x00, 0x00, 0x00, 0xCB, 0x98, 0xFF, 0xFF, 
	0x03, 0x00, 0x0F, 0xD1, 0x0E, 0xC1, 0xFF, 0xFF, 0xF6, 0x01, 0x00, 0x00, 0x44, 0x40, 0xFF, 0xFF, 
	0x04, 0x00, 0x0F, 0xD1, 0xED, 0xB8, 0xFF, 0xFF, 0x11, 0x00, 0x00, 0x00, 0x01, 0x08, 0xEC, 0xA8, 
	0xFF, 0xFF, 0x53, 0x00, 0x0F, 0xD1, 0xEC, 0xA8, 0x01, 0x08, 0xFF, 0xFF, 0x11, 0x00, 0x00, 0x00, 
	0xED, 0xB8, 0xFF, 0xFF, 0x04, 0x00, 0x0F, 0xD1, 0x43, 0x30, 0xFF, 0xFF, 0xF5, 0x01, 0x00, 0x00, 
	0xA8, 0x78, 0xFF, 0xFF, 0x05, 0x00, 0x0F, 0xD1, 0x22, 0x18, 0xFF, 0xFF, 0x0F, 0x00, 0x00, 0x00, 
	0x01, 0x08, 0xEC, 0xA8, 0xFF, 0xFF, 0x55, 0x00, 0x0F, 0xD1, 0xEC, 0xA8, 0x01, 0x08, 0xFF, 0xFF, 
	0x0F, 0x00, 0x00, 0x00, 0x22, 0x18, 0xFF, 0xFF, 0x05, 0x00, 0x0F, 0xD1, 0x87, 0x68, 0xFF, 0xFF, 
	0xF5, 0x01, 0x00, 0x00, 0xCB, 0x98, 0xFF, 0xFF, 0x05, 0x00, 0x0F, 0xD1, 0x87, 0x68, 0xFF, 0xFF, 
	0x0E, 0x00, 0x00, 0x00, 0x22, 0x28, 0xEC, 0xA8, 0xFF, 0xFF, 0x57, 0x00, 0x0F, 0xD1, 0xEC, 0xA8, 
	0x22, 0x28, 0xFF, 0xFF, 0x0E, 0x00, 0x00, 0x00, 0x87, 0x68, 0xFF, 0xFF, 0x05, 0x00, 0x0F, 0xD1, 
	0xCB, 0x98, 0xFF, 0xFF, 0xF5, 0x01, 0x00, 0x00, 0x0E, 0xC1, 0xFF, 0xFF, 0x05, 0x00, 0x0F, 0xD1, 
	0x0E, 0xC1, 0x01, 0x08, 0xFF, 0xFF, 0x0C, 0x00, 0x00, 0x00, 0x22, 0x28, 0x0E, 0xC1, 0xFF, 0xFF, 
	0x59, 0x00, 0x0F, 0xD1, 0x0E, 0xC1, 0x22, 0x28, 0xFF, 0xFF, 0x0C, 0x00, 0x00, 0x00, 0x01, 0x08, 
	0x0E, 0xC1, 0xFF, 0xFF, 0x05, 0x00, 0x0F, 0xD1, 0xED, 0xB8, 0xFF, 0xFF, 0xF5, 0x01, 0x00, 0x00, 
	0xFF, 0xFF, 0x07, 0x00, 0x0F, 0xD1, 0xCB, 0x98, 0xFF, 0xFF, 0x0B, 0x00, 0x00, 0x00, 0x87, 0x68, 
	0xFF, 0xFF, 0x5D, 0x00, 0x0F, 0xD1, 0x87, 0x68, 0xFF, 0xFF, 0x0B, 0x00, 0x00, 0x00, 0xCB, 0x98, 
	0xFF, 0xFF, 0x07, 0x00, 0x0F, 0xD1, 0xFF, 0xFF, 0xF4, 0x01, 0x00, 0x00, 0x22, 0x18, 0xFF, 0xFF, 
	0x08, 0x00, 0x0F, 0xD1, 0xCB, 0x98, 0x01, 0x08, 0xFF, 0xFF, 0x07, 0x00, 0x00, 0x00, 0x43, 0x30, 
	0xEC, 0xA8, 0xFF, 0xFF, 0x5F, 0x00, 0x0F, 0xD1, 0xCB, 0x98, 0x43, 0x30, 0xFF, 0xFF, 0x07, 0x00, 
	0x00, 0x00, 0x01, 0x08, 0xEC, 0xA8, 0xFF, 0xFF, 0x08, 0x00, 0x0F, 0xD1, 0xFF, 0xFF, 0xF4, 0x01, 
	0x00, 0x00, 0x43, 0x30, 0xFF, 0xFF, 0x09, 0x00, 0x0F, 0xD1, 0x0E, 0xC1, 0xA8, 0x70, 0x22, 0x28, 
	0x00, 0x00, 0x00, 0x00, 0x00, 0x00, 0x43, 0x30, 0x86, 0x58, 0xEC, 0xA8, 0xFF, 0xFF, 0x63, 0x00, 
	0x0F, 0xD1, 0xEC, 0xA8, 0x86, 0x58, 0x43, 0x30, 0x00, 0x00, 0x00, 0x00, 0x00, 0x00, 0x43, 0x30, 
	0xA8, 0x70, 0x0E, 0xC1, 0xFF, 0xFF, 0x09, 0x00, 0x0F, 0xD1, 0x43, 0x30, 0xFF, 0xFF, 0xF3, 0x01, 
	0x00, 0x00, 0x43, 0x30, 0xFF, 0xFF, 0x89, 0x00, 0x0F, 0xD1, 0x43, 0x30, 0xFF, 0xFF, 0xF3, 0x01, 
	0x00, 0x00, 0x22, 0x18, 0xFF, 0xFF, 0x89, 0x00, 0x0F, 0xD1, 0xFF, 0xFF, 0xF5, 0x01, 0x00, 0x00, 
	0xFF, 0xFF, 0x89, 0x00, 0x0F, 0xD1, 0xFF, 0xFF, 0xF5, 0x01, 0x00, 0x00, 0xFF, 0xFF, 0x89, 0x00, 
	0x0F, 0xD1, 0xFF, 0xFF, 0xF5, 0x01, 0x00, 0x00, 0xEC, 0xA8, 0xFF, 0xFF, 0x87, 0x00, 0x0F, 0xD1, 
	0xEC, 0xA8, 0xFF, 0xFF, 0xF5, 0x01, 0x00, 0x00, 0xCA, 0x90, 0xFF, 0xFF, 0x87, 0x00, 0x0F, 0xD1, 
	0xA9, 0x80, 0xFF, 0xFF, 0xF5, 0x01, 0x00, 0x00, 0x87, 0x68, 0xFF, 0xFF, 0x87, 0x00, 0x0F, 0xD1, 
	0x87, 0x68, 0xFF, 0xFF, 0xF5, 0x01, 0x00, 0x00, 0x22, 0x28, 0xFF, 0xFF, 0x87, 0x00, 0x0F, 0xD1, 
	0x22, 0x28, 0xFF, 0xFF, 0xF6, 0x01, 0x00, 0x00, 0xED, 0xB8, 0xFF, 0xFF, 0x85, 0x00, 0x0F, 0xD1, 
	0xED, 0xB8, 0xFF, 0xFF, 0xF7, 0x01, 0x00, 0x00, 0xA8, 0x78, 0xFF, 0xFF, 0x85, 0x00, 0x0F, 0xD1, 
	0xA8, 0x78, 0xFF, 0xFF, 0xF7, 0x01, 0x00, 0x00, 0x22, 0x18, 0xFF, 0xFF, 0x85, 0x00, 0x0F, 0xD1, 
	0x22, 0x18, 0xFF, 0xFF, 0xF8, 0x01, 0x00, 0x00, 0xA9, 0x80, 0xFF, 0xFF, 0x83, 0x00, 0x0F, 0xD1, 
	0xA9, 0x80, 0xFF, 0xFF, 0xF9, 0x01, 0x00, 0x00, 0x43, 0x30, 0xFF, 0xFF, 0x83, 0x00, 0x0F, 0xD1, 
	0x22, 0x18, 0xFF, 0xFF, 0xFA, 0x01, 0x00, 0x00, 0xA8, 0x78, 0xFF, 0xFF, 0x81, 0x00, 0x0F, 0xD1, 
	0xA8, 0x78, 0xFF, 0xFF, 0xFB, 0x01, 0x00, 0x00, 0x01, 0x08, 0xED, 0xB8, 0xFF, 0xFF, 0x7F, 0x00, 
	0x0F, 0xD1, 0xED, 0xB8, 0x01, 0x08, 0xFF, 0xFF, 0xFC, 0x01, 0x00, 0x00, 0x22, 0x28, 0xFF, 0xFF, 
	0x7E, 0x00, 0x0F, 0xD1, 0x0E, 0xC1, 0x22, 0x28, 0xFF, 0xFF, 0xFE, 0x01, 0x00, 0x00, 0x65, 0x50, 
	0xFF, 0xFF, 0x7D, 0x00, 0x0F, 0xD1, 0x65, 0x50, 0xFF, 0xFF, 0x00, 0x02, 0x00, 0x00, 0x65, 0x50, 
	0xFF, 0xFF, 0x3C, 0x00, 0x0F, 0xD1, 0xA9, 0x80, 0xA9, 0x80, 0xFF, 0xFF, 0x3C, 0x00, 0x0F, 0xD1, 
	0x65, 0x50, 0xFF, 0xFF, 0x02, 0x02, 0x00, 0x00, 0x65, 0x50, 0xFF, 0xFF, 0x39, 0x00, 0x0F, 0xD1, 
	0x0E, 0xC1, 0x44, 0x40, 0x00, 0x00, 0x00, 0x00, 0x44, 0x40, 0x0E, 0xC1, 0xFF, 0xFF, 0x39, 0x00, 
	0x0F, 0xD1, 0x65, 0x50, 0xFF, 0xFF, 0x04, 0x02, 0x00, 0x00, 0x65, 0x50, 0x0E, 0xC1, 0xFF, 0xFF, 
	0x36, 0x00, 0x0F, 0xD1, 0x87, 0x68, 0x01, 0x08, 0xFF, 0xFF, 0x03, 0x00, 0x00, 0x00, 0x01, 0x08, 
	0x87, 0x68, 0xFF, 0xFF, 0x36, 0x00, 0x0F, 0xD1, 0x0E, 0xC1, 0x44, 0x40, 0xFF, 0xFF, 0x06, 0x02, 
	0x00, 0x00, 0x22, 0x28, 0xEC, 0xA8, 0xFF, 0xFF, 0x33, 0x00, 0x0F, 0xD1, 0xA9, 0x80, 0x22, 0x18, 
	0xFF, 0xFF, 0x07, 0x00, 0x00, 0x00, 0x22, 0x18, 0xA9, 0x80, 0xFF, 0xFF, 0x33, 0x00, 0x0F, 0xD1, 
	0xEC, 0xA8, 0x22, 0x18, 0xFF, 0xFF, 0x08, 0x02, 0x00, 0x00, 0x01, 0x08, 0x87, 0x68, 0xFF, 0xFF, 
	0x2F, 0x00, 0x0F, 0xD1, 0x0E, 0xC1, 0x87, 0x68, 0x22, 0x18, 0xFF, 0xFF, 0x0B, 0x00, 0x00, 0x00, 
	0x22, 0x18, 0xA8, 0x78, 0x0E, 0xC1, 0xFF, 0xFF, 0x2E, 0x00, 0x0F, 0xD1, 0x0E, 0xC1, 0x87, 0x68, 
	0xFF, 0xFF, 0x0C, 0x02, 0x00, 0x00, 0x22, 0x18, 0xCB, 0x98, 0xFF, 0xFF, 0x2B, 0x00, 0x0F, 0xD1, 
	0xEC, 0xA8, 0x65, 0x50, 0x01, 0x08, 0xFF, 0xFF, 0x0F, 0x00, 0x00, 0x00, 0x01, 0x08, 0x65, 0x50, 
	0xED, 0xB8, 0xFF, 0xFF, 0x2B, 0x00, 0x0F, 0xD1, 0xA9, 0x80, 0x22, 0x18, 0xFF, 0xFF, 0x0F, 0x02, 
	0x00, 0x00, 0x22, 0x18, 0xA9, 0x80, 0xFF, 0xFF, 0x26, 0x00, 0x0F, 0xD1, 0x0E, 0xC1, 0xA9, 0x80, 
	0x22, 0x28, 0xFF, 0xFF, 0x15, 0x00, 0x00, 0x00, 0x22, 0x28, 0xA9, 0x80, 0x0E, 0xC1, 0xFF, 0xFF, 
	0x26, 0x00, 0x0F, 0xD1, 0xA9, 0x80, 0x22, 0x18, 0xFF, 0xFF, 0x13, 0x02, 0x00, 0x00, 0x22, 0x18, 
	0x87, 0x68, 0xED, 0xB8, 0xFF, 0xFF, 0x20, 0x00, 0x0F, 0xD1, 0xED, 0xB8, 0xA9, 0x80, 0x44, 0x40, 
	0xFF, 0xFF, 0x1B, 0x00, 0x00, 0x00, 0x44, 0x40, 0xA9, 0x80, 0x0E, 0xC1, 0xFF, 0xFF, 0x20, 0x00, 
	0x0F, 0xD1, 0xED, 0xB8, 0x87, 0x68, 0x22, 0x18, 0xFF, 0xFF, 0x18, 0x02, 0x00, 0x00, 0x22, 0x28, 
	0x87, 0x68, 0xEC, 0xA8, 0xFF, 0xFF, 0x19, 0x00, 0x0F, 0xD1, 0x0E, 0xC1, 0xCB, 0x98, 0x86, 0x58, 
	0x22, 0x28, 0xFF, 0xFF, 0x21, 0x00, 0x00, 0x00, 0x22, 0x28, 0x86, 0x58, 0xCB, 0x98, 0xFF, 0xFF, 
	0x1A, 0x00, 0x0F, 0xD1, 0xEC, 0xA8, 0x87, 0x68, 0x22, 0x28, 0xFF, 0xFF, 0x1E, 0x02, 0x00, 0x00, 
	0x01, 0x08, 0x44, 0x40, 0x87, 0x68, 0xCB, 0x98, 0xED, 0xB8, 0xFF, 0xFF, 0x0F, 0x00, 0x0F, 0xD1, 
	0x0E, 0xC1, 0xCB, 0x98, 0xA8, 0x78, 0x65, 0x50, 0x22, 0x28, 0xFF, 0xFF, 0x29, 0x00, 0x00, 0x00, 
	0x22, 0x28, 0x86, 0x58, 0xA8, 0x78, 0xCB, 0x98, 0x0E, 0xC1, 0xFF, 0xFF, 0x0F, 0x00, 0x0F, 0xD1, 
	0xED, 0xB8, 0xCB, 0x98, 0x87, 0x68, 0x44, 0x40, 0x01, 0x08, 0xFF, 0xFF, 0x27, 0x02, 0x00, 0x00, 
	0x22, 0x28, 0x43, 0x30, 0x44, 0x40, 0xFF, 0xFF, 0x07, 0x00, 0x87, 0x68, 0x86, 0x58, 0x43, 0x30, 
	0x43, 0x30, 0xFF, 0xFF, 0x35, 0x00, 0x00, 0x00, 0x43, 0x30, 0x43, 0x30, 0x86, 0x58, 0xFF, 0xFF, 
	0x07, 0x00, 0x87, 0x68, 0x44, 0x40, 0x43, 0x30, 0x22, 0x28, 0xFF, 0xFF, 0xFD, 0xFF, 0x00, 0x00, 
	0xFF, 0xFF, 0xFD, 0xFF, 0x00, 0x00, 0xFF, 0xFF, 0x98, 0x38, 0x00, 0x00
};

const _ipf_img_src_ osdenc_breadhoto = {
   .data_size = sizeof(breadhoto),
   .data = breadhoto
};
#else
unsigned char breadhoto[1432] = {
	0xFF, 0xFF, 0x07, 0xF1, 0x00, 0x00, 0x60, 0x00, 0xE0, 0x00, 0x00, 0x01, 0xFF, 0xFF, 0x23, 0x00, 
	0x20, 0x01, 0x00, 0x01, 0xC0, 0x00, 0x40, 0x00, 0xFF, 0xFF, 0x53, 0x02, 0x00, 0x00, 0x20, 0x00, 
	0x40, 0x01, 0x01, 0x03, 0x62, 0x0C, 0xC2, 0x0C, 0xE2, 0x0C, 0xE2, 0x0C, 0xFF, 0xFF, 0x1F, 0x00, 
	0x02, 0x0D, 0xE2, 0x0C, 0xE2, 0x0C, 0xC2, 0x0C, 0x22, 0x0C, 0xA1, 0x02, 0xE0, 0x00, 0xFF, 0xFF, 
	0x52, 0x02, 0x00, 0x00, 0xE0, 0x00, 0x61, 0x03, 0x63, 0x16, 0x84, 0x17, 0x24, 0x17, 0xA3, 0x16, 
	0xFF, 0xFF, 0x1F, 0x00, 0x83, 0x16, 0x63, 0x16, 0x63, 0x16, 0xA3, 0x16, 0x44, 0x17, 0x44, 0x17, 
	0xA3, 0x0D, 0x81, 0x02, 0x60, 0x00, 0xFF, 0xFF, 0x51, 0x02, 0x00, 0x00, 0x00, 0x01, 0xA1, 0x03, 
	0x63, 0x16, 0xE4, 0x16, 0x62, 0x0D, 0x81, 0x03, 0x61, 0x02, 0x40, 0x02, 0x40, 0x02, 0xFF, 0xFF, 
	0x19, 0x00, 0x60, 0x02, 0x40, 0x02, 0x20, 0x02, 0x20, 0x02, 0x20, 0x02, 0xC1, 0x02, 0x42, 0x0C, 
	0x23, 0x0E, 0x04, 0x17, 0xC3, 0x0D, 0xC1, 0x02, 0x80, 0x00, 0xFF, 0xFF, 0x51, 0x02, 0x00, 0x00, 
	0x00, 0x01, 0xA1, 0x03, 0x63, 0x16, 0xC4, 0x16, 0x82, 0x0C, 0xC0, 0x01, 0xFF, 0xFF, 0x1E, 0x00, 
	0x00, 0x00, 0xC0, 0x00, 0x61, 0x02, 0x22, 0x04, 0xE3, 0x0D, 0x24, 0x17, 0x44, 0x17, 0xC3, 0x0D, 
	0xE1, 0x02, 0x80, 0x00, 0xFF, 0xFF, 0x51, 0x02, 0x00, 0x00, 0x00, 0x01, 0xA1, 0x03, 0x63, 0x16, 
	0xC4, 0x16, 0x82, 0x0C, 0xE0, 0x01, 0xFF, 0xFF, 0x1C, 0x00, 0x00, 0x00, 0xE0, 0x00, 0xC1, 0x02, 
	0xA2, 0x0C, 0x63, 0x16, 0x24, 0x17, 0x44, 0x17, 0x84, 0x17, 0x44, 0x17, 0xA3, 0x0D, 0xE1, 0x02, 
	0x80, 0x00, 0xFF, 0xFF, 0x51, 0x02, 0x00, 0x00, 0x00, 0x01, 0xA1, 0x03, 0x63, 0x16, 0xC4, 0x16, 
	0xA2, 0x0C, 0xE0, 0x01, 0xFF, 0xFF, 0x0C, 0x00, 0x00, 0x00, 0xA0, 0x00, 0xA0, 0x01, 0x00, 0x02, 
	0x60, 0x01, 0xFF, 0xFF, 0x08, 0x00, 0x00, 0x00, 0x80, 0x00, 0xE0, 0x01, 0xA1, 0x03, 0x62, 0x0D, 
	0xE3, 0x16, 0x44, 0x17, 0x83, 0x16, 0x42, 0x0D, 0x02, 0x0D, 0x23, 0x16, 0xE4, 0x16, 0xC3, 0x0D, 
	0xE1, 0x02, 0x80, 0x00, 0xFF, 0xFF, 0x51, 0x02, 0x00, 0x00, 0x00, 0x01, 0xA1, 0x03, 0x63, 0x16, 
	0x04, 0x17, 0x83, 0x0D, 0x21, 0x03, 0x00, 0x01, 0xFF, 0xFF, 0x0A, 0x00, 0x00, 0x00, 0x80, 0x01, 
	0x61, 0x03, 0x42, 0x0D, 0x03, 0x0E, 0x02, 0x0D, 0x81, 0x02, 0xE0, 0x00, 0xFF, 0xFF, 0x04, 0x00, 
	0x00, 0x00, 0x60, 0x00, 0xC0, 0x01, 0xA1, 0x03, 0xA3, 0x0D, 0x04, 0x17, 0x64, 0x17, 0x83, 0x16, 
	0x02, 0x0D, 0xC1, 0x02, 0xC0, 0x01, 0x01, 0x03, 0x82, 0x0D, 0xE4, 0x16, 0xC3, 0x0D, 0xE1, 0x02, 
	0x80, 0x00, 0xFF, 0xFF, 0x51, 0x02, 0x00, 0x00, 0x00, 0x01, 0xA1, 0x03, 0x63, 0x16, 0x64, 0x17, 
	0x64, 0x17, 0xC4, 0x16, 0xA3, 0x0D, 0x02, 0x0C, 0x20, 0x02, 0xE0, 0x00, 0xFF, 0xFF, 0x04, 0x00, 
	0x00, 0x00, 0x60, 0x00, 0xC0, 0x01, 0xA1, 0x03, 0x03, 0x0E, 0x24, 0x17, 0x64, 0x17, 0x64, 0x17, 
	0x84, 0x17, 0x04, 0x17, 0xA3, 0x0D, 0xE1, 0x03, 0x20, 0x02, 0x20, 0x01, 0x60, 0x01, 0x01, 0x03, 
	0x02, 0x0D, 0x63, 0x0E, 0x24, 0x17, 0xE4, 0x16, 0xC3, 0x0D, 0x01, 0x0C, 0xE0, 0x01, 0x80, 0x00, 
	0x00, 0x00, 0x20, 0x00, 0x81, 0x02, 0x63, 0x0D, 0xE4, 0x16, 0xC3, 0x0D, 0xE1, 0x02, 0x80, 0x00, 
	0xFF, 0xFF, 0x51, 0x02, 0x00, 0x00, 0x00, 0x01, 0xA1, 0x03, 0x63, 0x16, 0x24, 0x17, 0xC3, 0x16, 
	0xC3, 0x16, 0x24, 0x17, 0x24, 0x17, 0x23, 0x16, 0x82, 0x0C, 0x80, 0x02, 0x00, 0x01, 0x20, 0x00, 
	0x40, 0x00, 0x60, 0x01, 0x61, 0x03, 0x82, 0x0D, 0xE4, 0x16, 0x24, 0x17, 0x23, 0x0E, 0x82, 0x0C, 
	0xE1, 0x0B, 0xE2, 0x0C, 0xC3, 0x16, 0x64, 0x17, 0x24, 0x17, 0x03, 0x0E, 0x02, 0x0D, 0x43, 0x0D, 
	0xC3, 0x16, 0x44, 0x17, 0xE3, 0x16, 0xC3, 0x0D, 0xC1, 0x03, 0xE0, 0x01, 0x80, 0x00, 0x00, 0x00, 
	0x00, 0x00, 0x00, 0x00, 0x60, 0x00, 0xA1, 0x02, 0x63, 0x0D, 0xE4, 0x16, 0xC3, 0x0D, 0xE1, 0x02, 
	0x80, 0x00, 0xFF, 0xFF, 0x51, 0x02, 0x00, 0x00, 0x00, 0x01, 0xA1, 0x03, 0x63, 0x16, 0xC4, 0x16, 
	0x02, 0x0D, 0x81, 0x03, 0x81, 0x03, 0x02, 0x0D, 0xA3, 0x16, 0x64, 0x17, 0x04, 0x17, 0xC3, 0x0D, 
	0xA2, 0x0C, 0xC2, 0x0C, 0x03, 0x0E, 0x04, 0x17, 0x04, 0x17, 0xC3, 0x0D, 0x81, 0x03, 0xC0, 0x01, 
	0x60, 0x00, 0x00, 0x00, 0x60, 0x00, 0x40, 0x02, 0x01, 0x0C, 0xA3, 0x0D, 0xE3, 0x16, 0x64, 0x17, 
	0x44, 0x17, 0x63, 0x16, 0xA2, 0x0C, 0xC1, 0x02, 0x40, 0x01, 0x20, 0x00, 0xFF, 0xFF, 0x04, 0x00, 
	0x00, 0x00, 0x40, 0x00, 0xA1, 0x02, 0x63, 0x0D, 0x04, 0x17, 0xC3, 0x0D, 0xE1, 0x02, 0x80, 0x00, 
	0xFF, 0xFF, 0x51, 0x02, 0x00, 0x00, 0x00, 0x01, 0xA1, 0x03, 0x63, 0x16, 0xC4, 0x16, 0x82, 0x0C, 
	0x00, 0x02, 0x80, 0x00, 0x00, 0x01, 0x81, 0x02, 0xC2, 0x0C, 0xA3, 0x16, 0x64, 0x17, 0xA4, 0x17, 
	0x84, 0x17, 0x03, 0x17, 0xA3, 0x0D, 0x81, 0x03, 0xC0, 0x01, 0x60, 0x00, 0xFF, 0xFF, 0x04, 0x00, 
	0x00, 0x00, 0x80, 0x00, 0xA0, 0x01, 0x21, 0x03, 0x22, 0x0C, 0xE1, 0x03, 0x20, 0x02, 0xA0, 0x00, 
	0xFF, 0xFF, 0x07, 0x00, 0x00, 0x00, 0x40, 0x00, 0xA1, 0x02, 0x63, 0x0D, 0x04, 0x17, 0xC3, 0x0D, 
	0xE1, 0x02, 0x80, 0x00, 0xFF, 0xFF, 0x51, 0x02, 0x00, 0x00, 0x00, 0x01, 0xA1, 0x03, 0x63, 0x16, 
	0xC4, 0x16, 0xA2, 0x0C, 0xE0, 0x01, 0xFF, 0xFF, 0x03, 0x00, 0x00, 0x00, 0x40, 0x01, 0xA1, 0x02, 
	0xA1, 0x03, 0x61, 0x03, 0x00, 0x02, 0xA0, 0x00, 0xFF, 0xFF, 0x0C, 0x00, 0x00, 0x00, 0x20, 0x00, 
	0x20, 0x01, 0xE0, 0x01, 0x41, 0x02, 0x40, 0x02, 0xC0, 0x01, 0xC0, 0x00, 0x00, 0x00, 0x00, 0x00, 
	0x00, 0x00, 0x60, 0x00, 0xA1, 0x02, 0x63, 0x0D, 0x04, 0x17, 0xC3, 0x0D, 0xE1, 0x02, 0x80, 0x00, 
	0xFF, 0xFF, 0x51, 0x02, 0x00, 0x00, 0x00, 0x01, 0xA1, 0x03, 0x63, 0x16, 0xC4, 0x16, 0xA2, 0x0C, 
	0x00, 0x02, 0xFF, 0xFF, 0x15, 0x00, 0x00, 0x00, 0x20, 0x01, 0x21, 0x03, 0x02, 0x0D, 0x23, 0x0E, 
	0x83, 0x16, 0x63, 0x16, 0xA3, 0x0D, 0x01, 0x0C, 0xE0, 0x01, 0x60, 0x00, 0x00, 0x00, 0x60, 0x00, 
	0xA1, 0x02, 0x63, 0x0D, 0x04, 0x17, 0xC3, 0x0D, 0xE1, 0x02, 0x80, 0x00, 0xFF, 0xFF, 0x51, 0x02, 
	0x00, 0x00, 0x00, 0x01, 0xA1, 0x03, 0x63, 0x16, 0xC4, 0x16, 0xA2, 0x0C, 0x00, 0x02, 0x20, 0x00, 
	0xFF, 0xFF, 0x12, 0x00, 0x00, 0x00, 0x20, 0x00, 0x60, 0x01, 0x82, 0x0C, 0xE4, 0x16, 0x44, 0x17, 
	0x83, 0x16, 0xE3, 0x0D, 0x23, 0x16, 0x24, 0x17, 0x64, 0x17, 0x62, 0x0D, 0xC1, 0x02, 0x40, 0x00, 
	0x60, 0x00, 0xA1, 0x02, 0x63, 0x0D, 0x04, 0x17, 0xC3, 0x0D, 0xE1, 0x02, 0x80, 0x00, 0xFF, 0xFF, 
	0x51, 0x02, 0x00, 0x00, 0x00, 0x01, 0xA1, 0x03, 0x63, 0x16, 0xC4, 0x16, 0xA2, 0x0C, 0x00, 0x02, 
	0x20, 0x00, 0xFF, 0xFF, 0x12, 0x00, 0x00, 0x00, 0x80, 0x00, 0x40, 0x02, 0xC3, 0x0D, 0x84, 0x17, 
	0x83, 0x16, 0x02, 0x0C, 0x41, 0x02, 0x01, 0x03, 0xC3, 0x0D, 0x84, 0x17, 0x83, 0x16, 0x02, 0x0C, 
	0xE0, 0x00, 0x60, 0x00, 0xA1, 0x02, 0x63, 0x0D, 0x04, 0x17, 0xC3, 0x0D, 0xE1, 0x02, 0x80, 0x00, 
	0xFF, 0xFF, 0x51, 0x02, 0x00, 0x00, 0x00, 0x01, 0xA1, 0x03, 0x63, 0x16, 0xC4, 0x16, 0xA2, 0x0C, 
	0x00, 0x02, 0x20, 0x00, 0xFF, 0xFF, 0x12, 0x00, 0x00, 0x00, 0x40, 0x00, 0xA0, 0x01, 0xE2, 0x0C, 
	0x04, 0x17, 0xE4, 0x16, 0xA3, 0x0D, 0xA2, 0x0C, 0x02, 0x0D, 0xA3, 0x16, 0x64, 0x17, 0xC3, 0x0D, 
	0x21, 0x03, 0x80, 0x00, 0x60, 0x00, 0xA1, 0x02, 0x63, 0x0D, 0x04, 0x17, 0xC3, 0x0D, 0xE1, 0x02, 
	0x80, 0x00, 0xFF, 0xFF, 0x51, 0x02, 0x00, 0x00, 0x00, 0x01, 0xA1, 0x03, 0x63, 0x16, 0xC4, 0x16, 
	0xA2, 0x0C, 0xE0, 0x01, 0xFF, 0xFF, 0x14, 0x00, 0x00, 0x00, 0x80, 0x00, 0xA1, 0x02, 0x42, 0x0D, 
	0xE4, 0x16, 0x64, 0x17, 0x64, 0x17, 0x64, 0x17, 0x44, 0x17, 0x43, 0x0E, 0xA1, 0x03, 0x60, 0x01, 
	0x00, 0x00, 0x60, 0x00, 0xA1, 0x02, 0x63, 0x0D, 0x04, 0x17, 0xC3, 0x0D, 0xE1, 0x02, 0x80, 0x00, 
	0xFF, 0xFF, 0x51, 0x02, 0x00, 0x00, 0x00, 0x01, 0xA1, 0x03, 0x63, 0x16, 0xC4, 0x16, 0x82, 0x0C, 
	0xE0, 0x01, 0xFF, 0xFF, 0x16, 0x00, 0x00, 0x00, 0xE0, 0x00, 0x40, 0x02, 0x21, 0x03, 0x81, 0x03, 
	0x61, 0x03, 0xC1, 0x02, 0x80, 0x01, 0x20, 0x00, 0x00, 0x00, 0x00, 0x00, 0x40, 0x00, 0x81, 0x02, 
	0x63, 0x0D, 0xE4, 0x16, 0xC3, 0x0D, 0xE1, 0x02, 0x80, 0x00, 0xFF, 0xFF, 0x51, 0x02, 0x00, 0x00, 
	0x00, 0x01, 0xA1, 0x03, 0x63, 0x16, 0xC4, 0x16, 0x82, 0x0C, 0xC0, 0x01, 0xFF, 0xFF, 0x19, 0x00, 
	0x00, 0x00, 0x20, 0x00, 0x20, 0x00, 0xFF, 0xFF, 0x04, 0x00, 0x00, 0x00, 0x40, 0x00, 0x81, 0x02, 
	0x63, 0x0D, 0xE4, 0x16, 0xC3, 0x0D, 0xE1, 0x02, 0x80, 0x00, 0xFF, 0xFF, 0x51, 0x02, 0x00, 0x00, 
	0x00, 0x01, 0xA1, 0x03, 0x63, 0x16, 0x24, 0x17, 0x03, 0x0E, 0xC2, 0x0C, 0x22, 0x0C, 0x02, 0x0C, 
	0xFF, 0xFF, 0x14, 0x00, 0x22, 0x0C, 0x02, 0x0C, 0x02, 0x0C, 0xE2, 0x0B, 0xE2, 0x0B, 0xE2, 0x0B, 
	0x02, 0x0C, 0x02, 0x0C, 0x22, 0x0C, 0x22, 0x0C, 0x22, 0x0C, 0x42, 0x0C, 0x02, 0x0D, 0x83, 0x16, 
	0x24, 0x17, 0xC3, 0x0D, 0xC1, 0x02, 0x80, 0x00, 0xFF, 0xFF, 0x51, 0x02, 0x00, 0x00, 0xC0, 0x00, 
	0x01, 0x03, 0x03, 0x0E, 0x44, 0x17, 0x44, 0x17, 0x24, 0x17, 0x04, 0x17, 0xFF, 0xFF, 0x1F, 0x00, 
	0x24, 0x17, 0x04, 0x17, 0x24, 0x17, 0x64, 0x17, 0x24, 0x17, 0x42, 0x0D, 0x40, 0x02, 0x40, 0x00, 
	0xFF, 0xFF, 0x52, 0x02, 0x00, 0x00, 0x80, 0x00, 0xA0, 0x01, 0xC1, 0x02, 0x21, 0x03, 0xFF, 0xFF, 
	0x23, 0x00, 0x41, 0x03, 0x21, 0x03, 0x80, 0x02, 0x60, 0x01, 0x40, 0x00, 0xFF, 0xFF, 0x55, 0x02, 
	0x00, 0x00, 0x20, 0x00, 0x20, 0x00, 0xFF, 0xFF, 0x23, 0x00, 0x40, 0x00, 0x20, 0x00, 0x20, 0x00, 
	0xFF, 0xFF, 0xFD, 0xFF, 0x00, 0x00, 0xFF, 0xFF, 0xFD, 0xFF, 0x00, 0x00, 0xFF, 0xFF, 0xFD, 0xFF, 
	0x00, 0x00, 0xFF, 0xFF, 0x54, 0x85, 0x00, 0x00
};

const _ipf_img_src_ osdenc_breadhoto = {
   .data_size = sizeof(breadhoto),
   .data = breadhoto
};

#endif

#if 0//IPF_EN
#if 0
unsigned char vpp_encode_ipf[5466] = {
	0xFF, 0xFF, 0xB4, 0x01, 0xE4, 0xE8, 0xFF, 0xFF, 0x7A, 0x00, 0x00, 0x00, 0xFF, 0xFF, 0xFF, 0x01, 
	0xE4, 0xE8, 0xFF, 0xFF, 0x87, 0x00, 0x00, 0x00, 0xFF, 0xFF, 0xF7, 0x01, 0xE4, 0xE8, 0xFF, 0xFF, 
	0x87, 0x00, 0x00, 0x00, 0xFF, 0xFF, 0xEF, 0x01, 0xE4, 0xE8, 0xFF, 0xFF, 0x94, 0x00, 0x00, 0x00, 
	0xFF, 0xFF, 0xE5, 0x01, 0xE4, 0xE8, 0xFF, 0xFF, 0x9F, 0x00, 0x00, 0x00, 0xFF, 0xFF, 0xDF, 0x01, 
	0xE4, 0xE8, 0xFF, 0xFF, 0x9F, 0x00, 0x00, 0x00, 0xFF, 0xFF, 0xDC, 0x01, 0xE4, 0xE8, 0xFF, 0xFF, 
	0xA4, 0x00, 0x00, 0x00, 0xFF, 0xFF, 0xD5, 0x01, 0xE4, 0xE8, 0xFF, 0xFF, 0xAF, 0x00, 0x00, 0x00, 
	0xFF, 0xFF, 0xCF, 0x01, 0xE4, 0xE8, 0xFF, 0xFF, 0xAF, 0x00, 0x00, 0x00, 0xFF, 0xFF, 0xCC, 0x01, 
	0xE4, 0xE8, 0xFF, 0xFF, 0xB4, 0x00, 0x00, 0x00, 0xFF, 0xFF, 0xC5, 0x01, 0xE4, 0xE8, 0xFF, 0xFF, 
	0xBF, 0x00, 0x00, 0x00, 0xFF, 0xFF, 0xBF, 0x01, 0xE4, 0xE8, 0xFF, 0xFF, 0xBF, 0x00, 0x00, 0x00, 
	0xFF, 0xFF, 0xBC, 0x01, 0xE4, 0xE8, 0xFF, 0xFF, 0xC4, 0x00, 0x00, 0x00, 0xFF, 0xFF, 0xB7, 0x01, 
	0xE4, 0xE8, 0xFF, 0xFF, 0xCA, 0x00, 0x00, 0x00, 0xFF, 0xFF, 0xB4, 0x01, 0xE4, 0xE8, 0xFF, 0xFF, 
	0xCA, 0x00, 0x00, 0x00, 0xFF, 0xFF, 0xB2, 0x01, 0xE4, 0xE8, 0xFF, 0xFF, 0xD1, 0x00, 0x00, 0x00, 
	0xFF, 0xFF, 0xA7, 0x01, 0xE4, 0xE8, 0xFF, 0xFF, 0xDA, 0x00, 0x00, 0x00, 0xFF, 0xFF, 0xA4, 0x01, 
	0xE4, 0xE8, 0xFF, 0xFF, 0xDA, 0x00, 0x00, 0x00, 0xFF, 0xFF, 0xA2, 0x01, 0xE4, 0xE8, 0xFF, 0xFF, 
	0xDF, 0x00, 0x00, 0x00, 0xFF, 0xFF, 0x9F, 0x01, 0xE4, 0xE8, 0xFF, 0xFF, 0xE1, 0x00, 0x00, 0x00, 
	0xFF, 0xFF, 0x9D, 0x01, 0xE4, 0xE8, 0xFF, 0xFF, 0xE1, 0x00, 0x00, 0x00, 0xFF, 0xFF, 0x9A, 0x01, 
	0xE4, 0xE8, 0xFF, 0xFF, 0xE4, 0x00, 0x00, 0x00, 0xFF, 0xFF, 0x97, 0x01, 0xE4, 0xE8, 0xFF, 0xFF, 
	0xEA, 0x00, 0x00, 0x00, 0xFF, 0xFF, 0x94, 0x01, 0xE4, 0xE8, 0xFF, 0xFF, 0xEA, 0x00, 0x00, 0x00, 
	0xFF, 0xFF, 0x92, 0x01, 0xE4, 0xE8, 0xFF, 0xFF, 0xEF, 0x00, 0x00, 0x00, 0xFF, 0xFF, 0x8C, 0x01, 
	0xE4, 0xE8, 0xFF, 0xFF, 0xF4, 0x00, 0x00, 0x00, 0xFF, 0xFF, 0x8A, 0x01, 0xE4, 0xE8, 0xFF, 0xFF, 
	0xF4, 0x00, 0x00, 0x00, 0xFF, 0xFF, 0x8A, 0x01, 0xE4, 0xE8, 0xFF, 0xFF, 0xF7, 0x00, 0x00, 0x00, 
	0xFF, 0xFF, 0x84, 0x01, 0xE4, 0xE8, 0xFF, 0xFF, 0xFA, 0x00, 0x00, 0x00, 0xFF, 0xFF, 0x84, 0x01, 
	0xE4, 0xE8, 0xFF, 0xFF, 0xFA, 0x00, 0x00, 0x00, 0xFF, 0xFF, 0x82, 0x01, 0xE4, 0xE8, 0xFF, 0xFF, 
	0xFF, 0x00, 0x00, 0x00, 0xFF, 0xFF, 0x7F, 0x01, 0xE4, 0xE8, 0xFF, 0xFF, 0xFF, 0x00, 0x00, 0x00, 
	0xFF, 0xFF, 0x7F, 0x01, 0xE4, 0xE8, 0xFF, 0xFF, 0xFF, 0x00, 0x00, 0x00, 0xFF, 0xFF, 0x7C, 0x01, 
	0xE4, 0xE8, 0xFF, 0xFF, 0x04, 0x01, 0x00, 0x00, 0xFF, 0xFF, 0x7A, 0x01, 0xE4, 0xE8, 0xFF, 0xFF, 
	0x04, 0x01, 0x00, 0x00, 0xFF, 0xFF, 0x7A, 0x01, 0xE4, 0xE8, 0xFF, 0xFF, 0x04, 0x01, 0x00, 0x00, 
	0xFF, 0xFF, 0x77, 0x01, 0xE4, 0xE8, 0xFF, 0xFF, 0x0A, 0x01, 0x00, 0x00, 0xFF, 0xFF, 0x07, 0x00, 
	0xE4, 0xE8, 0xFF, 0xFF, 0x6C, 0x01, 0xA4, 0xF0, 0xFF, 0xFF, 0x0A, 0x01, 0x00, 0x00, 0xFF, 0xFF, 
	0x74, 0x01, 0xA4, 0xF0, 0xFF, 0xFF, 0x0A, 0x01, 0x00, 0x00, 0xFF, 0xFF, 0x07, 0x00, 0xA4, 0xF0, 
	0xFF, 0xFF, 0x6A, 0x01, 0x25, 0xB2, 0xFF, 0xFF, 0x0F, 0x01, 0x00, 0x00, 0xFF, 0xFF, 0x04, 0x00, 
	0x25, 0xB2, 0xFF, 0xFF, 0x6A, 0x01, 0xE9, 0x15, 0xFF, 0xFF, 0x0F, 0x01, 0x00, 0x00, 0xFF, 0xFF, 
	0x6F, 0x01, 0xE9, 0x15, 0xFF, 0xFF, 0x0F, 0x01, 0x00, 0x00, 0xFF, 0xFF, 0x04, 0x00, 0xE9, 0x15, 
	0xFF, 0xFF, 0x6A, 0x01, 0x89, 0x25, 0xFF, 0xFF, 0x0F, 0x01, 0x00, 0x00, 0xFF, 0xFF, 0x6C, 0x01, 
	0x89, 0x25, 0xFF, 0xFF, 0x14, 0x01, 0x00, 0x00, 0xFF, 0xFF, 0x6A, 0x01, 0x89, 0x25, 0xFF, 0xFF, 
	0x14, 0x01, 0x00, 0x00, 0xFF, 0xFF, 0x6A, 0x01, 0x89, 0x25, 0xFF, 0xFF, 0x14, 0x01, 0x00, 0x00, 
	0xFF, 0xFF, 0x6A, 0x01, 0x89, 0x25, 0xFF, 0xFF, 0x14, 0x01, 0x00, 0x00, 0xFF, 0xFF, 0x6A, 0x01, 
	0x89, 0x25, 0xFF, 0xFF, 0x14, 0x01, 0x00, 0x00, 0xFF, 0xFF, 0x6A, 0x01, 0x89, 0x25, 0xFF, 0xFF, 
	0x14, 0x01, 0x00, 0x00, 0xFF, 0xFF, 0x6A, 0x01, 0x89, 0x25, 0xFF, 0xFF, 0x14, 0x01, 0x00, 0x00, 
	0xFF, 0xFF, 0x6A, 0x01, 0x89, 0x25, 0xFF, 0xFF, 0x14, 0x01, 0x00, 0x00, 0xFF, 0xFF, 0x67, 0x01, 
	0x89, 0x25, 0xFF, 0xFF, 0x1A, 0x01, 0x00, 0x00, 0xFF, 0xFF, 0x64, 0x01, 0x89, 0x25, 0xFF, 0xFF, 
	0x1A, 0x01, 0x00, 0x00, 0xFF, 0xFF, 0x64, 0x01, 0x89, 0x25, 0xFF, 0xFF, 0x1A, 0x01, 0x00, 0x00, 
	0xFF, 0xFF, 0x64, 0x01, 0x89, 0x25, 0xFF, 0xFF, 0x1A, 0x01, 0x00, 0x00, 0xFF, 0xFF, 0x64, 0x01, 
	0x89, 0x25, 0xFF, 0xFF, 0x1A, 0x01, 0x00, 0x00, 0xFF, 0xFF, 0x64, 0x01, 0x89, 0x25, 0xFF, 0xFF, 
	0x1A, 0x01, 0x00, 0x00, 0xFF, 0xFF, 0x64, 0x01, 0x89, 0x25, 0xFF, 0xFF, 0x1A, 0x01, 0x00, 0x00, 
	0xFF, 0xFF, 0x64, 0x01, 0x89, 0x25, 0xFF, 0xFF, 0x1A, 0x01, 0x00, 0x00, 0xFF, 0xFF, 0x64, 0x01, 
	0x89, 0x25, 0xFF, 0xFF, 0x1A, 0x01, 0x00, 0x00, 0xFF, 0xFF, 0x64, 0x01, 0x89, 0x25, 0xFF, 0xFF, 
	0x1A, 0x01, 0x00, 0x00, 0xFF, 0xFF, 0x64, 0x01, 0x89, 0x25, 0xFF, 0xFF, 0x1A, 0x01, 0x00, 0x00, 
	0xFF, 0xFF, 0x64, 0x01, 0x89, 0x25, 0xFF, 0xFF, 0x1A, 0x01, 0x00, 0x00, 0xFF, 0xFF, 0x64, 0x01, 
	0x89, 0x25, 0xFF, 0xFF, 0x1A, 0x01, 0x00, 0x00, 0xFF, 0xFF, 0x64, 0x01, 0x89, 0x25, 0xFF, 0xFF, 
	0x1A, 0x01, 0x00, 0x00, 0xFF, 0xFF, 0x64, 0x01, 0x89, 0x25, 0xFF, 0xFF, 0x1A, 0x01, 0x00, 0x00, 
	0xFF, 0xFF, 0x64, 0x01, 0x89, 0x25, 0xFF, 0xFF, 0x1A, 0x01, 0x00, 0x00, 0xFF, 0xFF, 0x67, 0x01, 
	0x89, 0x25, 0xFF, 0xFF, 0x14, 0x01, 0x00, 0x00, 0xFF, 0xFF, 0x6A, 0x01, 0x89, 0x25, 0xFF, 0xFF, 
	0x14, 0x01, 0x00, 0x00, 0xFF, 0xFF, 0x6A, 0x01, 0x89, 0x25, 0xFF, 0xFF, 0x14, 0x01, 0x00, 0x00, 
	0xFF, 0xFF, 0x6A, 0x01, 0x89, 0x25, 0xFF, 0xFF, 0x14, 0x01, 0x00, 0x00, 0xFF, 0xFF, 0x6A, 0x01, 
	0x89, 0x25, 0xFF, 0xFF, 0x14, 0x01, 0x00, 0x00, 0xFF, 0xFF, 0x6A, 0x01, 0x89, 0x25, 0xFF, 0xFF, 
	0x14, 0x01, 0x00, 0x00, 0xFF, 0xFF, 0x6A, 0x01, 0x89, 0x25, 0xFF, 0xFF, 0x14, 0x01, 0x00, 0x00, 
	0xFF, 0xFF, 0x6A, 0x01, 0x89, 0x25, 0xFF, 0xFF, 0x14, 0x01, 0x00, 0x00, 0xFF, 0xFF, 0x6D, 0x01, 
	0x89, 0x25, 0xFF, 0xFF, 0x0F, 0x01, 0x00, 0x00, 0xFF, 0xFF, 0x04, 0x00, 0x89, 0x25, 0xFF, 0xFF, 
	0x6A, 0x01, 0x89, 0x1D, 0xFF, 0xFF, 0x0F, 0x01, 0x00, 0x00, 0xFF, 0xFF, 0x6F, 0x01, 0x89, 0x1D, 
	0xFF, 0xFF, 0x0F, 0x01, 0x00, 0x00, 0xFF, 0xFF, 0x04, 0x00, 0x89, 0x1D, 0xFF, 0xFF, 0x6A, 0x01, 
	0xA7, 0x65, 0xFF, 0xFF, 0x0F, 0x01, 0x00, 0x00, 0xFF, 0xFF, 0x04, 0x00, 0xA7, 0x65, 0xFF, 0xFF, 
	0x6C, 0x01, 0x41, 0xFE, 0xFF, 0xFF, 0x0A, 0x01, 0x00, 0x00, 0xFF, 0xFF, 0x74, 0x01, 0x41, 0xFE, 
	0xFF, 0xFF, 0x0A, 0x01, 0x00, 0x00, 0xFF, 0xFF, 0x74, 0x01, 0x41, 0xFE, 0xFF, 0xFF, 0x0A, 0x01, 
	0x00, 0x00, 0xFF, 0xFF, 0x37, 0x01, 0x41, 0xFE, 0xFF, 0xFF, 0x2F, 0x00, 0x00, 0x00, 0xFF, 0xFF, 
	0x0F, 0x00, 0x41, 0xFE, 0xFF, 0xFF, 0x04, 0x01, 0x00, 0x00, 0xFF, 0xFF, 0x3A, 0x01, 0x41, 0xFE, 
	0xFF, 0xFF, 0x2F, 0x00, 0x00, 0x00, 0xFF, 0xFF, 0x0F, 0x00, 0x41, 0xFE, 0xFF, 0xFF, 0x04, 0x01, 
	0x00, 0x00, 0xFF, 0xFF, 0x27, 0x01, 0x41, 0xFE, 0xFF, 0xFF, 0x57, 0x01, 0x00, 0x00, 0xFF, 0xFF, 
	0x1D, 0x01, 0x41, 0xFE, 0xFF, 0xFF, 0x5F, 0x01, 0x00, 0x00, 0xFF, 0xFF, 0x1F, 0x01, 0x41, 0xFE, 
	0xFF, 0xFF, 0x5F, 0x01, 0x00, 0x00, 0xFF, 0xFF, 0x14, 0x01, 0x41, 0xFE, 0xFF, 0xFF, 0x6A, 0x01, 
	0x00, 0x00, 0xFF, 0xFF, 0x0C, 0x01, 0x41, 0xFE, 0xFF, 0xFF, 0x6F, 0x01, 0x00, 0x00, 0xFF, 0xFF, 
	0x0F, 0x01, 0x41, 0xFE, 0xFF, 0xFF, 0x6F, 0x01, 0x00, 0x00, 0xFF, 0xFF, 0x07, 0x01, 0x41, 0xFE, 
	0xFF, 0xFF, 0x74, 0x01, 0x00, 0x00, 0xFF, 0xFF, 0x02, 0x01, 0x41, 0xFE, 0xFF, 0xFF, 0x7C, 0x01, 
	0x00, 0x00, 0xFF, 0xFF, 0x02, 0x01, 0x41, 0xFE, 0xFF, 0xFF, 0x7C, 0x01, 0x00, 0x00, 0xFF, 0xFF, 
	0xFD, 0x00, 0x41, 0xFE, 0xFF, 0xFF, 0x7F, 0x01, 0x00, 0x00, 0xFF, 0xFF, 0xF9, 0x00, 0x41, 0xFE, 
	0xFF, 0xFF, 0x82, 0x01, 0x00, 0x00, 0xFF, 0xFF, 0xFC, 0x00, 0x41, 0xFE, 0xFF, 0xFF, 0x82, 0x01, 
	0x00, 0x00, 0xFF, 0xFF, 0xF7, 0x00, 0x41, 0xFE, 0xFF, 0xFF, 0x84, 0x01, 0x00, 0x00, 0xFF, 0xFF, 
	0xF5, 0x00, 0x41, 0xFE, 0xFF, 0xFF, 0x87, 0x01, 0x00, 0x00, 0xFF, 0xFF, 0xF7, 0x00, 0x41, 0xFE, 
	0xFF, 0xFF, 0x87, 0x01, 0x00, 0x00, 0xFF, 0xFF, 0xF1, 0x00, 0x41, 0xFE, 0xFF, 0xFF, 0x8D, 0x01, 
	0x00, 0x00, 0xFF, 0xFF, 0xEF, 0x00, 0x41, 0xFE, 0xFF, 0xFF, 0x8C, 0x01, 0x00, 0x00, 0xFF, 0xFF, 
	0xF2, 0x00, 0x41, 0xFE, 0xFF, 0xFF, 0x8C, 0x01, 0x00, 0x00, 0xFF, 0xFF, 0xEC, 0x00, 0x41, 0xFE, 
	0xFF, 0xFF, 0x8D, 0x01, 0x00, 0x00, 0xFF, 0xFF, 0xEF, 0x00, 0x41, 0xFE, 0xFF, 0xFF, 0x8C, 0x01, 
	0x00, 0x00, 0xFF, 0xFF, 0xF2, 0x00, 0x41, 0xFE, 0xFF, 0xFF, 0x8C, 0x01, 0x00, 0x00, 0xFF, 0xFF, 
	0xEC, 0x00, 0x41, 0xFE, 0xFF, 0xFF, 0x8F, 0x01, 0x00, 0x00, 0xFF, 0xFF, 0xED, 0x00, 0x41, 0xFE, 
	0xFF, 0xFF, 0x8F, 0x01, 0x00, 0x00, 0xFF, 0xFF, 0xEF, 0x00, 0x41, 0xFE, 0xFF, 0xFF, 0x8F, 0x01, 
	0x00, 0x00, 0xFF, 0xFF, 0xEC, 0x00, 0x41, 0xFE, 0xFF, 0xFF, 0x8C, 0x01, 0x00, 0x00, 0xFF, 0xFF, 
	0xED, 0x00, 0x41, 0xFE, 0xFF, 0xFF, 0x8F, 0x01, 0x00, 0x00, 0xFF, 0xFF, 0xEF, 0x00, 0x41, 0xFE, 
	0xFF, 0xFF, 0x8F, 0x01, 0x00, 0x00, 0xFF, 0xFF, 0x34, 0x00, 0x41, 0xFE, 0xFF, 0xFF, 0xB7, 0x00, 
	0xC0, 0xFE, 0xFF, 0xFF, 0x8C, 0x01, 0x00, 0x00, 0xFF, 0xFF, 0x3A, 0x00, 0xC0, 0xFE, 0xFF, 0xFF, 
	0xB4, 0x00, 0x31, 0x72, 0xFF, 0xFF, 0x8D, 0x01, 0x00, 0x00, 0xFF, 0xFF, 0xF1, 0x00, 0x31, 0x72, 
	0xFF, 0xFF, 0x8D, 0x01, 0x00, 0x00, 0xFF, 0xFF, 0x3C, 0x00, 0x31, 0x72, 0xFF, 0xFF, 0xB2, 0x00, 
	0x59, 0x28, 0xFF, 0xFF, 0x89, 0x01, 0x00, 0x00, 0xFF, 0xFF, 0x42, 0x00, 0x59, 0x28, 0xFF, 0xFF, 
	0xAC, 0x00, 0x98, 0x38, 0xFF, 0xFF, 0x87, 0x01, 0x00, 0x00, 0xFF, 0xFF, 0xF7, 0x00, 0x98, 0x38, 
	0xFF, 0xFF, 0x87, 0x01, 0x00, 0x00, 0xFF, 0xFF, 0xF5, 0x00, 0x98, 0x38, 0xFF, 0xFF, 0x84, 0x01, 
	0x00, 0x00, 0xFF, 0xFF, 0xF7, 0x00, 0x98, 0x38, 0xFF, 0xFF, 0x82, 0x01, 0x00, 0x00, 0xFF, 0xFF, 
	0xFC, 0x00, 0x98, 0x38, 0xFF, 0xFF, 0x82, 0x01, 0x00, 0x00, 0xFF, 0xFF, 0xF9, 0x00, 0x98, 0x38, 
	0xFF, 0xFF, 0x7D, 0x01, 0x00, 0x00, 0xFF, 0xFF, 0xFF, 0x00, 0x98, 0x38, 0xFF, 0xFF, 0x74, 0x01, 
	0x00, 0x00, 0xFF, 0xFF, 0x0A, 0x01, 0x98, 0x38, 0xFF, 0xFF, 0x74, 0x01, 0x00, 0x00, 0xFF, 0xFF, 
	0x07, 0x01, 0x98, 0x38, 0xFF, 0xFF, 0x67, 0x01, 0x00, 0x00, 0xFF, 0xFF, 0x14, 0x01, 0x98, 0x38, 
	0xFF, 0xFF, 0x55, 0x01, 0x00, 0x00, 0xFF, 0xFF, 0x29, 0x01, 0x98, 0x38, 0xFF, 0xFF, 0x55, 0x01, 
	0x00, 0x00, 0xFF, 0xFF, 0x29, 0x01, 0x98, 0x38, 0xFF, 0xFF, 0x55, 0x01, 0x00, 0x00, 0xFF, 0xFF, 
	0x27, 0x01, 0x98, 0x38, 0xFF, 0xFF, 0x59, 0x01, 0x00, 0x00, 0xFF, 0xFF, 0x25, 0x01, 0x98, 0x38, 
	0xFF, 0xFF, 0x59, 0x01, 0x00, 0x00, 0xFF, 0xFF, 0x22, 0x01, 0x98, 0x38, 0xFF, 0xFF, 0x5F, 0x01, 
	0x00, 0x00, 0xFF, 0xFF, 0x1C, 0x01, 0x98, 0x38, 0xFF, 0xFF, 0x65, 0x01, 0x00, 0x00, 0xFF, 0xFF, 
	0x19, 0x01, 0x98, 0x38, 0xFF, 0xFF, 0x65, 0x01, 0x00, 0x00, 0xFF, 0xFF, 0x17, 0x01, 0x98, 0x38, 
	0xFF, 0xFF, 0x69, 0x01, 0x00, 0x00, 0xFF, 0xFF, 0x12, 0x01, 0x98, 0x38, 0xFF, 0xFF, 0x6F, 0x01, 
	0x00, 0x00, 0xFF, 0xFF, 0x0F, 0x01, 0x98, 0x38, 0xFF, 0xFF, 0x6F, 0x01, 0x00, 0x00, 0xFF, 0xFF, 
	0x0F, 0x01, 0x98, 0x38, 0xFF, 0xFF, 0x6F, 0x01, 0x00, 0x00, 0xFF, 0xFF, 0x0C, 0x01, 0x98, 0x38, 
	0xFF, 0xFF, 0x75, 0x01, 0x00, 0x00, 0xFF, 0xFF, 0x09, 0x01, 0x98, 0x38, 0xFF, 0xFF, 0x75, 0x01, 
	0x00, 0x00, 0xFF, 0xFF, 0x07, 0x01, 0x98, 0x38, 0xFF, 0xFF, 0x79, 0x01, 0x00, 0x00, 0xFF, 0xFF, 
	0x05, 0x01, 0x98, 0x38, 0xFF, 0xFF, 0x79, 0x01, 0x00, 0x00, 0xFF, 0xFF, 0x05, 0x01, 0x98, 0x38, 
	0xFF, 0xFF, 0x79, 0x01, 0x00, 0x00, 0xFF, 0xFF, 0x02, 0x01, 0x98, 0x38, 0xFF, 0xFF, 0x7F, 0x01, 
	0x00, 0x00, 0xFF, 0xFF, 0xFC, 0x00, 0x98, 0x38, 0xFF, 0xFF, 0x85, 0x01, 0x00, 0x00, 0xFF, 0xFF, 
	0xF9, 0x00, 0x98, 0x38, 0xFF, 0xFF, 0x85, 0x01, 0x00, 0x00, 0xFF, 0xFF, 0xF9, 0x00, 0x98, 0x38, 
	0xFF, 0xFF, 0x85, 0x01, 0x00, 0x00, 0xFF, 0xFF, 0xF7, 0x00, 0x98, 0x38, 0xFF, 0xFF, 0x89, 0x01, 
	0x00, 0x00, 0xFF, 0xFF, 0xF5, 0x00, 0x98, 0x38, 0xFF, 0xFF, 0x89, 0x01, 0x00, 0x00, 0xFF, 0xFF, 
	0xF2, 0x00, 0x98, 0x38, 0xFF, 0xFF, 0x8F, 0x01, 0x00, 0x00, 0xFF, 0xFF, 0xEF, 0x00, 0x98, 0x38, 
	0xFF, 0xFF, 0x8F, 0x01, 0x00, 0x00, 0xFF, 0xFF, 0xEF, 0x00, 0x98, 0x38, 0xFF, 0xFF, 0x8F, 0x01, 
	0x00, 0x00, 0xFF, 0xFF, 0x6F, 0x00, 0x98, 0x38, 0xFF, 0xFF, 0x7C, 0x00, 0x17, 0x38, 0xFF, 0xFF, 
	0x95, 0x01, 0x00, 0x00, 0xFF, 0xFF, 0x6C, 0x00, 0x17, 0x38, 0xFF, 0xFF, 0x7C, 0x00, 0xBB, 0x13, 
	0xFF, 0xFF, 0x95, 0x01, 0x00, 0x00, 0xFF, 0xFF, 0xE9, 0x00, 0xBB, 0x13, 0xFF, 0xFF, 0x95, 0x01, 
	0x00, 0x00, 0xFF, 0xFF, 0x6C, 0x00, 0xBB, 0x13, 0xFF, 0xFF, 0x7A, 0x00, 0x5D, 0x05, 0xFF, 0xFF, 
	0x99, 0x01, 0x00, 0x00, 0xFF, 0xFF, 0x6A, 0x00, 0x5D, 0x05, 0xFF, 0xFF, 0x7A, 0x00, 0x1D, 0x05, 
	0xFF, 0xFF, 0x99, 0x01, 0x00, 0x00, 0xFF, 0xFF, 0xE5, 0x00, 0x1D, 0x05, 0xFF, 0xFF, 0x99, 0x01, 
	0x00, 0x00, 0xFF, 0xFF, 0xE2, 0x00, 0x1D, 0x05, 0xFF, 0xFF, 0x9F, 0x01, 0x00, 0x00, 0xFF, 0xFF, 
	0xDF, 0x00, 0x1D, 0x05, 0xFF, 0xFF, 0x9F, 0x01, 0x00, 0x00, 0xFF, 0xFF, 0xDF, 0x00, 0x1D, 0x05, 
	0xFF, 0xFF, 0x9F, 0x01, 0x00, 0x00, 0xFF, 0xFF, 0xDC, 0x00, 0x1D, 0x05, 0xFF, 0xFF, 0xA5, 0x01, 
	0x00, 0x00, 0xFF, 0xFF, 0xD9, 0x00, 0x1D, 0x05, 0xFF, 0xFF, 0xA5, 0x01, 0x00, 0x00, 0xFF, 0xFF, 
	0xD9, 0x00, 0x1D, 0x05, 0xFF, 0xFF, 0xA5, 0x01, 0x00, 0x00, 0xFF, 0xFF, 0xD7, 0x00, 0x1D, 0x05, 
	0xFF, 0xFF, 0xA9, 0x01, 0x00, 0x00, 0xFF, 0xFF, 0xD5, 0x00, 0x1D, 0x05, 0xFF, 0xFF, 0xA9, 0x01, 
	0x00, 0x00, 0xFF, 0xFF, 0xD5, 0x00, 0x1D, 0x05, 0xFF, 0xFF, 0xA9, 0x01, 0x00, 0x00, 0xFF, 0xFF, 
	0xD5, 0x00, 0x1D, 0x05, 0xFF, 0xFF, 0xAC, 0x01, 0x00, 0x00, 0xFF, 0xFF, 0xCF, 0x00, 0x1D, 0x05, 
	0xFF, 0xFF, 0xAF, 0x01, 0x00, 0x00, 0xFF, 0xFF, 0xCF, 0x00, 0x1D, 0x05, 0xFF, 0xFF, 0xAF, 0x01, 
	0x00, 0x00, 0xFF, 0xFF, 0xCF, 0x00, 0x1D, 0x05, 0xFF, 0xFF, 0xAF, 0x01, 0x00, 0x00, 0xFF, 0xFF, 
	0xCC, 0x00, 0x1D, 0x05, 0xFF, 0xFF, 0xB5, 0x01, 0x00, 0x00, 0xFF, 0xFF, 0xC9, 0x00, 0x1D, 0x05, 
	0xFF, 0xFF, 0xB5, 0x01, 0x00, 0x00, 0xFF, 0xFF, 0xC9, 0x00, 0x1D, 0x05, 0xFF, 0xFF, 0xB5, 0x01, 
	0x00, 0x00, 0xFF, 0xFF, 0xC9, 0x00, 0x1D, 0x05, 0xFF, 0xFF, 0xB5, 0x01, 0x00, 0x00, 0xFF, 0xFF, 
	0xC9, 0x00, 0x1D, 0x05, 0xFF, 0xFF, 0xB5, 0x01, 0x00, 0x00, 0xFF, 0xFF, 0xC7, 0x00, 0x1D, 0x05, 
	0xFF, 0xFF, 0xB9, 0x01, 0x00, 0x00, 0xFF, 0xFF, 0x5A, 0x00, 0x1D, 0x05, 0xFF, 0xFF, 0x6A, 0x00, 
	0x5E, 0x05, 0xFF, 0xFF, 0xB9, 0x01, 0x00, 0x00, 0xFF, 0xFF, 0xC5, 0x00, 0x5E, 0x05, 0xFF, 0xFF, 
	0xB9, 0x01, 0x00, 0x00, 0xFF, 0xFF, 0x5A, 0x00, 0x5E, 0x05, 0xFF, 0xFF, 0x6A, 0x00, 0x4B, 0x6B, 
	0xFF, 0xFF, 0xB9, 0x01, 0x00, 0x00, 0xFF, 0xFF, 0x5A, 0x00, 0x4B, 0x6B, 0xFF, 0xFF, 0x6A, 0x00, 
	0x8D, 0x63, 0xFF, 0xFF, 0xBC, 0x01, 0x00, 0x00, 0xFF, 0xFF, 0xC2, 0x00, 0x8D, 0x63, 0xFF, 0xFF, 
	0xBC, 0x01, 0x00, 0x00, 0xFF, 0xFF, 0xBF, 0x00, 0x8D, 0x63, 0xFF, 0xFF, 0xBF, 0x01, 0x00, 0x00, 
	0xFF, 0xFF, 0xBF, 0x00, 0x8D, 0x63, 0xFF, 0xFF, 0xBF, 0x01, 0x00, 0x00, 0xFF, 0xFF, 0xBF, 0x00, 
	0x8D, 0x63, 0xFF, 0xFF, 0xBF, 0x01, 0x00, 0x00, 0xFF, 0xFF, 0xBF, 0x00, 0x8D, 0x63, 0xFF, 0xFF, 
	0xBF, 0x01, 0x00, 0x00, 0xFF, 0xFF, 0xBF, 0x00, 0x8D, 0x63, 0xFF, 0xFF, 0xC2, 0x01, 0x00, 0x00, 
	0xFF, 0xFF, 0xBC, 0x00, 0x8D, 0x63, 0xFF, 0xFF, 0xC2, 0x01, 0x00, 0x00, 0xFF, 0xFF, 0xB9, 0x00, 
	0x8D, 0x63, 0xFF, 0xFF, 0xC5, 0x01, 0x00, 0x00, 0xFF, 0xFF, 0xB9, 0x00, 0x8D, 0x63, 0xFF, 0xFF, 
	0xC5, 0x01, 0x00, 0x00, 0xFF, 0xFF, 0xB9, 0x00, 0x8D, 0x63, 0xFF, 0xFF, 0xC5, 0x01, 0x00, 0x00, 
	0xFF, 0xFF, 0xB9, 0x00, 0x8D, 0x63, 0xFF, 0xFF, 0xC5, 0x01, 0x00, 0x00, 0xFF, 0xFF, 0xB9, 0x00, 
	0x8D, 0x63, 0xFF, 0xFF, 0xC5, 0x01, 0x00, 0x00, 0xFF, 0xFF, 0xB9, 0x00, 0x8D, 0x63, 0xFF, 0xFF, 
	0xC5, 0x01, 0x00, 0x00, 0xFF, 0xFF, 0xB7, 0x00, 0x8D, 0x63, 0xFF, 0xFF, 0xC9, 0x01, 0x00, 0x00, 
	0xFF, 0xFF, 0xB5, 0x00, 0x8D, 0x63, 0xFF, 0xFF, 0xC9, 0x01, 0x00, 0x00, 0xFF, 0xFF, 0xB5, 0x00, 
	0x8D, 0x63, 0xFF, 0xFF, 0xC9, 0x01, 0x00, 0x00, 0xFF, 0xFF, 0xB5, 0x00, 0x8D, 0x63, 0xFF, 0xFF, 
	0xC9, 0x01, 0x00, 0x00, 0xFF, 0xFF, 0xB5, 0x00, 0x8D, 0x63, 0xFF, 0xFF, 0xC9, 0x01, 0x00, 0x00, 
	0xFF, 0xFF, 0xB5, 0x00, 0x8D, 0x63, 0xFF, 0xFF, 0xC9, 0x01, 0x00, 0x00, 0xFF, 0xFF, 0xB5, 0x00, 
	0x8D, 0x63, 0xFF, 0xFF, 0xC9, 0x01, 0x00, 0x00, 0xFF, 0xFF, 0xB5, 0x00, 0x8D, 0x63, 0xFF, 0xFF, 
	0xC9, 0x01, 0x00, 0x00, 0xFF, 0xFF, 0xB5, 0x00, 0x8D, 0x63, 0xFF, 0xFF, 0xC9, 0x01, 0x00, 0x00, 
	0xFF, 0xFF, 0xB5, 0x00, 0x8D, 0x63, 0xFF, 0xFF, 0xC9, 0x01, 0x00, 0x00, 0xFF, 0xFF, 0xB2, 0x00, 
	0x8D, 0x63, 0xFF, 0xFF, 0xCF, 0x01, 0x00, 0x00, 0xFF, 0xFF, 0xAF, 0x00, 0x8D, 0x63, 0xFF, 0xFF, 
	0xCF, 0x01, 0x00, 0x00, 0xFF, 0xFF, 0xAF, 0x00, 0x8D, 0x63, 0xFF, 0xFF, 0xCF, 0x01, 0x00, 0x00, 
	0xFF, 0xFF, 0xAF, 0x00, 0x8D, 0x63, 0xFF, 0xFF, 0xCF, 0x01, 0x00, 0x00, 0xFF, 0xFF, 0xAF, 0x00, 
	0x8D, 0x63, 0xFF, 0xFF, 0xCF, 0x01, 0x00, 0x00, 0xFF, 0xFF, 0xAF, 0x00, 0x8D, 0x63, 0xFF, 0xFF, 
	0xCF, 0x01, 0x00, 0x00, 0xFF, 0xFF, 0xAF, 0x00, 0x8D, 0x63, 0xFF, 0xFF, 0xCF, 0x01, 0x00, 0x00, 
	0xFF, 0xFF, 0xAF, 0x00, 0x8D, 0x63, 0xFF, 0xFF, 0xCF, 0x01, 0x00, 0x00, 0xFF, 0xFF, 0xAF, 0x00, 
	0x8D, 0x63, 0xFF, 0xFF, 0xCF, 0x01, 0x00, 0x00, 0xFF, 0xFF, 0xAF, 0x00, 0x8D, 0x63, 0xFF, 0xFF, 
	0xCF, 0x01, 0x00, 0x00, 0xFF, 0xFF, 0xAF, 0x00, 0x8D, 0x63, 0xFF, 0xFF, 0xCF, 0x01, 0x00, 0x00, 
	0xFF, 0xFF, 0xAF, 0x00, 0x8D, 0x63, 0xFF, 0xFF, 0xCF, 0x01, 0x00, 0x00, 0xFF, 0xFF, 0x4F, 0x00, 
	0x8D, 0x63, 0xFF, 0xFF, 0x5F, 0x00, 0xAC, 0x5B, 0xFF, 0xFF, 0xCF, 0x01, 0x00, 0x00, 0xFF, 0xFF, 
	0xAF, 0x00, 0xAC, 0x5B, 0xFF, 0xFF, 0xCF, 0x01, 0x00, 0x00, 0xFF, 0xFF, 0x4F, 0x00, 0xAC, 0x5B, 
	0xFF, 0xFF, 0x5F, 0x00, 0x35, 0xAA, 0xFF, 0xFF, 0xCF, 0x01, 0x00, 0x00, 0xFF, 0xFF, 0x4F, 0x00, 
	0x35, 0xAA, 0xFF, 0xFF, 0x5F, 0x00, 0x54, 0xA2, 0xFF, 0xFF, 0xCF, 0x01, 0x00, 0x00, 0xFF, 0xFF, 
	0xAF, 0x00, 0x54, 0xA2, 0xFF, 0xFF, 0xCF, 0x01, 0x00, 0x00, 0xFF, 0xFF, 0xAF, 0x00, 0x54, 0xA2, 
	0xFF, 0xFF, 0xCF, 0x01, 0x00, 0x00, 0xFF, 0xFF, 0xAF, 0x00, 0x54, 0xA2, 0xFF, 0xFF, 0xCF, 0x01, 
	0x00, 0x00, 0xFF, 0xFF, 0xAF, 0x00, 0x54, 0xA2, 0xFF, 0xFF, 0xCF, 0x01, 0x00, 0x00, 0xFF, 0xFF, 
	0xAF, 0x00, 0x54, 0xA2, 0xFF, 0xFF, 0xCF, 0x01, 0x00, 0x00, 0xFF, 0xFF, 0xAF, 0x00, 0x54, 0xA2, 
	0xFF, 0xFF, 0xCF, 0x01, 0x00, 0x00, 0xFF, 0xFF, 0xAF, 0x00, 0x54, 0xA2, 0xFF, 0xFF, 0xCF, 0x01, 
	0x00, 0x00, 0xFF, 0xFF, 0xAF, 0x00, 0x54, 0xA2, 0xFF, 0xFF, 0xCF, 0x01, 0x00, 0x00, 0xFF, 0xFF, 
	0xAF, 0x00, 0x54, 0xA2, 0xFF, 0xFF, 0xCF, 0x01, 0x00, 0x00, 0xFF, 0xFF, 0xAF, 0x00, 0x54, 0xA2, 
	0xFF, 0xFF, 0xCF, 0x01, 0x00, 0x00, 0xFF, 0xFF, 0xAF, 0x00, 0x54, 0xA2, 0xFF, 0xFF, 0xCF, 0x01, 
	0x00, 0x00, 0xFF, 0xFF, 0xAF, 0x00, 0x54, 0xA2, 0xFF, 0xFF, 0xCF, 0x01, 0x00, 0x00, 0xFF, 0xFF, 
	0xAF, 0x00, 0x54, 0xA2, 0xFF, 0xFF, 0xCF, 0x01, 0x00, 0x00, 0xFF, 0xFF, 0xB2, 0x00, 0x54, 0xA2, 
	0xFF, 0xFF, 0xC9, 0x01, 0x00, 0x00, 0xFF, 0xFF, 0xB5, 0x00, 0x54, 0xA2, 0xFF, 0xFF, 0xC9, 0x01, 
	0x00, 0x00, 0xFF, 0xFF, 0xB5, 0x00, 0x54, 0xA2, 0xFF, 0xFF, 0xC9, 0x01, 0x00, 0x00, 0xFF, 0xFF, 
	0xB5, 0x00, 0x54, 0xA2, 0xFF, 0xFF, 0xC9, 0x01, 0x00, 0x00, 0xFF, 0xFF, 0xB5, 0x00, 0x54, 0xA2, 
	0xFF, 0xFF, 0xC9, 0x01, 0x00, 0x00, 0xFF, 0xFF, 0xB5, 0x00, 0x54, 0xA2, 0xFF, 0xFF, 0xC9, 0x01, 
	0x00, 0x00, 0xFF, 0xFF, 0xB5, 0x00, 0x54, 0xA2, 0xFF, 0xFF, 0xC9, 0x01, 0x00, 0x00, 0xFF, 0xFF, 
	0xB5, 0x00, 0x54, 0xA2, 0xFF, 0xFF, 0xC9, 0x01, 0x00, 0x00, 0xFF, 0xFF, 0xB5, 0x00, 0x54, 0xA2, 
	0xFF, 0xFF, 0xC9, 0x01, 0x00, 0x00, 0xFF, 0xFF, 0xB5, 0x00, 0x54, 0xA2, 0xFF, 0xFF, 0xC9, 0x01, 
	0x00, 0x00, 0xFF, 0xFF, 0xB7, 0x00, 0x54, 0xA2, 0xFF, 0xFF, 0xC5, 0x01, 0x00, 0x00, 0xFF, 0xFF, 
	0xB9, 0x00, 0x54, 0xA2, 0xFF, 0xFF, 0xC5, 0x01, 0x00, 0x00, 0xFF, 0xFF, 0xB9, 0x00, 0x54, 0xA2, 
	0xFF, 0xFF, 0xC5, 0x01, 0x00, 0x00, 0xFF, 0xFF, 0xB9, 0x00, 0x54, 0xA2, 0xFF, 0xFF, 0xC5, 0x01, 
	0x00, 0x00, 0xFF, 0xFF, 0xB9, 0x00, 0x54, 0xA2, 0xFF, 0xFF, 0xC5, 0x01, 0x00, 0x00, 0xFF, 0xFF, 
	0xB9, 0x00, 0x54, 0xA2, 0xFF, 0xFF, 0xC5, 0x01, 0x00, 0x00, 0xFF, 0xFF, 0xBC, 0x00, 0x54, 0xA2, 
	0xFF, 0xFF, 0xC2, 0x01, 0x00, 0x00, 0xFF, 0xFF, 0xBC, 0x00, 0x54, 0xA2, 0xFF, 0xFF, 0xC2, 0x01, 
	0x00, 0x00, 0xFF, 0xFF, 0x54, 0x00, 0x54, 0xA2, 0xFF, 0xFF, 0x67, 0x00, 0x55, 0xA2, 0xFF, 0xFF, 
	0xBF, 0x01, 0x00, 0x00, 0xFF, 0xFF, 0x57, 0x00, 0x55, 0xA2, 0xFF, 0xFF, 0x67, 0x00, 0xC8, 0xA9, 
	0xFF, 0xFF, 0xBF, 0x01, 0x00, 0x00, 0xFF, 0xFF, 0xBF, 0x00, 0xC8, 0xA9, 0xFF, 0xFF, 0xBF, 0x01, 
	0x00, 0x00, 0xFF, 0xFF, 0x57, 0x00, 0xC8, 0xA9, 0xFF, 0xFF, 0x67, 0x00, 0x83, 0xB1, 0xFF, 0xFF, 
	0xBF, 0x01, 0x00, 0x00, 0xFF, 0xFF, 0x57, 0x00, 0x83, 0xB1, 0xFF, 0xFF, 0x6A, 0x00, 0xA4, 0xB1, 
	0xFF, 0xFF, 0xB9, 0x01, 0x00, 0x00, 0xFF, 0xFF, 0xC5, 0x00, 0xA4, 0xB1, 0xFF, 0xFF, 0xB9, 0x01, 
	0x00, 0x00, 0xFF, 0xFF, 0xC5, 0x00, 0xA4, 0xB1, 0xFF, 0xFF, 0xB9, 0x01, 0x00, 0x00, 0xFF, 0xFF, 
	0xC5, 0x00, 0xA4, 0xB1, 0xFF, 0xFF, 0xB9, 0x01, 0x00, 0x00, 0xFF, 0xFF, 0xC5, 0x00, 0xA4, 0xB1, 
	0xFF, 0xFF, 0xB9, 0x01, 0x00, 0x00, 0xFF, 0xFF, 0xC5, 0x00, 0xA4, 0xB1, 0xFF, 0xFF, 0xB9, 0x01, 
	0x00, 0x00, 0xFF, 0xFF, 0xC7, 0x00, 0xA4, 0xB1, 0xFF, 0xFF, 0xB5, 0x01, 0x00, 0x00, 0xFF, 0xFF, 
	0xC9, 0x00, 0xA4, 0xB1, 0xFF, 0xFF, 0xB5, 0x01, 0x00, 0x00, 0xFF, 0xFF, 0xC9, 0x00, 0xA4, 0xB1, 
	0xFF, 0xFF, 0xB5, 0x01, 0x00, 0x00, 0xFF, 0xFF, 0xCC, 0x00, 0xA4, 0xB1, 0xFF, 0xFF, 0xB2, 0x01, 
	0x00, 0x00, 0xFF, 0xFF, 0xCC, 0x00, 0xA4, 0xB1, 0xFF, 0xFF, 0xB2, 0x01, 0x00, 0x00, 0xFF, 0xFF, 
	0xCC, 0x00, 0xA4, 0xB1, 0xFF, 0xFF, 0xAF, 0x01, 0x00, 0x00, 0xFF, 0xFF, 0xCF, 0x00, 0xA4, 0xB1, 
	0xFF, 0xFF, 0xAF, 0x01, 0x00, 0x00, 0xFF, 0xFF, 0xCF, 0x00, 0xA4, 0xB1, 0xFF, 0xFF, 0xAF, 0x01, 
	0x00, 0x00, 0xFF, 0xFF, 0xD2, 0x00, 0xA4, 0xB1, 0xFF, 0xFF, 0xA9, 0x01, 0x00, 0x00, 0xFF, 0xFF, 
	0xD5, 0x00, 0xA4, 0xB1, 0xFF, 0xFF, 0xA9, 0x01, 0x00, 0x00, 0xFF, 0xFF, 0xD5, 0x00, 0xA4, 0xB1, 
	0xFF, 0xFF, 0xA9, 0x01, 0x00, 0x00, 0xFF, 0xFF, 0xD5, 0x00, 0xA4, 0xB1, 0xFF, 0xFF, 0xA9, 0x01, 
	0x00, 0x00, 0xFF, 0xFF, 0xD7, 0x00, 0xA4, 0xB1, 0xFF, 0xFF, 0xA5, 0x01, 0x00, 0x00, 0xFF, 0xFF, 
	0xD9, 0x00, 0xA4, 0xB1, 0xFF, 0xFF, 0xA5, 0x01, 0x00, 0x00, 0xFF, 0xFF, 0xD9, 0x00, 0xA4, 0xB1, 
	0xFF, 0xFF, 0xA5, 0x01, 0x00, 0x00, 0xFF, 0xFF, 0xDC, 0x00, 0xA4, 0xB1, 0xFF, 0xFF, 0x9F, 0x01, 
	0x00, 0x00, 0xFF, 0xFF, 0xDF, 0x00, 0xA4, 0xB1, 0xFF, 0xFF, 0x9F, 0x01, 0x00, 0x00, 0xFF, 0xFF, 
	0xDF, 0x00, 0xA4, 0xB1, 0xFF, 0xFF, 0x9F, 0x01, 0x00, 0x00, 0xFF, 0xFF, 0xE2, 0x00, 0xA4, 0xB1, 
	0xFF, 0xFF, 0x99, 0x01, 0x00, 0x00, 0xFF, 0xFF, 0xE5, 0x00, 0xA4, 0xB1, 0xFF, 0xFF, 0x99, 0x01, 
	0x00, 0x00, 0xFF, 0xFF, 0xE5, 0x00, 0xA4, 0xB1, 0xFF, 0xFF, 0x99, 0x01, 0x00, 0x00, 0xFF, 0xFF, 
	0xE7, 0x00, 0xA4, 0xB1, 0xFF, 0xFF, 0x95, 0x01, 0x00, 0x00, 0xFF, 0xFF, 0xE9, 0x00, 0xA4, 0xB1, 
	0xFF, 0xFF, 0x95, 0x01, 0x00, 0x00, 0xFF, 0xFF, 0xE9, 0x00, 0xA4, 0xB1, 0xFF, 0xFF, 0x95, 0x01, 
	0x00, 0x00, 0xFF, 0xFF, 0xEC, 0x00, 0xA4, 0xB1, 0xFF, 0xFF, 0x8F, 0x01, 0x00, 0x00, 0xFF, 0xFF, 
	0xEF, 0x00, 0xA4, 0xB1, 0xFF, 0xFF, 0x8F, 0x01, 0x00, 0x00, 0xFF, 0xFF, 0xF2, 0x00, 0xA4, 0xB1, 
	0xFF, 0xFF, 0x8C, 0x01, 0x00, 0x00, 0xFF, 0xFF, 0xF2, 0x00, 0xA4, 0xB1, 0xFF, 0xFF, 0x89, 0x01, 
	0x00, 0x00, 0xFF, 0xFF, 0xF5, 0x00, 0xA4, 0xB1, 0xFF, 0xFF, 0x89, 0x01, 0x00, 0x00, 0xFF, 0xFF, 
	0x72, 0x00, 0xA4, 0xB1, 0xFF, 0xFF, 0x84, 0x00, 0x42, 0xB9, 0xFF, 0xFF, 0x85, 0x01, 0x00, 0x00, 
	0xFF, 0xFF, 0x74, 0x00, 0x42, 0xB9, 0xFF, 0xFF, 0x84, 0x00, 0xD3, 0x34, 0xFF, 0xFF, 0x85, 0x01, 
	0x00, 0x00, 0xFF, 0xFF, 0xF9, 0x00, 0xD3, 0x34, 0xFF, 0xFF, 0x85, 0x01, 0x00, 0x00, 0xFF, 0xFF, 
	0x74, 0x00, 0xD3, 0x34, 0xFF, 0xFF, 0x87, 0x00, 0x3B, 0x06, 0xFF, 0xFF, 0x7F, 0x01, 0x00, 0x00, 
	0xFF, 0xFF, 0x77, 0x00, 0x3B, 0x06, 0xFF, 0xFF, 0x8A, 0x00, 0x1A, 0x06, 0xFF, 0xFF, 0x79, 0x01, 
	0x00, 0x00, 0xFF, 0xFF, 0x05, 0x01, 0x1A, 0x06, 0xFF, 0xFF, 0x79, 0x01, 0x00, 0x00, 0xFF, 0xFF, 
	0x05, 0x01, 0x1A, 0x06, 0xFF, 0xFF, 0x79, 0x01, 0x00, 0x00, 0xFF, 0xFF, 0x07, 0x01, 0x1A, 0x06, 
	0xFF, 0xFF, 0x75, 0x01, 0x00, 0x00, 0xFF, 0xFF, 0x09, 0x01, 0x1A, 0x06, 0xFF, 0xFF, 0x75, 0x01, 
	0x00, 0x00, 0xFF, 0xFF, 0x0C, 0x01, 0x1A, 0x06, 0xFF, 0xFF, 0x6F, 0x01, 0x00, 0x00, 0xFF, 0xFF, 
	0x12, 0x01, 0x1A, 0x06, 0xFF, 0xFF, 0x6C, 0x01, 0x00, 0x00, 0xFF, 0xFF, 0x12, 0x01, 0x1A, 0x06, 
	0xFF, 0xFF, 0x6C, 0x01, 0x00, 0x00, 0xFF, 0xFF, 0x12, 0x01, 0x1A, 0x06, 0xFF, 0xFF, 0x69, 0x01, 
	0x00, 0x00, 0xFF, 0xFF, 0x17, 0x01, 0x1A, 0x06, 0xFF, 0xFF, 0x65, 0x01, 0x00, 0x00, 0xFF, 0xFF, 
	0x19, 0x01, 0x1A, 0x06, 0xFF, 0xFF, 0x65, 0x01, 0x00, 0x00, 0xFF, 0xFF, 0x1C, 0x01, 0x1A, 0x06, 
	0xFF, 0xFF, 0x5F, 0x01, 0x00, 0x00, 0xFF, 0xFF, 0x22, 0x01, 0x1A, 0x06, 0xFF, 0xFF, 0x59, 0x01, 
	0x00, 0x00, 0xFF, 0xFF, 0x25, 0x01, 0x1A, 0x06, 0xFF, 0xFF, 0x59, 0x01, 0x00, 0x00, 0xFF, 0xFF, 
	0x27, 0x01, 0x1A, 0x06, 0xFF, 0xFF, 0x55, 0x01, 0x00, 0x00, 0xFF, 0xFF, 0x2C, 0x01, 0x1A, 0x06, 
	0xFF, 0xFF, 0x52, 0x01, 0x00, 0x00, 0xFF, 0xFF, 0x2C, 0x01, 0x1A, 0x06, 0xFF, 0xFF, 0x52, 0x01, 
	0x00, 0x00, 0xFF, 0xFF, 0x2C, 0x01, 0x1A, 0x06, 0xFF, 0xFF, 0x4F, 0x01, 0x00, 0x00, 0xFF, 0xFF, 
	0x32, 0x01, 0x1A, 0x06, 0xFF, 0xFF, 0x49, 0x01, 0x00, 0x00, 0xFF, 0xFF, 0x35, 0x01, 0x1A, 0x06, 
	0xFF, 0xFF, 0x49, 0x01, 0x00, 0x00, 0xFF, 0xFF, 0x37, 0x01, 0x1A, 0x06, 0xFF, 0xFF, 0x45, 0x01, 
	0x00, 0x00, 0xFF, 0xFF, 0x3C, 0x01, 0x1A, 0x06, 0xFF, 0xFF, 0x3F, 0x01, 0x00, 0x00, 0xFF, 0xFF, 
	0x3F, 0x01, 0x1A, 0x06, 0xFF, 0xFF, 0x3F, 0x01, 0x00, 0x00, 0xFF, 0xFF, 0x42, 0x01, 0x1A, 0x06, 
	0xFF, 0xFF, 0x39, 0x01, 0x00, 0x00, 0xFF, 0xFF, 0x9A, 0x00, 0x1A, 0x06, 0xFF, 0xFF, 0xAC, 0x00, 
	0xDD, 0x05, 0xFF, 0xFF, 0x35, 0x01, 0x00, 0x00, 0xFF, 0xFF, 0x49, 0x01, 0xDD, 0x05, 0xFF, 0xFF, 
	0x35, 0x01, 0x00, 0x00, 0xFF, 0xFF, 0x9C, 0x00, 0xDD, 0x05, 0xFF, 0xFF, 0xB2, 0x00, 0xE0, 0x07, 
	0xFF, 0xFF, 0x29, 0x01, 0x00, 0x00, 0xFF, 0xFF, 0x57, 0x01, 0xE0, 0x07, 0xFF, 0xFF, 0x25, 0x01, 
	0x00, 0x00, 0xFF, 0xFF, 0x59, 0x01, 0xE0, 0x07, 0xFF, 0xFF, 0x25, 0x01, 0x00, 0x00, 0xFF, 0xFF, 
	0x5C, 0x01, 0xE0, 0x07, 0xFF, 0xFF, 0x1F, 0x01, 0x00, 0x00, 0xFF, 0xFF, 0x62, 0x01, 0xE0, 0x07, 
	0xFF, 0xFF, 0x19, 0x01, 0x00, 0x00, 0xFF, 0xFF, 0x65, 0x01, 0xE0, 0x07, 0xFF, 0xFF, 0x19, 0x01, 
	0x00, 0x00, 0xFF, 0xFF, 0x6A, 0x01, 0xE0, 0x07, 0xFF, 0xFF, 0x0F, 0x01, 0x00, 0x00, 0xFF, 0xFF, 
	0x72, 0x01, 0xE0, 0x07, 0xFF, 0xFF, 0x09, 0x01, 0x00, 0x00, 0xFF, 0xFF, 0x75, 0x01, 0xE0, 0x07, 
	0xFF, 0xFF, 0x09, 0x01, 0x00, 0x00, 0xFF, 0xFF, 0x77, 0x01, 0xE0, 0x07, 0xFF, 0xFF, 0x0D, 0x01, 
	0x00, 0x00, 0xFF, 0xFF, 0x69, 0x01, 0xE0, 0x07, 0xFF, 0xFF, 0x1D, 0x01, 0x00, 0x00, 0xFF, 0xFF, 
	0x61, 0x01, 0xE0, 0x07, 0xFF, 0xFF, 0x1D, 0x01, 0x00, 0x00, 0xFF, 0xFF, 0x57, 0x01, 0xE0, 0x07, 
	0xFF, 0xFF, 0x2C, 0x01, 0x00, 0x00, 0xFF, 0xFF, 0x4C, 0x01, 0xE0, 0x07, 0xFF, 0xFF, 0x37, 0x01, 
	0x00, 0x00, 0xFF, 0xFF, 0x47, 0x01, 0xE0, 0x07, 0xFF, 0xFF, 0x37, 0x01, 0x00, 0x00, 0xFF, 0xFF, 
	0x42, 0x01, 0xE0, 0x07, 0xFF, 0xFF, 0x3F, 0x01, 0x00, 0x00, 0xFF, 0xFF, 0x3C, 0x01, 0xE0, 0x07, 
	0xFF, 0xFF, 0x45, 0x01, 0x00, 0x00, 0xFF, 0xFF, 0x39, 0x01, 0xE0, 0x07, 0xFF, 0xFF, 0x45, 0x01, 
	0x00, 0x00, 0xFF, 0xFF, 0x37, 0x01, 0xE0, 0x07, 0xFF, 0xFF, 0x49, 0x01, 0x00, 0x00, 0xFF, 0xFF, 
	0x32, 0x01, 0xE0, 0x07, 0xFF, 0xFF, 0x4F, 0x01, 0x00, 0x00, 0xFF, 0xFF, 0x2F, 0x01, 0xE0, 0x07, 
	0xFF, 0xFF, 0x4F, 0x01, 0x00, 0x00, 0xFF, 0xFF, 0x2C, 0x01, 0xE0, 0x07, 0xFF, 0xFF, 0x55, 0x01, 
	0x00, 0x00, 0xFF, 0xFF, 0x27, 0x01, 0xE0, 0x07, 0xFF, 0xFF, 0x59, 0x01, 0x00, 0x00, 0xFF, 0xFF, 
	0x25, 0x01, 0xE0, 0x07, 0xFF, 0xFF, 0x59, 0x01, 0x00, 0x00, 0xFF, 0xFF, 0x22, 0x01, 0xE0, 0x07, 
	0xFF, 0xFF, 0x5C, 0x01, 0x00, 0x00, 0xFF, 0xFF, 0x22, 0x01, 0xE0, 0x07, 0xFF, 0xFF, 0x64, 0x00, 
	0x00, 0x00, 0xE0, 0x07, 0xE0, 0x07, 0xE0, 0x07, 0xF9, 0xCF, 0xF9, 0xCF, 0xF9, 0xCF, 0xFF, 0xFF, 
	0x8C, 0x00, 0x00, 0x00, 0xFF, 0xFF, 0x04, 0x00, 0xE0, 0x07, 0xFF, 0xFF, 0x62, 0x00, 0x00, 0x00, 
	0xFF, 0xFF, 0x1F, 0x01, 0xE0, 0x07, 0xFF, 0xFF, 0x64, 0x00, 0x00, 0x00, 0xE0, 0x07, 0xE0, 0x07, 
	0xE0, 0x07, 0xF9, 0xCF, 0xF9, 0xCF, 0xF9, 0xCF, 0xFF, 0xFF, 0x8C, 0x00, 0x00, 0x00, 0xFF, 0xFF, 
	0x04, 0x00, 0xE0, 0x07, 0xFF, 0xFF, 0x62, 0x00, 0x00, 0x00, 0xFF, 0xFF, 0x1C, 0x01, 0xE0, 0x07, 
	0xFF, 0xFF, 0x67, 0x00, 0x00, 0x00, 0xF9, 0xCF, 0xF9, 0xCF, 0xF9, 0xCF, 0xFF, 0xFF, 0x07, 0x00, 
	0xE0, 0x07, 0xFF, 0xFF, 0x7F, 0x00, 0x00, 0x00, 0xFF, 0xFF, 0x0C, 0x00, 0xE0, 0x07, 0xFF, 0xFF, 
	0x62, 0x00, 0x00, 0x00, 0xFF, 0xFF, 0x1C, 0x01, 0xE0, 0x07, 0xFF, 0xFF, 0x6A, 0x00, 0x00, 0x00, 
	0xFF, 0xFF, 0x12, 0x00, 0xE0, 0x07, 0xFF, 0xFF, 0x69, 0x00, 0x00, 0x00, 0xFF, 0xFF, 0x17, 0x00, 
	0xE0, 0x07, 0xFF, 0xFF, 0x62, 0x00, 0x00, 0x00, 0xFF, 0xFF, 0x1C, 0x01, 0xE0, 0x07, 0xFF, 0xFF, 
	0x6A, 0x00, 0x00, 0x00, 0xFF, 0xFF, 0x12, 0x00, 0xE0, 0x07, 0xFF, 0xFF, 0x69, 0x00, 0x00, 0x00, 
	0xFF, 0xFF, 0x17, 0x00, 0xE0, 0x07, 0xFF, 0xFF, 0x62, 0x00, 0x00, 0x00, 0xFF, 0xFF, 0x1A, 0x01, 
	0xE0, 0x07, 0xFF, 0xFF, 0x6F, 0x00, 0x00, 0x00, 0xFF, 0xFF, 0x1C, 0x00, 0xE0, 0x07, 0xFF, 0xFF, 
	0x4F, 0x00, 0x00, 0x00, 0xFF, 0xFF, 0x22, 0x00, 0xE0, 0x07, 0xFF, 0xFF, 0x67, 0x00, 0x00, 0x00, 
	0xFF, 0xFF, 0x17, 0x01, 0xE0, 0x07, 0xFF, 0xFF, 0x6F, 0x00, 0x00, 0x00, 0xFF, 0xFF, 0x2C, 0x00, 
	0xE0, 0x07, 0xFF, 0xFF, 0x2F, 0x00, 0x00, 0x00, 0xFF, 0xFF, 0x32, 0x00, 0xE0, 0x07, 0xFF, 0xFF, 
	0x67, 0x00, 0x00, 0x00, 0xFF, 0xFF, 0x17, 0x01, 0xE0, 0x07, 0xFF, 0xFF, 0x6F, 0x00, 0x00, 0x00, 
	0xFF, 0xFF, 0x2C, 0x00, 0xE0, 0x07, 0xFF, 0xFF, 0x2F, 0x00, 0x00, 0x00, 0xFF, 0xFF, 0x32, 0x00, 
	0xE0, 0x07, 0xFF, 0xFF, 0x67, 0x00, 0x00, 0x00, 0xFF, 0xFF, 0x17, 0x01, 0xE0, 0x07, 0xFF, 0xFF, 
	0x6F, 0x00, 0x00, 0x00, 0xFF, 0xFF, 0x8F, 0x00, 0xE0, 0x07, 0xFF, 0xFF, 0x67, 0x00, 0x00, 0x00, 
	0xFF, 0xFF, 0x17, 0x01, 0xE0, 0x07, 0xFF, 0xFF, 0x6F, 0x00, 0x00, 0x00, 0xFF, 0xFF, 0x8F, 0x00, 
	0xE0, 0x07, 0xFF, 0xFF, 0x67, 0x00, 0x00, 0x00, 0xFF, 0xFF, 0x17, 0x01, 0xE0, 0x07, 0xFF, 0xFF, 
	0x6F, 0x00, 0x00, 0x00, 0xFF, 0xFF, 0x8F, 0x00, 0xE0, 0x07, 0xFF, 0xFF, 0x67, 0x00, 0x00, 0x00, 
	0xFF, 0xFF, 0x17, 0x01, 0xE0, 0x07, 0xFF, 0xFF, 0x6F, 0x00, 0x00, 0x00, 0xFF, 0xFF, 0x8F, 0x00, 
	0xE0, 0x07, 0xFF, 0xFF, 0x67, 0x00, 0x00, 0x00, 0xFF, 0xFF, 0x17, 0x01, 0xE0, 0x07, 0xFF, 0xFF, 
	0x6F, 0x00, 0x00, 0x00, 0xFF, 0xFF, 0x8F, 0x00, 0xE0, 0x07, 0xFF, 0xFF, 0x67, 0x00, 0x00, 0x00, 
	0xFF, 0xFF, 0x17, 0x01, 0xE0, 0x07, 0xFF, 0xFF, 0x6F, 0x00, 0x00, 0x00, 0xFF, 0xFF, 0x8F, 0x00, 
	0xE0, 0x07, 0xFF, 0xFF, 0x67, 0x00, 0x00, 0x00, 0xFF, 0xFF, 0x17, 0x01, 0xE0, 0x07, 0xFF, 0xFF, 
	0x6F, 0x00, 0x00, 0x00, 0xFF, 0xFF, 0x8F, 0x00, 0xE0, 0x07, 0xFF, 0xFF, 0x67, 0x00, 0x00, 0x00, 
	0xFF, 0xFF, 0x17, 0x01, 0xE0, 0x07, 0xFF, 0xFF, 0x6F, 0x00, 0x00, 0x00, 0xFF, 0xFF, 0x8F, 0x00, 
	0xE0, 0x07, 0xFF, 0xFF, 0x67, 0x00, 0x00, 0x00, 0xFF, 0xFF, 0x17, 0x01, 0xE0, 0x07, 0xFF, 0xFF, 
	0x6F, 0x00, 0x00, 0x00, 0xFF, 0xFF, 0x8F, 0x00, 0xE0, 0x07, 0xFF, 0xFF, 0x67, 0x00, 0x00, 0x00, 
	0xFF, 0xFF, 0x19, 0x01, 0xE0, 0x07, 0xFF, 0xFF, 0x6A, 0x00, 0x00, 0x00, 0xFF, 0xFF, 0x94, 0x00, 
	0xE0, 0x07, 0xFF, 0xFF, 0x65, 0x00, 0x00, 0x00, 0xFF, 0xFF, 0x19, 0x01, 0xE0, 0x07, 0xFF, 0xFF, 
	0x6A, 0x00, 0x00, 0x00, 0xFF, 0xFF, 0x94, 0x00, 0xE0, 0x07, 0xFF, 0xFF, 0x62, 0x00, 0x00, 0x00, 
	0xFF, 0xFF, 0x1C, 0x01, 0xE0, 0x07, 0xFF, 0xFF, 0x6A, 0x00, 0x00, 0x00, 0xFF, 0xFF, 0x94, 0x00, 
	0xE0, 0x07, 0xFF, 0xFF, 0x62, 0x00, 0x00, 0x00, 0xFF, 0xFF, 0x1F, 0x01, 0xE0, 0x07, 0xFF, 0xFF, 
	0x64, 0x00, 0x00, 0x00, 0xFF, 0xFF, 0x97, 0x00, 0xE0, 0x07, 0xFF, 0xFF, 0x62, 0x00, 0x00, 0x00, 
	0xFF, 0xFF, 0x1F, 0x01, 0xE0, 0x07, 0xFF, 0xFF, 0x64, 0x00, 0x00, 0x00, 0xFF, 0xFF, 0x97, 0x00, 
	0xE0, 0x07, 0xFF, 0xFF, 0x62, 0x00, 0x00, 0x00, 0xFF, 0xFF, 0x1F, 0x01, 0xE0, 0x07, 0xFF, 0xFF, 
	0x64, 0x00, 0x00, 0x00, 0xFF, 0xFF, 0x97, 0x00, 0xE0, 0x07, 0xFF, 0xFF, 0x62, 0x00, 0x00, 0x00, 
	0xFF, 0xFF, 0x87, 0x00, 0xE0, 0x07, 0xFF, 0xFF, 0x9A, 0x00, 0xE0, 0x47, 0xFF, 0xFF, 0x5F, 0x00, 
	0x00, 0x00, 0xFF, 0xFF, 0x9C, 0x00, 0xE0, 0x47, 0xFF, 0xFF, 0x5C, 0x00, 0x00, 0x00, 0xFF, 0xFF, 
	0x8A, 0x00, 0xE0, 0x47, 0xFF, 0xFF, 0x9C, 0x00, 0xE0, 0xFF, 0xFF, 0xFF, 0x5A, 0x00, 0x00, 0x00, 
	0xFF, 0xFF, 0xA2, 0x00, 0xE0, 0xFF, 0xFF, 0xFF, 0x57, 0x00, 0x00, 0x00, 0xFF, 0xFF, 0x29, 0x01, 
	0xE0, 0xFF, 0xFF, 0xFF, 0x5A, 0x00, 0x00, 0x00, 0xFF, 0xFF, 0xA2, 0x00, 0xE0, 0xFF, 0xFF, 0xFF, 
	0x57, 0x00, 0x00, 0x00, 0xFF, 0xFF, 0x8C, 0x00, 0xE0, 0xFF, 0xFF, 0xFF, 0x9F, 0x00, 0xE0, 0xF7, 
	0xFF, 0xFF, 0x57, 0x00, 0x00, 0x00, 0xFF, 0xFF, 0xA2, 0x00, 0xE0, 0xF7, 0xFF, 0xFF, 0x57, 0x00, 
	0x00, 0x00, 0xFF, 0xFF, 0x2F, 0x01, 0xE0, 0xF7, 0xFF, 0xFF, 0x4F, 0x00, 0x00, 0x00, 0xFF, 0xFF, 
	0xA9, 0x00, 0xE0, 0xF7, 0xFF, 0xFF, 0x52, 0x00, 0x00, 0x00, 0xFF, 0xFF, 0x32, 0x01, 0xE0, 0xF7, 
	0xFF, 0xFF, 0x4F, 0x00, 0x00, 0x00, 0xFF, 0xFF, 0xA9, 0x00, 0xE0, 0xF7, 0xFF, 0xFF, 0x52, 0x00, 
	0x00, 0x00, 0xFF, 0xFF, 0x34, 0x01, 0xE0, 0xF7, 0xFF, 0xFF, 0x4A, 0x00, 0x00, 0x00, 0xFF, 0xFF, 
	0xAF, 0x00, 0xE0, 0xF7, 0xFF, 0xFF, 0x4C, 0x00, 0x00, 0x00, 0xFF, 0xFF, 0x3A, 0x01, 0xE0, 0xF7, 
	0xFF, 0xFF, 0x44, 0x00, 0x00, 0x00, 0xFF, 0xFF, 0xB5, 0x00, 0xE0, 0xF7, 0xFF, 0xFF, 0x47, 0x00, 
	0x00, 0x00, 0xFF, 0xFF, 0x3C, 0x01, 0xE0, 0xF7, 0xFF, 0xFF, 0x44, 0x00, 0x00, 0x00, 0xFF, 0xFF, 
	0xB5, 0x00, 0xE0, 0xF7, 0xFF, 0xFF, 0x47, 0x00, 0x00, 0x00, 0xFF, 0xFF, 0x41, 0x01, 0xE0, 0xF7, 
	0xFF, 0xFF, 0x3A, 0x00, 0x00, 0x00, 0xFF, 0xFF, 0xBC, 0x00, 0xE0, 0xF7, 0xFF, 0xFF, 0x42, 0x00, 
	0x00, 0x00, 0xFF, 0xFF, 0x4C, 0x01, 0xE0, 0xF7, 0xFF, 0xFF, 0x2A, 0x00, 0x00, 0x00, 0xFF, 0xFF, 
	0xC7, 0x00, 0xE0, 0xF7, 0xFF, 0xFF, 0x3C, 0x00, 0x00, 0x00, 0xFF, 0xFF, 0x4F, 0x01, 0xE0, 0xF7, 
	0xFF, 0xFF, 0x2A, 0x00, 0x00, 0x00, 0xFF, 0xFF, 0xC7, 0x00, 0xE0, 0xF7, 0xFF, 0xFF, 0x3C, 0x00, 
	0x00, 0x00, 0xFF, 0xFF, 0x57, 0x01, 0xE0, 0xF7, 0xFF, 0xFF, 0x1A, 0x00, 0x00, 0x00, 0xFF, 0xFF, 
	0xD4, 0x00, 0xE0, 0xF7, 0xFF, 0xFF, 0x32, 0x00, 0x00, 0x00, 0xFF, 0xFF, 0x52, 0x02, 0xE0, 0xF7, 
	0xFF, 0xFF, 0x27, 0x00, 0x00, 0x00, 0xFF, 0xFF, 0x57, 0x02, 0xE0, 0xF7, 0xFF, 0xFF, 0x27, 0x00, 
	0x00, 0x00, 0xFF, 0xFF, 0x5F, 0x02, 0xE0, 0xF7, 0xFF, 0xFF, 0x17, 0x00, 0x00, 0x00, 0xFF, 0xFF, 
	0x2C, 0x44, 0xE0, 0xF7, 0xFF, 0xFF, 0xFF, 0x04, 0x56, 0xCA, 0xFF, 0xFF, 0x7F, 0x02, 0x1F, 0xB0, 
	0xFF, 0xFF, 0x7F, 0x57, 0x1F, 0xB8, 0xFF, 0xFF, 0x07, 0x00, 0x1F, 0xB0, 0xFF, 0xFF, 0x77, 0x02, 
	0x1F, 0xB8, 0x1E, 0xB0, 0x1E, 0xB0, 0x1E, 0xB0, 0xFF, 0xFF, 0x04, 0x00, 0x13, 0xE8, 0x1F, 0xA0, 
	0x1F, 0xA0, 0x1F, 0xA0, 0xFF, 0xFF, 0x74, 0x02, 0x1F, 0xA8, 0x1E, 0xB0, 0x1E, 0xB0, 0x1E, 0xB0, 
	0xFF, 0xFF, 0x04, 0x00, 0x13, 0xE8, 0x1F, 0xA0, 0x1F, 0xA0, 0x1F, 0xA0, 0xFF, 0xFF, 0x74, 0x02, 
	0x1F, 0xA8, 0x0E, 0xF8, 0x0E, 0xF8, 0x0E, 0xF8, 0xFF, 0xFF, 0x04, 0x00, 0x0F, 0xF8, 0xFF, 0xFF, 
	0x77, 0x02, 0x0E, 0xF8, 0xFF, 0xFF, 0x7F, 0x48, 0x10, 0xF8
};;

#else
unsigned char vpp_encode_ipf[]__attribute__ ((aligned(4)))={
	0xFF,0XFF,0XFF,0XFF,0X00,0X10,0XFF,0XFF,0X01,0X2C,0XAA,0XAA,0xFF,0XFF,0XFF,0XFF,0X00,0X80,0xFF,0XFF,0XFF,0XFF,0X00,0X80,0xFF,0XFF,0XFF,0XFF,0X00,0X80,
	0xFF,0XFF,0XFF,0XFF,0X00,0X80,0xFF,0XFF,0XFF,0XFF,0X00,0X80,0xFF,0XFF,0XFF,0XFF,0X00,0X80,0xFF,0XFF,0XFF,0XFF,0X00,0X80,0xFF,0XFF,0XFF,0XFF,0X00,0X80,
	0xFF,0XFF,0XFF,0XFF,0X00,0X80,0xFF,0XFF,0XFF,0XFF,0X00,0X80,0xFF,0XFF,0XFF,0XFF,0X00,0X80,0xFF,0XFF,0XFF,0XFF,0X00,0X80,0xFF,0XFF,0XFF,0XFF,0X00,0X80,
	0xFF,0XFF,0XFF,0XFF,0X00,0X80,0xFF,0XFF,0XFF,0XFF,0X00,0X80,0xFF,0XFF,0XFF,0XFF,0X00,0X80,0xFF,0XFF,0XFF,0XFF,0X00,0X80,0xFF,0XFF,0XFF,0XFF,0X00,0X80,
	0xFF,0XFF,0XFF,0XFF,0X00,0X80,0xFF,0XFF,0XFF,0XFF,0X00,0X80,0xFF,0XFF,0XFF,0XFF,0X00,0X80,0xFF,0XFF,0XFF,0XFF,0X00,0X80,0xFF,0XFF,0XFF,0XFF,0X00,0X80,
	0xFF,0XFF,0XFF,0XFF,0X00,0X80,0xFF,0XFF,0XFF,0XFF,0X00,0X80,0xFF,0XFF,0XFF,0XFF,0X00,0X80,0xFF,0XFF,0XFF,0XFF,0X00,0X80,0xFF,0XFF,0XFF,0XFF,0X00,0X80,
	0xFF,0XFF,0XFF,0XFF,0X00,0X80,0xFF,0XFF,0XFF,0XFF,0X00,0X80,0xFF,0XFF,0XFF,0XFF,0X00,0X80,0xFF,0XFF,0XFF,0XFF,0X00,0X80,0xFF,0XFF,0XFF,0XFF,0X00,0X80,
};

#endif
#endif

const _ipf_img_src_ *ipf_imgSrcTable[]={
	&osdenc_breadhoto,
	&osdenc_hairphoto,
	&osdenc_dressphoto,
	&osdenc_simplephoto,
};


#endif

